order_item_id,order_id,menu_item_id,item_name,category,quantity,unit_price,modifier,line_total
1,1,45,Bali Buddha Bowl,Rice & Noodles,1,18.00,,18.00
2,1,51,Soy Latte,Coffee,1,5.50,,5.50
3,1,49,Lunch Special,Lunch Special,1,18.00,Entree: Curry Chicken,18.00
4,1,49,Lunch Special,Lunch Special,1,18.00,Entree: Padmanadi Veg Deluxe,18.00
5,1,77,Sub Coconut Rice (+1),Extras,1,1.00,,1.00
6,1,4,Satay with Peanut Sauce (3pc),Starters,1,10.00,,10.00
7,2,40,Bakmi Goreng,Rice & Noodles,1,19.00,Extra Sauce,19.00
8,2,50,Americano,Coffee,1,4.50,,4.50
9,2,49,Lunch Special,Lunch Special,1,18.00,Entree: Teriyaki Chicken,18.00
10,2,63,Iced Pineapple,Drinks,1,7.50,,7.50
11,2,49,Lunch Special,Lunch Special,1,18.00,Entree: Kung Pao Chicken,18.00
12,2,66,Assorted Soft Drinks,Drinks,1,2.50,,2.50
13,2,49,Lunch Special,Lunch Special,1,18.00,Entree: Teriyaki Chicken,18.00
14,2,77,Sub Coconut Rice (+1),Extras,1,1.00,,1.00
15,2,66,Assorted Soft Drinks,Drinks,1,2.50,,2.50
16,2,21,Mapo Tofu,Veggie & Tofu,1,19.00,Gluten Friendly,19.00
17,2,34,Curry Mutton,Plant-Based Meat,1,22.00,,22.00
18,2,28,Ginger Beef,Plant-Based Meat,1,21.00,,21.00
19,2,68,Iced Blackberry Hibiscus Tea,Drinks,1,7.00,,7.00
20,2,4,Satay with Peanut Sauce (3pc),Starters,1,10.00,,10.00
21,3,49,Lunch Special,Lunch Special,1,18.00,Entree: Curry Mutton,18.00
22,3,52,Soy Mocha,Coffee,1,6.00,,6.00
23,3,33,Curry Chicken,Plant-Based Meat,1,22.00,No Mushrooms,22.00
24,3,60,Matcha Latte,Tea,1,6.50,,6.50
25,3,12,Wonton Soup,Soups,1,18.00,Allergy: Nuts,18.00
26,3,64,Sparkling Yuzu,Drinks,1,8.50,,8.50
27,3,49,Lunch Special,Lunch Special,1,18.00,Entree: Rendang,18.00
28,3,69,Cheesecake,Desserts,1,11.00,,11.00
29,3,69,Cheesecake,Desserts,1,11.00,,11.00
30,4,49,Lunch Special,Lunch Special,1,18.00,Entree: Ginger Beef,18.00
31,4,28,Ginger Beef,Plant-Based Meat,1,21.00,Extra Spicy,21.00
32,4,42,Kwetiau Goreng,Rice & Noodles,1,19.00,,19.00
33,4,50,Americano,Coffee,1,4.50,,4.50
34,4,19,Savory Eggplant,Veggie & Tofu,1,18.00,No Onion,18.00
35,4,46,Jasmine Rice,Sides,1,2.75,,2.75
36,4,56,Organic Tea,Tea,1,3.50,,3.50
37,4,49,Lunch Special,Lunch Special,1,18.00,Entree: Curried Tofu w/ Vegetables,18.00
38,4,77,Sub Coconut Rice (+1),Extras,1,1.00,,1.00
39,4,68,Iced Blackberry Hibiscus Tea,Drinks,1,7.00,,7.00
40,5,14,Spicy Curry Noodle Soup,Soups,1,18.00,,18.00
41,5,38,Rendang,Plant-Based Meat,1,20.00,No Peanuts,20.00
42,5,47,Coconut Rice,Sides,1,3.00,,3.00
43,5,49,Lunch Special,Lunch Special,1,18.00,Entree: Curry Chicken,18.00
44,5,56,Organic Tea,Tea,1,3.50,,3.50
45,5,49,Lunch Special,Lunch Special,1,18.00,Entree: Kung Pao Chicken,18.00
46,5,70,Panna Cotta,Desserts,1,9.00,,9.00
47,6,49,Lunch Special,Lunch Special,1,18.00,Entree: Rendang,18.00
48,6,51,Soy Latte,Coffee,1,5.50,,5.50
49,6,24,Tempeh Pulau,Veggie & Tofu,1,20.00,,20.00
50,6,53,Vegan Iced Coffee,Coffee,1,5.50,,5.50
51,7,45,Bali Buddha Bowl,Rice & Noodles,1,18.00,Gluten Friendly,18.00
52,7,54,Iced Brown Sugar Oat Latte,Coffee,1,6.50,,6.50
53,7,49,Lunch Special,Lunch Special,1,18.00,Entree: Padmanadi Veg Deluxe,18.00
54,7,57,Soy Chai Latte,Tea,1,5.50,,5.50
55,8,29,Dendeng,Plant-Based Meat,1,20.00,,20.00
56,8,53,Vegan Iced Coffee,Coffee,1,5.50,,5.50
57,8,49,Lunch Special,Lunch Special,1,18.00,Entree: Curry Mutton,18.00
58,8,77,Sub Coconut Rice (+1),Extras,1,1.00,,1.00
59,8,61,Iced Oat Strawberry Matcha,Tea,1,8.50,,8.50
60,8,49,Lunch Special,Lunch Special,1,18.00,Entree: Teriyaki Chicken,18.00
61,8,77,Sub Coconut Rice (+1),Extras,1,1.00,,1.00
62,8,54,Iced Brown Sugar Oat Latte,Coffee,1,6.50,,6.50
63,8,2,Vegetable Spring Rolls (6pc),Starters,1,9.00,,9.00
64,9,49,Lunch Special,Lunch Special,1,18.00,Entree: Sweet & Sour Chicken,18.00
65,9,49,Lunch Special,Lunch Special,1,18.00,Entree: Curry Chicken,18.00
66,9,57,Soy Chai Latte,Tea,1,5.50,,5.50
67,9,9,Crispy Chicken Strips,Starters,1,13.00,,13.00
68,9,70,Panna Cotta,Desserts,1,9.00,,9.00
69,9,71,Fried Banana with Coconut Ice Cream,Desserts,1,13.00,,13.00
70,10,16,Chili Green Beans,Veggie & Tofu,1,19.00,Sauce on Side,19.00
71,10,54,Iced Brown Sugar Oat Latte,Coffee,1,6.50,,6.50
72,10,38,Rendang,Plant-Based Meat,1,20.00,No Peanuts,20.00
73,10,46,Jasmine Rice,Sides,1,2.75,,2.75
74,10,65,Iced Passion Fruit Green Tea,Drinks,1,7.00,,7.00
75,10,15,Padmanadi Vegetable Deluxe,Veggie & Tofu,1,19.00,,19.00
76,10,50,Americano,Coffee,1,4.50,,4.50
77,10,12,Wonton Soup,Soups,1,18.00,Sauce on Side,18.00
78,10,32,General Tao Chicken,Plant-Based Meat,1,21.00,,21.00
79,10,46,Jasmine Rice,Sides,1,2.75,,2.75
80,11,31,Spicy Chicken,Plant-Based Meat,1,19.00,,19.00
81,11,46,Jasmine Rice,Sides,1,2.75,,2.75
82,11,39,Nasi Goreng,Rice & Noodles,1,18.00,,18.00
83,11,36,Spicy Shrimp,Plant-Based Meat,1,20.00,Less Spicy,20.00
84,11,46,Jasmine Rice,Sides,1,2.75,,2.75
85,11,61,Iced Oat Strawberry Matcha,Tea,1,8.50,,8.50
86,11,2,Vegetable Spring Rolls (6pc),Starters,1,9.00,,9.00
87,11,72,Vegan Ice Cream,Desserts,1,7.00,,7.00
88,12,49,Lunch Special,Lunch Special,1,18.00,Entree: Curried Tofu w/ Vegetables,18.00
89,12,39,Nasi Goreng,Rice & Noodles,1,18.00,,18.00
90,12,60,Matcha Latte,Tea,1,6.50,,6.50
91,12,49,Lunch Special,Lunch Special,1,18.00,Entree: Sweet & Sour Nuggets,18.00
92,12,60,Matcha Latte,Tea,1,6.50,,6.50
93,12,32,General Tao Chicken,Plant-Based Meat,1,21.00,,21.00
94,12,46,Jasmine Rice,Sides,1,2.75,,2.75
95,13,49,Lunch Special,Lunch Special,1,18.00,Entree: Ginger Beef,18.00
96,13,51,Soy Latte,Coffee,1,5.50,,5.50
97,13,49,Lunch Special,Lunch Special,1,18.00,Entree: Chili Tofu,18.00
98,13,65,Iced Passion Fruit Green Tea,Drinks,1,7.00,,7.00
99,13,49,Lunch Special,Lunch Special,1,18.00,Entree: Chili Green Beans,18.00
100,13,65,Iced Passion Fruit Green Tea,Drinks,1,7.00,,7.00
101,13,8,Breaded Cauliflower Bites,Starters,1,13.00,,13.00
102,13,71,Fried Banana with Coconut Ice Cream,Desserts,1,13.00,,13.00
103,13,73,Chocolate Mousse,Desserts,1,9.00,,9.00
104,14,45,Bali Buddha Bowl,Rice & Noodles,1,18.00,,18.00
105,15,49,Lunch Special,Lunch Special,1,18.00,Entree: Kung Pao Chicken,18.00
106,15,62,Iced Lychee,Drinks,1,7.50,,7.50
107,15,23,Curry Vegetables & Tofu,Veggie & Tofu,1,20.00,Sauce on Side,20.00
108,15,66,Assorted Soft Drinks,Drinks,1,2.50,,2.50
109,15,27,Kung Pao Chicken,Plant-Based Meat,1,20.00,Extra Sauce,20.00
110,15,48,Brown Rice,Sides,1,3.00,,3.00
111,15,59,Hot Chocolate,Tea,1,5.00,,5.00
112,15,7,Roti Canai,Starters,1,13.00,,13.00
113,16,14,Spicy Curry Noodle Soup,Soups,1,18.00,No Cilantro,18.00
114,16,79,Add Noodles (Soup),Extras,1,3.00,,3.00
115,16,66,Assorted Soft Drinks,Drinks,1,2.50,,2.50
116,16,39,Nasi Goreng,Rice & Noodles,1,18.00,,18.00
117,16,54,Iced Brown Sugar Oat Latte,Coffee,1,6.50,,6.50
118,16,30,Sweet & Sour Chicken,Plant-Based Meat,1,19.00,No Cilantro,19.00
119,16,50,Americano,Coffee,1,4.50,,4.50
120,16,49,Lunch Special,Lunch Special,1,18.00,Entree: Chili Tofu,18.00
121,16,56,Organic Tea,Tea,1,3.50,,3.50
122,16,37,Teriyaki Chicken,Plant-Based Meat,1,19.00,,19.00
123,16,46,Jasmine Rice,Sides,1,2.75,,2.75
124,17,49,Lunch Special,Lunch Special,1,18.00,Entree: Curried Tofu w/ Vegetables,18.00
125,17,18,King Oyster Mushroom Gaylan,Veggie & Tofu,1,20.00,Extra Spicy,20.00
126,17,68,Iced Blackberry Hibiscus Tea,Drinks,1,7.00,,7.00
127,17,11,Fried Enoki Mushroom,Starters,1,16.00,,16.00
128,18,45,Bali Buddha Bowl,Rice & Noodles,1,18.00,,18.00
129,18,66,Assorted Soft Drinks,Drinks,1,2.50,,2.50
130,18,49,Lunch Special,Lunch Special,1,18.00,Entree: Curry Mutton,18.00
131,18,55,Decaf Coffee,Coffee,1,4.50,,4.50
132,18,2,Vegetable Spring Rolls (6pc),Starters,1,9.00,,9.00
133,19,31,Spicy Chicken,Plant-Based Meat,1,19.00,,19.00
134,19,60,Matcha Latte,Tea,1,6.50,,6.50
135,19,33,Curry Chicken,Plant-Based Meat,1,22.00,,22.00
136,19,45,Bali Buddha Bowl,Rice & Noodles,1,18.00,,18.00
137,19,58,London Fog,Tea,1,5.50,,5.50
138,19,28,Ginger Beef,Plant-Based Meat,1,21.00,,21.00
139,20,32,General Tao Chicken,Plant-Based Meat,1,21.00,,21.00
140,20,54,Iced Brown Sugar Oat Latte,Coffee,1,6.50,,6.50
141,20,21,Mapo Tofu,Veggie & Tofu,1,19.00,,19.00
142,20,24,Tempeh Pulau,Veggie & Tofu,1,20.00,,20.00
143,20,46,Jasmine Rice,Sides,1,2.75,,2.75
144,20,60,Matcha Latte,Tea,1,6.50,,6.50
145,20,14,Spicy Curry Noodle Soup,Soups,1,18.00,,18.00
146,20,11,Fried Enoki Mushroom,Starters,1,16.00,,16.00
147,21,49,Lunch Special,Lunch Special,1,18.00,Entree: Sweet & Sour Chicken,18.00
148,21,77,Sub Coconut Rice (+1),Extras,1,1.00,,1.00
149,21,62,Iced Lychee,Drinks,1,7.50,,7.50
150,22,27,Kung Pao Chicken,Plant-Based Meat,1,20.00,,20.00
151,23,28,Ginger Beef,Plant-Based Meat,1,21.00,,21.00
152,23,49,Lunch Special,Lunch Special,1,18.00,Entree: Kung Pao Chicken,18.00
153,23,78,Sub Brown Rice (+1),Extras,1,1.00,,1.00
154,23,6,Gado Gado,Starters,1,14.00,,14.00
155,24,49,Lunch Special,Lunch Special,1,18.00,Entree: Rendang,18.00
156,24,78,Sub Brown Rice (+1),Extras,1,1.00,,1.00
157,24,52,Soy Mocha,Coffee,1,6.00,,6.00
158,24,49,Lunch Special,Lunch Special,1,18.00,Entree: Chili Tofu,18.00
159,24,78,Sub Brown Rice (+1),Extras,1,1.00,,1.00
160,24,23,Curry Vegetables & Tofu,Veggie & Tofu,1,20.00,Extra Sauce,20.00
161,24,66,Assorted Soft Drinks,Drinks,1,2.50,,2.50
162,24,45,Bali Buddha Bowl,Rice & Noodles,1,18.00,,18.00
163,24,68,Iced Blackberry Hibiscus Tea,Drinks,1,7.00,,7.00
164,24,6,Gado Gado,Starters,1,14.00,,14.00
165,24,71,Fried Banana with Coconut Ice Cream,Desserts,1,13.00,,13.00
166,24,70,Panna Cotta,Desserts,1,9.00,,9.00
167,25,24,Tempeh Pulau,Veggie & Tofu,1,20.00,,20.00
168,25,67,Raspberry Lime Italian Soda,Drinks,1,6.50,,6.50
169,25,49,Lunch Special,Lunch Special,1,18.00,Entree: Sweet & Sour Nuggets,18.00
170,25,65,Iced Passion Fruit Green Tea,Drinks,1,7.00,,7.00
171,26,28,Ginger Beef,Plant-Based Meat,1,21.00,,21.00
172,27,49,Lunch Special,Lunch Special,1,18.00,Entree: Curry Mutton,18.00
173,27,62,Iced Lychee,Drinks,1,7.50,,7.50
174,27,31,Spicy Chicken,Plant-Based Meat,1,19.00,,19.00
175,27,66,Assorted Soft Drinks,Drinks,1,2.50,,2.50
176,27,28,Ginger Beef,Plant-Based Meat,1,21.00,No Cilantro,21.00
177,27,76,Extra Veggies,Extras,1,4.00,,4.00
178,28,31,Spicy Chicken,Plant-Based Meat,1,19.00,No Peanuts,19.00
179,28,47,Coconut Rice,Sides,1,3.00,,3.00
180,28,67,Raspberry Lime Italian Soda,Drinks,1,6.50,,6.50
181,29,49,Lunch Special,Lunch Special,1,18.00,Entree: Padmanadi Veg Deluxe,18.00
182,29,52,Soy Mocha,Coffee,1,6.00,,6.00
183,29,49,Lunch Special,Lunch Special,1,18.00,Entree: Ginger Beef,18.00
184,29,67,Raspberry Lime Italian Soda,Drinks,1,6.50,,6.50
185,29,49,Lunch Special,Lunch Special,1,18.00,Entree: Savory Eggplant,18.00
186,29,68,Iced Blackberry Hibiscus Tea,Drinks,1,7.00,,7.00
187,29,4,Satay with Peanut Sauce (3pc),Starters,1,10.00,,10.00
188,30,33,Curry Chicken,Plant-Based Meat,1,22.00,,22.00
189,30,51,Soy Latte,Coffee,1,5.50,,5.50
190,30,31,Spicy Chicken,Plant-Based Meat,1,19.00,No Peanuts,19.00
191,30,48,Brown Rice,Sides,1,3.00,,3.00
192,30,61,Iced Oat Strawberry Matcha,Tea,1,8.50,,8.50
193,31,37,Teriyaki Chicken,Plant-Based Meat,1,19.00,,19.00
194,31,55,Decaf Coffee,Coffee,1,4.50,,4.50
195,31,30,Sweet & Sour Chicken,Plant-Based Meat,1,19.00,Allergy: Nuts,19.00
196,31,46,Jasmine Rice,Sides,1,2.75,,2.75
197,31,58,London Fog,Tea,1,5.50,,5.50
198,31,49,Lunch Special,Lunch Special,1,18.00,Entree: Teriyaki Chicken,18.00
199,31,54,Iced Brown Sugar Oat Latte,Coffee,1,6.50,,6.50
200,31,23,Curry Vegetables & Tofu,Veggie & Tofu,1,20.00,Sauce on Side,20.00
201,31,46,Jasmine Rice,Sides,1,2.75,,2.75
202,31,67,Raspberry Lime Italian Soda,Drinks,1,6.50,,6.50
203,31,9,Crispy Chicken Strips,Starters,1,13.00,,13.00
204,31,9,Crispy Chicken Strips,Starters,1,13.00,,13.00
205,31,69,Cheesecake,Desserts,1,11.00,,11.00
206,31,73,Chocolate Mousse,Desserts,1,9.00,,9.00
207,32,49,Lunch Special,Lunch Special,1,18.00,Entree: Curry Chicken,18.00
208,32,60,Matcha Latte,Tea,1,6.50,,6.50
209,32,49,Lunch Special,Lunch Special,1,18.00,Entree: Spicy Nuggets,18.00
210,32,63,Iced Pineapple,Drinks,1,7.50,,7.50
211,33,28,Ginger Beef,Plant-Based Meat,1,21.00,Less Spicy,21.00
212,33,46,Jasmine Rice,Sides,1,2.75,,2.75
213,33,1,Vegetable Spring Rolls (3pc),Starters,1,6.00,,6.00
214,33,70,Panna Cotta,Desserts,1,9.00,,9.00
215,34,18,King Oyster Mushroom Gaylan,Veggie & Tofu,1,20.00,,20.00
216,34,63,Iced Pineapple,Drinks,1,7.50,,7.50
217,34,14,Spicy Curry Noodle Soup,Soups,1,18.00,,18.00
218,35,15,Padmanadi Vegetable Deluxe,Veggie & Tofu,1,19.00,Gluten Friendly,19.00
219,35,48,Brown Rice,Sides,1,3.00,,3.00
220,35,13,Tom Yum Soup,Soups,1,18.00,,18.00
221,35,79,Add Noodles (Soup),Extras,1,3.00,,3.00
222,35,66,Assorted Soft Drinks,Drinks,1,2.50,,2.50
223,35,1,Vegetable Spring Rolls (3pc),Starters,1,6.00,,6.00
224,35,69,Cheesecake,Desserts,1,11.00,,11.00
225,36,42,Kwetiau Goreng,Rice & Noodles,1,19.00,,19.00
226,36,67,Raspberry Lime Italian Soda,Drinks,1,6.50,,6.50
227,36,34,Curry Mutton,Plant-Based Meat,1,22.00,No Onion,22.00
228,36,52,Soy Mocha,Coffee,1,6.00,,6.00
229,37,37,Teriyaki Chicken,Plant-Based Meat,1,19.00,,19.00
230,38,27,Kung Pao Chicken,Plant-Based Meat,1,20.00,Gluten Friendly,20.00
231,38,46,Jasmine Rice,Sides,1,2.75,,2.75
232,38,60,Matcha Latte,Tea,1,6.50,,6.50
233,38,34,Curry Mutton,Plant-Based Meat,1,22.00,,22.00
234,38,48,Brown Rice,Sides,1,3.00,,3.00
235,38,70,Panna Cotta,Desserts,1,9.00,,9.00
236,39,14,Spicy Curry Noodle Soup,Soups,1,18.00,Less Spicy,18.00
237,39,60,Matcha Latte,Tea,1,6.50,,6.50
238,39,33,Curry Chicken,Plant-Based Meat,1,22.00,,22.00
239,39,74,Extra Protein,Extras,1,5.00,,5.00
240,39,68,Iced Blackberry Hibiscus Tea,Drinks,1,7.00,,7.00
241,39,7,Roti Canai,Starters,1,13.00,,13.00
242,40,16,Chili Green Beans,Veggie & Tofu,1,19.00,,19.00
243,40,48,Brown Rice,Sides,1,3.00,,3.00
244,40,29,Dendeng,Plant-Based Meat,1,20.00,No Cilantro,20.00
245,40,44,Lemongrass Vermicelli Bowl,Rice & Noodles,1,20.00,,20.00
246,40,15,Padmanadi Vegetable Deluxe,Veggie & Tofu,1,19.00,,19.00
247,40,4,Satay with Peanut Sauce (3pc),Starters,1,10.00,,10.00
248,40,71,Fried Banana with Coconut Ice Cream,Desserts,1,13.00,,13.00
249,41,30,Sweet & Sour Chicken,Plant-Based Meat,1,19.00,Less Spicy,19.00
250,41,46,Jasmine Rice,Sides,1,2.75,,2.75
251,41,51,Soy Latte,Coffee,1,5.50,,5.50
252,41,33,Curry Chicken,Plant-Based Meat,1,22.00,,22.00
253,41,64,Sparkling Yuzu,Drinks,1,8.50,,8.50
254,41,37,Teriyaki Chicken,Plant-Based Meat,1,19.00,No Mushrooms,19.00
255,41,52,Soy Mocha,Coffee,1,6.00,,6.00
256,41,45,Bali Buddha Bowl,Rice & Noodles,1,18.00,Sauce on Side,18.00
257,41,2,Vegetable Spring Rolls (6pc),Starters,1,9.00,,9.00
258,41,11,Fried Enoki Mushroom,Starters,1,16.00,,16.00
259,42,26,Chili Tofu,Veggie & Tofu,1,19.00,,19.00
260,42,46,Jasmine Rice,Sides,1,2.75,,2.75
261,42,67,Raspberry Lime Italian Soda,Drinks,1,6.50,,6.50
262,42,33,Curry Chicken,Plant-Based Meat,1,22.00,,22.00
263,42,64,Sparkling Yuzu,Drinks,1,8.50,,8.50
264,42,39,Nasi Goreng,Rice & Noodles,1,18.00,No Onion,18.00
265,42,68,Iced Blackberry Hibiscus Tea,Drinks,1,7.00,,7.00
266,42,43,Singapore Noodle,Rice & Noodles,1,19.00,,19.00
267,42,28,Ginger Beef,Plant-Based Meat,1,21.00,,21.00
268,42,51,Soy Latte,Coffee,1,5.50,,5.50
269,42,20,Spicy Coconut Eggplant,Veggie & Tofu,1,18.00,No Cilantro,18.00
270,42,27,Kung Pao Chicken,Plant-Based Meat,1,20.00,,20.00
271,42,51,Soy Latte,Coffee,1,5.50,,5.50
272,42,11,Fried Enoki Mushroom,Starters,1,16.00,,16.00
273,42,2,Vegetable Spring Rolls (6pc),Starters,1,9.00,,9.00
274,42,73,Chocolate Mousse,Desserts,1,9.00,,9.00
275,43,42,Kwetiau Goreng,Rice & Noodles,1,19.00,Extra Sauce,19.00
276,43,33,Curry Chicken,Plant-Based Meat,1,22.00,,22.00
277,43,48,Brown Rice,Sides,1,3.00,,3.00
278,44,17,Spicy String Beans,Veggie & Tofu,1,19.00,No Cilantro,19.00
279,44,47,Coconut Rice,Sides,1,3.00,,3.00
280,44,15,Padmanadi Vegetable Deluxe,Veggie & Tofu,1,19.00,No Onion,19.00
281,44,47,Coconut Rice,Sides,1,3.00,,3.00
282,44,50,Americano,Coffee,1,4.50,,4.50
283,44,35,Sweet & Sour Shrimp,Plant-Based Meat,1,20.00,,20.00
284,44,28,Ginger Beef,Plant-Based Meat,1,21.00,Less Spicy,21.00
285,44,46,Jasmine Rice,Sides,1,2.75,,2.75
286,44,69,Cheesecake,Desserts,1,11.00,,11.00
287,45,39,Nasi Goreng,Rice & Noodles,1,18.00,,18.00
288,45,28,Ginger Beef,Plant-Based Meat,1,21.00,,21.00
289,45,15,Padmanadi Vegetable Deluxe,Veggie & Tofu,1,19.00,Less Spicy,19.00
290,45,46,Jasmine Rice,Sides,1,2.75,,2.75
291,45,55,Decaf Coffee,Coffee,1,4.50,,4.50
292,45,28,Ginger Beef,Plant-Based Meat,1,21.00,No Onion,21.00
293,45,17,Spicy String Beans,Veggie & Tofu,1,19.00,,19.00
294,45,47,Coconut Rice,Sides,1,3.00,,3.00
295,45,7,Roti Canai,Starters,1,13.00,,13.00
296,45,8,Breaded Cauliflower Bites,Starters,1,13.00,,13.00
297,46,23,Curry Vegetables & Tofu,Veggie & Tofu,1,20.00,,20.00
298,46,56,Organic Tea,Tea,1,3.50,,3.50
299,46,37,Teriyaki Chicken,Plant-Based Meat,1,19.00,Extra Spicy,19.00
300,46,56,Organic Tea,Tea,1,3.50,,3.50
301,46,7,Roti Canai,Starters,1,13.00,,13.00
302,47,16,Chili Green Beans,Veggie & Tofu,1,19.00,,19.00
303,47,47,Coconut Rice,Sides,1,3.00,,3.00
304,47,27,Kung Pao Chicken,Plant-Based Meat,1,20.00,,20.00
305,47,13,Tom Yum Soup,Soups,1,18.00,,18.00
306,47,79,Add Noodles (Soup),Extras,1,3.00,,3.00
307,47,61,Iced Oat Strawberry Matcha,Tea,1,8.50,,8.50
308,47,1,Vegetable Spring Rolls (3pc),Starters,1,6.00,,6.00
309,47,71,Fried Banana with Coconut Ice Cream,Desserts,1,13.00,,13.00
310,48,35,Sweet & Sour Shrimp,Plant-Based Meat,1,20.00,No Cilantro,20.00
311,48,64,Sparkling Yuzu,Drinks,1,8.50,,8.50
312,48,43,Singapore Noodle,Rice & Noodles,1,19.00,,19.00
313,48,4,Satay with Peanut Sauce (3pc),Starters,1,10.00,,10.00
314,49,28,Ginger Beef,Plant-Based Meat,1,21.00,,21.00
315,49,47,Coconut Rice,Sides,1,3.00,,3.00
316,49,39,Nasi Goreng,Rice & Noodles,1,18.00,,18.00
317,49,30,Sweet & Sour Chicken,Plant-Based Meat,1,19.00,No Mushrooms,19.00
318,49,57,Soy Chai Latte,Tea,1,5.50,,5.50
319,49,33,Curry Chicken,Plant-Based Meat,1,22.00,,22.00
320,49,46,Jasmine Rice,Sides,1,2.75,,2.75
321,49,66,Assorted Soft Drinks,Drinks,1,2.50,,2.50
322,49,27,Kung Pao Chicken,Plant-Based Meat,1,20.00,,20.00
323,49,9,Crispy Chicken Strips,Starters,1,13.00,,13.00
324,49,9,Crispy Chicken Strips,Starters,1,13.00,,13.00
325,50,28,Ginger Beef,Plant-Based Meat,1,21.00,No Peanuts,21.00
326,50,46,Jasmine Rice,Sides,1,2.75,,2.75
327,50,51,Soy Latte,Coffee,1,5.50,,5.50
328,51,33,Curry Chicken,Plant-Based Meat,1,22.00,No Cilantro,22.00
329,51,4,Satay with Peanut Sauce (3pc),Starters,1,10.00,,10.00
330,52,45,Bali Buddha Bowl,Rice & Noodles,1,18.00,,18.00
331,52,38,Rendang,Plant-Based Meat,1,20.00,,20.00
332,52,48,Brown Rice,Sides,1,3.00,,3.00
333,53,28,Ginger Beef,Plant-Based Meat,1,21.00,,21.00
334,54,45,Bali Buddha Bowl,Rice & Noodles,1,18.00,,18.00
335,54,68,Iced Blackberry Hibiscus Tea,Drinks,1,7.00,,7.00
336,54,33,Curry Chicken,Plant-Based Meat,1,22.00,,22.00
337,54,47,Coconut Rice,Sides,1,3.00,,3.00
338,55,33,Curry Chicken,Plant-Based Meat,1,22.00,,22.00
339,55,48,Brown Rice,Sides,1,3.00,,3.00
340,55,59,Hot Chocolate,Tea,1,5.00,,5.00
341,55,39,Nasi Goreng,Rice & Noodles,1,18.00,,18.00
342,55,75,Extra Tofu,Extras,1,4.00,,4.00
343,56,28,Ginger Beef,Plant-Based Meat,1,21.00,,21.00
344,56,48,Brown Rice,Sides,1,3.00,,3.00
345,56,59,Hot Chocolate,Tea,1,5.00,,5.00
346,57,28,Ginger Beef,Plant-Based Meat,1,21.00,,21.00
347,57,46,Jasmine Rice,Sides,1,2.75,,2.75
348,57,65,Iced Passion Fruit Green Tea,Drinks,1,7.00,,7.00
349,57,31,Spicy Chicken,Plant-Based Meat,1,19.00,,19.00
350,57,46,Jasmine Rice,Sides,1,2.75,,2.75
351,58,13,Tom Yum Soup,Soups,1,18.00,Gluten Friendly,18.00
352,59,13,Tom Yum Soup,Soups,1,18.00,,18.00
353,59,25,Mushroom Tofu,Veggie & Tofu,1,19.00,Less Spicy,19.00
354,59,47,Coconut Rice,Sides,1,3.00,,3.00
355,59,56,Organic Tea,Tea,1,3.50,,3.50
356,59,16,Chili Green Beans,Veggie & Tofu,1,19.00,,19.00
357,59,46,Jasmine Rice,Sides,1,2.75,,2.75
358,60,20,Spicy Coconut Eggplant,Veggie & Tofu,1,18.00,,18.00
359,60,57,Soy Chai Latte,Tea,1,5.50,,5.50
360,60,34,Curry Mutton,Plant-Based Meat,1,22.00,,22.00
361,60,46,Jasmine Rice,Sides,1,2.75,,2.75
362,60,41,Bihun Goreng,Rice & Noodles,1,18.00,,18.00
363,60,1,Vegetable Spring Rolls (3pc),Starters,1,6.00,,6.00
364,61,30,Sweet & Sour Chicken,Plant-Based Meat,1,19.00,No Cilantro,19.00
365,61,48,Brown Rice,Sides,1,3.00,,3.00
366,61,66,Assorted Soft Drinks,Drinks,1,2.50,,2.50
367,61,23,Curry Vegetables & Tofu,Veggie & Tofu,1,20.00,,20.00
368,61,2,Vegetable Spring Rolls (6pc),Starters,1,9.00,,9.00
369,62,21,Mapo Tofu,Veggie & Tofu,1,19.00,No Peanuts,19.00
370,62,46,Jasmine Rice,Sides,1,2.75,,2.75
371,62,60,Matcha Latte,Tea,1,6.50,,6.50
372,62,13,Tom Yum Soup,Soups,1,18.00,Extra Sauce,18.00
373,62,53,Vegan Iced Coffee,Coffee,1,5.50,,5.50
374,63,44,Lemongrass Vermicelli Bowl,Rice & Noodles,1,20.00,No Onion,20.00
375,63,53,Vegan Iced Coffee,Coffee,1,5.50,,5.50
376,63,27,Kung Pao Chicken,Plant-Based Meat,1,20.00,Sauce on Side,20.00
377,63,43,Singapore Noodle,Rice & Noodles,1,19.00,,19.00
378,63,15,Padmanadi Vegetable Deluxe,Veggie & Tofu,1,19.00,,19.00
379,63,63,Iced Pineapple,Drinks,1,7.50,,7.50
380,63,7,Roti Canai,Starters,1,13.00,,13.00
381,64,30,Sweet & Sour Chicken,Plant-Based Meat,1,19.00,,19.00
382,64,47,Coconut Rice,Sides,1,3.00,,3.00
383,64,60,Matcha Latte,Tea,1,6.50,,6.50
384,64,17,Spicy String Beans,Veggie & Tofu,1,19.00,,19.00
385,64,48,Brown Rice,Sides,1,3.00,,3.00
386,64,66,Assorted Soft Drinks,Drinks,1,2.50,,2.50
387,65,40,Bakmi Goreng,Rice & Noodles,1,19.00,Sauce on Side,19.00
388,65,63,Iced Pineapple,Drinks,1,7.50,,7.50
389,65,28,Ginger Beef,Plant-Based Meat,1,21.00,Extra Spicy,21.00
390,65,46,Jasmine Rice,Sides,1,2.75,,2.75
391,65,28,Ginger Beef,Plant-Based Meat,1,21.00,,21.00
392,65,47,Coconut Rice,Sides,1,3.00,,3.00
393,65,68,Iced Blackberry Hibiscus Tea,Drinks,1,7.00,,7.00
394,65,11,Fried Enoki Mushroom,Starters,1,16.00,,16.00
395,65,69,Cheesecake,Desserts,1,11.00,,11.00
396,65,71,Fried Banana with Coconut Ice Cream,Desserts,1,13.00,,13.00
397,66,32,General Tao Chicken,Plant-Based Meat,1,21.00,,21.00
398,66,51,Soy Latte,Coffee,1,5.50,,5.50
399,66,2,Vegetable Spring Rolls (6pc),Starters,1,9.00,,9.00
400,67,28,Ginger Beef,Plant-Based Meat,1,21.00,,21.00
401,67,70,Panna Cotta,Desserts,1,9.00,,9.00
402,68,12,Wonton Soup,Soups,1,18.00,,18.00
403,68,54,Iced Brown Sugar Oat Latte,Coffee,1,6.50,,6.50
404,68,16,Chili Green Beans,Veggie & Tofu,1,19.00,No Cilantro,19.00
405,68,19,Savory Eggplant,Veggie & Tofu,1,18.00,Gluten Friendly,18.00
406,68,48,Brown Rice,Sides,1,3.00,,3.00
407,68,68,Iced Blackberry Hibiscus Tea,Drinks,1,7.00,,7.00
408,68,29,Dendeng,Plant-Based Meat,1,20.00,Extra Spicy,20.00
409,68,46,Jasmine Rice,Sides,1,2.75,,2.75
410,68,2,Vegetable Spring Rolls (6pc),Starters,1,9.00,,9.00
411,69,13,Tom Yum Soup,Soups,1,18.00,,18.00
412,69,38,Rendang,Plant-Based Meat,1,20.00,Extra Sauce,20.00
413,69,54,Iced Brown Sugar Oat Latte,Coffee,1,6.50,,6.50
414,69,71,Fried Banana with Coconut Ice Cream,Desserts,1,13.00,,13.00
415,69,70,Panna Cotta,Desserts,1,9.00,,9.00
416,70,14,Spicy Curry Noodle Soup,Soups,1,18.00,,18.00
417,70,51,Soy Latte,Coffee,1,5.50,,5.50
418,70,26,Chili Tofu,Veggie & Tofu,1,19.00,Sauce on Side,19.00
419,70,46,Jasmine Rice,Sides,1,2.75,,2.75
420,70,31,Spicy Chicken,Plant-Based Meat,1,19.00,No Cilantro,19.00
421,70,46,Jasmine Rice,Sides,1,2.75,,2.75
422,70,26,Chili Tofu,Veggie & Tofu,1,19.00,,19.00
423,71,23,Curry Vegetables & Tofu,Veggie & Tofu,1,20.00,No Peanuts,20.00
424,71,14,Spicy Curry Noodle Soup,Soups,1,18.00,,18.00
425,71,79,Add Noodles (Soup),Extras,1,3.00,,3.00
426,71,51,Soy Latte,Coffee,1,5.50,,5.50
427,71,28,Ginger Beef,Plant-Based Meat,1,21.00,,21.00
428,71,48,Brown Rice,Sides,1,3.00,,3.00
429,71,57,Soy Chai Latte,Tea,1,5.50,,5.50
430,71,26,Chili Tofu,Veggie & Tofu,1,19.00,,19.00
431,71,53,Vegan Iced Coffee,Coffee,1,5.50,,5.50
432,71,40,Bakmi Goreng,Rice & Noodles,1,19.00,,19.00
433,72,27,Kung Pao Chicken,Plant-Based Meat,1,20.00,,20.00
434,72,68,Iced Blackberry Hibiscus Tea,Drinks,1,7.00,,7.00
435,72,28,Ginger Beef,Plant-Based Meat,1,21.00,No Peanuts,21.00
436,72,59,Hot Chocolate,Tea,1,5.00,,5.00
437,72,7,Roti Canai,Starters,1,13.00,,13.00
438,72,71,Fried Banana with Coconut Ice Cream,Desserts,1,13.00,,13.00
439,73,34,Curry Mutton,Plant-Based Meat,1,22.00,,22.00
440,73,47,Coconut Rice,Sides,1,3.00,,3.00
441,73,39,Nasi Goreng,Rice & Noodles,1,18.00,Extra Spicy,18.00
442,73,24,Tempeh Pulau,Veggie & Tofu,1,20.00,,20.00
443,73,60,Matcha Latte,Tea,1,6.50,,6.50
444,73,9,Crispy Chicken Strips,Starters,1,13.00,,13.00
445,74,44,Lemongrass Vermicelli Bowl,Rice & Noodles,1,20.00,Extra Sauce,20.00
446,75,34,Curry Mutton,Plant-Based Meat,1,22.00,No Mushrooms,22.00
447,75,61,Iced Oat Strawberry Matcha,Tea,1,8.50,,8.50
448,75,27,Kung Pao Chicken,Plant-Based Meat,1,20.00,No Mushrooms,20.00
449,75,46,Jasmine Rice,Sides,1,2.75,,2.75
450,75,65,Iced Passion Fruit Green Tea,Drinks,1,7.00,,7.00
451,75,72,Vegan Ice Cream,Desserts,1,7.00,,7.00
452,75,71,Fried Banana with Coconut Ice Cream,Desserts,1,13.00,,13.00
453,76,13,Tom Yum Soup,Soups,1,18.00,,18.00
454,76,79,Add Noodles (Soup),Extras,1,3.00,,3.00
455,76,20,Spicy Coconut Eggplant,Veggie & Tofu,1,18.00,Less Spicy,18.00
456,76,47,Coconut Rice,Sides,1,3.00,,3.00
457,76,57,Soy Chai Latte,Tea,1,5.50,,5.50
458,76,7,Roti Canai,Starters,1,13.00,,13.00
459,76,70,Panna Cotta,Desserts,1,9.00,,9.00
460,76,71,Fried Banana with Coconut Ice Cream,Desserts,1,13.00,,13.00
461,77,21,Mapo Tofu,Veggie & Tofu,1,19.00,,19.00
462,77,60,Matcha Latte,Tea,1,6.50,,6.50
463,77,28,Ginger Beef,Plant-Based Meat,1,21.00,,21.00
464,77,48,Brown Rice,Sides,1,3.00,,3.00
465,77,54,Iced Brown Sugar Oat Latte,Coffee,1,6.50,,6.50
466,77,28,Ginger Beef,Plant-Based Meat,1,21.00,,21.00
467,77,23,Curry Vegetables & Tofu,Veggie & Tofu,1,20.00,Gluten Friendly,20.00
468,77,66,Assorted Soft Drinks,Drinks,1,2.50,,2.50
469,78,27,Kung Pao Chicken,Plant-Based Meat,1,20.00,No Cilantro,20.00
470,78,47,Coconut Rice,Sides,1,3.00,,3.00
471,78,42,Kwetiau Goreng,Rice & Noodles,1,19.00,,19.00
472,78,61,Iced Oat Strawberry Matcha,Tea,1,8.50,,8.50
473,79,36,Spicy Shrimp,Plant-Based Meat,1,20.00,,20.00
474,79,47,Coconut Rice,Sides,1,3.00,,3.00
475,79,76,Extra Veggies,Extras,1,4.00,,4.00
476,79,56,Organic Tea,Tea,1,3.50,,3.50
477,79,26,Chili Tofu,Veggie & Tofu,1,19.00,Extra Spicy,19.00
478,79,25,Mushroom Tofu,Veggie & Tofu,1,19.00,,19.00
479,79,51,Soy Latte,Coffee,1,5.50,,5.50
480,79,6,Gado Gado,Starters,1,14.00,,14.00
481,79,69,Cheesecake,Desserts,1,11.00,,11.00
482,79,69,Cheesecake,Desserts,1,11.00,,11.00
483,80,41,Bihun Goreng,Rice & Noodles,1,18.00,,18.00
484,80,68,Iced Blackberry Hibiscus Tea,Drinks,1,7.00,,7.00
485,80,43,Singapore Noodle,Rice & Noodles,1,19.00,Gluten Friendly,19.00
486,80,52,Soy Mocha,Coffee,1,6.00,,6.00
487,80,28,Ginger Beef,Plant-Based Meat,1,21.00,Sauce on Side,21.00
488,80,47,Coconut Rice,Sides,1,3.00,,3.00
489,80,2,Vegetable Spring Rolls (6pc),Starters,1,9.00,,9.00
490,81,32,General Tao Chicken,Plant-Based Meat,1,21.00,,21.00
491,81,46,Jasmine Rice,Sides,1,2.75,,2.75
492,81,59,Hot Chocolate,Tea,1,5.00,,5.00
493,81,14,Spicy Curry Noodle Soup,Soups,1,18.00,,18.00
494,81,79,Add Noodles (Soup),Extras,1,3.00,,3.00
495,81,75,Extra Tofu,Extras,1,4.00,,4.00
496,81,61,Iced Oat Strawberry Matcha,Tea,1,8.50,,8.50
497,82,13,Tom Yum Soup,Soups,1,18.00,,18.00
498,82,28,Ginger Beef,Plant-Based Meat,1,21.00,Less Spicy,21.00
499,82,48,Brown Rice,Sides,1,3.00,,3.00
500,82,16,Chili Green Beans,Veggie & Tofu,1,19.00,,19.00
501,82,47,Coconut Rice,Sides,1,3.00,,3.00
502,82,62,Iced Lychee,Drinks,1,7.50,,7.50
503,82,36,Spicy Shrimp,Plant-Based Meat,1,20.00,Extra Spicy,20.00
504,82,68,Iced Blackberry Hibiscus Tea,Drinks,1,7.00,,7.00
505,82,39,Nasi Goreng,Rice & Noodles,1,18.00,,18.00
506,82,61,Iced Oat Strawberry Matcha,Tea,1,8.50,,8.50
507,83,42,Kwetiau Goreng,Rice & Noodles,1,19.00,No Peanuts,19.00
508,83,12,Wonton Soup,Soups,1,18.00,Extra Spicy,18.00
509,83,56,Organic Tea,Tea,1,3.50,,3.50
510,83,19,Savory Eggplant,Veggie & Tofu,1,18.00,,18.00
511,83,64,Sparkling Yuzu,Drinks,1,8.50,,8.50
512,83,28,Ginger Beef,Plant-Based Meat,1,21.00,,21.00
513,84,22,Pan-Fried Broccoli & Cauliflower,Veggie & Tofu,1,18.00,Extra Spicy,18.00
514,84,33,Curry Chicken,Plant-Based Meat,1,22.00,,22.00
515,84,47,Coconut Rice,Sides,1,3.00,,3.00
516,85,39,Nasi Goreng,Rice & Noodles,1,18.00,,18.00
517,85,62,Iced Lychee,Drinks,1,7.50,,7.50
518,85,31,Spicy Chicken,Plant-Based Meat,1,19.00,Less Spicy,19.00
519,85,46,Jasmine Rice,Sides,1,2.75,,2.75
520,85,27,Kung Pao Chicken,Plant-Based Meat,1,20.00,Allergy: Nuts,20.00
521,85,47,Coconut Rice,Sides,1,3.00,,3.00
522,85,21,Mapo Tofu,Veggie & Tofu,1,19.00,No Cilantro,19.00
523,85,47,Coconut Rice,Sides,1,3.00,,3.00
524,85,66,Assorted Soft Drinks,Drinks,1,2.50,,2.50
525,86,28,Ginger Beef,Plant-Based Meat,1,21.00,Sauce on Side,21.00
526,86,76,Extra Veggies,Extras,1,4.00,,4.00
527,86,61,Iced Oat Strawberry Matcha,Tea,1,8.50,,8.50
528,86,28,Ginger Beef,Plant-Based Meat,1,21.00,Extra Sauce,21.00
529,86,51,Soy Latte,Coffee,1,5.50,,5.50
530,86,14,Spicy Curry Noodle Soup,Soups,1,18.00,Allergy: Nuts,18.00
531,86,79,Add Noodles (Soup),Extras,1,3.00,,3.00
532,86,62,Iced Lychee,Drinks,1,7.50,,7.50
533,86,9,Crispy Chicken Strips,Starters,1,13.00,,13.00
534,86,72,Vegan Ice Cream,Desserts,1,7.00,,7.00
535,86,69,Cheesecake,Desserts,1,11.00,,11.00
536,87,28,Ginger Beef,Plant-Based Meat,1,21.00,,21.00
537,87,50,Americano,Coffee,1,4.50,,4.50
538,87,21,Mapo Tofu,Veggie & Tofu,1,19.00,,19.00
539,87,46,Jasmine Rice,Sides,1,2.75,,2.75
540,87,31,Spicy Chicken,Plant-Based Meat,1,19.00,,19.00
541,87,46,Jasmine Rice,Sides,1,2.75,,2.75
542,87,32,General Tao Chicken,Plant-Based Meat,1,21.00,No Cilantro,21.00
543,87,47,Coconut Rice,Sides,1,3.00,,3.00
544,87,53,Vegan Iced Coffee,Coffee,1,5.50,,5.50
545,87,2,Vegetable Spring Rolls (6pc),Starters,1,9.00,,9.00
546,87,7,Roti Canai,Starters,1,13.00,,13.00
547,88,30,Sweet & Sour Chicken,Plant-Based Meat,1,19.00,,19.00
548,88,46,Jasmine Rice,Sides,1,2.75,,2.75
549,88,50,Americano,Coffee,1,4.50,,4.50
550,88,16,Chili Green Beans,Veggie & Tofu,1,19.00,,19.00
551,88,39,Nasi Goreng,Rice & Noodles,1,18.00,,18.00
552,88,61,Iced Oat Strawberry Matcha,Tea,1,8.50,,8.50
553,88,20,Spicy Coconut Eggplant,Veggie & Tofu,1,18.00,,18.00
554,88,48,Brown Rice,Sides,1,3.00,,3.00
555,88,75,Extra Tofu,Extras,1,4.00,,4.00
556,88,2,Vegetable Spring Rolls (6pc),Starters,1,9.00,,9.00
557,89,21,Mapo Tofu,Veggie & Tofu,1,19.00,,19.00
558,89,57,Soy Chai Latte,Tea,1,5.50,,5.50
559,89,15,Padmanadi Vegetable Deluxe,Veggie & Tofu,1,19.00,No Onion,19.00
560,89,7,Roti Canai,Starters,1,13.00,,13.00
561,90,33,Curry Chicken,Plant-Based Meat,1,22.00,,22.00
562,90,46,Jasmine Rice,Sides,1,2.75,,2.75
563,90,24,Tempeh Pulau,Veggie & Tofu,1,20.00,,20.00
564,90,47,Coconut Rice,Sides,1,3.00,,3.00
565,90,57,Soy Chai Latte,Tea,1,5.50,,5.50
566,90,9,Crispy Chicken Strips,Starters,1,13.00,,13.00
567,90,69,Cheesecake,Desserts,1,11.00,,11.00
568,91,15,Padmanadi Vegetable Deluxe,Veggie & Tofu,1,19.00,No Cilantro,19.00
569,91,46,Jasmine Rice,Sides,1,2.75,,2.75
570,91,67,Raspberry Lime Italian Soda,Drinks,1,6.50,,6.50
571,91,12,Wonton Soup,Soups,1,18.00,Allergy: Nuts,18.00
572,91,66,Assorted Soft Drinks,Drinks,1,2.50,,2.50
573,91,20,Spicy Coconut Eggplant,Veggie & Tofu,1,18.00,Gluten Friendly,18.00
574,91,47,Coconut Rice,Sides,1,3.00,,3.00
575,91,32,General Tao Chicken,Plant-Based Meat,1,21.00,No Peanuts,21.00
576,91,46,Jasmine Rice,Sides,1,2.75,,2.75
577,91,59,Hot Chocolate,Tea,1,5.00,,5.00
578,91,9,Crispy Chicken Strips,Starters,1,13.00,,13.00
579,92,28,Ginger Beef,Plant-Based Meat,1,21.00,,21.00
580,92,47,Coconut Rice,Sides,1,3.00,,3.00
581,92,27,Kung Pao Chicken,Plant-Based Meat,1,20.00,,20.00
582,93,17,Spicy String Beans,Veggie & Tofu,1,19.00,,19.00
583,93,46,Jasmine Rice,Sides,1,2.75,,2.75
584,93,51,Soy Latte,Coffee,1,5.50,,5.50
585,93,18,King Oyster Mushroom Gaylan,Veggie & Tofu,1,20.00,Sauce on Side,20.00
586,93,46,Jasmine Rice,Sides,1,2.75,,2.75
587,93,8,Breaded Cauliflower Bites,Starters,1,13.00,,13.00
588,94,34,Curry Mutton,Plant-Based Meat,1,22.00,,22.00
589,94,76,Extra Veggies,Extras,1,4.00,,4.00
590,94,66,Assorted Soft Drinks,Drinks,1,2.50,,2.50
591,94,40,Bakmi Goreng,Rice & Noodles,1,19.00,,19.00
592,94,55,Decaf Coffee,Coffee,1,4.50,,4.50
593,94,32,General Tao Chicken,Plant-Based Meat,1,21.00,,21.00
594,94,16,Chili Green Beans,Veggie & Tofu,1,19.00,Sauce on Side,19.00
595,94,10,Bean Curd Drumsticks,Starters,1,13.00,,13.00
596,95,36,Spicy Shrimp,Plant-Based Meat,1,20.00,Allergy: Nuts,20.00
597,95,48,Brown Rice,Sides,1,3.00,,3.00
598,95,62,Iced Lychee,Drinks,1,7.50,,7.50
599,96,12,Wonton Soup,Soups,1,18.00,Less Spicy,18.00
600,96,44,Lemongrass Vermicelli Bowl,Rice & Noodles,1,20.00,No Peanuts,20.00
601,96,2,Vegetable Spring Rolls (6pc),Starters,1,9.00,,9.00
602,97,29,Dendeng,Plant-Based Meat,1,20.00,Gluten Friendly,20.00
603,98,27,Kung Pao Chicken,Plant-Based Meat,1,20.00,,20.00
604,98,29,Dendeng,Plant-Based Meat,1,20.00,,20.00
605,98,28,Ginger Beef,Plant-Based Meat,1,21.00,No Mushrooms,21.00
606,98,47,Coconut Rice,Sides,1,3.00,,3.00
607,98,37,Teriyaki Chicken,Plant-Based Meat,1,19.00,No Mushrooms,19.00
608,98,46,Jasmine Rice,Sides,1,2.75,,2.75
609,99,49,Lunch Special,Lunch Special,1,18.00,Entree: Rendang,18.00
610,99,41,Bihun Goreng,Rice & Noodles,1,18.00,Extra Sauce,18.00
611,99,50,Americano,Coffee,1,4.50,,4.50
612,100,37,Teriyaki Chicken,Plant-Based Meat,1,19.00,Allergy: Nuts,19.00
613,100,64,Sparkling Yuzu,Drinks,1,8.50,,8.50
614,100,18,King Oyster Mushroom Gaylan,Veggie & Tofu,1,20.00,No Peanuts,20.00
615,101,32,General Tao Chicken,Plant-Based Meat,1,21.00,No Onion,21.00
616,101,46,Jasmine Rice,Sides,1,2.75,,2.75
617,101,52,Soy Mocha,Coffee,1,6.00,,6.00
618,101,49,Lunch Special,Lunch Special,1,18.00,Entree: Teriyaki Chicken,18.00
619,101,49,Lunch Special,Lunch Special,1,18.00,Entree: Chili Tofu,18.00
620,101,61,Iced Oat Strawberry Matcha,Tea,1,8.50,,8.50
621,102,33,Curry Chicken,Plant-Based Meat,1,22.00,,22.00
622,102,65,Iced Passion Fruit Green Tea,Drinks,1,7.00,,7.00
623,102,13,Tom Yum Soup,Soups,1,18.00,,18.00
624,102,28,Ginger Beef,Plant-Based Meat,1,21.00,Gluten Friendly,21.00
625,102,46,Jasmine Rice,Sides,1,2.75,,2.75
626,102,4,Satay with Peanut Sauce (3pc),Starters,1,10.00,,10.00
627,103,49,Lunch Special,Lunch Special,1,18.00,Entree: Spicy Nuggets,18.00
628,103,49,Lunch Special,Lunch Special,1,18.00,Entree: Chili Tofu,18.00
629,103,67,Raspberry Lime Italian Soda,Drinks,1,6.50,,6.50
630,103,49,Lunch Special,Lunch Special,1,18.00,Entree: Padmanadi Veg Deluxe,18.00
631,103,21,Mapo Tofu,Veggie & Tofu,1,19.00,,19.00
632,103,48,Brown Rice,Sides,1,3.00,,3.00
633,103,61,Iced Oat Strawberry Matcha,Tea,1,8.50,,8.50
634,103,2,Vegetable Spring Rolls (6pc),Starters,1,9.00,,9.00
635,103,8,Breaded Cauliflower Bites,Starters,1,13.00,,13.00
636,103,71,Fried Banana with Coconut Ice Cream,Desserts,1,13.00,,13.00
637,104,39,Nasi Goreng,Rice & Noodles,1,18.00,,18.00
638,104,60,Matcha Latte,Tea,1,6.50,,6.50
639,104,49,Lunch Special,Lunch Special,1,18.00,Entree: Rendang,18.00
640,104,54,Iced Brown Sugar Oat Latte,Coffee,1,6.50,,6.50
641,104,2,Vegetable Spring Rolls (6pc),Starters,1,9.00,,9.00
642,105,35,Sweet & Sour Shrimp,Plant-Based Meat,1,20.00,,20.00
643,105,18,King Oyster Mushroom Gaylan,Veggie & Tofu,1,20.00,,20.00
644,105,46,Jasmine Rice,Sides,1,2.75,,2.75
645,106,49,Lunch Special,Lunch Special,1,18.00,Entree: Curried Tofu w/ Vegetables,18.00
646,106,66,Assorted Soft Drinks,Drinks,1,2.50,,2.50
647,106,36,Spicy Shrimp,Plant-Based Meat,1,20.00,Sauce on Side,20.00
648,106,46,Jasmine Rice,Sides,1,2.75,,2.75
649,106,64,Sparkling Yuzu,Drinks,1,8.50,,8.50
650,107,49,Lunch Special,Lunch Special,1,18.00,Entree: Curried Tofu w/ Vegetables,18.00
651,107,51,Soy Latte,Coffee,1,5.50,,5.50
652,107,44,Lemongrass Vermicelli Bowl,Rice & Noodles,1,20.00,Allergy: Nuts,20.00
653,107,49,Lunch Special,Lunch Special,1,18.00,Entree: Kung Pao Chicken,18.00
654,107,49,Lunch Special,Lunch Special,1,18.00,Entree: Savory Eggplant,18.00
655,107,49,Lunch Special,Lunch Special,1,18.00,Entree: Chili Tofu,18.00
656,107,77,Sub Coconut Rice (+1),Extras,1,1.00,,1.00
657,107,33,Curry Chicken,Plant-Based Meat,1,22.00,No Peanuts,22.00
658,107,46,Jasmine Rice,Sides,1,2.75,,2.75
659,107,62,Iced Lychee,Drinks,1,7.50,,7.50
660,107,17,Spicy String Beans,Veggie & Tofu,1,19.00,,19.00
661,107,58,London Fog,Tea,1,5.50,,5.50
662,107,49,Lunch Special,Lunch Special,1,18.00,Entree: Kung Pao Chicken,18.00
663,107,6,Gado Gado,Starters,1,14.00,,14.00
664,107,70,Panna Cotta,Desserts,1,9.00,,9.00
665,108,32,General Tao Chicken,Plant-Based Meat,1,21.00,Gluten Friendly,21.00
666,108,46,Jasmine Rice,Sides,1,2.75,,2.75
667,108,33,Curry Chicken,Plant-Based Meat,1,22.00,Extra Spicy,22.00
668,108,46,Jasmine Rice,Sides,1,2.75,,2.75
669,108,64,Sparkling Yuzu,Drinks,1,8.50,,8.50
670,108,49,Lunch Special,Lunch Special,1,18.00,Entree: Ginger Beef,18.00
671,108,69,Cheesecake,Desserts,1,11.00,,11.00
672,109,28,Ginger Beef,Plant-Based Meat,1,21.00,,21.00
673,109,66,Assorted Soft Drinks,Drinks,1,2.50,,2.50
674,109,49,Lunch Special,Lunch Special,1,18.00,Entree: Rendang,18.00
675,109,17,Spicy String Beans,Veggie & Tofu,1,19.00,,19.00
676,109,41,Bihun Goreng,Rice & Noodles,1,18.00,,18.00
677,109,8,Breaded Cauliflower Bites,Starters,1,13.00,,13.00
678,109,6,Gado Gado,Starters,1,14.00,,14.00
679,110,37,Teriyaki Chicken,Plant-Based Meat,1,19.00,No Mushrooms,19.00
680,110,23,Curry Vegetables & Tofu,Veggie & Tofu,1,20.00,,20.00
681,110,47,Coconut Rice,Sides,1,3.00,,3.00
682,110,15,Padmanadi Vegetable Deluxe,Veggie & Tofu,1,19.00,,19.00
683,110,48,Brown Rice,Sides,1,3.00,,3.00
684,110,49,Lunch Special,Lunch Special,1,18.00,Entree: Spicy Nuggets,18.00
685,110,9,Crispy Chicken Strips,Starters,1,13.00,,13.00
686,110,6,Gado Gado,Starters,1,14.00,,14.00
687,111,49,Lunch Special,Lunch Special,1,18.00,Entree: Padmanadi Veg Deluxe,18.00
688,111,49,Lunch Special,Lunch Special,1,18.00,Entree: Curried Tofu w/ Vegetables,18.00
689,111,50,Americano,Coffee,1,4.50,,4.50
690,111,22,Pan-Fried Broccoli & Cauliflower,Veggie & Tofu,1,18.00,,18.00
691,111,48,Brown Rice,Sides,1,3.00,,3.00
692,111,54,Iced Brown Sugar Oat Latte,Coffee,1,6.50,,6.50
693,111,33,Curry Chicken,Plant-Based Meat,1,22.00,,22.00
694,111,47,Coconut Rice,Sides,1,3.00,,3.00
695,111,75,Extra Tofu,Extras,1,4.00,,4.00
696,111,61,Iced Oat Strawberry Matcha,Tea,1,8.50,,8.50
697,112,49,Lunch Special,Lunch Special,1,18.00,Entree: Savory Eggplant,18.00
698,112,39,Nasi Goreng,Rice & Noodles,1,18.00,,18.00
699,112,10,Bean Curd Drumsticks,Starters,1,13.00,,13.00
700,113,49,Lunch Special,Lunch Special,1,18.00,Entree: Kung Pao Chicken,18.00
701,113,54,Iced Brown Sugar Oat Latte,Coffee,1,6.50,,6.50
702,113,29,Dendeng,Plant-Based Meat,1,20.00,,20.00
703,113,48,Brown Rice,Sides,1,3.00,,3.00
704,114,40,Bakmi Goreng,Rice & Noodles,1,19.00,,19.00
705,114,21,Mapo Tofu,Veggie & Tofu,1,19.00,,19.00
706,114,66,Assorted Soft Drinks,Drinks,1,2.50,,2.50
707,114,37,Teriyaki Chicken,Plant-Based Meat,1,19.00,,19.00
708,114,47,Coconut Rice,Sides,1,3.00,,3.00
709,114,64,Sparkling Yuzu,Drinks,1,8.50,,8.50
710,114,44,Lemongrass Vermicelli Bowl,Rice & Noodles,1,20.00,,20.00
711,114,56,Organic Tea,Tea,1,3.50,,3.50
712,114,49,Lunch Special,Lunch Special,1,18.00,Entree: Rendang,18.00
713,114,66,Assorted Soft Drinks,Drinks,1,2.50,,2.50
714,114,49,Lunch Special,Lunch Special,1,18.00,Entree: Sweet & Sour Nuggets,18.00
715,114,77,Sub Coconut Rice (+1),Extras,1,1.00,,1.00
716,114,64,Sparkling Yuzu,Drinks,1,8.50,,8.50
717,114,32,General Tao Chicken,Plant-Based Meat,1,21.00,No Onion,21.00
718,114,58,London Fog,Tea,1,5.50,,5.50
719,114,49,Lunch Special,Lunch Special,1,18.00,Entree: Curried Tofu w/ Vegetables,18.00
720,115,49,Lunch Special,Lunch Special,1,18.00,Entree: Sweet & Sour Chicken,18.00
721,115,49,Lunch Special,Lunch Special,1,18.00,Entree: Sweet & Sour Nuggets,18.00
722,115,77,Sub Coconut Rice (+1),Extras,1,1.00,,1.00
723,115,50,Americano,Coffee,1,4.50,,4.50
724,115,73,Chocolate Mousse,Desserts,1,9.00,,9.00
725,115,69,Cheesecake,Desserts,1,11.00,,11.00
726,116,21,Mapo Tofu,Veggie & Tofu,1,19.00,Sauce on Side,19.00
727,117,49,Lunch Special,Lunch Special,1,18.00,Entree: Sweet & Sour Nuggets,18.00
728,117,60,Matcha Latte,Tea,1,6.50,,6.50
729,117,44,Lemongrass Vermicelli Bowl,Rice & Noodles,1,20.00,,20.00
730,118,33,Curry Chicken,Plant-Based Meat,1,22.00,,22.00
731,118,46,Jasmine Rice,Sides,1,2.75,,2.75
732,118,58,London Fog,Tea,1,5.50,,5.50
733,118,20,Spicy Coconut Eggplant,Veggie & Tofu,1,18.00,No Peanuts,18.00
734,118,54,Iced Brown Sugar Oat Latte,Coffee,1,6.50,,6.50
735,118,9,Crispy Chicken Strips,Starters,1,13.00,,13.00
736,119,26,Chili Tofu,Veggie & Tofu,1,19.00,,19.00
737,119,57,Soy Chai Latte,Tea,1,5.50,,5.50
738,119,49,Lunch Special,Lunch Special,1,18.00,Entree: Spicy Nuggets,18.00
739,120,49,Lunch Special,Lunch Special,1,18.00,Entree: Sweet & Sour Nuggets,18.00
740,120,66,Assorted Soft Drinks,Drinks,1,2.50,,2.50
741,120,14,Spicy Curry Noodle Soup,Soups,1,18.00,,18.00
742,120,79,Add Noodles (Soup),Extras,1,3.00,,3.00
743,120,58,London Fog,Tea,1,5.50,,5.50
744,120,6,Gado Gado,Starters,1,14.00,,14.00
745,121,32,General Tao Chicken,Plant-Based Meat,1,21.00,Allergy: Nuts,21.00
746,121,76,Extra Veggies,Extras,1,4.00,,4.00
747,121,68,Iced Blackberry Hibiscus Tea,Drinks,1,7.00,,7.00
748,122,49,Lunch Special,Lunch Special,1,18.00,Entree: Teriyaki Chicken,18.00
749,122,49,Lunch Special,Lunch Special,1,18.00,Entree: Spicy Nuggets,18.00
750,122,51,Soy Latte,Coffee,1,5.50,,5.50
751,122,36,Spicy Shrimp,Plant-Based Meat,1,20.00,No Peanuts,20.00
752,122,7,Roti Canai,Starters,1,13.00,,13.00
753,123,49,Lunch Special,Lunch Special,1,18.00,Entree: Sweet & Sour Nuggets,18.00
754,123,62,Iced Lychee,Drinks,1,7.50,,7.50
755,123,49,Lunch Special,Lunch Special,1,18.00,Entree: Chili Green Beans,18.00
756,123,66,Assorted Soft Drinks,Drinks,1,2.50,,2.50
757,124,28,Ginger Beef,Plant-Based Meat,1,21.00,Allergy: Nuts,21.00
758,124,48,Brown Rice,Sides,1,3.00,,3.00
759,125,44,Lemongrass Vermicelli Bowl,Rice & Noodles,1,20.00,,20.00
760,125,65,Iced Passion Fruit Green Tea,Drinks,1,7.00,,7.00
761,125,49,Lunch Special,Lunch Special,1,18.00,Entree: Ginger Beef,18.00
762,125,53,Vegan Iced Coffee,Coffee,1,5.50,,5.50
763,125,8,Breaded Cauliflower Bites,Starters,1,13.00,,13.00
764,126,26,Chili Tofu,Veggie & Tofu,1,19.00,Less Spicy,19.00
765,126,49,Lunch Special,Lunch Special,1,18.00,Entree: Sweet & Sour Chicken,18.00
766,127,49,Lunch Special,Lunch Special,1,18.00,Entree: Curry Mutton,18.00
767,127,58,London Fog,Tea,1,5.50,,5.50
768,127,35,Sweet & Sour Shrimp,Plant-Based Meat,1,20.00,Gluten Friendly,20.00
769,127,22,Pan-Fried Broccoli & Cauliflower,Veggie & Tofu,1,18.00,,18.00
770,127,46,Jasmine Rice,Sides,1,2.75,,2.75
771,127,66,Assorted Soft Drinks,Drinks,1,2.50,,2.50
772,127,25,Mushroom Tofu,Veggie & Tofu,1,19.00,,19.00
773,127,46,Jasmine Rice,Sides,1,2.75,,2.75
774,127,66,Assorted Soft Drinks,Drinks,1,2.50,,2.50
775,127,70,Panna Cotta,Desserts,1,9.00,,9.00
776,127,71,Fried Banana with Coconut Ice Cream,Desserts,1,13.00,,13.00
777,128,49,Lunch Special,Lunch Special,1,18.00,Entree: Curry Mutton,18.00
778,128,62,Iced Lychee,Drinks,1,7.50,,7.50
779,128,34,Curry Mutton,Plant-Based Meat,1,22.00,,22.00
780,128,74,Extra Protein,Extras,1,5.00,,5.00
781,128,50,Americano,Coffee,1,4.50,,4.50
782,128,49,Lunch Special,Lunch Special,1,18.00,Entree: Rendang,18.00
783,128,77,Sub Coconut Rice (+1),Extras,1,1.00,,1.00
784,128,60,Matcha Latte,Tea,1,6.50,,6.50
785,128,9,Crispy Chicken Strips,Starters,1,13.00,,13.00
786,129,49,Lunch Special,Lunch Special,1,18.00,Entree: Curry Chicken,18.00
787,129,36,Spicy Shrimp,Plant-Based Meat,1,20.00,Allergy: Nuts,20.00
788,129,46,Jasmine Rice,Sides,1,2.75,,2.75
789,129,49,Lunch Special,Lunch Special,1,18.00,Entree: Curry Chicken,18.00
790,129,61,Iced Oat Strawberry Matcha,Tea,1,8.50,,8.50
791,129,44,Lemongrass Vermicelli Bowl,Rice & Noodles,1,20.00,Sauce on Side,20.00
792,129,73,Chocolate Mousse,Desserts,1,9.00,,9.00
793,129,69,Cheesecake,Desserts,1,11.00,,11.00
794,130,30,Sweet & Sour Chicken,Plant-Based Meat,1,19.00,,19.00
795,130,46,Jasmine Rice,Sides,1,2.75,,2.75
796,131,20,Spicy Coconut Eggplant,Veggie & Tofu,1,18.00,,18.00
797,131,49,Lunch Special,Lunch Special,1,18.00,Entree: Sweet & Sour Chicken,18.00
798,131,57,Soy Chai Latte,Tea,1,5.50,,5.50
799,131,32,General Tao Chicken,Plant-Based Meat,1,21.00,,21.00
800,131,46,Jasmine Rice,Sides,1,2.75,,2.75
801,131,59,Hot Chocolate,Tea,1,5.00,,5.00
802,132,40,Bakmi Goreng,Rice & Noodles,1,19.00,,19.00
803,132,62,Iced Lychee,Drinks,1,7.50,,7.50
804,132,40,Bakmi Goreng,Rice & Noodles,1,19.00,,19.00
805,132,62,Iced Lychee,Drinks,1,7.50,,7.50
806,132,49,Lunch Special,Lunch Special,1,18.00,Entree: Savory Eggplant,18.00
807,132,2,Vegetable Spring Rolls (6pc),Starters,1,9.00,,9.00
808,132,73,Chocolate Mousse,Desserts,1,9.00,,9.00
809,132,71,Fried Banana with Coconut Ice Cream,Desserts,1,13.00,,13.00
810,133,12,Wonton Soup,Soups,1,18.00,,18.00
811,133,79,Add Noodles (Soup),Extras,1,3.00,,3.00
812,133,60,Matcha Latte,Tea,1,6.50,,6.50
813,133,38,Rendang,Plant-Based Meat,1,20.00,No Mushrooms,20.00
814,133,75,Extra Tofu,Extras,1,4.00,,4.00
815,133,60,Matcha Latte,Tea,1,6.50,,6.50
816,133,37,Teriyaki Chicken,Plant-Based Meat,1,19.00,Extra Sauce,19.00
817,133,48,Brown Rice,Sides,1,3.00,,3.00
818,133,51,Soy Latte,Coffee,1,5.50,,5.50
819,133,49,Lunch Special,Lunch Special,1,18.00,Entree: Curried Tofu w/ Vegetables,18.00
820,133,54,Iced Brown Sugar Oat Latte,Coffee,1,6.50,,6.50
821,133,34,Curry Mutton,Plant-Based Meat,1,22.00,,22.00
822,133,66,Assorted Soft Drinks,Drinks,1,2.50,,2.50
823,133,31,Spicy Chicken,Plant-Based Meat,1,19.00,,19.00
824,133,48,Brown Rice,Sides,1,3.00,,3.00
825,133,66,Assorted Soft Drinks,Drinks,1,2.50,,2.50
826,133,21,Mapo Tofu,Veggie & Tofu,1,19.00,,19.00
827,134,22,Pan-Fried Broccoli & Cauliflower,Veggie & Tofu,1,18.00,Less Spicy,18.00
828,135,29,Dendeng,Plant-Based Meat,1,20.00,,20.00
829,135,46,Jasmine Rice,Sides,1,2.75,,2.75
830,135,51,Soy Latte,Coffee,1,5.50,,5.50
831,136,49,Lunch Special,Lunch Special,1,18.00,Entree: Sweet & Sour Nuggets,18.00
832,136,36,Spicy Shrimp,Plant-Based Meat,1,20.00,,20.00
833,136,48,Brown Rice,Sides,1,3.00,,3.00
834,136,52,Soy Mocha,Coffee,1,6.00,,6.00
835,137,49,Lunch Special,Lunch Special,1,18.00,Entree: Sweet & Sour Nuggets,18.00
836,137,31,Spicy Chicken,Plant-Based Meat,1,19.00,Extra Spicy,19.00
837,137,48,Brown Rice,Sides,1,3.00,,3.00
838,137,18,King Oyster Mushroom Gaylan,Veggie & Tofu,1,20.00,,20.00
839,137,48,Brown Rice,Sides,1,3.00,,3.00
840,137,64,Sparkling Yuzu,Drinks,1,8.50,,8.50
841,137,7,Roti Canai,Starters,1,13.00,,13.00
842,137,70,Panna Cotta,Desserts,1,9.00,,9.00
843,138,34,Curry Mutton,Plant-Based Meat,1,22.00,,22.00
844,138,49,Lunch Special,Lunch Special,1,18.00,Entree: Teriyaki Chicken,18.00
845,138,3,Satay with Peanut Sauce (1pc),Starters,1,3.00,,3.00
846,138,71,Fried Banana with Coconut Ice Cream,Desserts,1,13.00,,13.00
847,138,69,Cheesecake,Desserts,1,11.00,,11.00
848,139,49,Lunch Special,Lunch Special,1,18.00,Entree: Chili Green Beans,18.00
849,139,66,Assorted Soft Drinks,Drinks,1,2.50,,2.50
850,139,49,Lunch Special,Lunch Special,1,18.00,Entree: Curry Mutton,18.00
851,139,73,Chocolate Mousse,Desserts,1,9.00,,9.00
852,139,73,Chocolate Mousse,Desserts,1,9.00,,9.00
853,140,34,Curry Mutton,Plant-Based Meat,1,22.00,,22.00
854,140,47,Coconut Rice,Sides,1,3.00,,3.00
855,140,28,Ginger Beef,Plant-Based Meat,1,21.00,,21.00
856,140,46,Jasmine Rice,Sides,1,2.75,,2.75
857,140,49,Lunch Special,Lunch Special,1,18.00,Entree: Chili Green Beans,18.00
858,140,62,Iced Lychee,Drinks,1,7.50,,7.50
859,141,49,Lunch Special,Lunch Special,1,18.00,Entree: Chili Green Beans,18.00
860,141,49,Lunch Special,Lunch Special,1,18.00,Entree: Sweet & Sour Nuggets,18.00
861,141,49,Lunch Special,Lunch Special,1,18.00,Entree: Spicy Nuggets,18.00
862,142,34,Curry Mutton,Plant-Based Meat,1,22.00,No Cilantro,22.00
863,142,45,Bali Buddha Bowl,Rice & Noodles,1,18.00,,18.00
864,142,74,Extra Protein,Extras,1,5.00,,5.00
865,142,72,Vegan Ice Cream,Desserts,1,7.00,,7.00
866,143,41,Bihun Goreng,Rice & Noodles,1,18.00,,18.00
867,143,64,Sparkling Yuzu,Drinks,1,8.50,,8.50
868,143,27,Kung Pao Chicken,Plant-Based Meat,1,20.00,No Peanuts,20.00
869,143,76,Extra Veggies,Extras,1,4.00,,4.00
870,143,68,Iced Blackberry Hibiscus Tea,Drinks,1,7.00,,7.00
871,143,37,Teriyaki Chicken,Plant-Based Meat,1,19.00,,19.00
872,143,51,Soy Latte,Coffee,1,5.50,,5.50
873,143,36,Spicy Shrimp,Plant-Based Meat,1,20.00,,20.00
874,143,4,Satay with Peanut Sauce (3pc),Starters,1,10.00,,10.00
875,143,7,Roti Canai,Starters,1,13.00,,13.00
876,144,23,Curry Vegetables & Tofu,Veggie & Tofu,1,20.00,Gluten Friendly,20.00
877,144,36,Spicy Shrimp,Plant-Based Meat,1,20.00,,20.00
878,144,56,Organic Tea,Tea,1,3.50,,3.50
879,145,33,Curry Chicken,Plant-Based Meat,1,22.00,,22.00
880,146,23,Curry Vegetables & Tofu,Veggie & Tofu,1,20.00,,20.00
881,146,46,Jasmine Rice,Sides,1,2.75,,2.75
882,146,24,Tempeh Pulau,Veggie & Tofu,1,20.00,Extra Sauce,20.00
883,146,48,Brown Rice,Sides,1,3.00,,3.00
884,146,71,Fried Banana with Coconut Ice Cream,Desserts,1,13.00,,13.00
885,147,34,Curry Mutton,Plant-Based Meat,1,22.00,No Peanuts,22.00
886,147,54,Iced Brown Sugar Oat Latte,Coffee,1,6.50,,6.50
887,147,28,Ginger Beef,Plant-Based Meat,1,21.00,Allergy: Nuts,21.00
888,147,67,Raspberry Lime Italian Soda,Drinks,1,6.50,,6.50
889,147,24,Tempeh Pulau,Veggie & Tofu,1,20.00,Less Spicy,20.00
890,147,50,Americano,Coffee,1,4.50,,4.50
891,147,30,Sweet & Sour Chicken,Plant-Based Meat,1,19.00,,19.00
892,147,48,Brown Rice,Sides,1,3.00,,3.00
893,147,74,Extra Protein,Extras,1,5.00,,5.00
894,148,22,Pan-Fried Broccoli & Cauliflower,Veggie & Tofu,1,18.00,Sauce on Side,18.00
895,148,42,Kwetiau Goreng,Rice & Noodles,1,19.00,Allergy: Nuts,19.00
896,148,68,Iced Blackberry Hibiscus Tea,Drinks,1,7.00,,7.00
897,148,7,Roti Canai,Starters,1,13.00,,13.00
898,149,16,Chili Green Beans,Veggie & Tofu,1,19.00,,19.00
899,149,46,Jasmine Rice,Sides,1,2.75,,2.75
900,149,55,Decaf Coffee,Coffee,1,4.50,,4.50
901,150,44,Lemongrass Vermicelli Bowl,Rice & Noodles,1,20.00,,20.00
902,150,66,Assorted Soft Drinks,Drinks,1,2.50,,2.50
903,151,38,Rendang,Plant-Based Meat,1,20.00,Gluten Friendly,20.00
904,151,23,Curry Vegetables & Tofu,Veggie & Tofu,1,20.00,,20.00
905,151,47,Coconut Rice,Sides,1,3.00,,3.00
906,151,73,Chocolate Mousse,Desserts,1,9.00,,9.00
907,152,33,Curry Chicken,Plant-Based Meat,1,22.00,No Onion,22.00
908,152,46,Jasmine Rice,Sides,1,2.75,,2.75
909,152,66,Assorted Soft Drinks,Drinks,1,2.50,,2.50
910,153,39,Nasi Goreng,Rice & Noodles,1,18.00,Extra Sauce,18.00
911,153,30,Sweet & Sour Chicken,Plant-Based Meat,1,19.00,,19.00
912,153,46,Jasmine Rice,Sides,1,2.75,,2.75
913,153,39,Nasi Goreng,Rice & Noodles,1,18.00,No Onion,18.00
914,153,23,Curry Vegetables & Tofu,Veggie & Tofu,1,20.00,,20.00
915,153,46,Jasmine Rice,Sides,1,2.75,,2.75
916,153,62,Iced Lychee,Drinks,1,7.50,,7.50
917,153,73,Chocolate Mousse,Desserts,1,9.00,,9.00
918,154,45,Bali Buddha Bowl,Rice & Noodles,1,18.00,,18.00
919,154,60,Matcha Latte,Tea,1,6.50,,6.50
920,154,5,Deep Fried Tofu,Starters,1,13.00,,13.00
921,154,71,Fried Banana with Coconut Ice Cream,Desserts,1,13.00,,13.00
922,155,35,Sweet & Sour Shrimp,Plant-Based Meat,1,20.00,,20.00
923,155,48,Brown Rice,Sides,1,3.00,,3.00
924,155,53,Vegan Iced Coffee,Coffee,1,5.50,,5.50
925,156,32,General Tao Chicken,Plant-Based Meat,1,21.00,,21.00
926,156,47,Coconut Rice,Sides,1,3.00,,3.00
927,156,56,Organic Tea,Tea,1,3.50,,3.50
928,156,44,Lemongrass Vermicelli Bowl,Rice & Noodles,1,20.00,No Peanuts,20.00
929,156,51,Soy Latte,Coffee,1,5.50,,5.50
930,156,19,Savory Eggplant,Veggie & Tofu,1,18.00,Less Spicy,18.00
931,156,32,General Tao Chicken,Plant-Based Meat,1,21.00,Allergy: Nuts,21.00
932,156,11,Fried Enoki Mushroom,Starters,1,16.00,,16.00
933,157,43,Singapore Noodle,Rice & Noodles,1,19.00,No Cilantro,19.00
934,157,64,Sparkling Yuzu,Drinks,1,8.50,,8.50
935,157,26,Chili Tofu,Veggie & Tofu,1,19.00,,19.00
936,157,46,Jasmine Rice,Sides,1,2.75,,2.75
937,157,45,Bali Buddha Bowl,Rice & Noodles,1,18.00,,18.00
938,158,44,Lemongrass Vermicelli Bowl,Rice & Noodles,1,20.00,,20.00
939,158,68,Iced Blackberry Hibiscus Tea,Drinks,1,7.00,,7.00
940,158,20,Spicy Coconut Eggplant,Veggie & Tofu,1,18.00,No Onion,18.00
941,158,29,Dendeng,Plant-Based Meat,1,20.00,Less Spicy,20.00
942,158,53,Vegan Iced Coffee,Coffee,1,5.50,,5.50
943,158,2,Vegetable Spring Rolls (6pc),Starters,1,9.00,,9.00
944,159,39,Nasi Goreng,Rice & Noodles,1,18.00,Sauce on Side,18.00
945,160,28,Ginger Beef,Plant-Based Meat,1,21.00,,21.00
946,160,75,Extra Tofu,Extras,1,4.00,,4.00
947,160,50,Americano,Coffee,1,4.50,,4.50
948,160,23,Curry Vegetables & Tofu,Veggie & Tofu,1,20.00,,20.00
949,160,32,General Tao Chicken,Plant-Based Meat,1,21.00,,21.00
950,160,52,Soy Mocha,Coffee,1,6.00,,6.00
951,160,29,Dendeng,Plant-Based Meat,1,20.00,Sauce on Side,20.00
952,161,30,Sweet & Sour Chicken,Plant-Based Meat,1,19.00,No Mushrooms,19.00
953,161,50,Americano,Coffee,1,4.50,,4.50
954,161,33,Curry Chicken,Plant-Based Meat,1,22.00,Gluten Friendly,22.00
955,161,74,Extra Protein,Extras,1,5.00,,5.00
956,162,24,Tempeh Pulau,Veggie & Tofu,1,20.00,,20.00
957,162,46,Jasmine Rice,Sides,1,2.75,,2.75
958,162,63,Iced Pineapple,Drinks,1,7.50,,7.50
959,162,7,Roti Canai,Starters,1,13.00,,13.00
960,163,16,Chili Green Beans,Veggie & Tofu,1,19.00,,19.00
961,163,63,Iced Pineapple,Drinks,1,7.50,,7.50
962,163,11,Fried Enoki Mushroom,Starters,1,16.00,,16.00
963,164,38,Rendang,Plant-Based Meat,1,20.00,,20.00
964,164,46,Jasmine Rice,Sides,1,2.75,,2.75
965,164,15,Padmanadi Vegetable Deluxe,Veggie & Tofu,1,19.00,,19.00
966,164,52,Soy Mocha,Coffee,1,6.00,,6.00
967,164,70,Panna Cotta,Desserts,1,9.00,,9.00
968,164,69,Cheesecake,Desserts,1,11.00,,11.00
969,165,37,Teriyaki Chicken,Plant-Based Meat,1,19.00,,19.00
970,165,59,Hot Chocolate,Tea,1,5.00,,5.00
971,165,2,Vegetable Spring Rolls (6pc),Starters,1,9.00,,9.00
972,166,28,Ginger Beef,Plant-Based Meat,1,21.00,,21.00
973,167,38,Rendang,Plant-Based Meat,1,20.00,,20.00
974,167,48,Brown Rice,Sides,1,3.00,,3.00
975,167,74,Extra Protein,Extras,1,5.00,,5.00
976,167,62,Iced Lychee,Drinks,1,7.50,,7.50
977,167,35,Sweet & Sour Shrimp,Plant-Based Meat,1,20.00,,20.00
978,167,46,Jasmine Rice,Sides,1,2.75,,2.75
979,167,53,Vegan Iced Coffee,Coffee,1,5.50,,5.50
980,167,36,Spicy Shrimp,Plant-Based Meat,1,20.00,Less Spicy,20.00
981,167,51,Soy Latte,Coffee,1,5.50,,5.50
982,167,33,Curry Chicken,Plant-Based Meat,1,22.00,,22.00
983,167,51,Soy Latte,Coffee,1,5.50,,5.50
984,168,43,Singapore Noodle,Rice & Noodles,1,19.00,,19.00
985,168,34,Curry Mutton,Plant-Based Meat,1,22.00,Gluten Friendly,22.00
986,168,48,Brown Rice,Sides,1,3.00,,3.00
987,168,37,Teriyaki Chicken,Plant-Based Meat,1,19.00,,19.00
988,168,46,Jasmine Rice,Sides,1,2.75,,2.75
989,169,37,Teriyaki Chicken,Plant-Based Meat,1,19.00,Gluten Friendly,19.00
990,169,76,Extra Veggies,Extras,1,4.00,,4.00
991,169,30,Sweet & Sour Chicken,Plant-Based Meat,1,19.00,No Cilantro,19.00
992,169,64,Sparkling Yuzu,Drinks,1,8.50,,8.50
993,170,28,Ginger Beef,Plant-Based Meat,1,21.00,,21.00
994,170,51,Soy Latte,Coffee,1,5.50,,5.50
995,170,2,Vegetable Spring Rolls (6pc),Starters,1,9.00,,9.00
996,171,43,Singapore Noodle,Rice & Noodles,1,19.00,Less Spicy,19.00
997,171,56,Organic Tea,Tea,1,3.50,,3.50
998,171,29,Dendeng,Plant-Based Meat,1,20.00,Extra Spicy,20.00
999,171,63,Iced Pineapple,Drinks,1,7.50,,7.50
1000,171,31,Spicy Chicken,Plant-Based Meat,1,19.00,,19.00
1001,171,46,Jasmine Rice,Sides,1,2.75,,2.75
1002,171,10,Bean Curd Drumsticks,Starters,1,13.00,,13.00
1003,172,33,Curry Chicken,Plant-Based Meat,1,22.00,No Peanuts,22.00
1004,172,46,Jasmine Rice,Sides,1,2.75,,2.75
1005,172,45,Bali Buddha Bowl,Rice & Noodles,1,18.00,,18.00
1006,172,57,Soy Chai Latte,Tea,1,5.50,,5.50
1007,172,28,Ginger Beef,Plant-Based Meat,1,21.00,No Mushrooms,21.00
1008,172,48,Brown Rice,Sides,1,3.00,,3.00
1009,172,56,Organic Tea,Tea,1,3.50,,3.50
1010,173,45,Bali Buddha Bowl,Rice & Noodles,1,18.00,,18.00
1011,173,66,Assorted Soft Drinks,Drinks,1,2.50,,2.50
1012,173,4,Satay with Peanut Sauce (3pc),Starters,1,10.00,,10.00
1013,174,26,Chili Tofu,Veggie & Tofu,1,19.00,No Peanuts,19.00
1014,174,48,Brown Rice,Sides,1,3.00,,3.00
1015,174,12,Wonton Soup,Soups,1,18.00,,18.00
1016,174,79,Add Noodles (Soup),Extras,1,3.00,,3.00
1017,174,68,Iced Blackberry Hibiscus Tea,Drinks,1,7.00,,7.00
1018,174,31,Spicy Chicken,Plant-Based Meat,1,19.00,Less Spicy,19.00
1019,174,47,Coconut Rice,Sides,1,3.00,,3.00
1020,174,66,Assorted Soft Drinks,Drinks,1,2.50,,2.50
1021,174,72,Vegan Ice Cream,Desserts,1,7.00,,7.00
1022,175,33,Curry Chicken,Plant-Based Meat,1,22.00,No Cilantro,22.00
1023,175,46,Jasmine Rice,Sides,1,2.75,,2.75
1024,175,66,Assorted Soft Drinks,Drinks,1,2.50,,2.50
1025,175,27,Kung Pao Chicken,Plant-Based Meat,1,20.00,,20.00
1026,175,54,Iced Brown Sugar Oat Latte,Coffee,1,6.50,,6.50
1027,175,23,Curry Vegetables & Tofu,Veggie & Tofu,1,20.00,,20.00
1028,175,46,Jasmine Rice,Sides,1,2.75,,2.75
1029,175,44,Lemongrass Vermicelli Bowl,Rice & Noodles,1,20.00,,20.00
1030,175,26,Chili Tofu,Veggie & Tofu,1,19.00,,19.00
1031,175,11,Fried Enoki Mushroom,Starters,1,16.00,,16.00
1032,175,2,Vegetable Spring Rolls (6pc),Starters,1,9.00,,9.00
1033,175,70,Panna Cotta,Desserts,1,9.00,,9.00
1034,176,19,Savory Eggplant,Veggie & Tofu,1,18.00,,18.00
1035,176,47,Coconut Rice,Sides,1,3.00,,3.00
1036,176,62,Iced Lychee,Drinks,1,7.50,,7.50
1037,176,28,Ginger Beef,Plant-Based Meat,1,21.00,No Mushrooms,21.00
1038,177,18,King Oyster Mushroom Gaylan,Veggie & Tofu,1,20.00,No Peanuts,20.00
1039,177,47,Coconut Rice,Sides,1,3.00,,3.00
1040,177,16,Chili Green Beans,Veggie & Tofu,1,19.00,,19.00
1041,177,18,King Oyster Mushroom Gaylan,Veggie & Tofu,1,20.00,Less Spicy,20.00
1042,177,1,Vegetable Spring Rolls (3pc),Starters,1,6.00,,6.00
1043,178,35,Sweet & Sour Shrimp,Plant-Based Meat,1,20.00,,20.00
1044,178,63,Iced Pineapple,Drinks,1,7.50,,7.50
1045,179,30,Sweet & Sour Chicken,Plant-Based Meat,1,19.00,,19.00
1046,179,46,Jasmine Rice,Sides,1,2.75,,2.75
1047,179,66,Assorted Soft Drinks,Drinks,1,2.50,,2.50
1048,179,7,Roti Canai,Starters,1,13.00,,13.00
1049,180,24,Tempeh Pulau,Veggie & Tofu,1,20.00,Allergy: Nuts,20.00
1050,180,15,Padmanadi Vegetable Deluxe,Veggie & Tofu,1,19.00,,19.00
1051,180,60,Matcha Latte,Tea,1,6.50,,6.50
1052,181,33,Curry Chicken,Plant-Based Meat,1,22.00,,22.00
1053,181,4,Satay with Peanut Sauce (3pc),Starters,1,10.00,,10.00
1054,182,13,Tom Yum Soup,Soups,1,18.00,Less Spicy,18.00
1055,182,64,Sparkling Yuzu,Drinks,1,8.50,,8.50
1056,182,42,Kwetiau Goreng,Rice & Noodles,1,19.00,Extra Spicy,19.00
1057,182,66,Assorted Soft Drinks,Drinks,1,2.50,,2.50
1058,182,38,Rendang,Plant-Based Meat,1,20.00,,20.00
1059,182,47,Coconut Rice,Sides,1,3.00,,3.00
1060,182,51,Soy Latte,Coffee,1,5.50,,5.50
1061,182,70,Panna Cotta,Desserts,1,9.00,,9.00
1062,183,20,Spicy Coconut Eggplant,Veggie & Tofu,1,18.00,,18.00
1063,184,17,Spicy String Beans,Veggie & Tofu,1,19.00,,19.00
1064,184,66,Assorted Soft Drinks,Drinks,1,2.50,,2.50
1065,184,12,Wonton Soup,Soups,1,18.00,,18.00
1066,184,51,Soy Latte,Coffee,1,5.50,,5.50
1067,185,32,General Tao Chicken,Plant-Based Meat,1,21.00,,21.00
1068,185,5,Deep Fried Tofu,Starters,1,13.00,,13.00
1069,186,31,Spicy Chicken,Plant-Based Meat,1,19.00,,19.00
1070,186,46,Jasmine Rice,Sides,1,2.75,,2.75
1071,186,56,Organic Tea,Tea,1,3.50,,3.50
1072,186,30,Sweet & Sour Chicken,Plant-Based Meat,1,19.00,,19.00
1073,186,46,Jasmine Rice,Sides,1,2.75,,2.75
1074,186,56,Organic Tea,Tea,1,3.50,,3.50
1075,186,31,Spicy Chicken,Plant-Based Meat,1,19.00,,19.00
1076,186,46,Jasmine Rice,Sides,1,2.75,,2.75
1077,186,66,Assorted Soft Drinks,Drinks,1,2.50,,2.50
1078,186,27,Kung Pao Chicken,Plant-Based Meat,1,20.00,,20.00
1079,186,46,Jasmine Rice,Sides,1,2.75,,2.75
1080,186,53,Vegan Iced Coffee,Coffee,1,5.50,,5.50
1081,187,27,Kung Pao Chicken,Plant-Based Meat,1,20.00,,20.00
1082,187,66,Assorted Soft Drinks,Drinks,1,2.50,,2.50
1083,187,18,King Oyster Mushroom Gaylan,Veggie & Tofu,1,20.00,,20.00
1084,187,47,Coconut Rice,Sides,1,3.00,,3.00
1085,187,68,Iced Blackberry Hibiscus Tea,Drinks,1,7.00,,7.00
1086,188,23,Curry Vegetables & Tofu,Veggie & Tofu,1,20.00,Less Spicy,20.00
1087,188,47,Coconut Rice,Sides,1,3.00,,3.00
1088,188,40,Bakmi Goreng,Rice & Noodles,1,19.00,,19.00
1089,188,54,Iced Brown Sugar Oat Latte,Coffee,1,6.50,,6.50
1090,188,73,Chocolate Mousse,Desserts,1,9.00,,9.00
1091,188,69,Cheesecake,Desserts,1,11.00,,11.00
1092,189,16,Chili Green Beans,Veggie & Tofu,1,19.00,,19.00
1093,189,47,Coconut Rice,Sides,1,3.00,,3.00
1094,189,53,Vegan Iced Coffee,Coffee,1,5.50,,5.50
1095,190,37,Teriyaki Chicken,Plant-Based Meat,1,19.00,Extra Sauce,19.00
1096,190,46,Jasmine Rice,Sides,1,2.75,,2.75
1097,190,60,Matcha Latte,Tea,1,6.50,,6.50
1098,190,38,Rendang,Plant-Based Meat,1,20.00,Allergy: Nuts,20.00
1099,190,8,Breaded Cauliflower Bites,Starters,1,13.00,,13.00
1100,191,25,Mushroom Tofu,Veggie & Tofu,1,19.00,Less Spicy,19.00
1101,191,76,Extra Veggies,Extras,1,4.00,,4.00
1102,191,28,Ginger Beef,Plant-Based Meat,1,21.00,No Cilantro,21.00
1103,191,46,Jasmine Rice,Sides,1,2.75,,2.75
1104,191,58,London Fog,Tea,1,5.50,,5.50
1105,191,29,Dendeng,Plant-Based Meat,1,20.00,Gluten Friendly,20.00
1106,191,48,Brown Rice,Sides,1,3.00,,3.00
1107,191,52,Soy Mocha,Coffee,1,6.00,,6.00
1108,191,5,Deep Fried Tofu,Starters,1,13.00,,13.00
1109,192,40,Bakmi Goreng,Rice & Noodles,1,19.00,,19.00
1110,193,27,Kung Pao Chicken,Plant-Based Meat,1,20.00,Extra Spicy,20.00
1111,193,56,Organic Tea,Tea,1,3.50,,3.50
1112,194,12,Wonton Soup,Soups,1,18.00,No Peanuts,18.00
1113,194,79,Add Noodles (Soup),Extras,1,3.00,,3.00
1114,194,56,Organic Tea,Tea,1,3.50,,3.50
1115,194,33,Curry Chicken,Plant-Based Meat,1,22.00,,22.00
1116,194,66,Assorted Soft Drinks,Drinks,1,2.50,,2.50
1117,194,26,Chili Tofu,Veggie & Tofu,1,19.00,,19.00
1118,194,46,Jasmine Rice,Sides,1,2.75,,2.75
1119,195,25,Mushroom Tofu,Veggie & Tofu,1,19.00,Less Spicy,19.00
1120,195,43,Singapore Noodle,Rice & Noodles,1,19.00,,19.00
1121,195,15,Padmanadi Vegetable Deluxe,Veggie & Tofu,1,19.00,No Mushrooms,19.00
1122,195,51,Soy Latte,Coffee,1,5.50,,5.50
1123,195,7,Roti Canai,Starters,1,13.00,,13.00
1124,196,21,Mapo Tofu,Veggie & Tofu,1,19.00,,19.00
1125,197,33,Curry Chicken,Plant-Based Meat,1,22.00,Sauce on Side,22.00
1126,197,47,Coconut Rice,Sides,1,3.00,,3.00
1127,197,57,Soy Chai Latte,Tea,1,5.50,,5.50
1128,197,16,Chili Green Beans,Veggie & Tofu,1,19.00,Gluten Friendly,19.00
1129,198,28,Ginger Beef,Plant-Based Meat,1,21.00,Extra Sauce,21.00
1130,198,46,Jasmine Rice,Sides,1,2.75,,2.75
1131,198,18,King Oyster Mushroom Gaylan,Veggie & Tofu,1,20.00,,20.00
1132,198,53,Vegan Iced Coffee,Coffee,1,5.50,,5.50
1133,198,32,General Tao Chicken,Plant-Based Meat,1,21.00,,21.00
1134,198,47,Coconut Rice,Sides,1,3.00,,3.00
1135,198,56,Organic Tea,Tea,1,3.50,,3.50
1136,198,71,Fried Banana with Coconut Ice Cream,Desserts,1,13.00,,13.00
1137,198,71,Fried Banana with Coconut Ice Cream,Desserts,1,13.00,,13.00
1138,199,40,Bakmi Goreng,Rice & Noodles,1,19.00,,19.00
1139,199,29,Dendeng,Plant-Based Meat,1,20.00,,20.00
1140,199,48,Brown Rice,Sides,1,3.00,,3.00
1141,200,19,Savory Eggplant,Veggie & Tofu,1,18.00,No Mushrooms,18.00
1142,200,54,Iced Brown Sugar Oat Latte,Coffee,1,6.50,,6.50
1143,201,20,Spicy Coconut Eggplant,Veggie & Tofu,1,18.00,Allergy: Nuts,18.00
1144,201,75,Extra Tofu,Extras,1,4.00,,4.00
1145,201,31,Spicy Chicken,Plant-Based Meat,1,19.00,No Cilantro,19.00
1146,201,53,Vegan Iced Coffee,Coffee,1,5.50,,5.50
1147,202,20,Spicy Coconut Eggplant,Veggie & Tofu,1,18.00,,18.00
1148,202,47,Coconut Rice,Sides,1,3.00,,3.00
1149,202,24,Tempeh Pulau,Veggie & Tofu,1,20.00,,20.00
1150,202,48,Brown Rice,Sides,1,3.00,,3.00
1151,202,60,Matcha Latte,Tea,1,6.50,,6.50
1152,202,71,Fried Banana with Coconut Ice Cream,Desserts,1,13.00,,13.00
1153,202,71,Fried Banana with Coconut Ice Cream,Desserts,1,13.00,,13.00
1154,203,28,Ginger Beef,Plant-Based Meat,1,21.00,Gluten Friendly,21.00
1155,203,37,Teriyaki Chicken,Plant-Based Meat,1,19.00,,19.00
1156,203,65,Iced Passion Fruit Green Tea,Drinks,1,7.00,,7.00
1157,203,8,Breaded Cauliflower Bites,Starters,1,13.00,,13.00
1158,204,33,Curry Chicken,Plant-Based Meat,1,22.00,,22.00
1159,204,48,Brown Rice,Sides,1,3.00,,3.00
1160,204,37,Teriyaki Chicken,Plant-Based Meat,1,19.00,Extra Sauce,19.00
1161,204,46,Jasmine Rice,Sides,1,2.75,,2.75
1162,204,50,Americano,Coffee,1,4.50,,4.50
1163,204,10,Bean Curd Drumsticks,Starters,1,13.00,,13.00
1164,204,73,Chocolate Mousse,Desserts,1,9.00,,9.00
1165,204,71,Fried Banana with Coconut Ice Cream,Desserts,1,13.00,,13.00
1166,205,38,Rendang,Plant-Based Meat,1,20.00,Gluten Friendly,20.00
1167,205,51,Soy Latte,Coffee,1,5.50,,5.50
1168,205,6,Gado Gado,Starters,1,14.00,,14.00
1169,206,22,Pan-Fried Broccoli & Cauliflower,Veggie & Tofu,1,18.00,Extra Sauce,18.00
1170,206,47,Coconut Rice,Sides,1,3.00,,3.00
1171,206,32,General Tao Chicken,Plant-Based Meat,1,21.00,,21.00
1172,206,66,Assorted Soft Drinks,Drinks,1,2.50,,2.50
1173,207,40,Bakmi Goreng,Rice & Noodles,1,19.00,Less Spicy,19.00
1174,207,58,London Fog,Tea,1,5.50,,5.50
1175,207,45,Bali Buddha Bowl,Rice & Noodles,1,18.00,,18.00
1176,207,61,Iced Oat Strawberry Matcha,Tea,1,8.50,,8.50
1177,207,44,Lemongrass Vermicelli Bowl,Rice & Noodles,1,20.00,,20.00
1178,207,10,Bean Curd Drumsticks,Starters,1,13.00,,13.00
1179,208,13,Tom Yum Soup,Soups,1,18.00,,18.00
1180,208,26,Chili Tofu,Veggie & Tofu,1,19.00,,19.00
1181,208,48,Brown Rice,Sides,1,3.00,,3.00
1182,208,50,Americano,Coffee,1,4.50,,4.50
1183,208,3,Satay with Peanut Sauce (1pc),Starters,1,3.00,,3.00
1184,209,39,Nasi Goreng,Rice & Noodles,1,18.00,Extra Sauce,18.00
1185,209,45,Bali Buddha Bowl,Rice & Noodles,1,18.00,,18.00
1186,209,75,Extra Tofu,Extras,1,4.00,,4.00
1187,209,51,Soy Latte,Coffee,1,5.50,,5.50
1188,209,71,Fried Banana with Coconut Ice Cream,Desserts,1,13.00,,13.00
1189,209,72,Vegan Ice Cream,Desserts,1,7.00,,7.00
1190,210,27,Kung Pao Chicken,Plant-Based Meat,1,20.00,,20.00
1191,210,27,Kung Pao Chicken,Plant-Based Meat,1,20.00,,20.00
1192,210,46,Jasmine Rice,Sides,1,2.75,,2.75
1193,210,62,Iced Lychee,Drinks,1,7.50,,7.50
1194,210,71,Fried Banana with Coconut Ice Cream,Desserts,1,13.00,,13.00
1195,211,41,Bihun Goreng,Rice & Noodles,1,18.00,Sauce on Side,18.00
1196,211,54,Iced Brown Sugar Oat Latte,Coffee,1,6.50,,6.50
1197,212,45,Bali Buddha Bowl,Rice & Noodles,1,18.00,,18.00
1198,212,63,Iced Pineapple,Drinks,1,7.50,,7.50
1199,212,27,Kung Pao Chicken,Plant-Based Meat,1,20.00,Sauce on Side,20.00
1200,212,59,Hot Chocolate,Tea,1,5.00,,5.00
1201,213,27,Kung Pao Chicken,Plant-Based Meat,1,20.00,,20.00
1202,213,62,Iced Lychee,Drinks,1,7.50,,7.50
1203,213,14,Spicy Curry Noodle Soup,Soups,1,18.00,Extra Spicy,18.00
1204,213,64,Sparkling Yuzu,Drinks,1,8.50,,8.50
1205,213,45,Bali Buddha Bowl,Rice & Noodles,1,18.00,,18.00
1206,213,51,Soy Latte,Coffee,1,5.50,,5.50
1207,213,39,Nasi Goreng,Rice & Noodles,1,18.00,Gluten Friendly,18.00
1208,213,24,Tempeh Pulau,Veggie & Tofu,1,20.00,No Mushrooms,20.00
1209,213,48,Brown Rice,Sides,1,3.00,,3.00
1210,213,65,Iced Passion Fruit Green Tea,Drinks,1,7.00,,7.00
1211,213,6,Gado Gado,Starters,1,14.00,,14.00
1212,213,71,Fried Banana with Coconut Ice Cream,Desserts,1,13.00,,13.00
1213,214,30,Sweet & Sour Chicken,Plant-Based Meat,1,19.00,,19.00
1214,214,48,Brown Rice,Sides,1,3.00,,3.00
1215,214,75,Extra Tofu,Extras,1,4.00,,4.00
1216,214,68,Iced Blackberry Hibiscus Tea,Drinks,1,7.00,,7.00
1217,214,13,Tom Yum Soup,Soups,1,18.00,Gluten Friendly,18.00
1218,214,79,Add Noodles (Soup),Extras,1,3.00,,3.00
1219,214,50,Americano,Coffee,1,4.50,,4.50
1220,214,17,Spicy String Beans,Veggie & Tofu,1,19.00,Allergy: Nuts,19.00
1221,214,47,Coconut Rice,Sides,1,3.00,,3.00
1222,214,53,Vegan Iced Coffee,Coffee,1,5.50,,5.50
1223,215,12,Wonton Soup,Soups,1,18.00,,18.00
1224,215,79,Add Noodles (Soup),Extras,1,3.00,,3.00
1225,215,74,Extra Protein,Extras,1,5.00,,5.00
1226,215,67,Raspberry Lime Italian Soda,Drinks,1,6.50,,6.50
1227,215,19,Savory Eggplant,Veggie & Tofu,1,18.00,,18.00
1228,215,56,Organic Tea,Tea,1,3.50,,3.50
1229,215,1,Vegetable Spring Rolls (3pc),Starters,1,6.00,,6.00
1230,216,26,Chili Tofu,Veggie & Tofu,1,19.00,No Peanuts,19.00
1231,216,47,Coconut Rice,Sides,1,3.00,,3.00
1232,216,52,Soy Mocha,Coffee,1,6.00,,6.00
1233,216,37,Teriyaki Chicken,Plant-Based Meat,1,19.00,Allergy: Nuts,19.00
1234,216,72,Vegan Ice Cream,Desserts,1,7.00,,7.00
1235,216,71,Fried Banana with Coconut Ice Cream,Desserts,1,13.00,,13.00
1236,217,23,Curry Vegetables & Tofu,Veggie & Tofu,1,20.00,No Onion,20.00
1237,217,46,Jasmine Rice,Sides,1,2.75,,2.75
1238,217,66,Assorted Soft Drinks,Drinks,1,2.50,,2.50
1239,218,33,Curry Chicken,Plant-Based Meat,1,22.00,,22.00
1240,218,47,Coconut Rice,Sides,1,3.00,,3.00
1241,218,63,Iced Pineapple,Drinks,1,7.50,,7.50
1242,218,14,Spicy Curry Noodle Soup,Soups,1,18.00,No Mushrooms,18.00
1243,218,79,Add Noodles (Soup),Extras,1,3.00,,3.00
1244,218,55,Decaf Coffee,Coffee,1,4.50,,4.50
1245,218,27,Kung Pao Chicken,Plant-Based Meat,1,20.00,,20.00
1246,218,15,Padmanadi Vegetable Deluxe,Veggie & Tofu,1,19.00,No Mushrooms,19.00
1247,218,71,Fried Banana with Coconut Ice Cream,Desserts,1,13.00,,13.00
1248,218,71,Fried Banana with Coconut Ice Cream,Desserts,1,13.00,,13.00
1249,219,13,Tom Yum Soup,Soups,1,18.00,,18.00
1250,219,59,Hot Chocolate,Tea,1,5.00,,5.00
1251,219,32,General Tao Chicken,Plant-Based Meat,1,21.00,,21.00
1252,219,47,Coconut Rice,Sides,1,3.00,,3.00
1253,220,49,Lunch Special,Lunch Special,1,18.00,Entree: Chili Tofu,18.00
1254,220,49,Lunch Special,Lunch Special,1,18.00,Entree: Spicy Nuggets,18.00
1255,220,63,Iced Pineapple,Drinks,1,7.50,,7.50
1256,221,17,Spicy String Beans,Veggie & Tofu,1,19.00,,19.00
1257,222,49,Lunch Special,Lunch Special,1,18.00,Entree: Sweet & Sour Chicken,18.00
1258,222,49,Lunch Special,Lunch Special,1,18.00,Entree: Chili Tofu,18.00
1259,222,49,Lunch Special,Lunch Special,1,18.00,Entree: Curry Mutton,18.00
1260,222,8,Breaded Cauliflower Bites,Starters,1,13.00,,13.00
1261,223,49,Lunch Special,Lunch Special,1,18.00,Entree: Sweet & Sour Nuggets,18.00
1262,223,14,Spicy Curry Noodle Soup,Soups,1,18.00,,18.00
1263,223,63,Iced Pineapple,Drinks,1,7.50,,7.50
1264,224,12,Wonton Soup,Soups,1,18.00,Sauce on Side,18.00
1265,224,26,Chili Tofu,Veggie & Tofu,1,19.00,,19.00
1266,224,64,Sparkling Yuzu,Drinks,1,8.50,,8.50
1267,224,6,Gado Gado,Starters,1,14.00,,14.00
1268,225,28,Ginger Beef,Plant-Based Meat,1,21.00,Extra Spicy,21.00
1269,225,57,Soy Chai Latte,Tea,1,5.50,,5.50
1270,225,24,Tempeh Pulau,Veggie & Tofu,1,20.00,,20.00
1271,225,68,Iced Blackberry Hibiscus Tea,Drinks,1,7.00,,7.00
1272,225,28,Ginger Beef,Plant-Based Meat,1,21.00,,21.00
1273,225,47,Coconut Rice,Sides,1,3.00,,3.00
1274,225,74,Extra Protein,Extras,1,5.00,,5.00
1275,225,18,King Oyster Mushroom Gaylan,Veggie & Tofu,1,20.00,,20.00
1276,225,28,Ginger Beef,Plant-Based Meat,1,21.00,,21.00
1277,225,46,Jasmine Rice,Sides,1,2.75,,2.75
1278,225,39,Nasi Goreng,Rice & Noodles,1,18.00,,18.00
1279,225,60,Matcha Latte,Tea,1,6.50,,6.50
1280,225,30,Sweet & Sour Chicken,Plant-Based Meat,1,19.00,,19.00
1281,225,46,Jasmine Rice,Sides,1,2.75,,2.75
1282,225,66,Assorted Soft Drinks,Drinks,1,2.50,,2.50
1283,225,71,Fried Banana with Coconut Ice Cream,Desserts,1,13.00,,13.00
1284,226,31,Spicy Chicken,Plant-Based Meat,1,19.00,,19.00
1285,226,13,Tom Yum Soup,Soups,1,18.00,,18.00
1286,226,23,Curry Vegetables & Tofu,Veggie & Tofu,1,20.00,No Onion,20.00
1287,226,75,Extra Tofu,Extras,1,4.00,,4.00
1288,226,61,Iced Oat Strawberry Matcha,Tea,1,8.50,,8.50
1289,226,49,Lunch Special,Lunch Special,1,18.00,Entree: Curried Tofu w/ Vegetables,18.00
1290,226,10,Bean Curd Drumsticks,Starters,1,13.00,,13.00
1291,226,8,Breaded Cauliflower Bites,Starters,1,13.00,,13.00
1292,227,49,Lunch Special,Lunch Special,1,18.00,Entree: Curry Chicken,18.00
1293,227,66,Assorted Soft Drinks,Drinks,1,2.50,,2.50
1294,227,12,Wonton Soup,Soups,1,18.00,Allergy: Nuts,18.00
1295,227,79,Add Noodles (Soup),Extras,1,3.00,,3.00
1296,227,66,Assorted Soft Drinks,Drinks,1,2.50,,2.50
1297,227,2,Vegetable Spring Rolls (6pc),Starters,1,9.00,,9.00
1298,228,49,Lunch Special,Lunch Special,1,18.00,Entree: Curry Chicken,18.00
1299,229,27,Kung Pao Chicken,Plant-Based Meat,1,20.00,Gluten Friendly,20.00
1300,229,66,Assorted Soft Drinks,Drinks,1,2.50,,2.50
1301,230,28,Ginger Beef,Plant-Based Meat,1,21.00,,21.00
1302,230,46,Jasmine Rice,Sides,1,2.75,,2.75
1303,230,68,Iced Blackberry Hibiscus Tea,Drinks,1,7.00,,7.00
1304,230,20,Spicy Coconut Eggplant,Veggie & Tofu,1,18.00,,18.00
1305,230,51,Soy Latte,Coffee,1,5.50,,5.50
1306,230,7,Roti Canai,Starters,1,13.00,,13.00
1307,231,23,Curry Vegetables & Tofu,Veggie & Tofu,1,20.00,,20.00
1308,231,61,Iced Oat Strawberry Matcha,Tea,1,8.50,,8.50
1309,231,49,Lunch Special,Lunch Special,1,18.00,Entree: Ginger Beef,18.00
1310,231,21,Mapo Tofu,Veggie & Tofu,1,19.00,,19.00
1311,231,48,Brown Rice,Sides,1,3.00,,3.00
1312,231,49,Lunch Special,Lunch Special,1,18.00,Entree: Savory Eggplant,18.00
1313,231,59,Hot Chocolate,Tea,1,5.00,,5.00
1314,231,1,Vegetable Spring Rolls (3pc),Starters,1,6.00,,6.00
1315,231,5,Deep Fried Tofu,Starters,1,13.00,,13.00
1316,232,21,Mapo Tofu,Veggie & Tofu,1,19.00,,19.00
1317,232,46,Jasmine Rice,Sides,1,2.75,,2.75
1318,232,75,Extra Tofu,Extras,1,4.00,,4.00
1319,232,49,Lunch Special,Lunch Special,1,18.00,Entree: Ginger Beef,18.00
1320,232,58,London Fog,Tea,1,5.50,,5.50
1321,233,49,Lunch Special,Lunch Special,1,18.00,Entree: Padmanadi Veg Deluxe,18.00
1322,233,54,Iced Brown Sugar Oat Latte,Coffee,1,6.50,,6.50
1323,234,49,Lunch Special,Lunch Special,1,18.00,Entree: Curry Chicken,18.00
1324,234,59,Hot Chocolate,Tea,1,5.00,,5.00
1325,234,32,General Tao Chicken,Plant-Based Meat,1,21.00,Less Spicy,21.00
1326,234,64,Sparkling Yuzu,Drinks,1,8.50,,8.50
1327,234,71,Fried Banana with Coconut Ice Cream,Desserts,1,13.00,,13.00
1328,234,73,Chocolate Mousse,Desserts,1,9.00,,9.00
1329,235,49,Lunch Special,Lunch Special,1,18.00,Entree: Sweet & Sour Chicken,18.00
1330,235,61,Iced Oat Strawberry Matcha,Tea,1,8.50,,8.50
1331,235,20,Spicy Coconut Eggplant,Veggie & Tofu,1,18.00,Gluten Friendly,18.00
1332,235,46,Jasmine Rice,Sides,1,2.75,,2.75
1333,235,37,Teriyaki Chicken,Plant-Based Meat,1,19.00,Extra Sauce,19.00
1334,235,48,Brown Rice,Sides,1,3.00,,3.00
1335,235,53,Vegan Iced Coffee,Coffee,1,5.50,,5.50
1336,235,4,Satay with Peanut Sauce (3pc),Starters,1,10.00,,10.00
1337,236,32,General Tao Chicken,Plant-Based Meat,1,21.00,,21.00
1338,236,49,Lunch Special,Lunch Special,1,18.00,Entree: Curry Mutton,18.00
1339,236,64,Sparkling Yuzu,Drinks,1,8.50,,8.50
1340,236,43,Singapore Noodle,Rice & Noodles,1,19.00,,19.00
1341,236,50,Americano,Coffee,1,4.50,,4.50
1342,236,26,Chili Tofu,Veggie & Tofu,1,19.00,Sauce on Side,19.00
1343,236,64,Sparkling Yuzu,Drinks,1,8.50,,8.50
1344,236,73,Chocolate Mousse,Desserts,1,9.00,,9.00
1345,237,16,Chili Green Beans,Veggie & Tofu,1,19.00,,19.00
1346,237,46,Jasmine Rice,Sides,1,2.75,,2.75
1347,237,68,Iced Blackberry Hibiscus Tea,Drinks,1,7.00,,7.00
1348,237,17,Spicy String Beans,Veggie & Tofu,1,19.00,,19.00
1349,237,47,Coconut Rice,Sides,1,3.00,,3.00
1350,237,62,Iced Lychee,Drinks,1,7.50,,7.50
1351,237,49,Lunch Special,Lunch Special,1,18.00,Entree: Spicy Nuggets,18.00
1352,237,63,Iced Pineapple,Drinks,1,7.50,,7.50
1353,238,12,Wonton Soup,Soups,1,18.00,No Cilantro,18.00
1354,238,64,Sparkling Yuzu,Drinks,1,8.50,,8.50
1355,238,49,Lunch Special,Lunch Special,1,18.00,Entree: Curried Tofu w/ Vegetables,18.00
1356,238,58,London Fog,Tea,1,5.50,,5.50
1357,239,49,Lunch Special,Lunch Special,1,18.00,Entree: Spicy Nuggets,18.00
1358,239,78,Sub Brown Rice (+1),Extras,1,1.00,,1.00
1359,240,44,Lemongrass Vermicelli Bowl,Rice & Noodles,1,20.00,Gluten Friendly,20.00
1360,240,62,Iced Lychee,Drinks,1,7.50,,7.50
1361,240,71,Fried Banana with Coconut Ice Cream,Desserts,1,13.00,,13.00
1362,241,38,Rendang,Plant-Based Meat,1,20.00,,20.00
1363,241,51,Soy Latte,Coffee,1,5.50,,5.50
1364,242,36,Spicy Shrimp,Plant-Based Meat,1,20.00,No Onion,20.00
1365,242,61,Iced Oat Strawberry Matcha,Tea,1,8.50,,8.50
1366,242,72,Vegan Ice Cream,Desserts,1,7.00,,7.00
1367,243,35,Sweet & Sour Shrimp,Plant-Based Meat,1,20.00,,20.00
1368,243,47,Coconut Rice,Sides,1,3.00,,3.00
1369,243,62,Iced Lychee,Drinks,1,7.50,,7.50
1370,243,49,Lunch Special,Lunch Special,1,18.00,Entree: Spicy Nuggets,18.00
1371,243,77,Sub Coconut Rice (+1),Extras,1,1.00,,1.00
1372,243,60,Matcha Latte,Tea,1,6.50,,6.50
1373,244,49,Lunch Special,Lunch Special,1,18.00,Entree: Rendang,18.00
1374,244,29,Dendeng,Plant-Based Meat,1,20.00,,20.00
1375,244,74,Extra Protein,Extras,1,5.00,,5.00
1376,244,52,Soy Mocha,Coffee,1,6.00,,6.00
1377,244,21,Mapo Tofu,Veggie & Tofu,1,19.00,No Peanuts,19.00
1378,244,59,Hot Chocolate,Tea,1,5.00,,5.00
1379,244,33,Curry Chicken,Plant-Based Meat,1,22.00,,22.00
1380,244,47,Coconut Rice,Sides,1,3.00,,3.00
1381,244,39,Nasi Goreng,Rice & Noodles,1,18.00,,18.00
1382,244,50,Americano,Coffee,1,4.50,,4.50
1383,244,2,Vegetable Spring Rolls (6pc),Starters,1,9.00,,9.00
1384,244,73,Chocolate Mousse,Desserts,1,9.00,,9.00
1385,244,73,Chocolate Mousse,Desserts,1,9.00,,9.00
1386,245,36,Spicy Shrimp,Plant-Based Meat,1,20.00,Sauce on Side,20.00
1387,245,51,Soy Latte,Coffee,1,5.50,,5.50
1388,245,5,Deep Fried Tofu,Starters,1,13.00,,13.00
1389,246,49,Lunch Special,Lunch Special,1,18.00,Entree: Curried Tofu w/ Vegetables,18.00
1390,246,26,Chili Tofu,Veggie & Tofu,1,19.00,,19.00
1391,246,9,Crispy Chicken Strips,Starters,1,13.00,,13.00
1392,247,28,Ginger Beef,Plant-Based Meat,1,21.00,No Cilantro,21.00
1393,247,46,Jasmine Rice,Sides,1,2.75,,2.75
1394,247,52,Soy Mocha,Coffee,1,6.00,,6.00
1395,247,12,Wonton Soup,Soups,1,18.00,,18.00
1396,247,58,London Fog,Tea,1,5.50,,5.50
1397,247,8,Breaded Cauliflower Bites,Starters,1,13.00,,13.00
1398,247,71,Fried Banana with Coconut Ice Cream,Desserts,1,13.00,,13.00
1399,247,72,Vegan Ice Cream,Desserts,1,7.00,,7.00
1400,248,30,Sweet & Sour Chicken,Plant-Based Meat,1,19.00,No Peanuts,19.00
1401,248,57,Soy Chai Latte,Tea,1,5.50,,5.50
1402,248,39,Nasi Goreng,Rice & Noodles,1,18.00,,18.00
1403,248,29,Dendeng,Plant-Based Meat,1,20.00,,20.00
1404,248,46,Jasmine Rice,Sides,1,2.75,,2.75
1405,248,24,Tempeh Pulau,Veggie & Tofu,1,20.00,,20.00
1406,248,61,Iced Oat Strawberry Matcha,Tea,1,8.50,,8.50
1407,248,73,Chocolate Mousse,Desserts,1,9.00,,9.00
1408,249,35,Sweet & Sour Shrimp,Plant-Based Meat,1,20.00,Extra Spicy,20.00
1409,249,54,Iced Brown Sugar Oat Latte,Coffee,1,6.50,,6.50
1410,249,25,Mushroom Tofu,Veggie & Tofu,1,19.00,,19.00
1411,249,53,Vegan Iced Coffee,Coffee,1,5.50,,5.50
1412,250,49,Lunch Special,Lunch Special,1,18.00,Entree: Curried Tofu w/ Vegetables,18.00
1413,250,59,Hot Chocolate,Tea,1,5.00,,5.00
1414,250,37,Teriyaki Chicken,Plant-Based Meat,1,19.00,,19.00
1415,250,72,Vegan Ice Cream,Desserts,1,7.00,,7.00
1416,251,39,Nasi Goreng,Rice & Noodles,1,18.00,,18.00
1417,251,66,Assorted Soft Drinks,Drinks,1,2.50,,2.50
1418,251,49,Lunch Special,Lunch Special,1,18.00,Entree: Padmanadi Veg Deluxe,18.00
1419,251,54,Iced Brown Sugar Oat Latte,Coffee,1,6.50,,6.50
1420,251,49,Lunch Special,Lunch Special,1,18.00,Entree: Curried Tofu w/ Vegetables,18.00
1421,251,78,Sub Brown Rice (+1),Extras,1,1.00,,1.00
1422,251,66,Assorted Soft Drinks,Drinks,1,2.50,,2.50
1423,251,49,Lunch Special,Lunch Special,1,18.00,Entree: Chili Tofu,18.00
1424,251,71,Fried Banana with Coconut Ice Cream,Desserts,1,13.00,,13.00
1425,252,49,Lunch Special,Lunch Special,1,18.00,Entree: Chili Green Beans,18.00
1426,252,63,Iced Pineapple,Drinks,1,7.50,,7.50
1427,252,49,Lunch Special,Lunch Special,1,18.00,Entree: Sweet & Sour Nuggets,18.00
1428,252,78,Sub Brown Rice (+1),Extras,1,1.00,,1.00
1429,252,69,Cheesecake,Desserts,1,11.00,,11.00
1430,253,49,Lunch Special,Lunch Special,1,18.00,Entree: Kung Pao Chicken,18.00
1431,253,39,Nasi Goreng,Rice & Noodles,1,18.00,,18.00
1432,253,28,Ginger Beef,Plant-Based Meat,1,21.00,No Peanuts,21.00
1433,253,46,Jasmine Rice,Sides,1,2.75,,2.75
1434,253,63,Iced Pineapple,Drinks,1,7.50,,7.50
1435,253,45,Bali Buddha Bowl,Rice & Noodles,1,18.00,,18.00
1436,253,66,Assorted Soft Drinks,Drinks,1,2.50,,2.50
1437,253,8,Breaded Cauliflower Bites,Starters,1,13.00,,13.00
1438,253,2,Vegetable Spring Rolls (6pc),Starters,1,9.00,,9.00
1439,253,69,Cheesecake,Desserts,1,11.00,,11.00
1440,254,41,Bihun Goreng,Rice & Noodles,1,18.00,,18.00
1441,255,49,Lunch Special,Lunch Special,1,18.00,Entree: Spicy Nuggets,18.00
1442,255,38,Rendang,Plant-Based Meat,1,20.00,No Peanuts,20.00
1443,255,48,Brown Rice,Sides,1,3.00,,3.00
1444,256,49,Lunch Special,Lunch Special,1,18.00,Entree: Teriyaki Chicken,18.00
1445,256,60,Matcha Latte,Tea,1,6.50,,6.50
1446,256,30,Sweet & Sour Chicken,Plant-Based Meat,1,19.00,No Onion,19.00
1447,256,46,Jasmine Rice,Sides,1,2.75,,2.75
1448,256,60,Matcha Latte,Tea,1,6.50,,6.50
1449,256,2,Vegetable Spring Rolls (6pc),Starters,1,9.00,,9.00
1450,257,49,Lunch Special,Lunch Special,1,18.00,Entree: Sweet & Sour Nuggets,18.00
1451,257,77,Sub Coconut Rice (+1),Extras,1,1.00,,1.00
1452,257,20,Spicy Coconut Eggplant,Veggie & Tofu,1,18.00,Allergy: Nuts,18.00
1453,257,76,Extra Veggies,Extras,1,4.00,,4.00
1454,257,60,Matcha Latte,Tea,1,6.50,,6.50
1455,257,38,Rendang,Plant-Based Meat,1,20.00,,20.00
1456,257,46,Jasmine Rice,Sides,1,2.75,,2.75
1457,257,1,Vegetable Spring Rolls (3pc),Starters,1,6.00,,6.00
1458,257,71,Fried Banana with Coconut Ice Cream,Desserts,1,13.00,,13.00
1459,257,69,Cheesecake,Desserts,1,11.00,,11.00
1460,258,26,Chili Tofu,Veggie & Tofu,1,19.00,No Cilantro,19.00
1461,258,53,Vegan Iced Coffee,Coffee,1,5.50,,5.50
1462,258,28,Ginger Beef,Plant-Based Meat,1,21.00,Extra Sauce,21.00
1463,258,48,Brown Rice,Sides,1,3.00,,3.00
1464,258,26,Chili Tofu,Veggie & Tofu,1,19.00,Sauce on Side,19.00
1465,258,52,Soy Mocha,Coffee,1,6.00,,6.00
1466,258,49,Lunch Special,Lunch Special,1,18.00,Entree: Spicy Nuggets,18.00
1467,258,72,Vegan Ice Cream,Desserts,1,7.00,,7.00
1468,258,70,Panna Cotta,Desserts,1,9.00,,9.00
1469,259,32,General Tao Chicken,Plant-Based Meat,1,21.00,,21.00
1470,259,31,Spicy Chicken,Plant-Based Meat,1,19.00,,19.00
1471,259,9,Crispy Chicken Strips,Starters,1,13.00,,13.00
1472,260,28,Ginger Beef,Plant-Based Meat,1,21.00,,21.00
1473,260,47,Coconut Rice,Sides,1,3.00,,3.00
1474,260,35,Sweet & Sour Shrimp,Plant-Based Meat,1,20.00,Extra Spicy,20.00
1475,260,46,Jasmine Rice,Sides,1,2.75,,2.75
1476,260,53,Vegan Iced Coffee,Coffee,1,5.50,,5.50
1477,261,38,Rendang,Plant-Based Meat,1,20.00,Sauce on Side,20.00
1478,261,37,Teriyaki Chicken,Plant-Based Meat,1,19.00,,19.00
1479,261,48,Brown Rice,Sides,1,3.00,,3.00
1480,261,42,Kwetiau Goreng,Rice & Noodles,1,19.00,,19.00
1481,261,12,Wonton Soup,Soups,1,18.00,Extra Sauce,18.00
1482,261,71,Fried Banana with Coconut Ice Cream,Desserts,1,13.00,,13.00
1483,261,71,Fried Banana with Coconut Ice Cream,Desserts,1,13.00,,13.00
1484,262,45,Bali Buddha Bowl,Rice & Noodles,1,18.00,,18.00
1485,262,21,Mapo Tofu,Veggie & Tofu,1,19.00,,19.00
1486,262,66,Assorted Soft Drinks,Drinks,1,2.50,,2.50
1487,262,33,Curry Chicken,Plant-Based Meat,1,22.00,,22.00
1488,262,51,Soy Latte,Coffee,1,5.50,,5.50
1489,262,24,Tempeh Pulau,Veggie & Tofu,1,20.00,,20.00
1490,262,58,London Fog,Tea,1,5.50,,5.50
1491,262,8,Breaded Cauliflower Bites,Starters,1,13.00,,13.00
1492,262,4,Satay with Peanut Sauce (3pc),Starters,1,10.00,,10.00
1493,263,40,Bakmi Goreng,Rice & Noodles,1,19.00,,19.00
1494,263,50,Americano,Coffee,1,4.50,,4.50
1495,263,45,Bali Buddha Bowl,Rice & Noodles,1,18.00,,18.00
1496,263,11,Fried Enoki Mushroom,Starters,1,16.00,,16.00
1497,264,44,Lemongrass Vermicelli Bowl,Rice & Noodles,1,20.00,,20.00
1498,264,33,Curry Chicken,Plant-Based Meat,1,22.00,Gluten Friendly,22.00
1499,264,29,Dendeng,Plant-Based Meat,1,20.00,,20.00
1500,264,35,Sweet & Sour Shrimp,Plant-Based Meat,1,20.00,Sauce on Side,20.00
1501,264,46,Jasmine Rice,Sides,1,2.75,,2.75
1502,264,65,Iced Passion Fruit Green Tea,Drinks,1,7.00,,7.00
1503,265,43,Singapore Noodle,Rice & Noodles,1,19.00,Extra Sauce,19.00
1504,265,32,General Tao Chicken,Plant-Based Meat,1,21.00,,21.00
1505,266,15,Padmanadi Vegetable Deluxe,Veggie & Tofu,1,19.00,,19.00
1506,266,46,Jasmine Rice,Sides,1,2.75,,2.75
1507,266,66,Assorted Soft Drinks,Drinks,1,2.50,,2.50
1508,266,44,Lemongrass Vermicelli Bowl,Rice & Noodles,1,20.00,No Peanuts,20.00
1509,266,66,Assorted Soft Drinks,Drinks,1,2.50,,2.50
1510,266,36,Spicy Shrimp,Plant-Based Meat,1,20.00,,20.00
1511,267,42,Kwetiau Goreng,Rice & Noodles,1,19.00,No Onion,19.00
1512,267,15,Padmanadi Vegetable Deluxe,Veggie & Tofu,1,19.00,No Onion,19.00
1513,267,61,Iced Oat Strawberry Matcha,Tea,1,8.50,,8.50
1514,268,28,Ginger Beef,Plant-Based Meat,1,21.00,No Onion,21.00
1515,268,46,Jasmine Rice,Sides,1,2.75,,2.75
1516,268,66,Assorted Soft Drinks,Drinks,1,2.50,,2.50
1517,268,45,Bali Buddha Bowl,Rice & Noodles,1,18.00,Extra Spicy,18.00
1518,269,33,Curry Chicken,Plant-Based Meat,1,22.00,Less Spicy,22.00
1519,269,53,Vegan Iced Coffee,Coffee,1,5.50,,5.50
1520,269,18,King Oyster Mushroom Gaylan,Veggie & Tofu,1,20.00,Extra Spicy,20.00
1521,269,55,Decaf Coffee,Coffee,1,4.50,,4.50
1522,269,43,Singapore Noodle,Rice & Noodles,1,19.00,,19.00
1523,269,33,Curry Chicken,Plant-Based Meat,1,22.00,Gluten Friendly,22.00
1524,269,46,Jasmine Rice,Sides,1,2.75,,2.75
1525,269,60,Matcha Latte,Tea,1,6.50,,6.50
1526,269,21,Mapo Tofu,Veggie & Tofu,1,19.00,,19.00
1527,269,66,Assorted Soft Drinks,Drinks,1,2.50,,2.50
1528,269,1,Vegetable Spring Rolls (3pc),Starters,1,6.00,,6.00
1529,270,38,Rendang,Plant-Based Meat,1,20.00,No Cilantro,20.00
1530,270,46,Jasmine Rice,Sides,1,2.75,,2.75
1531,270,31,Spicy Chicken,Plant-Based Meat,1,19.00,,19.00
1532,270,46,Jasmine Rice,Sides,1,2.75,,2.75
1533,270,38,Rendang,Plant-Based Meat,1,20.00,No Mushrooms,20.00
1534,270,69,Cheesecake,Desserts,1,11.00,,11.00
1535,270,71,Fried Banana with Coconut Ice Cream,Desserts,1,13.00,,13.00
1536,271,28,Ginger Beef,Plant-Based Meat,1,21.00,Sauce on Side,21.00
1537,271,34,Curry Mutton,Plant-Based Meat,1,22.00,No Peanuts,22.00
1538,271,68,Iced Blackberry Hibiscus Tea,Drinks,1,7.00,,7.00
1539,271,21,Mapo Tofu,Veggie & Tofu,1,19.00,No Peanuts,19.00
1540,271,46,Jasmine Rice,Sides,1,2.75,,2.75
1541,271,62,Iced Lychee,Drinks,1,7.50,,7.50
1542,272,45,Bali Buddha Bowl,Rice & Noodles,1,18.00,No Mushrooms,18.00
1543,272,33,Curry Chicken,Plant-Based Meat,1,22.00,No Cilantro,22.00
1544,272,47,Coconut Rice,Sides,1,3.00,,3.00
1545,272,43,Singapore Noodle,Rice & Noodles,1,19.00,,19.00
1546,272,76,Extra Veggies,Extras,1,4.00,,4.00
1547,272,42,Kwetiau Goreng,Rice & Noodles,1,19.00,,19.00
1548,272,7,Roti Canai,Starters,1,13.00,,13.00
1549,272,1,Vegetable Spring Rolls (3pc),Starters,1,6.00,,6.00
1550,272,69,Cheesecake,Desserts,1,11.00,,11.00
1551,272,72,Vegan Ice Cream,Desserts,1,7.00,,7.00
1552,273,21,Mapo Tofu,Veggie & Tofu,1,19.00,No Peanuts,19.00
1553,273,66,Assorted Soft Drinks,Drinks,1,2.50,,2.50
1554,273,45,Bali Buddha Bowl,Rice & Noodles,1,18.00,,18.00
1555,273,52,Soy Mocha,Coffee,1,6.00,,6.00
1556,273,27,Kung Pao Chicken,Plant-Based Meat,1,20.00,,20.00
1557,273,46,Jasmine Rice,Sides,1,2.75,,2.75
1558,273,52,Soy Mocha,Coffee,1,6.00,,6.00
1559,273,3,Satay with Peanut Sauce (1pc),Starters,1,3.00,,3.00
1560,274,29,Dendeng,Plant-Based Meat,1,20.00,Extra Sauce,20.00
1561,274,46,Jasmine Rice,Sides,1,2.75,,2.75
1562,274,51,Soy Latte,Coffee,1,5.50,,5.50
1563,274,25,Mushroom Tofu,Veggie & Tofu,1,19.00,,19.00
1564,274,47,Coconut Rice,Sides,1,3.00,,3.00
1565,275,28,Ginger Beef,Plant-Based Meat,1,21.00,,21.00
1566,275,66,Assorted Soft Drinks,Drinks,1,2.50,,2.50
1567,275,24,Tempeh Pulau,Veggie & Tofu,1,20.00,No Cilantro,20.00
1568,275,46,Jasmine Rice,Sides,1,2.75,,2.75
1569,275,5,Deep Fried Tofu,Starters,1,13.00,,13.00
1570,275,71,Fried Banana with Coconut Ice Cream,Desserts,1,13.00,,13.00
1571,276,43,Singapore Noodle,Rice & Noodles,1,19.00,,19.00
1572,276,27,Kung Pao Chicken,Plant-Based Meat,1,20.00,,20.00
1573,276,60,Matcha Latte,Tea,1,6.50,,6.50
1574,277,29,Dendeng,Plant-Based Meat,1,20.00,,20.00
1575,277,46,Jasmine Rice,Sides,1,2.75,,2.75
1576,277,51,Soy Latte,Coffee,1,5.50,,5.50
1577,277,27,Kung Pao Chicken,Plant-Based Meat,1,20.00,,20.00
1578,277,47,Coconut Rice,Sides,1,3.00,,3.00
1579,277,60,Matcha Latte,Tea,1,6.50,,6.50
1580,277,45,Bali Buddha Bowl,Rice & Noodles,1,18.00,,18.00
1581,278,33,Curry Chicken,Plant-Based Meat,1,22.00,,22.00
1582,278,65,Iced Passion Fruit Green Tea,Drinks,1,7.00,,7.00
1583,278,38,Rendang,Plant-Based Meat,1,20.00,,20.00
1584,278,46,Jasmine Rice,Sides,1,2.75,,2.75
1585,278,74,Extra Protein,Extras,1,5.00,,5.00
1586,278,27,Kung Pao Chicken,Plant-Based Meat,1,20.00,No Peanuts,20.00
1587,278,47,Coconut Rice,Sides,1,3.00,,3.00
1588,278,58,London Fog,Tea,1,5.50,,5.50
1589,278,29,Dendeng,Plant-Based Meat,1,20.00,No Onion,20.00
1590,278,9,Crispy Chicken Strips,Starters,1,13.00,,13.00
1591,278,10,Bean Curd Drumsticks,Starters,1,13.00,,13.00
1592,278,70,Panna Cotta,Desserts,1,9.00,,9.00
1593,278,72,Vegan Ice Cream,Desserts,1,7.00,,7.00
1594,279,12,Wonton Soup,Soups,1,18.00,,18.00
1595,279,23,Curry Vegetables & Tofu,Veggie & Tofu,1,20.00,Less Spicy,20.00
1596,279,46,Jasmine Rice,Sides,1,2.75,,2.75
1597,279,61,Iced Oat Strawberry Matcha,Tea,1,8.50,,8.50
1598,279,27,Kung Pao Chicken,Plant-Based Meat,1,20.00,Sauce on Side,20.00
1599,279,33,Curry Chicken,Plant-Based Meat,1,22.00,Gluten Friendly,22.00
1600,279,1,Vegetable Spring Rolls (3pc),Starters,1,6.00,,6.00
1601,279,69,Cheesecake,Desserts,1,11.00,,11.00
1602,279,71,Fried Banana with Coconut Ice Cream,Desserts,1,13.00,,13.00
1603,280,40,Bakmi Goreng,Rice & Noodles,1,19.00,No Cilantro,19.00
1604,280,53,Vegan Iced Coffee,Coffee,1,5.50,,5.50
1605,280,27,Kung Pao Chicken,Plant-Based Meat,1,20.00,,20.00
1606,280,48,Brown Rice,Sides,1,3.00,,3.00
1607,280,4,Satay with Peanut Sauce (3pc),Starters,1,10.00,,10.00
1608,281,31,Spicy Chicken,Plant-Based Meat,1,19.00,No Peanuts,19.00
1609,281,66,Assorted Soft Drinks,Drinks,1,2.50,,2.50
1610,281,23,Curry Vegetables & Tofu,Veggie & Tofu,1,20.00,,20.00
1611,281,74,Extra Protein,Extras,1,5.00,,5.00
1612,281,61,Iced Oat Strawberry Matcha,Tea,1,8.50,,8.50
1613,281,24,Tempeh Pulau,Veggie & Tofu,1,20.00,,20.00
1614,281,48,Brown Rice,Sides,1,3.00,,3.00
1615,281,64,Sparkling Yuzu,Drinks,1,8.50,,8.50
1616,281,28,Ginger Beef,Plant-Based Meat,1,21.00,,21.00
1617,281,44,Lemongrass Vermicelli Bowl,Rice & Noodles,1,20.00,Allergy: Nuts,20.00
1618,281,28,Ginger Beef,Plant-Based Meat,1,21.00,Extra Sauce,21.00
1619,281,47,Coconut Rice,Sides,1,3.00,,3.00
1620,281,7,Roti Canai,Starters,1,13.00,,13.00
1621,281,8,Breaded Cauliflower Bites,Starters,1,13.00,,13.00
1622,282,37,Teriyaki Chicken,Plant-Based Meat,1,19.00,,19.00
1623,282,46,Jasmine Rice,Sides,1,2.75,,2.75
1624,282,37,Teriyaki Chicken,Plant-Based Meat,1,19.00,,19.00
1625,282,47,Coconut Rice,Sides,1,3.00,,3.00
1626,282,62,Iced Lychee,Drinks,1,7.50,,7.50
1627,282,16,Chili Green Beans,Veggie & Tofu,1,19.00,,19.00
1628,282,47,Coconut Rice,Sides,1,3.00,,3.00
1629,282,54,Iced Brown Sugar Oat Latte,Coffee,1,6.50,,6.50
1630,282,32,General Tao Chicken,Plant-Based Meat,1,21.00,No Cilantro,21.00
1631,282,56,Organic Tea,Tea,1,3.50,,3.50
1632,282,2,Vegetable Spring Rolls (6pc),Starters,1,9.00,,9.00
1633,283,40,Bakmi Goreng,Rice & Noodles,1,19.00,,19.00
1634,283,27,Kung Pao Chicken,Plant-Based Meat,1,20.00,No Cilantro,20.00
1635,283,46,Jasmine Rice,Sides,1,2.75,,2.75
1636,283,50,Americano,Coffee,1,4.50,,4.50
1637,283,24,Tempeh Pulau,Veggie & Tofu,1,20.00,Gluten Friendly,20.00
1638,283,47,Coconut Rice,Sides,1,3.00,,3.00
1639,283,1,Vegetable Spring Rolls (3pc),Starters,1,6.00,,6.00
1640,283,73,Chocolate Mousse,Desserts,1,9.00,,9.00
1641,283,72,Vegan Ice Cream,Desserts,1,7.00,,7.00
1642,284,26,Chili Tofu,Veggie & Tofu,1,19.00,,19.00
1643,284,46,Jasmine Rice,Sides,1,2.75,,2.75
1644,284,66,Assorted Soft Drinks,Drinks,1,2.50,,2.50
1645,285,36,Spicy Shrimp,Plant-Based Meat,1,20.00,No Cilantro,20.00
1646,285,48,Brown Rice,Sides,1,3.00,,3.00
1647,285,51,Soy Latte,Coffee,1,5.50,,5.50
1648,285,27,Kung Pao Chicken,Plant-Based Meat,1,20.00,Extra Sauce,20.00
1649,285,56,Organic Tea,Tea,1,3.50,,3.50
1650,285,7,Roti Canai,Starters,1,13.00,,13.00
1651,286,26,Chili Tofu,Veggie & Tofu,1,19.00,,19.00
1652,286,66,Assorted Soft Drinks,Drinks,1,2.50,,2.50
1653,286,32,General Tao Chicken,Plant-Based Meat,1,21.00,,21.00
1654,286,57,Soy Chai Latte,Tea,1,5.50,,5.50
1655,286,30,Sweet & Sour Chicken,Plant-Based Meat,1,19.00,,19.00
1656,286,46,Jasmine Rice,Sides,1,2.75,,2.75
1657,286,65,Iced Passion Fruit Green Tea,Drinks,1,7.00,,7.00
1658,286,36,Spicy Shrimp,Plant-Based Meat,1,20.00,,20.00
1659,286,46,Jasmine Rice,Sides,1,2.75,,2.75
1660,286,54,Iced Brown Sugar Oat Latte,Coffee,1,6.50,,6.50
1661,286,29,Dendeng,Plant-Based Meat,1,20.00,,20.00
1662,286,48,Brown Rice,Sides,1,3.00,,3.00
1663,286,71,Fried Banana with Coconut Ice Cream,Desserts,1,13.00,,13.00
1664,286,70,Panna Cotta,Desserts,1,9.00,,9.00
1665,287,24,Tempeh Pulau,Veggie & Tofu,1,20.00,,20.00
1666,287,53,Vegan Iced Coffee,Coffee,1,5.50,,5.50
1667,287,38,Rendang,Plant-Based Meat,1,20.00,Sauce on Side,20.00
1668,287,46,Jasmine Rice,Sides,1,2.75,,2.75
1669,287,59,Hot Chocolate,Tea,1,5.00,,5.00
1670,288,30,Sweet & Sour Chicken,Plant-Based Meat,1,19.00,,19.00
1671,289,43,Singapore Noodle,Rice & Noodles,1,19.00,Sauce on Side,19.00
1672,290,33,Curry Chicken,Plant-Based Meat,1,22.00,Allergy: Nuts,22.00
1673,290,46,Jasmine Rice,Sides,1,2.75,,2.75
1674,290,32,General Tao Chicken,Plant-Based Meat,1,21.00,No Mushrooms,21.00
1675,290,48,Brown Rice,Sides,1,3.00,,3.00
1676,290,50,Americano,Coffee,1,4.50,,4.50
1677,290,5,Deep Fried Tofu,Starters,1,13.00,,13.00
1678,291,45,Bali Buddha Bowl,Rice & Noodles,1,18.00,,18.00
1679,292,24,Tempeh Pulau,Veggie & Tofu,1,20.00,Extra Spicy,20.00
1680,292,53,Vegan Iced Coffee,Coffee,1,5.50,,5.50
1681,292,36,Spicy Shrimp,Plant-Based Meat,1,20.00,,20.00
1682,292,66,Assorted Soft Drinks,Drinks,1,2.50,,2.50
1683,293,23,Curry Vegetables & Tofu,Veggie & Tofu,1,20.00,,20.00
1684,293,22,Pan-Fried Broccoli & Cauliflower,Veggie & Tofu,1,18.00,Gluten Friendly,18.00
1685,293,46,Jasmine Rice,Sides,1,2.75,,2.75
1686,293,53,Vegan Iced Coffee,Coffee,1,5.50,,5.50
1687,293,4,Satay with Peanut Sauce (3pc),Starters,1,10.00,,10.00
1688,293,73,Chocolate Mousse,Desserts,1,9.00,,9.00
1689,294,44,Lemongrass Vermicelli Bowl,Rice & Noodles,1,20.00,No Peanuts,20.00
1690,294,14,Spicy Curry Noodle Soup,Soups,1,18.00,,18.00
1691,294,56,Organic Tea,Tea,1,3.50,,3.50
1692,295,31,Spicy Chicken,Plant-Based Meat,1,19.00,No Peanuts,19.00
1693,295,48,Brown Rice,Sides,1,3.00,,3.00
1694,295,75,Extra Tofu,Extras,1,4.00,,4.00
1695,295,50,Americano,Coffee,1,4.50,,4.50
1696,295,22,Pan-Fried Broccoli & Cauliflower,Veggie & Tofu,1,18.00,,18.00
1697,295,47,Coconut Rice,Sides,1,3.00,,3.00
1698,295,52,Soy Mocha,Coffee,1,6.00,,6.00
1699,295,70,Panna Cotta,Desserts,1,9.00,,9.00
1700,296,15,Padmanadi Vegetable Deluxe,Veggie & Tofu,1,19.00,No Peanuts,19.00
1701,297,31,Spicy Chicken,Plant-Based Meat,1,19.00,,19.00
1702,297,64,Sparkling Yuzu,Drinks,1,8.50,,8.50
1703,298,32,General Tao Chicken,Plant-Based Meat,1,21.00,No Mushrooms,21.00
1704,298,27,Kung Pao Chicken,Plant-Based Meat,1,20.00,,20.00
1705,298,46,Jasmine Rice,Sides,1,2.75,,2.75
1706,298,61,Iced Oat Strawberry Matcha,Tea,1,8.50,,8.50
1707,299,28,Ginger Beef,Plant-Based Meat,1,21.00,,21.00
1708,299,51,Soy Latte,Coffee,1,5.50,,5.50
1709,299,20,Spicy Coconut Eggplant,Veggie & Tofu,1,18.00,,18.00
1710,299,47,Coconut Rice,Sides,1,3.00,,3.00
1711,299,74,Extra Protein,Extras,1,5.00,,5.00
1712,300,42,Kwetiau Goreng,Rice & Noodles,1,19.00,,19.00
1713,301,30,Sweet & Sour Chicken,Plant-Based Meat,1,19.00,No Onion,19.00
1714,301,46,Jasmine Rice,Sides,1,2.75,,2.75
1715,301,58,London Fog,Tea,1,5.50,,5.50
1716,301,21,Mapo Tofu,Veggie & Tofu,1,19.00,,19.00
1717,301,31,Spicy Chicken,Plant-Based Meat,1,19.00,,19.00
1718,301,47,Coconut Rice,Sides,1,3.00,,3.00
1719,301,12,Wonton Soup,Soups,1,18.00,,18.00
1720,301,9,Crispy Chicken Strips,Starters,1,13.00,,13.00
1721,301,1,Vegetable Spring Rolls (3pc),Starters,1,6.00,,6.00
1722,302,26,Chili Tofu,Veggie & Tofu,1,19.00,,19.00
1723,302,56,Organic Tea,Tea,1,3.50,,3.50
1724,302,44,Lemongrass Vermicelli Bowl,Rice & Noodles,1,20.00,Extra Sauce,20.00
1725,303,34,Curry Mutton,Plant-Based Meat,1,22.00,,22.00
1726,303,46,Jasmine Rice,Sides,1,2.75,,2.75
1727,303,66,Assorted Soft Drinks,Drinks,1,2.50,,2.50
1728,303,38,Rendang,Plant-Based Meat,1,20.00,No Onion,20.00
1729,303,46,Jasmine Rice,Sides,1,2.75,,2.75
1730,303,3,Satay with Peanut Sauce (1pc),Starters,1,3.00,,3.00
1731,304,40,Bakmi Goreng,Rice & Noodles,1,19.00,,19.00
1732,304,58,London Fog,Tea,1,5.50,,5.50
1733,304,25,Mushroom Tofu,Veggie & Tofu,1,19.00,Extra Sauce,19.00
1734,305,41,Bihun Goreng,Rice & Noodles,1,18.00,Less Spicy,18.00
1735,305,58,London Fog,Tea,1,5.50,,5.50
1736,306,36,Spicy Shrimp,Plant-Based Meat,1,20.00,,20.00
1737,306,37,Teriyaki Chicken,Plant-Based Meat,1,19.00,,19.00
1738,306,23,Curry Vegetables & Tofu,Veggie & Tofu,1,20.00,Gluten Friendly,20.00
1739,306,28,Ginger Beef,Plant-Based Meat,1,21.00,,21.00
1740,306,48,Brown Rice,Sides,1,3.00,,3.00
1741,306,22,Pan-Fried Broccoli & Cauliflower,Veggie & Tofu,1,18.00,,18.00
1742,307,24,Tempeh Pulau,Veggie & Tofu,1,20.00,Extra Spicy,20.00
1743,307,56,Organic Tea,Tea,1,3.50,,3.50
1744,308,29,Dendeng,Plant-Based Meat,1,20.00,Extra Sauce,20.00
1745,308,46,Jasmine Rice,Sides,1,2.75,,2.75
1746,308,51,Soy Latte,Coffee,1,5.50,,5.50
1747,308,29,Dendeng,Plant-Based Meat,1,20.00,No Cilantro,20.00
1748,308,60,Matcha Latte,Tea,1,6.50,,6.50
1749,309,43,Singapore Noodle,Rice & Noodles,1,19.00,,19.00
1750,309,66,Assorted Soft Drinks,Drinks,1,2.50,,2.50
1751,309,30,Sweet & Sour Chicken,Plant-Based Meat,1,19.00,,19.00
1752,309,46,Jasmine Rice,Sides,1,2.75,,2.75
1753,309,7,Roti Canai,Starters,1,13.00,,13.00
1754,309,69,Cheesecake,Desserts,1,11.00,,11.00
1755,310,30,Sweet & Sour Chicken,Plant-Based Meat,1,19.00,Gluten Friendly,19.00
1756,310,48,Brown Rice,Sides,1,3.00,,3.00
1757,310,59,Hot Chocolate,Tea,1,5.00,,5.00
1758,310,33,Curry Chicken,Plant-Based Meat,1,22.00,,22.00
1759,310,47,Coconut Rice,Sides,1,3.00,,3.00
1760,310,74,Extra Protein,Extras,1,5.00,,5.00
1761,310,33,Curry Chicken,Plant-Based Meat,1,22.00,Extra Sauce,22.00
1762,310,50,Americano,Coffee,1,4.50,,4.50
1763,310,23,Curry Vegetables & Tofu,Veggie & Tofu,1,20.00,,20.00
1764,310,45,Bali Buddha Bowl,Rice & Noodles,1,18.00,,18.00
1765,310,50,Americano,Coffee,1,4.50,,4.50
1766,310,70,Panna Cotta,Desserts,1,9.00,,9.00
1767,310,71,Fried Banana with Coconut Ice Cream,Desserts,1,13.00,,13.00
1768,311,28,Ginger Beef,Plant-Based Meat,1,21.00,,21.00
1769,311,47,Coconut Rice,Sides,1,3.00,,3.00
1770,311,63,Iced Pineapple,Drinks,1,7.50,,7.50
1771,311,44,Lemongrass Vermicelli Bowl,Rice & Noodles,1,20.00,Extra Spicy,20.00
1772,311,57,Soy Chai Latte,Tea,1,5.50,,5.50
1773,312,24,Tempeh Pulau,Veggie & Tofu,1,20.00,Extra Spicy,20.00
1774,312,15,Padmanadi Vegetable Deluxe,Veggie & Tofu,1,19.00,No Cilantro,19.00
1775,312,60,Matcha Latte,Tea,1,6.50,,6.50
1776,312,39,Nasi Goreng,Rice & Noodles,1,18.00,No Onion,18.00
1777,312,57,Soy Chai Latte,Tea,1,5.50,,5.50
1778,312,8,Breaded Cauliflower Bites,Starters,1,13.00,,13.00
1779,313,18,King Oyster Mushroom Gaylan,Veggie & Tofu,1,20.00,,20.00
1780,313,68,Iced Blackberry Hibiscus Tea,Drinks,1,7.00,,7.00
1781,313,38,Rendang,Plant-Based Meat,1,20.00,,20.00
1782,313,46,Jasmine Rice,Sides,1,2.75,,2.75
1783,313,57,Soy Chai Latte,Tea,1,5.50,,5.50
1784,313,8,Breaded Cauliflower Bites,Starters,1,13.00,,13.00
1785,314,44,Lemongrass Vermicelli Bowl,Rice & Noodles,1,20.00,,20.00
1786,314,22,Pan-Fried Broccoli & Cauliflower,Veggie & Tofu,1,18.00,,18.00
1787,314,53,Vegan Iced Coffee,Coffee,1,5.50,,5.50
1788,314,3,Satay with Peanut Sauce (1pc),Starters,1,3.00,,3.00
1789,315,33,Curry Chicken,Plant-Based Meat,1,22.00,No Peanuts,22.00
1790,315,75,Extra Tofu,Extras,1,4.00,,4.00
1791,315,52,Soy Mocha,Coffee,1,6.00,,6.00
1792,315,32,General Tao Chicken,Plant-Based Meat,1,21.00,,21.00
1793,315,47,Coconut Rice,Sides,1,3.00,,3.00
1794,315,57,Soy Chai Latte,Tea,1,5.50,,5.50
1795,315,35,Sweet & Sour Shrimp,Plant-Based Meat,1,20.00,Gluten Friendly,20.00
1796,315,33,Curry Chicken,Plant-Based Meat,1,22.00,,22.00
1797,315,67,Raspberry Lime Italian Soda,Drinks,1,6.50,,6.50
1798,315,4,Satay with Peanut Sauce (3pc),Starters,1,10.00,,10.00
1799,315,10,Bean Curd Drumsticks,Starters,1,13.00,,13.00
1800,316,38,Rendang,Plant-Based Meat,1,20.00,,20.00
1801,316,46,Jasmine Rice,Sides,1,2.75,,2.75
1802,316,50,Americano,Coffee,1,4.50,,4.50
1803,316,15,Padmanadi Vegetable Deluxe,Veggie & Tofu,1,19.00,No Mushrooms,19.00
1804,316,47,Coconut Rice,Sides,1,3.00,,3.00
1805,316,54,Iced Brown Sugar Oat Latte,Coffee,1,6.50,,6.50
1806,317,41,Bihun Goreng,Rice & Noodles,1,18.00,Less Spicy,18.00
1807,317,33,Curry Chicken,Plant-Based Meat,1,22.00,,22.00
1808,317,46,Jasmine Rice,Sides,1,2.75,,2.75
1809,317,33,Curry Chicken,Plant-Based Meat,1,22.00,Allergy: Nuts,22.00
1810,317,58,London Fog,Tea,1,5.50,,5.50
1811,317,14,Spicy Curry Noodle Soup,Soups,1,18.00,No Mushrooms,18.00
1812,317,57,Soy Chai Latte,Tea,1,5.50,,5.50
1813,317,2,Vegetable Spring Rolls (6pc),Starters,1,9.00,,9.00
1814,317,1,Vegetable Spring Rolls (3pc),Starters,1,6.00,,6.00
1815,318,41,Bihun Goreng,Rice & Noodles,1,18.00,No Peanuts,18.00
1816,318,41,Bihun Goreng,Rice & Noodles,1,18.00,No Onion,18.00
1817,318,67,Raspberry Lime Italian Soda,Drinks,1,6.50,,6.50
1818,318,70,Panna Cotta,Desserts,1,9.00,,9.00
1819,319,26,Chili Tofu,Veggie & Tofu,1,19.00,Less Spicy,19.00
1820,320,33,Curry Chicken,Plant-Based Meat,1,22.00,,22.00
1821,320,48,Brown Rice,Sides,1,3.00,,3.00
1822,320,51,Soy Latte,Coffee,1,5.50,,5.50
1823,321,25,Mushroom Tofu,Veggie & Tofu,1,19.00,Gluten Friendly,19.00
1824,321,48,Brown Rice,Sides,1,3.00,,3.00
1825,321,61,Iced Oat Strawberry Matcha,Tea,1,8.50,,8.50
1826,321,30,Sweet & Sour Chicken,Plant-Based Meat,1,19.00,,19.00
1827,321,47,Coconut Rice,Sides,1,3.00,,3.00
1828,321,62,Iced Lychee,Drinks,1,7.50,,7.50
1829,321,11,Fried Enoki Mushroom,Starters,1,16.00,,16.00
1830,321,71,Fried Banana with Coconut Ice Cream,Desserts,1,13.00,,13.00
1831,322,18,King Oyster Mushroom Gaylan,Veggie & Tofu,1,20.00,Gluten Friendly,20.00
1832,322,46,Jasmine Rice,Sides,1,2.75,,2.75
1833,322,61,Iced Oat Strawberry Matcha,Tea,1,8.50,,8.50
1834,322,43,Singapore Noodle,Rice & Noodles,1,19.00,,19.00
1835,322,53,Vegan Iced Coffee,Coffee,1,5.50,,5.50
1836,322,23,Curry Vegetables & Tofu,Veggie & Tofu,1,20.00,Allergy: Nuts,20.00
1837,322,48,Brown Rice,Sides,1,3.00,,3.00
1838,322,18,King Oyster Mushroom Gaylan,Veggie & Tofu,1,20.00,,20.00
1839,322,46,Jasmine Rice,Sides,1,2.75,,2.75
1840,322,54,Iced Brown Sugar Oat Latte,Coffee,1,6.50,,6.50
1841,322,18,King Oyster Mushroom Gaylan,Veggie & Tofu,1,20.00,,20.00
1842,322,48,Brown Rice,Sides,1,3.00,,3.00
1843,323,32,General Tao Chicken,Plant-Based Meat,1,21.00,,21.00
1844,323,47,Coconut Rice,Sides,1,3.00,,3.00
1845,323,67,Raspberry Lime Italian Soda,Drinks,1,6.50,,6.50
1846,323,41,Bihun Goreng,Rice & Noodles,1,18.00,Sauce on Side,18.00
1847,323,71,Fried Banana with Coconut Ice Cream,Desserts,1,13.00,,13.00
1848,323,71,Fried Banana with Coconut Ice Cream,Desserts,1,13.00,,13.00
1849,324,14,Spicy Curry Noodle Soup,Soups,1,18.00,,18.00
1850,324,65,Iced Passion Fruit Green Tea,Drinks,1,7.00,,7.00
1851,324,37,Teriyaki Chicken,Plant-Based Meat,1,19.00,Gluten Friendly,19.00
1852,324,8,Breaded Cauliflower Bites,Starters,1,13.00,,13.00
1853,325,31,Spicy Chicken,Plant-Based Meat,1,19.00,,19.00
1854,325,46,Jasmine Rice,Sides,1,2.75,,2.75
1855,325,51,Soy Latte,Coffee,1,5.50,,5.50
1856,325,12,Wonton Soup,Soups,1,18.00,,18.00
1857,325,39,Nasi Goreng,Rice & Noodles,1,18.00,Sauce on Side,18.00
1858,325,57,Soy Chai Latte,Tea,1,5.50,,5.50
1859,325,5,Deep Fried Tofu,Starters,1,13.00,,13.00
1860,325,72,Vegan Ice Cream,Desserts,1,7.00,,7.00
1861,326,17,Spicy String Beans,Veggie & Tofu,1,19.00,,19.00
1862,326,54,Iced Brown Sugar Oat Latte,Coffee,1,6.50,,6.50
1863,326,13,Tom Yum Soup,Soups,1,18.00,No Peanuts,18.00
1864,326,55,Decaf Coffee,Coffee,1,4.50,,4.50
1865,327,28,Ginger Beef,Plant-Based Meat,1,21.00,,21.00
1866,327,46,Jasmine Rice,Sides,1,2.75,,2.75
1867,327,76,Extra Veggies,Extras,1,4.00,,4.00
1868,327,49,Lunch Special,Lunch Special,1,18.00,Entree: Ginger Beef,18.00
1869,327,8,Breaded Cauliflower Bites,Starters,1,13.00,,13.00
1870,328,49,Lunch Special,Lunch Special,1,18.00,Entree: Curry Chicken,18.00
1871,328,44,Lemongrass Vermicelli Bowl,Rice & Noodles,1,20.00,Extra Spicy,20.00
1872,328,67,Raspberry Lime Italian Soda,Drinks,1,6.50,,6.50
1873,328,49,Lunch Special,Lunch Special,1,18.00,Entree: Curry Chicken,18.00
1874,328,25,Mushroom Tofu,Veggie & Tofu,1,19.00,Less Spicy,19.00
1875,328,48,Brown Rice,Sides,1,3.00,,3.00
1876,328,56,Organic Tea,Tea,1,3.50,,3.50
1877,328,8,Breaded Cauliflower Bites,Starters,1,13.00,,13.00
1878,329,49,Lunch Special,Lunch Special,1,18.00,Entree: Sweet & Sour Chicken,18.00
1879,329,78,Sub Brown Rice (+1),Extras,1,1.00,,1.00
1880,329,68,Iced Blackberry Hibiscus Tea,Drinks,1,7.00,,7.00
1881,330,49,Lunch Special,Lunch Special,1,18.00,Entree: Curried Tofu w/ Vegetables,18.00
1882,330,49,Lunch Special,Lunch Special,1,18.00,Entree: Curry Mutton,18.00
1883,330,67,Raspberry Lime Italian Soda,Drinks,1,6.50,,6.50
1884,330,7,Roti Canai,Starters,1,13.00,,13.00
1885,331,21,Mapo Tofu,Veggie & Tofu,1,19.00,,19.00
1886,331,46,Jasmine Rice,Sides,1,2.75,,2.75
1887,331,30,Sweet & Sour Chicken,Plant-Based Meat,1,19.00,Extra Sauce,19.00
1888,331,67,Raspberry Lime Italian Soda,Drinks,1,6.50,,6.50
1889,332,45,Bali Buddha Bowl,Rice & Noodles,1,18.00,Extra Sauce,18.00
1890,332,68,Iced Blackberry Hibiscus Tea,Drinks,1,7.00,,7.00
1891,332,49,Lunch Special,Lunch Special,1,18.00,Entree: Sweet & Sour Chicken,18.00
1892,332,64,Sparkling Yuzu,Drinks,1,8.50,,8.50
1893,332,71,Fried Banana with Coconut Ice Cream,Desserts,1,13.00,,13.00
1894,333,49,Lunch Special,Lunch Special,1,18.00,Entree: Chili Tofu,18.00
1895,333,56,Organic Tea,Tea,1,3.50,,3.50
1896,333,32,General Tao Chicken,Plant-Based Meat,1,21.00,,21.00
1897,333,47,Coconut Rice,Sides,1,3.00,,3.00
1898,333,63,Iced Pineapple,Drinks,1,7.50,,7.50
1899,333,12,Wonton Soup,Soups,1,18.00,,18.00
1900,333,75,Extra Tofu,Extras,1,4.00,,4.00
1901,333,50,Americano,Coffee,1,4.50,,4.50
1902,333,4,Satay with Peanut Sauce (3pc),Starters,1,10.00,,10.00
1903,334,27,Kung Pao Chicken,Plant-Based Meat,1,20.00,No Cilantro,20.00
1904,334,46,Jasmine Rice,Sides,1,2.75,,2.75
1905,334,66,Assorted Soft Drinks,Drinks,1,2.50,,2.50
1906,335,27,Kung Pao Chicken,Plant-Based Meat,1,20.00,No Peanuts,20.00
1907,335,62,Iced Lychee,Drinks,1,7.50,,7.50
1908,336,49,Lunch Special,Lunch Special,1,18.00,Entree: Sweet & Sour Chicken,18.00
1909,336,65,Iced Passion Fruit Green Tea,Drinks,1,7.00,,7.00
1910,336,49,Lunch Special,Lunch Special,1,18.00,Entree: Spicy Nuggets,18.00
1911,336,77,Sub Coconut Rice (+1),Extras,1,1.00,,1.00
1912,336,3,Satay with Peanut Sauce (1pc),Starters,1,3.00,,3.00
1913,337,18,King Oyster Mushroom Gaylan,Veggie & Tofu,1,20.00,No Onion,20.00
1914,337,57,Soy Chai Latte,Tea,1,5.50,,5.50
1915,337,49,Lunch Special,Lunch Special,1,18.00,Entree: Savory Eggplant,18.00
1916,337,13,Tom Yum Soup,Soups,1,18.00,Extra Spicy,18.00
1917,337,79,Add Noodles (Soup),Extras,1,3.00,,3.00
1918,337,53,Vegan Iced Coffee,Coffee,1,5.50,,5.50
1919,337,5,Deep Fried Tofu,Starters,1,13.00,,13.00
1920,338,49,Lunch Special,Lunch Special,1,18.00,Entree: Curry Mutton,18.00
1921,338,50,Americano,Coffee,1,4.50,,4.50
1922,339,49,Lunch Special,Lunch Special,1,18.00,Entree: Padmanadi Veg Deluxe,18.00
1923,339,54,Iced Brown Sugar Oat Latte,Coffee,1,6.50,,6.50
1924,339,34,Curry Mutton,Plant-Based Meat,1,22.00,Less Spicy,22.00
1925,339,47,Coconut Rice,Sides,1,3.00,,3.00
1926,339,66,Assorted Soft Drinks,Drinks,1,2.50,,2.50
1927,340,37,Teriyaki Chicken,Plant-Based Meat,1,19.00,,19.00
1928,340,46,Jasmine Rice,Sides,1,2.75,,2.75
1929,340,62,Iced Lychee,Drinks,1,7.50,,7.50
1930,340,37,Teriyaki Chicken,Plant-Based Meat,1,19.00,,19.00
1931,340,46,Jasmine Rice,Sides,1,2.75,,2.75
1932,340,49,Lunch Special,Lunch Special,1,18.00,Entree: Sweet & Sour Chicken,18.00
1933,341,49,Lunch Special,Lunch Special,1,18.00,Entree: Chili Green Beans,18.00
1934,342,49,Lunch Special,Lunch Special,1,18.00,Entree: Spicy Nuggets,18.00
1935,342,78,Sub Brown Rice (+1),Extras,1,1.00,,1.00
1936,342,33,Curry Chicken,Plant-Based Meat,1,22.00,No Cilantro,22.00
1937,342,56,Organic Tea,Tea,1,3.50,,3.50
1938,342,8,Breaded Cauliflower Bites,Starters,1,13.00,,13.00
1939,343,49,Lunch Special,Lunch Special,1,18.00,Entree: Ginger Beef,18.00
1940,343,67,Raspberry Lime Italian Soda,Drinks,1,6.50,,6.50
1941,343,49,Lunch Special,Lunch Special,1,18.00,Entree: Rendang,18.00
1942,343,67,Raspberry Lime Italian Soda,Drinks,1,6.50,,6.50
1943,343,49,Lunch Special,Lunch Special,1,18.00,Entree: Spicy Nuggets,18.00
1944,343,32,General Tao Chicken,Plant-Based Meat,1,21.00,,21.00
1945,343,5,Deep Fried Tofu,Starters,1,13.00,,13.00
1946,343,10,Bean Curd Drumsticks,Starters,1,13.00,,13.00
1947,343,72,Vegan Ice Cream,Desserts,1,7.00,,7.00
1948,343,70,Panna Cotta,Desserts,1,9.00,,9.00
1949,344,40,Bakmi Goreng,Rice & Noodles,1,19.00,,19.00
1950,344,68,Iced Blackberry Hibiscus Tea,Drinks,1,7.00,,7.00
1951,344,20,Spicy Coconut Eggplant,Veggie & Tofu,1,18.00,,18.00
1952,344,49,Lunch Special,Lunch Special,1,18.00,Entree: Curry Chicken,18.00
1953,344,59,Hot Chocolate,Tea,1,5.00,,5.00
1954,344,30,Sweet & Sour Chicken,Plant-Based Meat,1,19.00,,19.00
1955,344,4,Satay with Peanut Sauce (3pc),Starters,1,10.00,,10.00
1956,345,21,Mapo Tofu,Veggie & Tofu,1,19.00,Less Spicy,19.00
1957,345,46,Jasmine Rice,Sides,1,2.75,,2.75
1958,345,50,Americano,Coffee,1,4.50,,4.50
1959,345,23,Curry Vegetables & Tofu,Veggie & Tofu,1,20.00,,20.00
1960,345,58,London Fog,Tea,1,5.50,,5.50
1961,345,32,General Tao Chicken,Plant-Based Meat,1,21.00,Sauce on Side,21.00
1962,345,47,Coconut Rice,Sides,1,3.00,,3.00
1963,345,66,Assorted Soft Drinks,Drinks,1,2.50,,2.50
1964,345,49,Lunch Special,Lunch Special,1,18.00,Entree: Sweet & Sour Chicken,18.00
1965,345,11,Fried Enoki Mushroom,Starters,1,16.00,,16.00
1966,345,69,Cheesecake,Desserts,1,11.00,,11.00
1967,345,71,Fried Banana with Coconut Ice Cream,Desserts,1,13.00,,13.00
1968,346,49,Lunch Special,Lunch Special,1,18.00,Entree: Ginger Beef,18.00
1969,346,3,Satay with Peanut Sauce (1pc),Starters,1,3.00,,3.00
1970,347,33,Curry Chicken,Plant-Based Meat,1,22.00,Extra Spicy,22.00
1971,347,47,Coconut Rice,Sides,1,3.00,,3.00
1972,347,21,Mapo Tofu,Veggie & Tofu,1,19.00,,19.00
1973,347,51,Soy Latte,Coffee,1,5.50,,5.50
1974,347,13,Tom Yum Soup,Soups,1,18.00,No Cilantro,18.00
1975,347,79,Add Noodles (Soup),Extras,1,3.00,,3.00
1976,347,74,Extra Protein,Extras,1,5.00,,5.00
1977,347,65,Iced Passion Fruit Green Tea,Drinks,1,7.00,,7.00
1978,347,10,Bean Curd Drumsticks,Starters,1,13.00,,13.00
1979,348,14,Spicy Curry Noodle Soup,Soups,1,18.00,,18.00
1980,348,63,Iced Pineapple,Drinks,1,7.50,,7.50
1981,348,49,Lunch Special,Lunch Special,1,18.00,Entree: Kung Pao Chicken,18.00
1982,348,8,Breaded Cauliflower Bites,Starters,1,13.00,,13.00
1983,349,27,Kung Pao Chicken,Plant-Based Meat,1,20.00,,20.00
1984,349,46,Jasmine Rice,Sides,1,2.75,,2.75
1985,349,66,Assorted Soft Drinks,Drinks,1,2.50,,2.50
1986,349,49,Lunch Special,Lunch Special,1,18.00,Entree: Rendang,18.00
1987,349,33,Curry Chicken,Plant-Based Meat,1,22.00,,22.00
1988,349,54,Iced Brown Sugar Oat Latte,Coffee,1,6.50,,6.50
1989,349,1,Vegetable Spring Rolls (3pc),Starters,1,6.00,,6.00
1990,350,13,Tom Yum Soup,Soups,1,18.00,,18.00
1991,350,60,Matcha Latte,Tea,1,6.50,,6.50
1992,350,49,Lunch Special,Lunch Special,1,18.00,Entree: Kung Pao Chicken,18.00
1993,350,59,Hot Chocolate,Tea,1,5.00,,5.00
1994,350,24,Tempeh Pulau,Veggie & Tofu,1,20.00,Extra Sauce,20.00
1995,350,46,Jasmine Rice,Sides,1,2.75,,2.75
1996,350,1,Vegetable Spring Rolls (3pc),Starters,1,6.00,,6.00
1997,351,39,Nasi Goreng,Rice & Noodles,1,18.00,,18.00
1998,351,58,London Fog,Tea,1,5.50,,5.50
1999,351,43,Singapore Noodle,Rice & Noodles,1,19.00,,19.00
2000,351,59,Hot Chocolate,Tea,1,5.00,,5.00
2001,351,49,Lunch Special,Lunch Special,1,18.00,Entree: Teriyaki Chicken,18.00
2002,351,55,Decaf Coffee,Coffee,1,4.50,,4.50
2003,351,1,Vegetable Spring Rolls (3pc),Starters,1,6.00,,6.00
2004,351,71,Fried Banana with Coconut Ice Cream,Desserts,1,13.00,,13.00
2005,352,43,Singapore Noodle,Rice & Noodles,1,19.00,,19.00
2006,352,75,Extra Tofu,Extras,1,4.00,,4.00
2007,352,36,Spicy Shrimp,Plant-Based Meat,1,20.00,,20.00
2008,352,44,Lemongrass Vermicelli Bowl,Rice & Noodles,1,20.00,Extra Spicy,20.00
2009,352,66,Assorted Soft Drinks,Drinks,1,2.50,,2.50
2010,352,72,Vegan Ice Cream,Desserts,1,7.00,,7.00
2011,352,69,Cheesecake,Desserts,1,11.00,,11.00
2012,353,27,Kung Pao Chicken,Plant-Based Meat,1,20.00,,20.00
2013,353,65,Iced Passion Fruit Green Tea,Drinks,1,7.00,,7.00
2014,353,30,Sweet & Sour Chicken,Plant-Based Meat,1,19.00,,19.00
2015,353,46,Jasmine Rice,Sides,1,2.75,,2.75
2016,353,8,Breaded Cauliflower Bites,Starters,1,13.00,,13.00
2017,354,36,Spicy Shrimp,Plant-Based Meat,1,20.00,Extra Spicy,20.00
2018,354,46,Jasmine Rice,Sides,1,2.75,,2.75
2019,354,62,Iced Lychee,Drinks,1,7.50,,7.50
2020,354,26,Chili Tofu,Veggie & Tofu,1,19.00,,19.00
2021,354,50,Americano,Coffee,1,4.50,,4.50
2022,354,7,Roti Canai,Starters,1,13.00,,13.00
2023,355,35,Sweet & Sour Shrimp,Plant-Based Meat,1,20.00,Less Spicy,20.00
2024,355,13,Tom Yum Soup,Soups,1,18.00,,18.00
2025,355,79,Add Noodles (Soup),Extras,1,3.00,,3.00
2026,355,64,Sparkling Yuzu,Drinks,1,8.50,,8.50
2027,356,20,Spicy Coconut Eggplant,Veggie & Tofu,1,18.00,,18.00
2028,356,46,Jasmine Rice,Sides,1,2.75,,2.75
2029,356,38,Rendang,Plant-Based Meat,1,20.00,No Peanuts,20.00
2030,356,57,Soy Chai Latte,Tea,1,5.50,,5.50
2031,356,38,Rendang,Plant-Based Meat,1,20.00,,20.00
2032,356,50,Americano,Coffee,1,4.50,,4.50
2033,356,12,Wonton Soup,Soups,1,18.00,,18.00
2034,356,79,Add Noodles (Soup),Extras,1,3.00,,3.00
2035,356,54,Iced Brown Sugar Oat Latte,Coffee,1,6.50,,6.50
2036,356,10,Bean Curd Drumsticks,Starters,1,13.00,,13.00
2037,357,18,King Oyster Mushroom Gaylan,Veggie & Tofu,1,20.00,,20.00
2038,357,46,Jasmine Rice,Sides,1,2.75,,2.75
2039,357,67,Raspberry Lime Italian Soda,Drinks,1,6.50,,6.50
2040,358,33,Curry Chicken,Plant-Based Meat,1,22.00,Sauce on Side,22.00
2041,358,47,Coconut Rice,Sides,1,3.00,,3.00
2042,358,31,Spicy Chicken,Plant-Based Meat,1,19.00,,19.00
2043,358,46,Jasmine Rice,Sides,1,2.75,,2.75
2044,358,66,Assorted Soft Drinks,Drinks,1,2.50,,2.50
2045,358,2,Vegetable Spring Rolls (6pc),Starters,1,9.00,,9.00
2046,359,14,Spicy Curry Noodle Soup,Soups,1,18.00,,18.00
2047,359,66,Assorted Soft Drinks,Drinks,1,2.50,,2.50
2048,359,18,King Oyster Mushroom Gaylan,Veggie & Tofu,1,20.00,,20.00
2049,359,54,Iced Brown Sugar Oat Latte,Coffee,1,6.50,,6.50
2050,360,37,Teriyaki Chicken,Plant-Based Meat,1,19.00,,19.00
2051,360,28,Ginger Beef,Plant-Based Meat,1,21.00,,21.00
2052,360,46,Jasmine Rice,Sides,1,2.75,,2.75
2053,360,64,Sparkling Yuzu,Drinks,1,8.50,,8.50
2054,360,17,Spicy String Beans,Veggie & Tofu,1,19.00,No Peanuts,19.00
2055,360,56,Organic Tea,Tea,1,3.50,,3.50
2056,360,26,Chili Tofu,Veggie & Tofu,1,19.00,,19.00
2057,360,46,Jasmine Rice,Sides,1,2.75,,2.75
2058,360,4,Satay with Peanut Sauce (3pc),Starters,1,10.00,,10.00
2059,360,6,Gado Gado,Starters,1,14.00,,14.00
2060,361,22,Pan-Fried Broccoli & Cauliflower,Veggie & Tofu,1,18.00,,18.00
2061,361,46,Jasmine Rice,Sides,1,2.75,,2.75
2062,361,60,Matcha Latte,Tea,1,6.50,,6.50
2063,361,31,Spicy Chicken,Plant-Based Meat,1,19.00,Extra Spicy,19.00
2064,361,46,Jasmine Rice,Sides,1,2.75,,2.75
2065,361,53,Vegan Iced Coffee,Coffee,1,5.50,,5.50
2066,361,16,Chili Green Beans,Veggie & Tofu,1,19.00,Extra Sauce,19.00
2067,361,66,Assorted Soft Drinks,Drinks,1,2.50,,2.50
2068,361,71,Fried Banana with Coconut Ice Cream,Desserts,1,13.00,,13.00
2069,362,34,Curry Mutton,Plant-Based Meat,1,22.00,No Peanuts,22.00
2070,362,71,Fried Banana with Coconut Ice Cream,Desserts,1,13.00,,13.00
2071,363,16,Chili Green Beans,Veggie & Tofu,1,19.00,No Peanuts,19.00
2072,363,47,Coconut Rice,Sides,1,3.00,,3.00
2073,363,52,Soy Mocha,Coffee,1,6.00,,6.00
2074,363,40,Bakmi Goreng,Rice & Noodles,1,19.00,Less Spicy,19.00
2075,363,1,Vegetable Spring Rolls (3pc),Starters,1,6.00,,6.00
2076,363,71,Fried Banana with Coconut Ice Cream,Desserts,1,13.00,,13.00
2077,364,14,Spicy Curry Noodle Soup,Soups,1,18.00,Gluten Friendly,18.00
2078,364,42,Kwetiau Goreng,Rice & Noodles,1,19.00,,19.00
2079,364,72,Vegan Ice Cream,Desserts,1,7.00,,7.00
2080,364,71,Fried Banana with Coconut Ice Cream,Desserts,1,13.00,,13.00
2081,365,34,Curry Mutton,Plant-Based Meat,1,22.00,Extra Sauce,22.00
2082,365,64,Sparkling Yuzu,Drinks,1,8.50,,8.50
2083,365,15,Padmanadi Vegetable Deluxe,Veggie & Tofu,1,19.00,No Onion,19.00
2084,365,48,Brown Rice,Sides,1,3.00,,3.00
2085,365,7,Roti Canai,Starters,1,13.00,,13.00
2086,366,43,Singapore Noodle,Rice & Noodles,1,19.00,No Cilantro,19.00
2087,366,44,Lemongrass Vermicelli Bowl,Rice & Noodles,1,20.00,Gluten Friendly,20.00
2088,366,57,Soy Chai Latte,Tea,1,5.50,,5.50
2089,367,28,Ginger Beef,Plant-Based Meat,1,21.00,,21.00
2090,368,32,General Tao Chicken,Plant-Based Meat,1,21.00,No Mushrooms,21.00
2091,368,60,Matcha Latte,Tea,1,6.50,,6.50
2092,368,42,Kwetiau Goreng,Rice & Noodles,1,19.00,,19.00
2093,369,27,Kung Pao Chicken,Plant-Based Meat,1,20.00,Less Spicy,20.00
2094,369,46,Jasmine Rice,Sides,1,2.75,,2.75
2095,369,56,Organic Tea,Tea,1,3.50,,3.50
2096,369,14,Spicy Curry Noodle Soup,Soups,1,18.00,,18.00
2097,369,24,Tempeh Pulau,Veggie & Tofu,1,20.00,,20.00
2098,369,46,Jasmine Rice,Sides,1,2.75,,2.75
2099,369,51,Soy Latte,Coffee,1,5.50,,5.50
2100,369,39,Nasi Goreng,Rice & Noodles,1,18.00,Extra Spicy,18.00
2101,369,61,Iced Oat Strawberry Matcha,Tea,1,8.50,,8.50
2102,369,2,Vegetable Spring Rolls (6pc),Starters,1,9.00,,9.00
2103,370,20,Spicy Coconut Eggplant,Veggie & Tofu,1,18.00,,18.00
2104,370,48,Brown Rice,Sides,1,3.00,,3.00
2105,370,62,Iced Lychee,Drinks,1,7.50,,7.50
2106,370,26,Chili Tofu,Veggie & Tofu,1,19.00,Gluten Friendly,19.00
2107,370,46,Jasmine Rice,Sides,1,2.75,,2.75
2108,370,54,Iced Brown Sugar Oat Latte,Coffee,1,6.50,,6.50
2109,370,4,Satay with Peanut Sauce (3pc),Starters,1,10.00,,10.00
2110,371,44,Lemongrass Vermicelli Bowl,Rice & Noodles,1,20.00,,20.00
2111,371,74,Extra Protein,Extras,1,5.00,,5.00
2112,371,55,Decaf Coffee,Coffee,1,4.50,,4.50
2113,372,38,Rendang,Plant-Based Meat,1,20.00,Allergy: Nuts,20.00
2114,372,66,Assorted Soft Drinks,Drinks,1,2.50,,2.50
2115,372,39,Nasi Goreng,Rice & Noodles,1,18.00,,18.00
2116,372,54,Iced Brown Sugar Oat Latte,Coffee,1,6.50,,6.50
2117,372,43,Singapore Noodle,Rice & Noodles,1,19.00,Less Spicy,19.00
2118,372,65,Iced Passion Fruit Green Tea,Drinks,1,7.00,,7.00
2119,372,5,Deep Fried Tofu,Starters,1,13.00,,13.00
2120,373,33,Curry Chicken,Plant-Based Meat,1,22.00,,22.00
2121,373,25,Mushroom Tofu,Veggie & Tofu,1,19.00,No Peanuts,19.00
2122,373,46,Jasmine Rice,Sides,1,2.75,,2.75
2123,373,20,Spicy Coconut Eggplant,Veggie & Tofu,1,18.00,,18.00
2124,373,65,Iced Passion Fruit Green Tea,Drinks,1,7.00,,7.00
2125,373,29,Dendeng,Plant-Based Meat,1,20.00,,20.00
2126,373,46,Jasmine Rice,Sides,1,2.75,,2.75
2127,373,7,Roti Canai,Starters,1,13.00,,13.00
2128,373,70,Panna Cotta,Desserts,1,9.00,,9.00
2129,373,71,Fried Banana with Coconut Ice Cream,Desserts,1,13.00,,13.00
2130,374,22,Pan-Fried Broccoli & Cauliflower,Veggie & Tofu,1,18.00,,18.00
2131,374,48,Brown Rice,Sides,1,3.00,,3.00
2132,374,50,Americano,Coffee,1,4.50,,4.50
2133,374,30,Sweet & Sour Chicken,Plant-Based Meat,1,19.00,,19.00
2134,374,48,Brown Rice,Sides,1,3.00,,3.00
2135,374,16,Chili Green Beans,Veggie & Tofu,1,19.00,,19.00
2136,374,21,Mapo Tofu,Veggie & Tofu,1,19.00,No Peanuts,19.00
2137,374,61,Iced Oat Strawberry Matcha,Tea,1,8.50,,8.50
2138,374,1,Vegetable Spring Rolls (3pc),Starters,1,6.00,,6.00
2139,374,69,Cheesecake,Desserts,1,11.00,,11.00
2140,374,73,Chocolate Mousse,Desserts,1,9.00,,9.00
2141,375,33,Curry Chicken,Plant-Based Meat,1,22.00,No Mushrooms,22.00
2142,375,35,Sweet & Sour Shrimp,Plant-Based Meat,1,20.00,,20.00
2143,375,69,Cheesecake,Desserts,1,11.00,,11.00
2144,375,71,Fried Banana with Coconut Ice Cream,Desserts,1,13.00,,13.00
2145,376,28,Ginger Beef,Plant-Based Meat,1,21.00,,21.00
2146,376,46,Jasmine Rice,Sides,1,2.75,,2.75
2147,376,60,Matcha Latte,Tea,1,6.50,,6.50
2148,376,33,Curry Chicken,Plant-Based Meat,1,22.00,Extra Sauce,22.00
2149,376,46,Jasmine Rice,Sides,1,2.75,,2.75
2150,376,33,Curry Chicken,Plant-Based Meat,1,22.00,Extra Spicy,22.00
2151,376,50,Americano,Coffee,1,4.50,,4.50
2152,376,28,Ginger Beef,Plant-Based Meat,1,21.00,Extra Spicy,21.00
2153,376,4,Satay with Peanut Sauce (3pc),Starters,1,10.00,,10.00
2154,376,9,Crispy Chicken Strips,Starters,1,13.00,,13.00
2155,377,27,Kung Pao Chicken,Plant-Based Meat,1,20.00,,20.00
2156,377,12,Wonton Soup,Soups,1,18.00,,18.00
2157,377,57,Soy Chai Latte,Tea,1,5.50,,5.50
2158,377,4,Satay with Peanut Sauce (3pc),Starters,1,10.00,,10.00
2159,377,71,Fried Banana with Coconut Ice Cream,Desserts,1,13.00,,13.00
2160,378,33,Curry Chicken,Plant-Based Meat,1,22.00,Gluten Friendly,22.00
2161,378,47,Coconut Rice,Sides,1,3.00,,3.00
2162,378,57,Soy Chai Latte,Tea,1,5.50,,5.50
2163,378,30,Sweet & Sour Chicken,Plant-Based Meat,1,19.00,Extra Spicy,19.00
2164,378,58,London Fog,Tea,1,5.50,,5.50
2165,378,69,Cheesecake,Desserts,1,11.00,,11.00
2166,379,33,Curry Chicken,Plant-Based Meat,1,22.00,,22.00
2167,379,48,Brown Rice,Sides,1,3.00,,3.00
2168,379,74,Extra Protein,Extras,1,5.00,,5.00
2169,379,61,Iced Oat Strawberry Matcha,Tea,1,8.50,,8.50
2170,379,42,Kwetiau Goreng,Rice & Noodles,1,19.00,Sauce on Side,19.00
2171,379,68,Iced Blackberry Hibiscus Tea,Drinks,1,7.00,,7.00
2172,380,14,Spicy Curry Noodle Soup,Soups,1,18.00,,18.00
2173,380,60,Matcha Latte,Tea,1,6.50,,6.50
2174,380,36,Spicy Shrimp,Plant-Based Meat,1,20.00,,20.00
2175,380,29,Dendeng,Plant-Based Meat,1,20.00,No Cilantro,20.00
2176,380,46,Jasmine Rice,Sides,1,2.75,,2.75
2177,380,4,Satay with Peanut Sauce (3pc),Starters,1,10.00,,10.00
2178,381,44,Lemongrass Vermicelli Bowl,Rice & Noodles,1,20.00,,20.00
2179,381,66,Assorted Soft Drinks,Drinks,1,2.50,,2.50
2180,381,27,Kung Pao Chicken,Plant-Based Meat,1,20.00,Gluten Friendly,20.00
2181,381,66,Assorted Soft Drinks,Drinks,1,2.50,,2.50
2182,381,2,Vegetable Spring Rolls (6pc),Starters,1,9.00,,9.00
2183,382,32,General Tao Chicken,Plant-Based Meat,1,21.00,No Peanuts,21.00
2184,382,43,Singapore Noodle,Rice & Noodles,1,19.00,,19.00
2185,382,51,Soy Latte,Coffee,1,5.50,,5.50
2186,382,11,Fried Enoki Mushroom,Starters,1,16.00,,16.00
2187,383,39,Nasi Goreng,Rice & Noodles,1,18.00,No Mushrooms,18.00
2188,383,62,Iced Lychee,Drinks,1,7.50,,7.50
2189,383,31,Spicy Chicken,Plant-Based Meat,1,19.00,Allergy: Nuts,19.00
2190,383,75,Extra Tofu,Extras,1,4.00,,4.00
2191,383,41,Bihun Goreng,Rice & Noodles,1,18.00,,18.00
2192,383,53,Vegan Iced Coffee,Coffee,1,5.50,,5.50
2193,383,11,Fried Enoki Mushroom,Starters,1,16.00,,16.00
2194,384,26,Chili Tofu,Veggie & Tofu,1,19.00,No Onion,19.00
2195,384,48,Brown Rice,Sides,1,3.00,,3.00
2196,384,50,Americano,Coffee,1,4.50,,4.50
2197,384,26,Chili Tofu,Veggie & Tofu,1,19.00,Allergy: Nuts,19.00
2198,384,48,Brown Rice,Sides,1,3.00,,3.00
2199,384,54,Iced Brown Sugar Oat Latte,Coffee,1,6.50,,6.50
2200,384,8,Breaded Cauliflower Bites,Starters,1,13.00,,13.00
2201,385,44,Lemongrass Vermicelli Bowl,Rice & Noodles,1,20.00,No Onion,20.00
2202,385,74,Extra Protein,Extras,1,5.00,,5.00
2203,385,27,Kung Pao Chicken,Plant-Based Meat,1,20.00,,20.00
2204,385,53,Vegan Iced Coffee,Coffee,1,5.50,,5.50
2205,385,14,Spicy Curry Noodle Soup,Soups,1,18.00,No Onion,18.00
2206,385,50,Americano,Coffee,1,4.50,,4.50
2207,385,24,Tempeh Pulau,Veggie & Tofu,1,20.00,,20.00
2208,385,60,Matcha Latte,Tea,1,6.50,,6.50
2209,385,9,Crispy Chicken Strips,Starters,1,13.00,,13.00
2210,386,19,Savory Eggplant,Veggie & Tofu,1,18.00,Sauce on Side,18.00
2211,386,54,Iced Brown Sugar Oat Latte,Coffee,1,6.50,,6.50
2212,386,27,Kung Pao Chicken,Plant-Based Meat,1,20.00,,20.00
2213,386,48,Brown Rice,Sides,1,3.00,,3.00
2214,386,60,Matcha Latte,Tea,1,6.50,,6.50
2215,386,44,Lemongrass Vermicelli Bowl,Rice & Noodles,1,20.00,,20.00
2216,386,32,General Tao Chicken,Plant-Based Meat,1,21.00,No Mushrooms,21.00
2217,386,46,Jasmine Rice,Sides,1,2.75,,2.75
2218,386,50,Americano,Coffee,1,4.50,,4.50
2219,386,29,Dendeng,Plant-Based Meat,1,20.00,,20.00
2220,386,48,Brown Rice,Sides,1,3.00,,3.00
2221,386,11,Fried Enoki Mushroom,Starters,1,16.00,,16.00
2222,387,18,King Oyster Mushroom Gaylan,Veggie & Tofu,1,20.00,,20.00
2223,387,46,Jasmine Rice,Sides,1,2.75,,2.75
2224,387,74,Extra Protein,Extras,1,5.00,,5.00
2225,387,40,Bakmi Goreng,Rice & Noodles,1,19.00,,19.00
2226,388,41,Bihun Goreng,Rice & Noodles,1,18.00,Extra Sauce,18.00
2227,388,64,Sparkling Yuzu,Drinks,1,8.50,,8.50
2228,388,28,Ginger Beef,Plant-Based Meat,1,21.00,,21.00
2229,388,4,Satay with Peanut Sauce (3pc),Starters,1,10.00,,10.00
2230,389,27,Kung Pao Chicken,Plant-Based Meat,1,20.00,,20.00
2231,389,61,Iced Oat Strawberry Matcha,Tea,1,8.50,,8.50
2232,389,44,Lemongrass Vermicelli Bowl,Rice & Noodles,1,20.00,,20.00
2233,389,70,Panna Cotta,Desserts,1,9.00,,9.00
2234,390,45,Bali Buddha Bowl,Rice & Noodles,1,18.00,,18.00
2235,390,28,Ginger Beef,Plant-Based Meat,1,21.00,,21.00
2236,390,47,Coconut Rice,Sides,1,3.00,,3.00
2237,390,8,Breaded Cauliflower Bites,Starters,1,13.00,,13.00
2238,391,28,Ginger Beef,Plant-Based Meat,1,21.00,,21.00
2239,391,39,Nasi Goreng,Rice & Noodles,1,18.00,,18.00
2240,391,50,Americano,Coffee,1,4.50,,4.50
2241,391,25,Mushroom Tofu,Veggie & Tofu,1,19.00,,19.00
2242,391,46,Jasmine Rice,Sides,1,2.75,,2.75
2243,392,15,Padmanadi Vegetable Deluxe,Veggie & Tofu,1,19.00,No Mushrooms,19.00
2244,392,75,Extra Tofu,Extras,1,4.00,,4.00
2245,392,65,Iced Passion Fruit Green Tea,Drinks,1,7.00,,7.00
2246,392,18,King Oyster Mushroom Gaylan,Veggie & Tofu,1,20.00,,20.00
2247,392,65,Iced Passion Fruit Green Tea,Drinks,1,7.00,,7.00
2248,392,1,Vegetable Spring Rolls (3pc),Starters,1,6.00,,6.00
2249,393,39,Nasi Goreng,Rice & Noodles,1,18.00,,18.00
2250,393,50,Americano,Coffee,1,4.50,,4.50
2251,394,25,Mushroom Tofu,Veggie & Tofu,1,19.00,,19.00
2252,394,51,Soy Latte,Coffee,1,5.50,,5.50
2253,394,33,Curry Chicken,Plant-Based Meat,1,22.00,,22.00
2254,395,28,Ginger Beef,Plant-Based Meat,1,21.00,Extra Sauce,21.00
2255,395,60,Matcha Latte,Tea,1,6.50,,6.50
2256,395,12,Wonton Soup,Soups,1,18.00,,18.00
2257,395,49,Lunch Special,Lunch Special,1,18.00,Entree: Rendang,18.00
2258,395,54,Iced Brown Sugar Oat Latte,Coffee,1,6.50,,6.50
2259,395,49,Lunch Special,Lunch Special,1,18.00,Entree: Sweet & Sour Nuggets,18.00
2260,395,39,Nasi Goreng,Rice & Noodles,1,18.00,,18.00
2261,396,33,Curry Chicken,Plant-Based Meat,1,22.00,,22.00
2262,396,66,Assorted Soft Drinks,Drinks,1,2.50,,2.50
2263,396,31,Spicy Chicken,Plant-Based Meat,1,19.00,Extra Sauce,19.00
2264,396,51,Soy Latte,Coffee,1,5.50,,5.50
2265,396,49,Lunch Special,Lunch Special,1,18.00,Entree: Curry Chicken,18.00
2266,396,73,Chocolate Mousse,Desserts,1,9.00,,9.00
2267,397,49,Lunch Special,Lunch Special,1,18.00,Entree: Curried Tofu w/ Vegetables,18.00
2268,397,35,Sweet & Sour Shrimp,Plant-Based Meat,1,20.00,Sauce on Side,20.00
2269,397,46,Jasmine Rice,Sides,1,2.75,,2.75
2270,397,31,Spicy Chicken,Plant-Based Meat,1,19.00,,19.00
2271,397,49,Lunch Special,Lunch Special,1,18.00,Entree: Curry Mutton,18.00
2272,397,63,Iced Pineapple,Drinks,1,7.50,,7.50
2273,398,41,Bihun Goreng,Rice & Noodles,1,18.00,No Mushrooms,18.00
2274,398,2,Vegetable Spring Rolls (6pc),Starters,1,9.00,,9.00
2275,399,49,Lunch Special,Lunch Special,1,18.00,Entree: Curried Tofu w/ Vegetables,18.00
2276,399,66,Assorted Soft Drinks,Drinks,1,2.50,,2.50
2277,400,49,Lunch Special,Lunch Special,1,18.00,Entree: Ginger Beef,18.00
2278,400,50,Americano,Coffee,1,4.50,,4.50
2279,400,73,Chocolate Mousse,Desserts,1,9.00,,9.00
2280,401,39,Nasi Goreng,Rice & Noodles,1,18.00,Gluten Friendly,18.00
2281,401,68,Iced Blackberry Hibiscus Tea,Drinks,1,7.00,,7.00
2282,402,29,Dendeng,Plant-Based Meat,1,20.00,,20.00
2283,402,46,Jasmine Rice,Sides,1,2.75,,2.75
2284,402,68,Iced Blackberry Hibiscus Tea,Drinks,1,7.00,,7.00
2285,402,49,Lunch Special,Lunch Special,1,18.00,Entree: Teriyaki Chicken,18.00
2286,402,33,Curry Chicken,Plant-Based Meat,1,22.00,,22.00
2287,402,46,Jasmine Rice,Sides,1,2.75,,2.75
2288,402,59,Hot Chocolate,Tea,1,5.00,,5.00
2289,402,49,Lunch Special,Lunch Special,1,18.00,Entree: Spicy Nuggets,18.00
2290,402,23,Curry Vegetables & Tofu,Veggie & Tofu,1,20.00,Allergy: Nuts,20.00
2291,402,48,Brown Rice,Sides,1,3.00,,3.00
2292,402,53,Vegan Iced Coffee,Coffee,1,5.50,,5.50
2293,402,69,Cheesecake,Desserts,1,11.00,,11.00
2294,402,71,Fried Banana with Coconut Ice Cream,Desserts,1,13.00,,13.00
2295,403,24,Tempeh Pulau,Veggie & Tofu,1,20.00,No Cilantro,20.00
2296,403,46,Jasmine Rice,Sides,1,2.75,,2.75
2297,403,66,Assorted Soft Drinks,Drinks,1,2.50,,2.50
2298,403,49,Lunch Special,Lunch Special,1,18.00,Entree: Curry Mutton,18.00
2299,403,60,Matcha Latte,Tea,1,6.50,,6.50
2300,404,27,Kung Pao Chicken,Plant-Based Meat,1,20.00,,20.00
2301,404,46,Jasmine Rice,Sides,1,2.75,,2.75
2302,404,53,Vegan Iced Coffee,Coffee,1,5.50,,5.50
2303,404,49,Lunch Special,Lunch Special,1,18.00,Entree: Rendang,18.00
2304,404,54,Iced Brown Sugar Oat Latte,Coffee,1,6.50,,6.50
2305,404,70,Panna Cotta,Desserts,1,9.00,,9.00
2306,404,69,Cheesecake,Desserts,1,11.00,,11.00
2307,405,26,Chili Tofu,Veggie & Tofu,1,19.00,,19.00
2308,405,28,Ginger Beef,Plant-Based Meat,1,21.00,,21.00
2309,405,56,Organic Tea,Tea,1,3.50,,3.50
2310,405,72,Vegan Ice Cream,Desserts,1,7.00,,7.00
2311,406,18,King Oyster Mushroom Gaylan,Veggie & Tofu,1,20.00,,20.00
2312,406,65,Iced Passion Fruit Green Tea,Drinks,1,7.00,,7.00
2313,406,28,Ginger Beef,Plant-Based Meat,1,21.00,Extra Sauce,21.00
2314,406,64,Sparkling Yuzu,Drinks,1,8.50,,8.50
2315,406,33,Curry Chicken,Plant-Based Meat,1,22.00,,22.00
2316,406,47,Coconut Rice,Sides,1,3.00,,3.00
2317,406,36,Spicy Shrimp,Plant-Based Meat,1,20.00,,20.00
2318,406,48,Brown Rice,Sides,1,3.00,,3.00
2319,406,49,Lunch Special,Lunch Special,1,18.00,Entree: Kung Pao Chicken,18.00
2320,406,4,Satay with Peanut Sauce (3pc),Starters,1,10.00,,10.00
2321,406,8,Breaded Cauliflower Bites,Starters,1,13.00,,13.00
2322,406,73,Chocolate Mousse,Desserts,1,9.00,,9.00
2323,407,40,Bakmi Goreng,Rice & Noodles,1,19.00,,19.00
2324,407,60,Matcha Latte,Tea,1,6.50,,6.50
2325,407,30,Sweet & Sour Chicken,Plant-Based Meat,1,19.00,,19.00
2326,407,47,Coconut Rice,Sides,1,3.00,,3.00
2327,407,58,London Fog,Tea,1,5.50,,5.50
2328,408,49,Lunch Special,Lunch Special,1,18.00,Entree: Chili Tofu,18.00
2329,409,49,Lunch Special,Lunch Special,1,18.00,Entree: Padmanadi Veg Deluxe,18.00
2330,409,62,Iced Lychee,Drinks,1,7.50,,7.50
2331,409,28,Ginger Beef,Plant-Based Meat,1,21.00,,21.00
2332,409,46,Jasmine Rice,Sides,1,2.75,,2.75
2333,409,60,Matcha Latte,Tea,1,6.50,,6.50
2334,409,23,Curry Vegetables & Tofu,Veggie & Tofu,1,20.00,,20.00
2335,409,57,Soy Chai Latte,Tea,1,5.50,,5.50
2336,409,49,Lunch Special,Lunch Special,1,18.00,Entree: Sweet & Sour Nuggets,18.00
2337,409,2,Vegetable Spring Rolls (6pc),Starters,1,9.00,,9.00
2338,409,72,Vegan Ice Cream,Desserts,1,7.00,,7.00
2339,410,49,Lunch Special,Lunch Special,1,18.00,Entree: Teriyaki Chicken,18.00
2340,410,64,Sparkling Yuzu,Drinks,1,8.50,,8.50
2341,410,37,Teriyaki Chicken,Plant-Based Meat,1,19.00,,19.00
2342,410,56,Organic Tea,Tea,1,3.50,,3.50
2343,410,32,General Tao Chicken,Plant-Based Meat,1,21.00,,21.00
2344,410,46,Jasmine Rice,Sides,1,2.75,,2.75
2345,410,49,Lunch Special,Lunch Special,1,18.00,Entree: Curry Mutton,18.00
2346,410,67,Raspberry Lime Italian Soda,Drinks,1,6.50,,6.50
2347,411,49,Lunch Special,Lunch Special,1,18.00,Entree: Spicy Nuggets,18.00
2348,411,56,Organic Tea,Tea,1,3.50,,3.50
2349,411,49,Lunch Special,Lunch Special,1,18.00,Entree: Curry Chicken,18.00
2350,411,28,Ginger Beef,Plant-Based Meat,1,21.00,No Mushrooms,21.00
2351,411,4,Satay with Peanut Sauce (3pc),Starters,1,10.00,,10.00
2352,411,69,Cheesecake,Desserts,1,11.00,,11.00
2353,411,71,Fried Banana with Coconut Ice Cream,Desserts,1,13.00,,13.00
2354,412,18,King Oyster Mushroom Gaylan,Veggie & Tofu,1,20.00,,20.00
2355,412,37,Teriyaki Chicken,Plant-Based Meat,1,19.00,Allergy: Nuts,19.00
2356,412,46,Jasmine Rice,Sides,1,2.75,,2.75
2357,412,53,Vegan Iced Coffee,Coffee,1,5.50,,5.50
2358,412,1,Vegetable Spring Rolls (3pc),Starters,1,6.00,,6.00
2359,413,34,Curry Mutton,Plant-Based Meat,1,22.00,,22.00
2360,413,53,Vegan Iced Coffee,Coffee,1,5.50,,5.50
2361,413,12,Wonton Soup,Soups,1,18.00,Extra Spicy,18.00
2362,413,75,Extra Tofu,Extras,1,4.00,,4.00
2363,413,62,Iced Lychee,Drinks,1,7.50,,7.50
2364,413,1,Vegetable Spring Rolls (3pc),Starters,1,6.00,,6.00
2365,414,49,Lunch Special,Lunch Special,1,18.00,Entree: Savory Eggplant,18.00
2366,414,50,Americano,Coffee,1,4.50,,4.50
2367,415,28,Ginger Beef,Plant-Based Meat,1,21.00,,21.00
2368,415,46,Jasmine Rice,Sides,1,2.75,,2.75
2369,415,20,Spicy Coconut Eggplant,Veggie & Tofu,1,18.00,,18.00
2370,416,49,Lunch Special,Lunch Special,1,18.00,Entree: Sweet & Sour Chicken,18.00
2371,416,71,Fried Banana with Coconut Ice Cream,Desserts,1,13.00,,13.00
2372,417,32,General Tao Chicken,Plant-Based Meat,1,21.00,Gluten Friendly,21.00
2373,417,46,Jasmine Rice,Sides,1,2.75,,2.75
2374,417,53,Vegan Iced Coffee,Coffee,1,5.50,,5.50
2375,417,49,Lunch Special,Lunch Special,1,18.00,Entree: Teriyaki Chicken,18.00
2376,417,62,Iced Lychee,Drinks,1,7.50,,7.50
2377,417,6,Gado Gado,Starters,1,14.00,,14.00
2378,418,23,Curry Vegetables & Tofu,Veggie & Tofu,1,20.00,,20.00
2379,418,67,Raspberry Lime Italian Soda,Drinks,1,6.50,,6.50
2380,418,42,Kwetiau Goreng,Rice & Noodles,1,19.00,,19.00
2381,419,24,Tempeh Pulau,Veggie & Tofu,1,20.00,Sauce on Side,20.00
2382,419,57,Soy Chai Latte,Tea,1,5.50,,5.50
2383,419,33,Curry Chicken,Plant-Based Meat,1,22.00,No Cilantro,22.00
2384,419,49,Lunch Special,Lunch Special,1,18.00,Entree: Rendang,18.00
2385,419,40,Bakmi Goreng,Rice & Noodles,1,19.00,,19.00
2386,419,56,Organic Tea,Tea,1,3.50,,3.50
2387,420,39,Nasi Goreng,Rice & Noodles,1,18.00,,18.00
2388,420,75,Extra Tofu,Extras,1,4.00,,4.00
2389,420,55,Decaf Coffee,Coffee,1,4.50,,4.50
2390,421,28,Ginger Beef,Plant-Based Meat,1,21.00,,21.00
2391,421,46,Jasmine Rice,Sides,1,2.75,,2.75
2392,421,16,Chili Green Beans,Veggie & Tofu,1,19.00,,19.00
2393,421,48,Brown Rice,Sides,1,3.00,,3.00
2394,421,61,Iced Oat Strawberry Matcha,Tea,1,8.50,,8.50
2395,422,20,Spicy Coconut Eggplant,Veggie & Tofu,1,18.00,,18.00
2396,422,46,Jasmine Rice,Sides,1,2.75,,2.75
2397,422,51,Soy Latte,Coffee,1,5.50,,5.50
2398,422,35,Sweet & Sour Shrimp,Plant-Based Meat,1,20.00,,20.00
2399,422,48,Brown Rice,Sides,1,3.00,,3.00
2400,423,38,Rendang,Plant-Based Meat,1,20.00,,20.00
2401,423,12,Wonton Soup,Soups,1,18.00,,18.00
2402,423,79,Add Noodles (Soup),Extras,1,3.00,,3.00
2403,423,16,Chili Green Beans,Veggie & Tofu,1,19.00,,19.00
2404,423,47,Coconut Rice,Sides,1,3.00,,3.00
2405,423,2,Vegetable Spring Rolls (6pc),Starters,1,9.00,,9.00
2406,423,69,Cheesecake,Desserts,1,11.00,,11.00
2407,423,71,Fried Banana with Coconut Ice Cream,Desserts,1,13.00,,13.00
2408,424,32,General Tao Chicken,Plant-Based Meat,1,21.00,,21.00
2409,424,60,Matcha Latte,Tea,1,6.50,,6.50
2410,424,9,Crispy Chicken Strips,Starters,1,13.00,,13.00
2411,425,27,Kung Pao Chicken,Plant-Based Meat,1,20.00,,20.00
2412,425,48,Brown Rice,Sides,1,3.00,,3.00
2413,425,58,London Fog,Tea,1,5.50,,5.50
2414,425,44,Lemongrass Vermicelli Bowl,Rice & Noodles,1,20.00,,20.00
2415,426,40,Bakmi Goreng,Rice & Noodles,1,19.00,No Mushrooms,19.00
2416,426,40,Bakmi Goreng,Rice & Noodles,1,19.00,No Mushrooms,19.00
2417,426,53,Vegan Iced Coffee,Coffee,1,5.50,,5.50
2418,426,30,Sweet & Sour Chicken,Plant-Based Meat,1,19.00,,19.00
2419,426,67,Raspberry Lime Italian Soda,Drinks,1,6.50,,6.50
2420,426,71,Fried Banana with Coconut Ice Cream,Desserts,1,13.00,,13.00
2421,426,69,Cheesecake,Desserts,1,11.00,,11.00
2422,427,30,Sweet & Sour Chicken,Plant-Based Meat,1,19.00,,19.00
2423,427,67,Raspberry Lime Italian Soda,Drinks,1,6.50,,6.50
2424,427,33,Curry Chicken,Plant-Based Meat,1,22.00,,22.00
2425,427,35,Sweet & Sour Shrimp,Plant-Based Meat,1,20.00,Allergy: Nuts,20.00
2426,427,14,Spicy Curry Noodle Soup,Soups,1,18.00,,18.00
2427,427,1,Vegetable Spring Rolls (3pc),Starters,1,6.00,,6.00
2428,427,2,Vegetable Spring Rolls (6pc),Starters,1,9.00,,9.00
2429,428,26,Chili Tofu,Veggie & Tofu,1,19.00,,19.00
2430,428,24,Tempeh Pulau,Veggie & Tofu,1,20.00,,20.00
2431,428,75,Extra Tofu,Extras,1,4.00,,4.00
2432,428,27,Kung Pao Chicken,Plant-Based Meat,1,20.00,,20.00
2433,429,17,Spicy String Beans,Veggie & Tofu,1,19.00,,19.00
2434,429,34,Curry Mutton,Plant-Based Meat,1,22.00,,22.00
2435,429,60,Matcha Latte,Tea,1,6.50,,6.50
2436,429,71,Fried Banana with Coconut Ice Cream,Desserts,1,13.00,,13.00
2437,430,25,Mushroom Tofu,Veggie & Tofu,1,19.00,,19.00
2438,430,46,Jasmine Rice,Sides,1,2.75,,2.75
2439,430,50,Americano,Coffee,1,4.50,,4.50
2440,430,23,Curry Vegetables & Tofu,Veggie & Tofu,1,20.00,,20.00
2441,430,46,Jasmine Rice,Sides,1,2.75,,2.75
2442,430,56,Organic Tea,Tea,1,3.50,,3.50
2443,430,12,Wonton Soup,Soups,1,18.00,,18.00
2444,430,27,Kung Pao Chicken,Plant-Based Meat,1,20.00,Gluten Friendly,20.00
2445,430,46,Jasmine Rice,Sides,1,2.75,,2.75
2446,431,44,Lemongrass Vermicelli Bowl,Rice & Noodles,1,20.00,,20.00
2447,431,56,Organic Tea,Tea,1,3.50,,3.50
2448,431,31,Spicy Chicken,Plant-Based Meat,1,19.00,,19.00
2449,432,44,Lemongrass Vermicelli Bowl,Rice & Noodles,1,20.00,Less Spicy,20.00
2450,432,31,Spicy Chicken,Plant-Based Meat,1,19.00,,19.00
2451,432,46,Jasmine Rice,Sides,1,2.75,,2.75
2452,432,63,Iced Pineapple,Drinks,1,7.50,,7.50
2453,432,72,Vegan Ice Cream,Desserts,1,7.00,,7.00
2454,432,69,Cheesecake,Desserts,1,11.00,,11.00
2455,433,20,Spicy Coconut Eggplant,Veggie & Tofu,1,18.00,Gluten Friendly,18.00
2456,433,75,Extra Tofu,Extras,1,4.00,,4.00
2457,434,21,Mapo Tofu,Veggie & Tofu,1,19.00,,19.00
2458,434,51,Soy Latte,Coffee,1,5.50,,5.50
2459,434,32,General Tao Chicken,Plant-Based Meat,1,21.00,Gluten Friendly,21.00
2460,434,47,Coconut Rice,Sides,1,3.00,,3.00
2461,434,58,London Fog,Tea,1,5.50,,5.50
2462,434,38,Rendang,Plant-Based Meat,1,20.00,Sauce on Side,20.00
2463,434,47,Coconut Rice,Sides,1,3.00,,3.00
2464,434,26,Chili Tofu,Veggie & Tofu,1,19.00,Less Spicy,19.00
2465,434,56,Organic Tea,Tea,1,3.50,,3.50
2466,434,24,Tempeh Pulau,Veggie & Tofu,1,20.00,Extra Spicy,20.00
2467,434,46,Jasmine Rice,Sides,1,2.75,,2.75
2468,434,51,Soy Latte,Coffee,1,5.50,,5.50
2469,434,33,Curry Chicken,Plant-Based Meat,1,22.00,,22.00
2470,434,69,Cheesecake,Desserts,1,11.00,,11.00
2471,435,34,Curry Mutton,Plant-Based Meat,1,22.00,,22.00
2472,435,51,Soy Latte,Coffee,1,5.50,,5.50
2473,435,18,King Oyster Mushroom Gaylan,Veggie & Tofu,1,20.00,,20.00
2474,435,46,Jasmine Rice,Sides,1,2.75,,2.75
2475,435,75,Extra Tofu,Extras,1,4.00,,4.00
2476,435,66,Assorted Soft Drinks,Drinks,1,2.50,,2.50
2477,435,22,Pan-Fried Broccoli & Cauliflower,Veggie & Tofu,1,18.00,No Onion,18.00
2478,435,48,Brown Rice,Sides,1,3.00,,3.00
2479,435,60,Matcha Latte,Tea,1,6.50,,6.50
2480,435,32,General Tao Chicken,Plant-Based Meat,1,21.00,Extra Spicy,21.00
2481,435,47,Coconut Rice,Sides,1,3.00,,3.00
2482,435,9,Crispy Chicken Strips,Starters,1,13.00,,13.00
2483,435,5,Deep Fried Tofu,Starters,1,13.00,,13.00
2484,435,71,Fried Banana with Coconut Ice Cream,Desserts,1,13.00,,13.00
2485,436,44,Lemongrass Vermicelli Bowl,Rice & Noodles,1,20.00,,20.00
2486,436,50,Americano,Coffee,1,4.50,,4.50
2487,436,28,Ginger Beef,Plant-Based Meat,1,21.00,,21.00
2488,436,46,Jasmine Rice,Sides,1,2.75,,2.75
2489,437,30,Sweet & Sour Chicken,Plant-Based Meat,1,19.00,,19.00
2490,437,55,Decaf Coffee,Coffee,1,4.50,,4.50
2491,437,40,Bakmi Goreng,Rice & Noodles,1,19.00,,19.00
2492,437,65,Iced Passion Fruit Green Tea,Drinks,1,7.00,,7.00
2493,438,38,Rendang,Plant-Based Meat,1,20.00,,20.00
2494,438,46,Jasmine Rice,Sides,1,2.75,,2.75
2495,438,63,Iced Pineapple,Drinks,1,7.50,,7.50
2496,438,15,Padmanadi Vegetable Deluxe,Veggie & Tofu,1,19.00,Sauce on Side,19.00
2497,438,66,Assorted Soft Drinks,Drinks,1,2.50,,2.50
2498,438,1,Vegetable Spring Rolls (3pc),Starters,1,6.00,,6.00
2499,439,15,Padmanadi Vegetable Deluxe,Veggie & Tofu,1,19.00,,19.00
2500,439,46,Jasmine Rice,Sides,1,2.75,,2.75
2501,439,33,Curry Chicken,Plant-Based Meat,1,22.00,Gluten Friendly,22.00
2502,439,76,Extra Veggies,Extras,1,4.00,,4.00
2503,439,63,Iced Pineapple,Drinks,1,7.50,,7.50
2504,439,7,Roti Canai,Starters,1,13.00,,13.00
2505,440,42,Kwetiau Goreng,Rice & Noodles,1,19.00,,19.00
2506,441,34,Curry Mutton,Plant-Based Meat,1,22.00,Extra Spicy,22.00
2507,441,46,Jasmine Rice,Sides,1,2.75,,2.75
2508,441,17,Spicy String Beans,Veggie & Tofu,1,19.00,,19.00
2509,441,57,Soy Chai Latte,Tea,1,5.50,,5.50
2510,441,45,Bali Buddha Bowl,Rice & Noodles,1,18.00,Allergy: Nuts,18.00
2511,441,50,Americano,Coffee,1,4.50,,4.50
2512,441,33,Curry Chicken,Plant-Based Meat,1,22.00,No Cilantro,22.00
2513,441,46,Jasmine Rice,Sides,1,2.75,,2.75
2514,441,53,Vegan Iced Coffee,Coffee,1,5.50,,5.50
2515,442,29,Dendeng,Plant-Based Meat,1,20.00,No Mushrooms,20.00
2516,442,46,Jasmine Rice,Sides,1,2.75,,2.75
2517,442,30,Sweet & Sour Chicken,Plant-Based Meat,1,19.00,,19.00
2518,442,60,Matcha Latte,Tea,1,6.50,,6.50
2519,442,1,Vegetable Spring Rolls (3pc),Starters,1,6.00,,6.00
2520,443,32,General Tao Chicken,Plant-Based Meat,1,21.00,Gluten Friendly,21.00
2521,443,53,Vegan Iced Coffee,Coffee,1,5.50,,5.50
2522,443,15,Padmanadi Vegetable Deluxe,Veggie & Tofu,1,19.00,No Cilantro,19.00
2523,443,74,Extra Protein,Extras,1,5.00,,5.00
2524,443,39,Nasi Goreng,Rice & Noodles,1,18.00,No Onion,18.00
2525,443,62,Iced Lychee,Drinks,1,7.50,,7.50
2526,443,37,Teriyaki Chicken,Plant-Based Meat,1,19.00,,19.00
2527,443,55,Decaf Coffee,Coffee,1,4.50,,4.50
2528,443,17,Spicy String Beans,Veggie & Tofu,1,19.00,Extra Sauce,19.00
2529,443,47,Coconut Rice,Sides,1,3.00,,3.00
2530,443,51,Soy Latte,Coffee,1,5.50,,5.50
2531,443,18,King Oyster Mushroom Gaylan,Veggie & Tofu,1,20.00,,20.00
2532,443,46,Jasmine Rice,Sides,1,2.75,,2.75
2533,443,26,Chili Tofu,Veggie & Tofu,1,19.00,Allergy: Nuts,19.00
2534,443,46,Jasmine Rice,Sides,1,2.75,,2.75
2535,443,67,Raspberry Lime Italian Soda,Drinks,1,6.50,,6.50
2536,444,34,Curry Mutton,Plant-Based Meat,1,22.00,,22.00
2537,444,28,Ginger Beef,Plant-Based Meat,1,21.00,Allergy: Nuts,21.00
2538,444,56,Organic Tea,Tea,1,3.50,,3.50
2539,444,1,Vegetable Spring Rolls (3pc),Starters,1,6.00,,6.00
2540,445,38,Rendang,Plant-Based Meat,1,20.00,,20.00
2541,445,38,Rendang,Plant-Based Meat,1,20.00,Less Spicy,20.00
2542,445,38,Rendang,Plant-Based Meat,1,20.00,,20.00
2543,445,46,Jasmine Rice,Sides,1,2.75,,2.75
2544,445,3,Satay with Peanut Sauce (1pc),Starters,1,3.00,,3.00
2545,445,70,Panna Cotta,Desserts,1,9.00,,9.00
2546,445,73,Chocolate Mousse,Desserts,1,9.00,,9.00
2547,446,35,Sweet & Sour Shrimp,Plant-Based Meat,1,20.00,Sauce on Side,20.00
2548,446,46,Jasmine Rice,Sides,1,2.75,,2.75
2549,446,28,Ginger Beef,Plant-Based Meat,1,21.00,No Mushrooms,21.00
2550,446,48,Brown Rice,Sides,1,3.00,,3.00
2551,446,61,Iced Oat Strawberry Matcha,Tea,1,8.50,,8.50
2552,446,35,Sweet & Sour Shrimp,Plant-Based Meat,1,20.00,,20.00
2553,446,46,Jasmine Rice,Sides,1,2.75,,2.75
2554,446,62,Iced Lychee,Drinks,1,7.50,,7.50
2555,447,25,Mushroom Tofu,Veggie & Tofu,1,19.00,No Cilantro,19.00
2556,447,61,Iced Oat Strawberry Matcha,Tea,1,8.50,,8.50
2557,447,38,Rendang,Plant-Based Meat,1,20.00,No Cilantro,20.00
2558,447,9,Crispy Chicken Strips,Starters,1,13.00,,13.00
2559,448,39,Nasi Goreng,Rice & Noodles,1,18.00,,18.00
2560,448,62,Iced Lychee,Drinks,1,7.50,,7.50
2561,448,39,Nasi Goreng,Rice & Noodles,1,18.00,,18.00
2562,449,21,Mapo Tofu,Veggie & Tofu,1,19.00,,19.00
2563,449,48,Brown Rice,Sides,1,3.00,,3.00
2564,449,75,Extra Tofu,Extras,1,4.00,,4.00
2565,449,52,Soy Mocha,Coffee,1,6.00,,6.00
2566,449,32,General Tao Chicken,Plant-Based Meat,1,21.00,Extra Spicy,21.00
2567,449,74,Extra Protein,Extras,1,5.00,,5.00
2568,449,14,Spicy Curry Noodle Soup,Soups,1,18.00,,18.00
2569,449,27,Kung Pao Chicken,Plant-Based Meat,1,20.00,Extra Sauce,20.00
2570,450,33,Curry Chicken,Plant-Based Meat,1,22.00,,22.00
2571,450,48,Brown Rice,Sides,1,3.00,,3.00
2572,450,72,Vegan Ice Cream,Desserts,1,7.00,,7.00
2573,451,27,Kung Pao Chicken,Plant-Based Meat,1,20.00,,20.00
2574,451,61,Iced Oat Strawberry Matcha,Tea,1,8.50,,8.50
2575,451,38,Rendang,Plant-Based Meat,1,20.00,Less Spicy,20.00
2576,451,38,Rendang,Plant-Based Meat,1,20.00,,20.00
2577,451,48,Brown Rice,Sides,1,3.00,,3.00
2578,452,33,Curry Chicken,Plant-Based Meat,1,22.00,No Mushrooms,22.00
2579,452,74,Extra Protein,Extras,1,5.00,,5.00
2580,452,26,Chili Tofu,Veggie & Tofu,1,19.00,,19.00
2581,452,47,Coconut Rice,Sides,1,3.00,,3.00
2582,452,37,Teriyaki Chicken,Plant-Based Meat,1,19.00,Allergy: Nuts,19.00
2583,452,48,Brown Rice,Sides,1,3.00,,3.00
2584,452,60,Matcha Latte,Tea,1,6.50,,6.50
2585,452,45,Bali Buddha Bowl,Rice & Noodles,1,18.00,,18.00
2586,452,52,Soy Mocha,Coffee,1,6.00,,6.00
2587,452,13,Tom Yum Soup,Soups,1,18.00,,18.00
2588,452,11,Fried Enoki Mushroom,Starters,1,16.00,,16.00
2589,453,30,Sweet & Sour Chicken,Plant-Based Meat,1,19.00,,19.00
2590,453,51,Soy Latte,Coffee,1,5.50,,5.50
2591,453,37,Teriyaki Chicken,Plant-Based Meat,1,19.00,,19.00
2592,453,76,Extra Veggies,Extras,1,4.00,,4.00
2593,453,50,Americano,Coffee,1,4.50,,4.50
2594,453,45,Bali Buddha Bowl,Rice & Noodles,1,18.00,,18.00
2595,454,21,Mapo Tofu,Veggie & Tofu,1,19.00,No Mushrooms,19.00
2596,454,46,Jasmine Rice,Sides,1,2.75,,2.75
2597,454,54,Iced Brown Sugar Oat Latte,Coffee,1,6.50,,6.50
2598,454,19,Savory Eggplant,Veggie & Tofu,1,18.00,,18.00
2599,454,46,Jasmine Rice,Sides,1,2.75,,2.75
2600,454,66,Assorted Soft Drinks,Drinks,1,2.50,,2.50
2601,454,69,Cheesecake,Desserts,1,11.00,,11.00
2602,454,69,Cheesecake,Desserts,1,11.00,,11.00
2603,455,28,Ginger Beef,Plant-Based Meat,1,21.00,,21.00
2604,455,60,Matcha Latte,Tea,1,6.50,,6.50
2605,455,23,Curry Vegetables & Tofu,Veggie & Tofu,1,20.00,No Cilantro,20.00
2606,455,75,Extra Tofu,Extras,1,4.00,,4.00
2607,456,41,Bihun Goreng,Rice & Noodles,1,18.00,,18.00
2608,456,40,Bakmi Goreng,Rice & Noodles,1,19.00,,19.00
2609,456,24,Tempeh Pulau,Veggie & Tofu,1,20.00,,20.00
2610,456,56,Organic Tea,Tea,1,3.50,,3.50
2611,456,19,Savory Eggplant,Veggie & Tofu,1,18.00,,18.00
2612,456,43,Singapore Noodle,Rice & Noodles,1,19.00,Sauce on Side,19.00
2613,456,60,Matcha Latte,Tea,1,6.50,,6.50
2614,456,28,Ginger Beef,Plant-Based Meat,1,21.00,No Mushrooms,21.00
2615,456,63,Iced Pineapple,Drinks,1,7.50,,7.50
2616,456,28,Ginger Beef,Plant-Based Meat,1,21.00,Allergy: Nuts,21.00
2617,456,46,Jasmine Rice,Sides,1,2.75,,2.75
2618,456,54,Iced Brown Sugar Oat Latte,Coffee,1,6.50,,6.50
2619,456,32,General Tao Chicken,Plant-Based Meat,1,21.00,,21.00
2620,456,9,Crispy Chicken Strips,Starters,1,13.00,,13.00
2621,456,11,Fried Enoki Mushroom,Starters,1,16.00,,16.00
2622,457,41,Bihun Goreng,Rice & Noodles,1,18.00,,18.00
2623,457,62,Iced Lychee,Drinks,1,7.50,,7.50
2624,457,15,Padmanadi Vegetable Deluxe,Veggie & Tofu,1,19.00,,19.00
2625,457,66,Assorted Soft Drinks,Drinks,1,2.50,,2.50
2626,458,30,Sweet & Sour Chicken,Plant-Based Meat,1,19.00,,19.00
2627,458,46,Jasmine Rice,Sides,1,2.75,,2.75
2628,458,17,Spicy String Beans,Veggie & Tofu,1,19.00,,19.00
2629,458,46,Jasmine Rice,Sides,1,2.75,,2.75
2630,459,12,Wonton Soup,Soups,1,18.00,,18.00
2631,459,66,Assorted Soft Drinks,Drinks,1,2.50,,2.50
2632,460,44,Lemongrass Vermicelli Bowl,Rice & Noodles,1,20.00,,20.00
2633,460,59,Hot Chocolate,Tea,1,5.00,,5.00
2634,460,29,Dendeng,Plant-Based Meat,1,20.00,,20.00
2635,460,46,Jasmine Rice,Sides,1,2.75,,2.75
2636,460,51,Soy Latte,Coffee,1,5.50,,5.50
2637,460,14,Spicy Curry Noodle Soup,Soups,1,18.00,,18.00
2638,460,79,Add Noodles (Soup),Extras,1,3.00,,3.00
2639,460,52,Soy Mocha,Coffee,1,6.00,,6.00
2640,460,34,Curry Mutton,Plant-Based Meat,1,22.00,Gluten Friendly,22.00
2641,460,46,Jasmine Rice,Sides,1,2.75,,2.75
2642,460,62,Iced Lychee,Drinks,1,7.50,,7.50
2643,460,71,Fried Banana with Coconut Ice Cream,Desserts,1,13.00,,13.00
2644,460,69,Cheesecake,Desserts,1,11.00,,11.00
2645,461,22,Pan-Fried Broccoli & Cauliflower,Veggie & Tofu,1,18.00,,18.00
2646,461,56,Organic Tea,Tea,1,3.50,,3.50
2647,462,21,Mapo Tofu,Veggie & Tofu,1,19.00,No Onion,19.00
2648,462,25,Mushroom Tofu,Veggie & Tofu,1,19.00,No Cilantro,19.00
2649,462,47,Coconut Rice,Sides,1,3.00,,3.00
2650,462,51,Soy Latte,Coffee,1,5.50,,5.50
2651,462,19,Savory Eggplant,Veggie & Tofu,1,18.00,,18.00
2652,462,12,Wonton Soup,Soups,1,18.00,No Cilantro,18.00
2653,462,9,Crispy Chicken Strips,Starters,1,13.00,,13.00
2654,462,72,Vegan Ice Cream,Desserts,1,7.00,,7.00
2655,463,28,Ginger Beef,Plant-Based Meat,1,21.00,Extra Sauce,21.00
2656,463,47,Coconut Rice,Sides,1,3.00,,3.00
2657,464,42,Kwetiau Goreng,Rice & Noodles,1,19.00,,19.00
2658,464,63,Iced Pineapple,Drinks,1,7.50,,7.50
2659,465,39,Nasi Goreng,Rice & Noodles,1,18.00,Extra Sauce,18.00
2660,465,76,Extra Veggies,Extras,1,4.00,,4.00
2661,465,62,Iced Lychee,Drinks,1,7.50,,7.50
2662,466,25,Mushroom Tofu,Veggie & Tofu,1,19.00,,19.00
2663,467,18,King Oyster Mushroom Gaylan,Veggie & Tofu,1,20.00,,20.00
2664,467,48,Brown Rice,Sides,1,3.00,,3.00
2665,467,76,Extra Veggies,Extras,1,4.00,,4.00
2666,467,43,Singapore Noodle,Rice & Noodles,1,19.00,,19.00
2667,467,67,Raspberry Lime Italian Soda,Drinks,1,6.50,,6.50
2668,467,33,Curry Chicken,Plant-Based Meat,1,22.00,,22.00
2669,467,4,Satay with Peanut Sauce (3pc),Starters,1,10.00,,10.00
2670,468,49,Lunch Special,Lunch Special,1,18.00,Entree: Chili Green Beans,18.00
2671,468,77,Sub Coconut Rice (+1),Extras,1,1.00,,1.00
2672,468,21,Mapo Tofu,Veggie & Tofu,1,19.00,,19.00
2673,468,49,Lunch Special,Lunch Special,1,18.00,Entree: Spicy Nuggets,18.00
2674,468,50,Americano,Coffee,1,4.50,,4.50
2675,469,19,Savory Eggplant,Veggie & Tofu,1,18.00,Allergy: Nuts,18.00
2676,469,74,Extra Protein,Extras,1,5.00,,5.00
2677,469,51,Soy Latte,Coffee,1,5.50,,5.50
2678,469,23,Curry Vegetables & Tofu,Veggie & Tofu,1,20.00,No Mushrooms,20.00
2679,469,58,London Fog,Tea,1,5.50,,5.50
2680,470,49,Lunch Special,Lunch Special,1,18.00,Entree: Sweet & Sour Nuggets,18.00
2681,470,66,Assorted Soft Drinks,Drinks,1,2.50,,2.50
2682,470,18,King Oyster Mushroom Gaylan,Veggie & Tofu,1,20.00,,20.00
2683,470,46,Jasmine Rice,Sides,1,2.75,,2.75
2684,470,74,Extra Protein,Extras,1,5.00,,5.00
2685,471,33,Curry Chicken,Plant-Based Meat,1,22.00,,22.00
2686,471,62,Iced Lychee,Drinks,1,7.50,,7.50
2687,472,49,Lunch Special,Lunch Special,1,18.00,Entree: Teriyaki Chicken,18.00
2688,473,49,Lunch Special,Lunch Special,1,18.00,Entree: Chili Green Beans,18.00
2689,473,56,Organic Tea,Tea,1,3.50,,3.50
2690,473,44,Lemongrass Vermicelli Bowl,Rice & Noodles,1,20.00,No Onion,20.00
2691,473,61,Iced Oat Strawberry Matcha,Tea,1,8.50,,8.50
2692,474,33,Curry Chicken,Plant-Based Meat,1,22.00,No Peanuts,22.00
2693,474,47,Coconut Rice,Sides,1,3.00,,3.00
2694,474,62,Iced Lychee,Drinks,1,7.50,,7.50
2695,474,31,Spicy Chicken,Plant-Based Meat,1,19.00,,19.00
2696,475,44,Lemongrass Vermicelli Bowl,Rice & Noodles,1,20.00,,20.00
2697,475,24,Tempeh Pulau,Veggie & Tofu,1,20.00,,20.00
2698,475,38,Rendang,Plant-Based Meat,1,20.00,,20.00
2699,475,46,Jasmine Rice,Sides,1,2.75,,2.75
2700,475,56,Organic Tea,Tea,1,3.50,,3.50
2701,475,31,Spicy Chicken,Plant-Based Meat,1,19.00,,19.00
2702,475,46,Jasmine Rice,Sides,1,2.75,,2.75
2703,475,66,Assorted Soft Drinks,Drinks,1,2.50,,2.50
2704,475,2,Vegetable Spring Rolls (6pc),Starters,1,9.00,,9.00
2705,475,4,Satay with Peanut Sauce (3pc),Starters,1,10.00,,10.00
2706,476,29,Dendeng,Plant-Based Meat,1,20.00,,20.00
2707,476,49,Lunch Special,Lunch Special,1,18.00,Entree: Chili Green Beans,18.00
2708,476,62,Iced Lychee,Drinks,1,7.50,,7.50
2709,476,33,Curry Chicken,Plant-Based Meat,1,22.00,,22.00
2710,476,46,Jasmine Rice,Sides,1,2.75,,2.75
2711,476,7,Roti Canai,Starters,1,13.00,,13.00
2712,477,19,Savory Eggplant,Veggie & Tofu,1,18.00,Allergy: Nuts,18.00
2713,477,46,Jasmine Rice,Sides,1,2.75,,2.75
2714,477,53,Vegan Iced Coffee,Coffee,1,5.50,,5.50
2715,477,23,Curry Vegetables & Tofu,Veggie & Tofu,1,20.00,,20.00
2716,477,46,Jasmine Rice,Sides,1,2.75,,2.75
2717,478,49,Lunch Special,Lunch Special,1,18.00,Entree: Spicy Nuggets,18.00
2718,478,51,Soy Latte,Coffee,1,5.50,,5.50
2719,478,49,Lunch Special,Lunch Special,1,18.00,Entree: Teriyaki Chicken,18.00
2720,478,64,Sparkling Yuzu,Drinks,1,8.50,,8.50
2721,478,2,Vegetable Spring Rolls (6pc),Starters,1,9.00,,9.00
2722,478,73,Chocolate Mousse,Desserts,1,9.00,,9.00
2723,478,71,Fried Banana with Coconut Ice Cream,Desserts,1,13.00,,13.00
2724,479,38,Rendang,Plant-Based Meat,1,20.00,,20.00
2725,479,46,Jasmine Rice,Sides,1,2.75,,2.75
2726,479,56,Organic Tea,Tea,1,3.50,,3.50
2727,479,49,Lunch Special,Lunch Special,1,18.00,Entree: Kung Pao Chicken,18.00
2728,479,32,General Tao Chicken,Plant-Based Meat,1,21.00,,21.00
2729,479,76,Extra Veggies,Extras,1,4.00,,4.00
2730,479,63,Iced Pineapple,Drinks,1,7.50,,7.50
2731,479,49,Lunch Special,Lunch Special,1,18.00,Entree: Rendang,18.00
2732,479,9,Crispy Chicken Strips,Starters,1,13.00,,13.00
2733,479,2,Vegetable Spring Rolls (6pc),Starters,1,9.00,,9.00
2734,479,69,Cheesecake,Desserts,1,11.00,,11.00
2735,480,16,Chili Green Beans,Veggie & Tofu,1,19.00,Gluten Friendly,19.00
2736,480,47,Coconut Rice,Sides,1,3.00,,3.00
2737,480,53,Vegan Iced Coffee,Coffee,1,5.50,,5.50
2738,480,2,Vegetable Spring Rolls (6pc),Starters,1,9.00,,9.00
2739,481,18,King Oyster Mushroom Gaylan,Veggie & Tofu,1,20.00,No Peanuts,20.00
2740,481,47,Coconut Rice,Sides,1,3.00,,3.00
2741,481,56,Organic Tea,Tea,1,3.50,,3.50
2742,481,49,Lunch Special,Lunch Special,1,18.00,Entree: Chili Tofu,18.00
2743,481,52,Soy Mocha,Coffee,1,6.00,,6.00
2744,481,49,Lunch Special,Lunch Special,1,18.00,Entree: Kung Pao Chicken,18.00
2745,481,54,Iced Brown Sugar Oat Latte,Coffee,1,6.50,,6.50
2746,482,49,Lunch Special,Lunch Special,1,18.00,Entree: Spicy Nuggets,18.00
2747,482,78,Sub Brown Rice (+1),Extras,1,1.00,,1.00
2748,482,58,London Fog,Tea,1,5.50,,5.50
2749,482,33,Curry Chicken,Plant-Based Meat,1,22.00,,22.00
2750,483,49,Lunch Special,Lunch Special,1,18.00,Entree: Sweet & Sour Chicken,18.00
2751,483,60,Matcha Latte,Tea,1,6.50,,6.50
2752,483,32,General Tao Chicken,Plant-Based Meat,1,21.00,,21.00
2753,483,10,Bean Curd Drumsticks,Starters,1,13.00,,13.00
2754,483,69,Cheesecake,Desserts,1,11.00,,11.00
2755,484,27,Kung Pao Chicken,Plant-Based Meat,1,20.00,Less Spicy,20.00
2756,484,29,Dendeng,Plant-Based Meat,1,20.00,Less Spicy,20.00
2757,484,46,Jasmine Rice,Sides,1,2.75,,2.75
2758,484,68,Iced Blackberry Hibiscus Tea,Drinks,1,7.00,,7.00
2759,484,39,Nasi Goreng,Rice & Noodles,1,18.00,,18.00
2760,484,66,Assorted Soft Drinks,Drinks,1,2.50,,2.50
2761,484,13,Tom Yum Soup,Soups,1,18.00,Extra Sauce,18.00
2762,484,75,Extra Tofu,Extras,1,4.00,,4.00
2763,484,54,Iced Brown Sugar Oat Latte,Coffee,1,6.50,,6.50
2764,484,9,Crispy Chicken Strips,Starters,1,13.00,,13.00
2765,484,69,Cheesecake,Desserts,1,11.00,,11.00
2766,484,69,Cheesecake,Desserts,1,11.00,,11.00
2767,485,13,Tom Yum Soup,Soups,1,18.00,,18.00
2768,485,79,Add Noodles (Soup),Extras,1,3.00,,3.00
2769,485,60,Matcha Latte,Tea,1,6.50,,6.50
2770,485,49,Lunch Special,Lunch Special,1,18.00,Entree: Kung Pao Chicken,18.00
2771,485,56,Organic Tea,Tea,1,3.50,,3.50
2772,485,32,General Tao Chicken,Plant-Based Meat,1,21.00,,21.00
2773,485,47,Coconut Rice,Sides,1,3.00,,3.00
2774,485,62,Iced Lychee,Drinks,1,7.50,,7.50
2775,485,6,Gado Gado,Starters,1,14.00,,14.00
2776,486,41,Bihun Goreng,Rice & Noodles,1,18.00,Gluten Friendly,18.00
2777,486,53,Vegan Iced Coffee,Coffee,1,5.50,,5.50
2778,486,49,Lunch Special,Lunch Special,1,18.00,Entree: Spicy Nuggets,18.00
2779,486,3,Satay with Peanut Sauce (1pc),Starters,1,3.00,,3.00
2780,487,28,Ginger Beef,Plant-Based Meat,1,21.00,,21.00
2781,487,55,Decaf Coffee,Coffee,1,4.50,,4.50
2782,487,34,Curry Mutton,Plant-Based Meat,1,22.00,,22.00
2783,487,47,Coconut Rice,Sides,1,3.00,,3.00
2784,487,51,Soy Latte,Coffee,1,5.50,,5.50
2785,487,7,Roti Canai,Starters,1,13.00,,13.00
2786,487,72,Vegan Ice Cream,Desserts,1,7.00,,7.00
2787,487,71,Fried Banana with Coconut Ice Cream,Desserts,1,13.00,,13.00
2788,488,49,Lunch Special,Lunch Special,1,18.00,Entree: Curried Tofu w/ Vegetables,18.00
2789,488,54,Iced Brown Sugar Oat Latte,Coffee,1,6.50,,6.50
2790,488,49,Lunch Special,Lunch Special,1,18.00,Entree: Kung Pao Chicken,18.00
2791,488,57,Soy Chai Latte,Tea,1,5.50,,5.50
2792,488,8,Breaded Cauliflower Bites,Starters,1,13.00,,13.00
2793,489,49,Lunch Special,Lunch Special,1,18.00,Entree: Savory Eggplant,18.00
2794,489,65,Iced Passion Fruit Green Tea,Drinks,1,7.00,,7.00
2795,489,49,Lunch Special,Lunch Special,1,18.00,Entree: Chili Tofu,18.00
2796,490,30,Sweet & Sour Chicken,Plant-Based Meat,1,19.00,,19.00
2797,490,49,Lunch Special,Lunch Special,1,18.00,Entree: Chili Green Beans,18.00
2798,490,62,Iced Lychee,Drinks,1,7.50,,7.50
2799,490,1,Vegetable Spring Rolls (3pc),Starters,1,6.00,,6.00
2800,490,73,Chocolate Mousse,Desserts,1,9.00,,9.00
2801,491,49,Lunch Special,Lunch Special,1,18.00,Entree: Sweet & Sour Chicken,18.00
2802,492,23,Curry Vegetables & Tofu,Veggie & Tofu,1,20.00,,20.00
2803,492,20,Spicy Coconut Eggplant,Veggie & Tofu,1,18.00,,18.00
2804,492,53,Vegan Iced Coffee,Coffee,1,5.50,,5.50
2805,492,21,Mapo Tofu,Veggie & Tofu,1,19.00,No Peanuts,19.00
2806,492,46,Jasmine Rice,Sides,1,2.75,,2.75
2807,492,76,Extra Veggies,Extras,1,4.00,,4.00
2808,492,49,Lunch Special,Lunch Special,1,18.00,Entree: Curried Tofu w/ Vegetables,18.00
2809,492,67,Raspberry Lime Italian Soda,Drinks,1,6.50,,6.50
2810,493,31,Spicy Chicken,Plant-Based Meat,1,19.00,,19.00
2811,493,66,Assorted Soft Drinks,Drinks,1,2.50,,2.50
2812,493,27,Kung Pao Chicken,Plant-Based Meat,1,20.00,,20.00
2813,493,48,Brown Rice,Sides,1,3.00,,3.00
2814,493,53,Vegan Iced Coffee,Coffee,1,5.50,,5.50
2815,494,49,Lunch Special,Lunch Special,1,18.00,Entree: Padmanadi Veg Deluxe,18.00
2816,494,24,Tempeh Pulau,Veggie & Tofu,1,20.00,,20.00
2817,494,72,Vegan Ice Cream,Desserts,1,7.00,,7.00
2818,494,72,Vegan Ice Cream,Desserts,1,7.00,,7.00
2819,495,45,Bali Buddha Bowl,Rice & Noodles,1,18.00,,18.00
2820,495,64,Sparkling Yuzu,Drinks,1,8.50,,8.50
2821,495,73,Chocolate Mousse,Desserts,1,9.00,,9.00
2822,496,12,Wonton Soup,Soups,1,18.00,,18.00
2823,496,62,Iced Lychee,Drinks,1,7.50,,7.50
2824,496,49,Lunch Special,Lunch Special,1,18.00,Entree: Kung Pao Chicken,18.00
2825,497,49,Lunch Special,Lunch Special,1,18.00,Entree: Curry Mutton,18.00
2826,497,66,Assorted Soft Drinks,Drinks,1,2.50,,2.50
2827,497,49,Lunch Special,Lunch Special,1,18.00,Entree: Sweet & Sour Nuggets,18.00
2828,497,60,Matcha Latte,Tea,1,6.50,,6.50
2829,497,49,Lunch Special,Lunch Special,1,18.00,Entree: Sweet & Sour Chicken,18.00
2830,497,66,Assorted Soft Drinks,Drinks,1,2.50,,2.50
2831,498,20,Spicy Coconut Eggplant,Veggie & Tofu,1,18.00,No Onion,18.00
2832,498,49,Lunch Special,Lunch Special,1,18.00,Entree: Chili Green Beans,18.00
2833,498,10,Bean Curd Drumsticks,Starters,1,13.00,,13.00
2834,498,71,Fried Banana with Coconut Ice Cream,Desserts,1,13.00,,13.00
2835,498,73,Chocolate Mousse,Desserts,1,9.00,,9.00
2836,499,17,Spicy String Beans,Veggie & Tofu,1,19.00,,19.00
2837,499,38,Rendang,Plant-Based Meat,1,20.00,,20.00
2838,499,48,Brown Rice,Sides,1,3.00,,3.00
2839,499,22,Pan-Fried Broccoli & Cauliflower,Veggie & Tofu,1,18.00,,18.00
2840,499,62,Iced Lychee,Drinks,1,7.50,,7.50
2841,499,69,Cheesecake,Desserts,1,11.00,,11.00
2842,500,42,Kwetiau Goreng,Rice & Noodles,1,19.00,,19.00
2843,500,57,Soy Chai Latte,Tea,1,5.50,,5.50
2844,500,28,Ginger Beef,Plant-Based Meat,1,21.00,No Mushrooms,21.00
2845,500,54,Iced Brown Sugar Oat Latte,Coffee,1,6.50,,6.50
2846,500,72,Vegan Ice Cream,Desserts,1,7.00,,7.00
2847,500,73,Chocolate Mousse,Desserts,1,9.00,,9.00
2848,501,19,Savory Eggplant,Veggie & Tofu,1,18.00,,18.00
2849,501,59,Hot Chocolate,Tea,1,5.00,,5.00
2850,501,34,Curry Mutton,Plant-Based Meat,1,22.00,No Mushrooms,22.00
2851,501,75,Extra Tofu,Extras,1,4.00,,4.00
2852,501,38,Rendang,Plant-Based Meat,1,20.00,Extra Spicy,20.00
2853,501,46,Jasmine Rice,Sides,1,2.75,,2.75
2854,501,18,King Oyster Mushroom Gaylan,Veggie & Tofu,1,20.00,Allergy: Nuts,20.00
2855,501,47,Coconut Rice,Sides,1,3.00,,3.00
2856,502,22,Pan-Fried Broccoli & Cauliflower,Veggie & Tofu,1,18.00,Sauce on Side,18.00
2857,502,46,Jasmine Rice,Sides,1,2.75,,2.75
2858,502,39,Nasi Goreng,Rice & Noodles,1,18.00,No Onion,18.00
2859,502,56,Organic Tea,Tea,1,3.50,,3.50
2860,503,33,Curry Chicken,Plant-Based Meat,1,22.00,,22.00
2861,503,66,Assorted Soft Drinks,Drinks,1,2.50,,2.50
2862,503,28,Ginger Beef,Plant-Based Meat,1,21.00,,21.00
2863,503,71,Fried Banana with Coconut Ice Cream,Desserts,1,13.00,,13.00
2864,503,71,Fried Banana with Coconut Ice Cream,Desserts,1,13.00,,13.00
2865,504,23,Curry Vegetables & Tofu,Veggie & Tofu,1,20.00,,20.00
2866,504,46,Jasmine Rice,Sides,1,2.75,,2.75
2867,504,67,Raspberry Lime Italian Soda,Drinks,1,6.50,,6.50
2868,504,33,Curry Chicken,Plant-Based Meat,1,22.00,,22.00
2869,504,46,Jasmine Rice,Sides,1,2.75,,2.75
2870,504,56,Organic Tea,Tea,1,3.50,,3.50
2871,504,72,Vegan Ice Cream,Desserts,1,7.00,,7.00
2872,504,71,Fried Banana with Coconut Ice Cream,Desserts,1,13.00,,13.00
2873,505,33,Curry Chicken,Plant-Based Meat,1,22.00,,22.00
2874,505,13,Tom Yum Soup,Soups,1,18.00,,18.00
2875,505,59,Hot Chocolate,Tea,1,5.00,,5.00
2876,505,33,Curry Chicken,Plant-Based Meat,1,22.00,Allergy: Nuts,22.00
2877,505,48,Brown Rice,Sides,1,3.00,,3.00
2878,505,32,General Tao Chicken,Plant-Based Meat,1,21.00,No Mushrooms,21.00
2879,505,75,Extra Tofu,Extras,1,4.00,,4.00
2880,505,72,Vegan Ice Cream,Desserts,1,7.00,,7.00
2881,505,73,Chocolate Mousse,Desserts,1,9.00,,9.00
2882,506,25,Mushroom Tofu,Veggie & Tofu,1,19.00,,19.00
2883,506,47,Coconut Rice,Sides,1,3.00,,3.00
2884,506,66,Assorted Soft Drinks,Drinks,1,2.50,,2.50
2885,507,21,Mapo Tofu,Veggie & Tofu,1,19.00,No Mushrooms,19.00
2886,507,53,Vegan Iced Coffee,Coffee,1,5.50,,5.50
2887,507,10,Bean Curd Drumsticks,Starters,1,13.00,,13.00
2888,508,28,Ginger Beef,Plant-Based Meat,1,21.00,,21.00
2889,508,63,Iced Pineapple,Drinks,1,7.50,,7.50
2890,509,39,Nasi Goreng,Rice & Noodles,1,18.00,,18.00
2891,509,12,Wonton Soup,Soups,1,18.00,Sauce on Side,18.00
2892,509,57,Soy Chai Latte,Tea,1,5.50,,5.50
2893,509,28,Ginger Beef,Plant-Based Meat,1,21.00,Less Spicy,21.00
2894,509,46,Jasmine Rice,Sides,1,2.75,,2.75
2895,509,65,Iced Passion Fruit Green Tea,Drinks,1,7.00,,7.00
2896,509,38,Rendang,Plant-Based Meat,1,20.00,No Onion,20.00
2897,509,47,Coconut Rice,Sides,1,3.00,,3.00
2898,509,6,Gado Gado,Starters,1,14.00,,14.00
2899,509,73,Chocolate Mousse,Desserts,1,9.00,,9.00
2900,509,72,Vegan Ice Cream,Desserts,1,7.00,,7.00
2901,510,32,General Tao Chicken,Plant-Based Meat,1,21.00,,21.00
2902,510,15,Padmanadi Vegetable Deluxe,Veggie & Tofu,1,19.00,Sauce on Side,19.00
2903,510,2,Vegetable Spring Rolls (6pc),Starters,1,9.00,,9.00
2904,511,25,Mushroom Tofu,Veggie & Tofu,1,19.00,,19.00
2905,512,30,Sweet & Sour Chicken,Plant-Based Meat,1,19.00,,19.00
2906,512,66,Assorted Soft Drinks,Drinks,1,2.50,,2.50
2907,512,2,Vegetable Spring Rolls (6pc),Starters,1,9.00,,9.00
2908,513,30,Sweet & Sour Chicken,Plant-Based Meat,1,19.00,,19.00
2909,513,48,Brown Rice,Sides,1,3.00,,3.00
2910,513,57,Soy Chai Latte,Tea,1,5.50,,5.50
2911,513,38,Rendang,Plant-Based Meat,1,20.00,Sauce on Side,20.00
2912,513,33,Curry Chicken,Plant-Based Meat,1,22.00,No Mushrooms,22.00
2913,513,48,Brown Rice,Sides,1,3.00,,3.00
2914,513,22,Pan-Fried Broccoli & Cauliflower,Veggie & Tofu,1,18.00,,18.00
2915,513,47,Coconut Rice,Sides,1,3.00,,3.00
2916,513,34,Curry Mutton,Plant-Based Meat,1,22.00,Extra Spicy,22.00
2917,513,47,Coconut Rice,Sides,1,3.00,,3.00
2918,513,68,Iced Blackberry Hibiscus Tea,Drinks,1,7.00,,7.00
2919,513,15,Padmanadi Vegetable Deluxe,Veggie & Tofu,1,19.00,,19.00
2920,513,14,Spicy Curry Noodle Soup,Soups,1,18.00,,18.00
2921,513,63,Iced Pineapple,Drinks,1,7.50,,7.50
2922,513,32,General Tao Chicken,Plant-Based Meat,1,21.00,Extra Sauce,21.00
2923,513,66,Assorted Soft Drinks,Drinks,1,2.50,,2.50
2924,513,1,Vegetable Spring Rolls (3pc),Starters,1,6.00,,6.00
2925,513,2,Vegetable Spring Rolls (6pc),Starters,1,9.00,,9.00
2926,513,71,Fried Banana with Coconut Ice Cream,Desserts,1,13.00,,13.00
2927,513,69,Cheesecake,Desserts,1,11.00,,11.00
2928,514,35,Sweet & Sour Shrimp,Plant-Based Meat,1,20.00,No Mushrooms,20.00
2929,514,65,Iced Passion Fruit Green Tea,Drinks,1,7.00,,7.00
2930,514,33,Curry Chicken,Plant-Based Meat,1,22.00,,22.00
2931,514,56,Organic Tea,Tea,1,3.50,,3.50
2932,515,29,Dendeng,Plant-Based Meat,1,20.00,Gluten Friendly,20.00
2933,515,47,Coconut Rice,Sides,1,3.00,,3.00
2934,515,62,Iced Lychee,Drinks,1,7.50,,7.50
2935,516,18,King Oyster Mushroom Gaylan,Veggie & Tofu,1,20.00,,20.00
2936,516,47,Coconut Rice,Sides,1,3.00,,3.00
2937,516,61,Iced Oat Strawberry Matcha,Tea,1,8.50,,8.50
2938,516,22,Pan-Fried Broccoli & Cauliflower,Veggie & Tofu,1,18.00,No Mushrooms,18.00
2939,516,60,Matcha Latte,Tea,1,6.50,,6.50
2940,517,28,Ginger Beef,Plant-Based Meat,1,21.00,,21.00
2941,517,32,General Tao Chicken,Plant-Based Meat,1,21.00,Sauce on Side,21.00
2942,518,23,Curry Vegetables & Tofu,Veggie & Tofu,1,20.00,,20.00
2943,518,64,Sparkling Yuzu,Drinks,1,8.50,,8.50
2944,518,8,Breaded Cauliflower Bites,Starters,1,13.00,,13.00
2945,519,24,Tempeh Pulau,Veggie & Tofu,1,20.00,,20.00
2946,519,66,Assorted Soft Drinks,Drinks,1,2.50,,2.50
2947,519,41,Bihun Goreng,Rice & Noodles,1,18.00,,18.00
2948,519,23,Curry Vegetables & Tofu,Veggie & Tofu,1,20.00,,20.00
2949,519,48,Brown Rice,Sides,1,3.00,,3.00
2950,519,42,Kwetiau Goreng,Rice & Noodles,1,19.00,No Mushrooms,19.00
2951,519,13,Tom Yum Soup,Soups,1,18.00,,18.00
2952,519,28,Ginger Beef,Plant-Based Meat,1,21.00,,21.00
2953,519,55,Decaf Coffee,Coffee,1,4.50,,4.50
2954,519,28,Ginger Beef,Plant-Based Meat,1,21.00,Extra Spicy,21.00
2955,519,57,Soy Chai Latte,Tea,1,5.50,,5.50
2956,519,39,Nasi Goreng,Rice & Noodles,1,18.00,Allergy: Nuts,18.00
2957,519,61,Iced Oat Strawberry Matcha,Tea,1,8.50,,8.50
2958,519,4,Satay with Peanut Sauce (3pc),Starters,1,10.00,,10.00
2959,520,38,Rendang,Plant-Based Meat,1,20.00,No Cilantro,20.00
2960,520,66,Assorted Soft Drinks,Drinks,1,2.50,,2.50
2961,520,14,Spicy Curry Noodle Soup,Soups,1,18.00,,18.00
2962,520,61,Iced Oat Strawberry Matcha,Tea,1,8.50,,8.50
2963,521,33,Curry Chicken,Plant-Based Meat,1,22.00,,22.00
2964,521,68,Iced Blackberry Hibiscus Tea,Drinks,1,7.00,,7.00
2965,522,37,Teriyaki Chicken,Plant-Based Meat,1,19.00,No Mushrooms,19.00
2966,522,46,Jasmine Rice,Sides,1,2.75,,2.75
2967,522,50,Americano,Coffee,1,4.50,,4.50
2968,522,43,Singapore Noodle,Rice & Noodles,1,19.00,No Mushrooms,19.00
2969,522,75,Extra Tofu,Extras,1,4.00,,4.00
2970,522,44,Lemongrass Vermicelli Bowl,Rice & Noodles,1,20.00,,20.00
2971,522,76,Extra Veggies,Extras,1,4.00,,4.00
2972,523,35,Sweet & Sour Shrimp,Plant-Based Meat,1,20.00,Extra Sauce,20.00
2973,523,46,Jasmine Rice,Sides,1,2.75,,2.75
2974,523,1,Vegetable Spring Rolls (3pc),Starters,1,6.00,,6.00
2975,524,14,Spicy Curry Noodle Soup,Soups,1,18.00,No Onion,18.00
2976,525,31,Spicy Chicken,Plant-Based Meat,1,19.00,,19.00
2977,525,63,Iced Pineapple,Drinks,1,7.50,,7.50
2978,525,28,Ginger Beef,Plant-Based Meat,1,21.00,,21.00
2979,525,64,Sparkling Yuzu,Drinks,1,8.50,,8.50
2980,525,2,Vegetable Spring Rolls (6pc),Starters,1,9.00,,9.00
2981,526,36,Spicy Shrimp,Plant-Based Meat,1,20.00,Gluten Friendly,20.00
2982,526,66,Assorted Soft Drinks,Drinks,1,2.50,,2.50
2983,526,44,Lemongrass Vermicelli Bowl,Rice & Noodles,1,20.00,,20.00
2984,526,24,Tempeh Pulau,Veggie & Tofu,1,20.00,,20.00
2985,526,76,Extra Veggies,Extras,1,4.00,,4.00
2986,527,30,Sweet & Sour Chicken,Plant-Based Meat,1,19.00,No Peanuts,19.00
2987,527,76,Extra Veggies,Extras,1,4.00,,4.00
2988,527,66,Assorted Soft Drinks,Drinks,1,2.50,,2.50
2989,527,32,General Tao Chicken,Plant-Based Meat,1,21.00,Less Spicy,21.00
2990,527,14,Spicy Curry Noodle Soup,Soups,1,18.00,Gluten Friendly,18.00
2991,527,79,Add Noodles (Soup),Extras,1,3.00,,3.00
2992,527,45,Bali Buddha Bowl,Rice & Noodles,1,18.00,,18.00
2993,528,27,Kung Pao Chicken,Plant-Based Meat,1,20.00,,20.00
2994,528,66,Assorted Soft Drinks,Drinks,1,2.50,,2.50
2995,528,27,Kung Pao Chicken,Plant-Based Meat,1,20.00,Extra Spicy,20.00
2996,528,47,Coconut Rice,Sides,1,3.00,,3.00
2997,528,19,Savory Eggplant,Veggie & Tofu,1,18.00,Sauce on Side,18.00
2998,528,47,Coconut Rice,Sides,1,3.00,,3.00
2999,528,66,Assorted Soft Drinks,Drinks,1,2.50,,2.50
3000,529,19,Savory Eggplant,Veggie & Tofu,1,18.00,No Mushrooms,18.00
3001,529,24,Tempeh Pulau,Veggie & Tofu,1,20.00,,20.00
3002,529,71,Fried Banana with Coconut Ice Cream,Desserts,1,13.00,,13.00
3003,529,71,Fried Banana with Coconut Ice Cream,Desserts,1,13.00,,13.00
3004,530,21,Mapo Tofu,Veggie & Tofu,1,19.00,No Mushrooms,19.00
3005,530,42,Kwetiau Goreng,Rice & Noodles,1,19.00,No Onion,19.00
3006,530,61,Iced Oat Strawberry Matcha,Tea,1,8.50,,8.50
3007,531,24,Tempeh Pulau,Veggie & Tofu,1,20.00,,20.00
3008,531,47,Coconut Rice,Sides,1,3.00,,3.00
3009,531,63,Iced Pineapple,Drinks,1,7.50,,7.50
3010,531,7,Roti Canai,Starters,1,13.00,,13.00
3011,532,26,Chili Tofu,Veggie & Tofu,1,19.00,,19.00
3012,532,17,Spicy String Beans,Veggie & Tofu,1,19.00,Gluten Friendly,19.00
3013,532,47,Coconut Rice,Sides,1,3.00,,3.00
3014,532,59,Hot Chocolate,Tea,1,5.00,,5.00
3015,532,24,Tempeh Pulau,Veggie & Tofu,1,20.00,Less Spicy,20.00
3016,532,54,Iced Brown Sugar Oat Latte,Coffee,1,6.50,,6.50
3017,532,2,Vegetable Spring Rolls (6pc),Starters,1,9.00,,9.00
3018,532,73,Chocolate Mousse,Desserts,1,9.00,,9.00
3019,532,69,Cheesecake,Desserts,1,11.00,,11.00
3020,533,37,Teriyaki Chicken,Plant-Based Meat,1,19.00,No Cilantro,19.00
3021,533,47,Coconut Rice,Sides,1,3.00,,3.00
3022,533,63,Iced Pineapple,Drinks,1,7.50,,7.50
3023,534,34,Curry Mutton,Plant-Based Meat,1,22.00,Extra Spicy,22.00
3024,534,47,Coconut Rice,Sides,1,3.00,,3.00
3025,534,52,Soy Mocha,Coffee,1,6.00,,6.00
3026,534,28,Ginger Beef,Plant-Based Meat,1,21.00,,21.00
3027,534,76,Extra Veggies,Extras,1,4.00,,4.00
3028,535,33,Curry Chicken,Plant-Based Meat,1,22.00,Less Spicy,22.00
3029,535,67,Raspberry Lime Italian Soda,Drinks,1,6.50,,6.50
3030,535,11,Fried Enoki Mushroom,Starters,1,16.00,,16.00
3031,536,19,Savory Eggplant,Veggie & Tofu,1,18.00,Extra Sauce,18.00
3032,536,47,Coconut Rice,Sides,1,3.00,,3.00
3033,536,53,Vegan Iced Coffee,Coffee,1,5.50,,5.50
3034,536,24,Tempeh Pulau,Veggie & Tofu,1,20.00,Less Spicy,20.00
3035,536,46,Jasmine Rice,Sides,1,2.75,,2.75
3036,536,51,Soy Latte,Coffee,1,5.50,,5.50
3037,536,15,Padmanadi Vegetable Deluxe,Veggie & Tofu,1,19.00,No Peanuts,19.00
3038,536,48,Brown Rice,Sides,1,3.00,,3.00
3039,536,44,Lemongrass Vermicelli Bowl,Rice & Noodles,1,20.00,No Cilantro,20.00
3040,536,10,Bean Curd Drumsticks,Starters,1,13.00,,13.00
3041,537,43,Singapore Noodle,Rice & Noodles,1,19.00,Allergy: Nuts,19.00
3042,537,29,Dendeng,Plant-Based Meat,1,20.00,No Onion,20.00
3043,537,46,Jasmine Rice,Sides,1,2.75,,2.75
3044,537,62,Iced Lychee,Drinks,1,7.50,,7.50
3045,537,15,Padmanadi Vegetable Deluxe,Veggie & Tofu,1,19.00,,19.00
3046,537,71,Fried Banana with Coconut Ice Cream,Desserts,1,13.00,,13.00
3047,538,16,Chili Green Beans,Veggie & Tofu,1,19.00,,19.00
3048,538,66,Assorted Soft Drinks,Drinks,1,2.50,,2.50
3049,538,36,Spicy Shrimp,Plant-Based Meat,1,20.00,,20.00
3050,538,47,Coconut Rice,Sides,1,3.00,,3.00
3051,539,33,Curry Chicken,Plant-Based Meat,1,22.00,,22.00
3052,539,27,Kung Pao Chicken,Plant-Based Meat,1,20.00,,20.00
3053,539,5,Deep Fried Tofu,Starters,1,13.00,,13.00
3054,540,31,Spicy Chicken,Plant-Based Meat,1,19.00,,19.00
3055,540,57,Soy Chai Latte,Tea,1,5.50,,5.50
3056,540,15,Padmanadi Vegetable Deluxe,Veggie & Tofu,1,19.00,Extra Sauce,19.00
3057,540,48,Brown Rice,Sides,1,3.00,,3.00
3058,540,58,London Fog,Tea,1,5.50,,5.50
3059,541,22,Pan-Fried Broccoli & Cauliflower,Veggie & Tofu,1,18.00,,18.00
3060,541,46,Jasmine Rice,Sides,1,2.75,,2.75
3061,541,66,Assorted Soft Drinks,Drinks,1,2.50,,2.50
3062,541,34,Curry Mutton,Plant-Based Meat,1,22.00,,22.00
3063,541,74,Extra Protein,Extras,1,5.00,,5.00
3064,541,51,Soy Latte,Coffee,1,5.50,,5.50
3065,542,30,Sweet & Sour Chicken,Plant-Based Meat,1,19.00,No Peanuts,19.00
3066,542,61,Iced Oat Strawberry Matcha,Tea,1,8.50,,8.50
3067,542,42,Kwetiau Goreng,Rice & Noodles,1,19.00,,19.00
3068,542,54,Iced Brown Sugar Oat Latte,Coffee,1,6.50,,6.50
3069,543,34,Curry Mutton,Plant-Based Meat,1,22.00,Sauce on Side,22.00
3070,543,74,Extra Protein,Extras,1,5.00,,5.00
3071,543,3,Satay with Peanut Sauce (1pc),Starters,1,3.00,,3.00
3072,544,39,Nasi Goreng,Rice & Noodles,1,18.00,No Cilantro,18.00
3073,544,63,Iced Pineapple,Drinks,1,7.50,,7.50
3074,545,37,Teriyaki Chicken,Plant-Based Meat,1,19.00,Allergy: Nuts,19.00
3075,545,46,Jasmine Rice,Sides,1,2.75,,2.75
3076,545,66,Assorted Soft Drinks,Drinks,1,2.50,,2.50
3077,545,23,Curry Vegetables & Tofu,Veggie & Tofu,1,20.00,,20.00
3078,545,48,Brown Rice,Sides,1,3.00,,3.00
3079,545,68,Iced Blackberry Hibiscus Tea,Drinks,1,7.00,,7.00
3080,545,11,Fried Enoki Mushroom,Starters,1,16.00,,16.00
3081,545,73,Chocolate Mousse,Desserts,1,9.00,,9.00
3082,545,72,Vegan Ice Cream,Desserts,1,7.00,,7.00
3083,546,18,King Oyster Mushroom Gaylan,Veggie & Tofu,1,20.00,Gluten Friendly,20.00
3084,546,62,Iced Lychee,Drinks,1,7.50,,7.50
3085,547,30,Sweet & Sour Chicken,Plant-Based Meat,1,19.00,,19.00
3086,547,47,Coconut Rice,Sides,1,3.00,,3.00
3087,547,51,Soy Latte,Coffee,1,5.50,,5.50
3088,547,39,Nasi Goreng,Rice & Noodles,1,18.00,Extra Spicy,18.00
3089,547,45,Bali Buddha Bowl,Rice & Noodles,1,18.00,,18.00
3090,547,66,Assorted Soft Drinks,Drinks,1,2.50,,2.50
3091,547,6,Gado Gado,Starters,1,14.00,,14.00
3092,547,71,Fried Banana with Coconut Ice Cream,Desserts,1,13.00,,13.00
3093,548,26,Chili Tofu,Veggie & Tofu,1,19.00,,19.00
3094,548,60,Matcha Latte,Tea,1,6.50,,6.50
3095,548,45,Bali Buddha Bowl,Rice & Noodles,1,18.00,,18.00
3096,548,67,Raspberry Lime Italian Soda,Drinks,1,6.50,,6.50
3097,549,39,Nasi Goreng,Rice & Noodles,1,18.00,No Peanuts,18.00
3098,549,66,Assorted Soft Drinks,Drinks,1,2.50,,2.50
3099,550,49,Lunch Special,Lunch Special,1,18.00,Entree: Curried Tofu w/ Vegetables,18.00
3100,550,33,Curry Chicken,Plant-Based Meat,1,22.00,,22.00
3101,550,47,Coconut Rice,Sides,1,3.00,,3.00
3102,550,53,Vegan Iced Coffee,Coffee,1,5.50,,5.50
3103,551,49,Lunch Special,Lunch Special,1,18.00,Entree: Ginger Beef,18.00
3104,551,28,Ginger Beef,Plant-Based Meat,1,21.00,,21.00
3105,551,46,Jasmine Rice,Sides,1,2.75,,2.75
3106,551,54,Iced Brown Sugar Oat Latte,Coffee,1,6.50,,6.50
3107,551,49,Lunch Special,Lunch Special,1,18.00,Entree: Chili Tofu,18.00
3108,551,65,Iced Passion Fruit Green Tea,Drinks,1,7.00,,7.00
3109,551,16,Chili Green Beans,Veggie & Tofu,1,19.00,Sauce on Side,19.00
3110,551,63,Iced Pineapple,Drinks,1,7.50,,7.50
3111,551,49,Lunch Special,Lunch Special,1,18.00,Entree: Curried Tofu w/ Vegetables,18.00
3112,551,3,Satay with Peanut Sauce (1pc),Starters,1,3.00,,3.00
3113,552,49,Lunch Special,Lunch Special,1,18.00,Entree: Curry Chicken,18.00
3114,552,58,London Fog,Tea,1,5.50,,5.50
3115,552,49,Lunch Special,Lunch Special,1,18.00,Entree: Rendang,18.00
3116,552,49,Lunch Special,Lunch Special,1,18.00,Entree: Curried Tofu w/ Vegetables,18.00
3117,552,5,Deep Fried Tofu,Starters,1,13.00,,13.00
3118,552,69,Cheesecake,Desserts,1,11.00,,11.00
3119,553,31,Spicy Chicken,Plant-Based Meat,1,19.00,,19.00
3120,553,46,Jasmine Rice,Sides,1,2.75,,2.75
3121,553,49,Lunch Special,Lunch Special,1,18.00,Entree: Spicy Nuggets,18.00
3122,553,33,Curry Chicken,Plant-Based Meat,1,22.00,No Peanuts,22.00
3123,553,9,Crispy Chicken Strips,Starters,1,13.00,,13.00
3124,554,28,Ginger Beef,Plant-Based Meat,1,21.00,,21.00
3125,554,51,Soy Latte,Coffee,1,5.50,,5.50
3126,554,31,Spicy Chicken,Plant-Based Meat,1,19.00,Less Spicy,19.00
3127,554,47,Coconut Rice,Sides,1,3.00,,3.00
3128,555,33,Curry Chicken,Plant-Based Meat,1,22.00,,22.00
3129,555,49,Lunch Special,Lunch Special,1,18.00,Entree: Rendang,18.00
3130,556,34,Curry Mutton,Plant-Based Meat,1,22.00,Less Spicy,22.00
3131,556,53,Vegan Iced Coffee,Coffee,1,5.50,,5.50
3132,556,49,Lunch Special,Lunch Special,1,18.00,Entree: Chili Green Beans,18.00
3133,556,44,Lemongrass Vermicelli Bowl,Rice & Noodles,1,20.00,,20.00
3134,556,10,Bean Curd Drumsticks,Starters,1,13.00,,13.00
3135,556,71,Fried Banana with Coconut Ice Cream,Desserts,1,13.00,,13.00
3136,557,21,Mapo Tofu,Veggie & Tofu,1,19.00,,19.00
3137,557,15,Padmanadi Vegetable Deluxe,Veggie & Tofu,1,19.00,,19.00
3138,557,56,Organic Tea,Tea,1,3.50,,3.50
3139,558,49,Lunch Special,Lunch Special,1,18.00,Entree: Chili Green Beans,18.00
3140,558,49,Lunch Special,Lunch Special,1,18.00,Entree: Chili Tofu,18.00
3141,559,39,Nasi Goreng,Rice & Noodles,1,18.00,,18.00
3142,559,52,Soy Mocha,Coffee,1,6.00,,6.00
3143,559,13,Tom Yum Soup,Soups,1,18.00,,18.00
3144,560,49,Lunch Special,Lunch Special,1,18.00,Entree: Curried Tofu w/ Vegetables,18.00
3145,560,49,Lunch Special,Lunch Special,1,18.00,Entree: Sweet & Sour Chicken,18.00
3146,560,68,Iced Blackberry Hibiscus Tea,Drinks,1,7.00,,7.00
3147,560,32,General Tao Chicken,Plant-Based Meat,1,21.00,,21.00
3148,560,47,Coconut Rice,Sides,1,3.00,,3.00
3149,560,54,Iced Brown Sugar Oat Latte,Coffee,1,6.50,,6.50
3150,560,73,Chocolate Mousse,Desserts,1,9.00,,9.00
3151,560,73,Chocolate Mousse,Desserts,1,9.00,,9.00
3152,561,38,Rendang,Plant-Based Meat,1,20.00,,20.00
3153,561,48,Brown Rice,Sides,1,3.00,,3.00
3154,561,54,Iced Brown Sugar Oat Latte,Coffee,1,6.50,,6.50
3155,561,15,Padmanadi Vegetable Deluxe,Veggie & Tofu,1,19.00,Extra Spicy,19.00
3156,561,48,Brown Rice,Sides,1,3.00,,3.00
3157,561,27,Kung Pao Chicken,Plant-Based Meat,1,20.00,,20.00
3158,561,54,Iced Brown Sugar Oat Latte,Coffee,1,6.50,,6.50
3159,561,17,Spicy String Beans,Veggie & Tofu,1,19.00,,19.00
3160,561,70,Panna Cotta,Desserts,1,9.00,,9.00
3161,561,72,Vegan Ice Cream,Desserts,1,7.00,,7.00
3162,562,49,Lunch Special,Lunch Special,1,18.00,Entree: Rendang,18.00
3163,562,52,Soy Mocha,Coffee,1,6.00,,6.00
3164,563,32,General Tao Chicken,Plant-Based Meat,1,21.00,,21.00
3165,563,46,Jasmine Rice,Sides,1,2.75,,2.75
3166,563,49,Lunch Special,Lunch Special,1,18.00,Entree: Rendang,18.00
3167,563,59,Hot Chocolate,Tea,1,5.00,,5.00
3168,563,7,Roti Canai,Starters,1,13.00,,13.00
3169,564,49,Lunch Special,Lunch Special,1,18.00,Entree: Sweet & Sour Chicken,18.00
3170,564,77,Sub Coconut Rice (+1),Extras,1,1.00,,1.00
3171,564,52,Soy Mocha,Coffee,1,6.00,,6.00
3172,564,19,Savory Eggplant,Veggie & Tofu,1,18.00,,18.00
3173,564,7,Roti Canai,Starters,1,13.00,,13.00
3174,565,49,Lunch Special,Lunch Special,1,18.00,Entree: Kung Pao Chicken,18.00
3175,565,64,Sparkling Yuzu,Drinks,1,8.50,,8.50
3176,565,45,Bali Buddha Bowl,Rice & Noodles,1,18.00,,18.00
3177,565,66,Assorted Soft Drinks,Drinks,1,2.50,,2.50
3178,565,41,Bihun Goreng,Rice & Noodles,1,18.00,,18.00
3179,565,68,Iced Blackberry Hibiscus Tea,Drinks,1,7.00,,7.00
3180,565,49,Lunch Special,Lunch Special,1,18.00,Entree: Sweet & Sour Chicken,18.00
3181,565,28,Ginger Beef,Plant-Based Meat,1,21.00,,21.00
3182,565,62,Iced Lychee,Drinks,1,7.50,,7.50
3183,565,3,Satay with Peanut Sauce (1pc),Starters,1,3.00,,3.00
3184,566,45,Bali Buddha Bowl,Rice & Noodles,1,18.00,,18.00
3185,566,51,Soy Latte,Coffee,1,5.50,,5.50
3186,566,2,Vegetable Spring Rolls (6pc),Starters,1,9.00,,9.00
3187,566,71,Fried Banana with Coconut Ice Cream,Desserts,1,13.00,,13.00
3188,567,28,Ginger Beef,Plant-Based Meat,1,21.00,Gluten Friendly,21.00
3189,567,49,Lunch Special,Lunch Special,1,18.00,Entree: Ginger Beef,18.00
3190,567,50,Americano,Coffee,1,4.50,,4.50
3191,567,71,Fried Banana with Coconut Ice Cream,Desserts,1,13.00,,13.00
3192,568,27,Kung Pao Chicken,Plant-Based Meat,1,20.00,,20.00
3193,568,24,Tempeh Pulau,Veggie & Tofu,1,20.00,,20.00
3194,568,46,Jasmine Rice,Sides,1,2.75,,2.75
3195,569,33,Curry Chicken,Plant-Based Meat,1,22.00,,22.00
3196,569,47,Coconut Rice,Sides,1,3.00,,3.00
3197,569,56,Organic Tea,Tea,1,3.50,,3.50
3198,569,49,Lunch Special,Lunch Special,1,18.00,Entree: Curry Mutton,18.00
3199,569,51,Soy Latte,Coffee,1,5.50,,5.50
3200,569,33,Curry Chicken,Plant-Based Meat,1,22.00,No Onion,22.00
3201,569,6,Gado Gado,Starters,1,14.00,,14.00
3202,569,70,Panna Cotta,Desserts,1,9.00,,9.00
3203,570,49,Lunch Special,Lunch Special,1,18.00,Entree: Curry Chicken,18.00
3204,570,78,Sub Brown Rice (+1),Extras,1,1.00,,1.00
3205,570,45,Bali Buddha Bowl,Rice & Noodles,1,18.00,Extra Sauce,18.00
3206,570,62,Iced Lychee,Drinks,1,7.50,,7.50
3207,570,45,Bali Buddha Bowl,Rice & Noodles,1,18.00,,18.00
3208,570,66,Assorted Soft Drinks,Drinks,1,2.50,,2.50
3209,570,10,Bean Curd Drumsticks,Starters,1,13.00,,13.00
3210,570,72,Vegan Ice Cream,Desserts,1,7.00,,7.00
3211,570,71,Fried Banana with Coconut Ice Cream,Desserts,1,13.00,,13.00
3212,571,49,Lunch Special,Lunch Special,1,18.00,Entree: Rendang,18.00
3213,571,32,General Tao Chicken,Plant-Based Meat,1,21.00,,21.00
3214,571,47,Coconut Rice,Sides,1,3.00,,3.00
3215,571,74,Extra Protein,Extras,1,5.00,,5.00
3216,571,54,Iced Brown Sugar Oat Latte,Coffee,1,6.50,,6.50
3217,571,49,Lunch Special,Lunch Special,1,18.00,Entree: Sweet & Sour Chicken,18.00
3218,571,57,Soy Chai Latte,Tea,1,5.50,,5.50
3219,571,49,Lunch Special,Lunch Special,1,18.00,Entree: Chili Green Beans,18.00
3220,571,45,Bali Buddha Bowl,Rice & Noodles,1,18.00,,18.00
3221,572,34,Curry Mutton,Plant-Based Meat,1,22.00,Gluten Friendly,22.00
3222,572,14,Spicy Curry Noodle Soup,Soups,1,18.00,,18.00
3223,572,79,Add Noodles (Soup),Extras,1,3.00,,3.00
3224,572,61,Iced Oat Strawberry Matcha,Tea,1,8.50,,8.50
3225,572,33,Curry Chicken,Plant-Based Meat,1,22.00,,22.00
3226,572,46,Jasmine Rice,Sides,1,2.75,,2.75
3227,572,62,Iced Lychee,Drinks,1,7.50,,7.50
3228,572,73,Chocolate Mousse,Desserts,1,9.00,,9.00
3229,573,23,Curry Vegetables & Tofu,Veggie & Tofu,1,20.00,No Peanuts,20.00
3230,573,47,Coconut Rice,Sides,1,3.00,,3.00
3231,573,63,Iced Pineapple,Drinks,1,7.50,,7.50
3232,573,36,Spicy Shrimp,Plant-Based Meat,1,20.00,,20.00
3233,573,66,Assorted Soft Drinks,Drinks,1,2.50,,2.50
3234,573,49,Lunch Special,Lunch Special,1,18.00,Entree: Ginger Beef,18.00
3235,573,62,Iced Lychee,Drinks,1,7.50,,7.50
3236,573,37,Teriyaki Chicken,Plant-Based Meat,1,19.00,,19.00
3237,573,68,Iced Blackberry Hibiscus Tea,Drinks,1,7.00,,7.00
3238,573,19,Savory Eggplant,Veggie & Tofu,1,18.00,Extra Sauce,18.00
3239,573,47,Coconut Rice,Sides,1,3.00,,3.00
3240,573,2,Vegetable Spring Rolls (6pc),Starters,1,9.00,,9.00
3241,573,69,Cheesecake,Desserts,1,11.00,,11.00
3242,573,73,Chocolate Mousse,Desserts,1,9.00,,9.00
3243,574,49,Lunch Special,Lunch Special,1,18.00,Entree: Curried Tofu w/ Vegetables,18.00
3244,574,77,Sub Coconut Rice (+1),Extras,1,1.00,,1.00
3245,574,68,Iced Blackberry Hibiscus Tea,Drinks,1,7.00,,7.00
3246,575,49,Lunch Special,Lunch Special,1,18.00,Entree: Rendang,18.00
3247,575,35,Sweet & Sour Shrimp,Plant-Based Meat,1,20.00,,20.00
3248,575,48,Brown Rice,Sides,1,3.00,,3.00
3249,575,1,Vegetable Spring Rolls (3pc),Starters,1,6.00,,6.00
3250,576,45,Bali Buddha Bowl,Rice & Noodles,1,18.00,Sauce on Side,18.00
3251,576,76,Extra Veggies,Extras,1,4.00,,4.00
3252,576,66,Assorted Soft Drinks,Drinks,1,2.50,,2.50
3253,576,33,Curry Chicken,Plant-Based Meat,1,22.00,,22.00
3254,576,23,Curry Vegetables & Tofu,Veggie & Tofu,1,20.00,,20.00
3255,576,61,Iced Oat Strawberry Matcha,Tea,1,8.50,,8.50
3256,576,12,Wonton Soup,Soups,1,18.00,,18.00
3257,576,51,Soy Latte,Coffee,1,5.50,,5.50
3258,576,15,Padmanadi Vegetable Deluxe,Veggie & Tofu,1,19.00,,19.00
3259,576,48,Brown Rice,Sides,1,3.00,,3.00
3260,576,55,Decaf Coffee,Coffee,1,4.50,,4.50
3261,576,9,Crispy Chicken Strips,Starters,1,13.00,,13.00
3262,577,23,Curry Vegetables & Tofu,Veggie & Tofu,1,20.00,,20.00
3263,577,46,Jasmine Rice,Sides,1,2.75,,2.75
3264,577,65,Iced Passion Fruit Green Tea,Drinks,1,7.00,,7.00
3265,578,33,Curry Chicken,Plant-Based Meat,1,22.00,,22.00
3266,578,46,Jasmine Rice,Sides,1,2.75,,2.75
3267,578,16,Chili Green Beans,Veggie & Tofu,1,19.00,Allergy: Nuts,19.00
3268,578,47,Coconut Rice,Sides,1,3.00,,3.00
3269,578,40,Bakmi Goreng,Rice & Noodles,1,19.00,,19.00
3270,578,71,Fried Banana with Coconut Ice Cream,Desserts,1,13.00,,13.00
3271,578,71,Fried Banana with Coconut Ice Cream,Desserts,1,13.00,,13.00
3272,579,45,Bali Buddha Bowl,Rice & Noodles,1,18.00,No Mushrooms,18.00
3273,579,73,Chocolate Mousse,Desserts,1,9.00,,9.00
3274,580,42,Kwetiau Goreng,Rice & Noodles,1,19.00,,19.00
3275,581,15,Padmanadi Vegetable Deluxe,Veggie & Tofu,1,19.00,,19.00
3276,581,48,Brown Rice,Sides,1,3.00,,3.00
3277,581,39,Nasi Goreng,Rice & Noodles,1,18.00,,18.00
3278,581,69,Cheesecake,Desserts,1,11.00,,11.00
3279,582,15,Padmanadi Vegetable Deluxe,Veggie & Tofu,1,19.00,,19.00
3280,582,62,Iced Lychee,Drinks,1,7.50,,7.50
3281,582,26,Chili Tofu,Veggie & Tofu,1,19.00,No Peanuts,19.00
3282,582,47,Coconut Rice,Sides,1,3.00,,3.00
3283,582,63,Iced Pineapple,Drinks,1,7.50,,7.50
3284,582,26,Chili Tofu,Veggie & Tofu,1,19.00,No Mushrooms,19.00
3285,582,8,Breaded Cauliflower Bites,Starters,1,13.00,,13.00
3286,582,71,Fried Banana with Coconut Ice Cream,Desserts,1,13.00,,13.00
3287,582,71,Fried Banana with Coconut Ice Cream,Desserts,1,13.00,,13.00
3288,583,21,Mapo Tofu,Veggie & Tofu,1,19.00,,19.00
3289,583,53,Vegan Iced Coffee,Coffee,1,5.50,,5.50
3290,583,24,Tempeh Pulau,Veggie & Tofu,1,20.00,,20.00
3291,583,18,King Oyster Mushroom Gaylan,Veggie & Tofu,1,20.00,Less Spicy,20.00
3292,583,66,Assorted Soft Drinks,Drinks,1,2.50,,2.50
3293,584,44,Lemongrass Vermicelli Bowl,Rice & Noodles,1,20.00,Sauce on Side,20.00
3294,584,15,Padmanadi Vegetable Deluxe,Veggie & Tofu,1,19.00,Extra Sauce,19.00
3295,584,47,Coconut Rice,Sides,1,3.00,,3.00
3296,584,71,Fried Banana with Coconut Ice Cream,Desserts,1,13.00,,13.00
3297,584,69,Cheesecake,Desserts,1,11.00,,11.00
3298,585,26,Chili Tofu,Veggie & Tofu,1,19.00,,19.00
3299,585,48,Brown Rice,Sides,1,3.00,,3.00
3300,585,54,Iced Brown Sugar Oat Latte,Coffee,1,6.50,,6.50
3301,585,28,Ginger Beef,Plant-Based Meat,1,21.00,Extra Sauce,21.00
3302,585,47,Coconut Rice,Sides,1,3.00,,3.00
3303,585,10,Bean Curd Drumsticks,Starters,1,13.00,,13.00
3304,585,73,Chocolate Mousse,Desserts,1,9.00,,9.00
3305,585,72,Vegan Ice Cream,Desserts,1,7.00,,7.00
3306,586,28,Ginger Beef,Plant-Based Meat,1,21.00,Allergy: Nuts,21.00
3307,586,46,Jasmine Rice,Sides,1,2.75,,2.75
3308,586,34,Curry Mutton,Plant-Based Meat,1,22.00,,22.00
3309,586,52,Soy Mocha,Coffee,1,6.00,,6.00
3310,586,31,Spicy Chicken,Plant-Based Meat,1,19.00,No Mushrooms,19.00
3311,586,46,Jasmine Rice,Sides,1,2.75,,2.75
3312,586,60,Matcha Latte,Tea,1,6.50,,6.50
3313,586,13,Tom Yum Soup,Soups,1,18.00,,18.00
3314,587,29,Dendeng,Plant-Based Meat,1,20.00,Gluten Friendly,20.00
3315,587,46,Jasmine Rice,Sides,1,2.75,,2.75
3316,587,65,Iced Passion Fruit Green Tea,Drinks,1,7.00,,7.00
3317,587,44,Lemongrass Vermicelli Bowl,Rice & Noodles,1,20.00,,20.00
3318,587,74,Extra Protein,Extras,1,5.00,,5.00
3319,587,66,Assorted Soft Drinks,Drinks,1,2.50,,2.50
3320,587,7,Roti Canai,Starters,1,13.00,,13.00
3321,588,28,Ginger Beef,Plant-Based Meat,1,21.00,,21.00
3322,588,56,Organic Tea,Tea,1,3.50,,3.50
3323,588,33,Curry Chicken,Plant-Based Meat,1,22.00,No Onion,22.00
3324,588,54,Iced Brown Sugar Oat Latte,Coffee,1,6.50,,6.50
3325,588,40,Bakmi Goreng,Rice & Noodles,1,19.00,No Cilantro,19.00
3326,588,50,Americano,Coffee,1,4.50,,4.50
3327,588,38,Rendang,Plant-Based Meat,1,20.00,,20.00
3328,588,46,Jasmine Rice,Sides,1,2.75,,2.75
3329,588,36,Spicy Shrimp,Plant-Based Meat,1,20.00,,20.00
3330,588,32,General Tao Chicken,Plant-Based Meat,1,21.00,,21.00
3331,588,48,Brown Rice,Sides,1,3.00,,3.00
3332,588,53,Vegan Iced Coffee,Coffee,1,5.50,,5.50
3333,589,15,Padmanadi Vegetable Deluxe,Veggie & Tofu,1,19.00,,19.00
3334,589,56,Organic Tea,Tea,1,3.50,,3.50
3335,589,35,Sweet & Sour Shrimp,Plant-Based Meat,1,20.00,Gluten Friendly,20.00
3336,589,76,Extra Veggies,Extras,1,4.00,,4.00
3337,589,58,London Fog,Tea,1,5.50,,5.50
3338,589,28,Ginger Beef,Plant-Based Meat,1,21.00,Less Spicy,21.00
3339,589,76,Extra Veggies,Extras,1,4.00,,4.00
3340,589,54,Iced Brown Sugar Oat Latte,Coffee,1,6.50,,6.50
3341,589,14,Spicy Curry Noodle Soup,Soups,1,18.00,,18.00
3342,590,26,Chili Tofu,Veggie & Tofu,1,19.00,,19.00
3343,590,47,Coconut Rice,Sides,1,3.00,,3.00
3344,590,62,Iced Lychee,Drinks,1,7.50,,7.50
3345,590,45,Bali Buddha Bowl,Rice & Noodles,1,18.00,,18.00
3346,590,66,Assorted Soft Drinks,Drinks,1,2.50,,2.50
3347,591,38,Rendang,Plant-Based Meat,1,20.00,,20.00
3348,591,46,Jasmine Rice,Sides,1,2.75,,2.75
3349,591,55,Decaf Coffee,Coffee,1,4.50,,4.50
3350,591,37,Teriyaki Chicken,Plant-Based Meat,1,19.00,,19.00
3351,591,46,Jasmine Rice,Sides,1,2.75,,2.75
3352,591,32,General Tao Chicken,Plant-Based Meat,1,21.00,,21.00
3353,591,55,Decaf Coffee,Coffee,1,4.50,,4.50
3354,592,42,Kwetiau Goreng,Rice & Noodles,1,19.00,,19.00
3355,592,22,Pan-Fried Broccoli & Cauliflower,Veggie & Tofu,1,18.00,,18.00
3356,593,38,Rendang,Plant-Based Meat,1,20.00,,20.00
3357,593,46,Jasmine Rice,Sides,1,2.75,,2.75
3358,593,38,Rendang,Plant-Based Meat,1,20.00,No Cilantro,20.00
3359,593,50,Americano,Coffee,1,4.50,,4.50
3360,593,2,Vegetable Spring Rolls (6pc),Starters,1,9.00,,9.00
3361,594,25,Mushroom Tofu,Veggie & Tofu,1,19.00,,19.00
3362,594,47,Coconut Rice,Sides,1,3.00,,3.00
3363,594,14,Spicy Curry Noodle Soup,Soups,1,18.00,,18.00
3364,594,79,Add Noodles (Soup),Extras,1,3.00,,3.00
3365,594,66,Assorted Soft Drinks,Drinks,1,2.50,,2.50
3366,594,16,Chili Green Beans,Veggie & Tofu,1,19.00,Less Spicy,19.00
3367,594,46,Jasmine Rice,Sides,1,2.75,,2.75
3368,594,61,Iced Oat Strawberry Matcha,Tea,1,8.50,,8.50
3369,594,19,Savory Eggplant,Veggie & Tofu,1,18.00,,18.00
3370,594,61,Iced Oat Strawberry Matcha,Tea,1,8.50,,8.50
3371,595,35,Sweet & Sour Shrimp,Plant-Based Meat,1,20.00,,20.00
3372,595,46,Jasmine Rice,Sides,1,2.75,,2.75
3373,595,26,Chili Tofu,Veggie & Tofu,1,19.00,,19.00
3374,595,48,Brown Rice,Sides,1,3.00,,3.00
3375,595,75,Extra Tofu,Extras,1,4.00,,4.00
3376,595,51,Soy Latte,Coffee,1,5.50,,5.50
3377,595,37,Teriyaki Chicken,Plant-Based Meat,1,19.00,Allergy: Nuts,19.00
3378,595,51,Soy Latte,Coffee,1,5.50,,5.50
3379,595,33,Curry Chicken,Plant-Based Meat,1,22.00,Gluten Friendly,22.00
3380,595,47,Coconut Rice,Sides,1,3.00,,3.00
3381,595,68,Iced Blackberry Hibiscus Tea,Drinks,1,7.00,,7.00
3382,595,73,Chocolate Mousse,Desserts,1,9.00,,9.00
3383,595,69,Cheesecake,Desserts,1,11.00,,11.00
3384,596,43,Singapore Noodle,Rice & Noodles,1,19.00,,19.00
3385,596,38,Rendang,Plant-Based Meat,1,20.00,No Cilantro,20.00
3386,596,56,Organic Tea,Tea,1,3.50,,3.50
3387,597,27,Kung Pao Chicken,Plant-Based Meat,1,20.00,No Onion,20.00
3388,597,52,Soy Mocha,Coffee,1,6.00,,6.00
3389,597,26,Chili Tofu,Veggie & Tofu,1,19.00,,19.00
3390,597,47,Coconut Rice,Sides,1,3.00,,3.00
3391,597,52,Soy Mocha,Coffee,1,6.00,,6.00
3392,597,73,Chocolate Mousse,Desserts,1,9.00,,9.00
3393,597,71,Fried Banana with Coconut Ice Cream,Desserts,1,13.00,,13.00
3394,598,12,Wonton Soup,Soups,1,18.00,,18.00
3395,598,59,Hot Chocolate,Tea,1,5.00,,5.00
3396,598,23,Curry Vegetables & Tofu,Veggie & Tofu,1,20.00,,20.00
3397,598,46,Jasmine Rice,Sides,1,2.75,,2.75
3398,598,74,Extra Protein,Extras,1,5.00,,5.00
3399,598,68,Iced Blackberry Hibiscus Tea,Drinks,1,7.00,,7.00
3400,598,15,Padmanadi Vegetable Deluxe,Veggie & Tofu,1,19.00,,19.00
3401,598,46,Jasmine Rice,Sides,1,2.75,,2.75
3402,598,69,Cheesecake,Desserts,1,11.00,,11.00
3403,599,41,Bihun Goreng,Rice & Noodles,1,18.00,,18.00
3404,599,67,Raspberry Lime Italian Soda,Drinks,1,6.50,,6.50
3405,600,27,Kung Pao Chicken,Plant-Based Meat,1,20.00,,20.00
3406,600,47,Coconut Rice,Sides,1,3.00,,3.00
3407,600,67,Raspberry Lime Italian Soda,Drinks,1,6.50,,6.50
3408,600,30,Sweet & Sour Chicken,Plant-Based Meat,1,19.00,No Mushrooms,19.00
3409,600,46,Jasmine Rice,Sides,1,2.75,,2.75
3410,600,18,King Oyster Mushroom Gaylan,Veggie & Tofu,1,20.00,No Mushrooms,20.00
3411,600,69,Cheesecake,Desserts,1,11.00,,11.00
3412,600,70,Panna Cotta,Desserts,1,9.00,,9.00
3413,601,39,Nasi Goreng,Rice & Noodles,1,18.00,,18.00
3414,601,33,Curry Chicken,Plant-Based Meat,1,22.00,,22.00
3415,601,53,Vegan Iced Coffee,Coffee,1,5.50,,5.50
3416,601,33,Curry Chicken,Plant-Based Meat,1,22.00,,22.00
3417,601,46,Jasmine Rice,Sides,1,2.75,,2.75
3418,601,75,Extra Tofu,Extras,1,4.00,,4.00
3419,601,60,Matcha Latte,Tea,1,6.50,,6.50
3420,601,9,Crispy Chicken Strips,Starters,1,13.00,,13.00
3421,601,71,Fried Banana with Coconut Ice Cream,Desserts,1,13.00,,13.00
3422,601,72,Vegan Ice Cream,Desserts,1,7.00,,7.00
3423,602,38,Rendang,Plant-Based Meat,1,20.00,No Mushrooms,20.00
3424,602,48,Brown Rice,Sides,1,3.00,,3.00
3425,602,65,Iced Passion Fruit Green Tea,Drinks,1,7.00,,7.00
3426,602,39,Nasi Goreng,Rice & Noodles,1,18.00,,18.00
3427,602,56,Organic Tea,Tea,1,3.50,,3.50
3428,602,37,Teriyaki Chicken,Plant-Based Meat,1,19.00,,19.00
3429,602,47,Coconut Rice,Sides,1,3.00,,3.00
3430,602,66,Assorted Soft Drinks,Drinks,1,2.50,,2.50
3431,602,8,Breaded Cauliflower Bites,Starters,1,13.00,,13.00
3432,603,45,Bali Buddha Bowl,Rice & Noodles,1,18.00,Gluten Friendly,18.00
3433,603,53,Vegan Iced Coffee,Coffee,1,5.50,,5.50
3434,603,28,Ginger Beef,Plant-Based Meat,1,21.00,Gluten Friendly,21.00
3435,603,61,Iced Oat Strawberry Matcha,Tea,1,8.50,,8.50
3436,603,31,Spicy Chicken,Plant-Based Meat,1,19.00,,19.00
3437,603,23,Curry Vegetables & Tofu,Veggie & Tofu,1,20.00,,20.00
3438,603,3,Satay with Peanut Sauce (1pc),Starters,1,3.00,,3.00
3439,604,32,General Tao Chicken,Plant-Based Meat,1,21.00,,21.00
3440,604,73,Chocolate Mousse,Desserts,1,9.00,,9.00
3441,605,25,Mushroom Tofu,Veggie & Tofu,1,19.00,,19.00
3442,605,66,Assorted Soft Drinks,Drinks,1,2.50,,2.50
3443,606,39,Nasi Goreng,Rice & Noodles,1,18.00,,18.00
3444,606,60,Matcha Latte,Tea,1,6.50,,6.50
3445,606,37,Teriyaki Chicken,Plant-Based Meat,1,19.00,,19.00
3446,606,46,Jasmine Rice,Sides,1,2.75,,2.75
3447,606,6,Gado Gado,Starters,1,14.00,,14.00
3448,607,43,Singapore Noodle,Rice & Noodles,1,19.00,No Cilantro,19.00
3449,607,15,Padmanadi Vegetable Deluxe,Veggie & Tofu,1,19.00,No Cilantro,19.00
3450,607,46,Jasmine Rice,Sides,1,2.75,,2.75
3451,607,51,Soy Latte,Coffee,1,5.50,,5.50
3452,607,24,Tempeh Pulau,Veggie & Tofu,1,20.00,Extra Spicy,20.00
3453,607,47,Coconut Rice,Sides,1,3.00,,3.00
3454,607,9,Crispy Chicken Strips,Starters,1,13.00,,13.00
3455,608,36,Spicy Shrimp,Plant-Based Meat,1,20.00,,20.00
3456,609,31,Spicy Chicken,Plant-Based Meat,1,19.00,,19.00
3457,609,2,Vegetable Spring Rolls (6pc),Starters,1,9.00,,9.00
3458,609,71,Fried Banana with Coconut Ice Cream,Desserts,1,13.00,,13.00
3459,610,38,Rendang,Plant-Based Meat,1,20.00,No Mushrooms,20.00
3460,610,53,Vegan Iced Coffee,Coffee,1,5.50,,5.50
3461,610,18,King Oyster Mushroom Gaylan,Veggie & Tofu,1,20.00,,20.00
3462,610,48,Brown Rice,Sides,1,3.00,,3.00
3463,610,56,Organic Tea,Tea,1,3.50,,3.50
3464,611,33,Curry Chicken,Plant-Based Meat,1,22.00,Less Spicy,22.00
3465,611,27,Kung Pao Chicken,Plant-Based Meat,1,20.00,,20.00
3466,611,60,Matcha Latte,Tea,1,6.50,,6.50
3467,612,26,Chili Tofu,Veggie & Tofu,1,19.00,No Onion,19.00
3468,612,46,Jasmine Rice,Sides,1,2.75,,2.75
3469,612,28,Ginger Beef,Plant-Based Meat,1,21.00,No Cilantro,21.00
3470,612,47,Coconut Rice,Sides,1,3.00,,3.00
3471,612,5,Deep Fried Tofu,Starters,1,13.00,,13.00
3472,613,23,Curry Vegetables & Tofu,Veggie & Tofu,1,20.00,No Mushrooms,20.00
3473,613,47,Coconut Rice,Sides,1,3.00,,3.00
3474,613,65,Iced Passion Fruit Green Tea,Drinks,1,7.00,,7.00
3475,613,32,General Tao Chicken,Plant-Based Meat,1,21.00,,21.00
3476,613,46,Jasmine Rice,Sides,1,2.75,,2.75
3477,613,37,Teriyaki Chicken,Plant-Based Meat,1,19.00,Gluten Friendly,19.00
3478,613,46,Jasmine Rice,Sides,1,2.75,,2.75
3479,613,59,Hot Chocolate,Tea,1,5.00,,5.00
3480,613,11,Fried Enoki Mushroom,Starters,1,16.00,,16.00
3481,614,30,Sweet & Sour Chicken,Plant-Based Meat,1,19.00,,19.00
3482,614,54,Iced Brown Sugar Oat Latte,Coffee,1,6.50,,6.50
3483,614,45,Bali Buddha Bowl,Rice & Noodles,1,18.00,Extra Sauce,18.00
3484,614,66,Assorted Soft Drinks,Drinks,1,2.50,,2.50
3485,614,6,Gado Gado,Starters,1,14.00,,14.00
3486,615,14,Spicy Curry Noodle Soup,Soups,1,18.00,No Mushrooms,18.00
3487,615,13,Tom Yum Soup,Soups,1,18.00,No Mushrooms,18.00
3488,615,79,Add Noodles (Soup),Extras,1,3.00,,3.00
3489,615,33,Curry Chicken,Plant-Based Meat,1,22.00,,22.00
3490,615,46,Jasmine Rice,Sides,1,2.75,,2.75
3491,615,65,Iced Passion Fruit Green Tea,Drinks,1,7.00,,7.00
3492,615,39,Nasi Goreng,Rice & Noodles,1,18.00,No Mushrooms,18.00
3493,615,50,Americano,Coffee,1,4.50,,4.50
3494,615,2,Vegetable Spring Rolls (6pc),Starters,1,9.00,,9.00
3495,616,33,Curry Chicken,Plant-Based Meat,1,22.00,No Mushrooms,22.00
3496,617,45,Bali Buddha Bowl,Rice & Noodles,1,18.00,No Cilantro,18.00
3497,617,65,Iced Passion Fruit Green Tea,Drinks,1,7.00,,7.00
3498,617,39,Nasi Goreng,Rice & Noodles,1,18.00,,18.00
3499,617,57,Soy Chai Latte,Tea,1,5.50,,5.50
3500,617,69,Cheesecake,Desserts,1,11.00,,11.00
3501,617,73,Chocolate Mousse,Desserts,1,9.00,,9.00
3502,618,26,Chili Tofu,Veggie & Tofu,1,19.00,No Cilantro,19.00
3503,619,20,Spicy Coconut Eggplant,Veggie & Tofu,1,18.00,,18.00
3504,619,46,Jasmine Rice,Sides,1,2.75,,2.75
3505,619,11,Fried Enoki Mushroom,Starters,1,16.00,,16.00
3506,620,30,Sweet & Sour Chicken,Plant-Based Meat,1,19.00,,19.00
3507,620,60,Matcha Latte,Tea,1,6.50,,6.50
3508,620,24,Tempeh Pulau,Veggie & Tofu,1,20.00,Extra Spicy,20.00
3509,620,46,Jasmine Rice,Sides,1,2.75,,2.75
3510,620,39,Nasi Goreng,Rice & Noodles,1,18.00,No Peanuts,18.00
3511,620,28,Ginger Beef,Plant-Based Meat,1,21.00,,21.00
3512,620,51,Soy Latte,Coffee,1,5.50,,5.50
3513,621,23,Curry Vegetables & Tofu,Veggie & Tofu,1,20.00,,20.00
3514,621,46,Jasmine Rice,Sides,1,2.75,,2.75
3515,621,51,Soy Latte,Coffee,1,5.50,,5.50
3516,621,14,Spicy Curry Noodle Soup,Soups,1,18.00,,18.00
3517,621,58,London Fog,Tea,1,5.50,,5.50
3518,621,26,Chili Tofu,Veggie & Tofu,1,19.00,,19.00
3519,621,46,Jasmine Rice,Sides,1,2.75,,2.75
3520,621,26,Chili Tofu,Veggie & Tofu,1,19.00,Extra Spicy,19.00
3521,621,66,Assorted Soft Drinks,Drinks,1,2.50,,2.50
3522,621,1,Vegetable Spring Rolls (3pc),Starters,1,6.00,,6.00
3523,621,6,Gado Gado,Starters,1,14.00,,14.00
3524,622,24,Tempeh Pulau,Veggie & Tofu,1,20.00,Allergy: Nuts,20.00
3525,622,27,Kung Pao Chicken,Plant-Based Meat,1,20.00,,20.00
3526,622,73,Chocolate Mousse,Desserts,1,9.00,,9.00
3527,622,71,Fried Banana with Coconut Ice Cream,Desserts,1,13.00,,13.00
3528,623,18,King Oyster Mushroom Gaylan,Veggie & Tofu,1,20.00,No Peanuts,20.00
3529,623,24,Tempeh Pulau,Veggie & Tofu,1,20.00,No Onion,20.00
3530,623,66,Assorted Soft Drinks,Drinks,1,2.50,,2.50
3531,623,31,Spicy Chicken,Plant-Based Meat,1,19.00,Less Spicy,19.00
3532,623,46,Jasmine Rice,Sides,1,2.75,,2.75
3533,623,61,Iced Oat Strawberry Matcha,Tea,1,8.50,,8.50
3534,623,11,Fried Enoki Mushroom,Starters,1,16.00,,16.00
3535,624,23,Curry Vegetables & Tofu,Veggie & Tofu,1,20.00,,20.00
3536,624,12,Wonton Soup,Soups,1,18.00,,18.00
3537,624,66,Assorted Soft Drinks,Drinks,1,2.50,,2.50
3538,624,11,Fried Enoki Mushroom,Starters,1,16.00,,16.00
3539,625,27,Kung Pao Chicken,Plant-Based Meat,1,20.00,No Onion,20.00
3540,625,5,Deep Fried Tofu,Starters,1,13.00,,13.00
3541,625,69,Cheesecake,Desserts,1,11.00,,11.00
3542,626,40,Bakmi Goreng,Rice & Noodles,1,19.00,No Peanuts,19.00
3543,626,62,Iced Lychee,Drinks,1,7.50,,7.50
3544,626,37,Teriyaki Chicken,Plant-Based Meat,1,19.00,,19.00
3545,626,46,Jasmine Rice,Sides,1,2.75,,2.75
3546,626,56,Organic Tea,Tea,1,3.50,,3.50
3547,626,45,Bali Buddha Bowl,Rice & Noodles,1,18.00,,18.00
3548,626,63,Iced Pineapple,Drinks,1,7.50,,7.50
3549,626,28,Ginger Beef,Plant-Based Meat,1,21.00,Less Spicy,21.00
3550,626,48,Brown Rice,Sides,1,3.00,,3.00
3551,626,33,Curry Chicken,Plant-Based Meat,1,22.00,,22.00
3552,626,48,Brown Rice,Sides,1,3.00,,3.00
3553,627,30,Sweet & Sour Chicken,Plant-Based Meat,1,19.00,No Cilantro,19.00
3554,627,40,Bakmi Goreng,Rice & Noodles,1,19.00,,19.00
3555,627,52,Soy Mocha,Coffee,1,6.00,,6.00
3556,628,42,Kwetiau Goreng,Rice & Noodles,1,19.00,,19.00
3557,628,40,Bakmi Goreng,Rice & Noodles,1,19.00,No Peanuts,19.00
3558,628,53,Vegan Iced Coffee,Coffee,1,5.50,,5.50
3559,628,40,Bakmi Goreng,Rice & Noodles,1,19.00,,19.00
3560,628,6,Gado Gado,Starters,1,14.00,,14.00
3561,628,73,Chocolate Mousse,Desserts,1,9.00,,9.00
3562,629,39,Nasi Goreng,Rice & Noodles,1,18.00,,18.00
3563,629,14,Spicy Curry Noodle Soup,Soups,1,18.00,,18.00
3564,629,79,Add Noodles (Soup),Extras,1,3.00,,3.00
3565,629,65,Iced Passion Fruit Green Tea,Drinks,1,7.00,,7.00
3566,630,49,Lunch Special,Lunch Special,1,18.00,Entree: Sweet & Sour Chicken,18.00
3567,630,56,Organic Tea,Tea,1,3.50,,3.50
3568,630,49,Lunch Special,Lunch Special,1,18.00,Entree: Chili Tofu,18.00
3569,630,78,Sub Brown Rice (+1),Extras,1,1.00,,1.00
3570,630,54,Iced Brown Sugar Oat Latte,Coffee,1,6.50,,6.50
3571,630,49,Lunch Special,Lunch Special,1,18.00,Entree: Curry Chicken,18.00
3572,630,49,Lunch Special,Lunch Special,1,18.00,Entree: Savory Eggplant,18.00
3573,630,77,Sub Coconut Rice (+1),Extras,1,1.00,,1.00
3574,630,66,Assorted Soft Drinks,Drinks,1,2.50,,2.50
3575,630,8,Breaded Cauliflower Bites,Starters,1,13.00,,13.00
3576,631,28,Ginger Beef,Plant-Based Meat,1,21.00,,21.00
3577,631,49,Lunch Special,Lunch Special,1,18.00,Entree: Curry Chicken,18.00
3578,631,57,Soy Chai Latte,Tea,1,5.50,,5.50
3579,631,18,King Oyster Mushroom Gaylan,Veggie & Tofu,1,20.00,No Peanuts,20.00
3580,631,46,Jasmine Rice,Sides,1,2.75,,2.75
3581,631,53,Vegan Iced Coffee,Coffee,1,5.50,,5.50
3582,631,42,Kwetiau Goreng,Rice & Noodles,1,19.00,,19.00
3583,631,56,Organic Tea,Tea,1,3.50,,3.50
3584,631,2,Vegetable Spring Rolls (6pc),Starters,1,9.00,,9.00
3585,632,49,Lunch Special,Lunch Special,1,18.00,Entree: Curried Tofu w/ Vegetables,18.00
3586,632,70,Panna Cotta,Desserts,1,9.00,,9.00
3587,633,49,Lunch Special,Lunch Special,1,18.00,Entree: Chili Green Beans,18.00
3588,633,50,Americano,Coffee,1,4.50,,4.50
3589,634,37,Teriyaki Chicken,Plant-Based Meat,1,19.00,No Mushrooms,19.00
3590,634,76,Extra Veggies,Extras,1,4.00,,4.00
3591,634,53,Vegan Iced Coffee,Coffee,1,5.50,,5.50
3592,634,26,Chili Tofu,Veggie & Tofu,1,19.00,,19.00
3593,634,47,Coconut Rice,Sides,1,3.00,,3.00
3594,634,59,Hot Chocolate,Tea,1,5.00,,5.00
3595,634,71,Fried Banana with Coconut Ice Cream,Desserts,1,13.00,,13.00
3596,635,27,Kung Pao Chicken,Plant-Based Meat,1,20.00,Extra Sauce,20.00
3597,635,31,Spicy Chicken,Plant-Based Meat,1,19.00,No Peanuts,19.00
3598,635,9,Crispy Chicken Strips,Starters,1,13.00,,13.00
3599,636,49,Lunch Special,Lunch Special,1,18.00,Entree: Sweet & Sour Nuggets,18.00
3600,636,63,Iced Pineapple,Drinks,1,7.50,,7.50
3601,636,49,Lunch Special,Lunch Special,1,18.00,Entree: Rendang,18.00
3602,636,50,Americano,Coffee,1,4.50,,4.50
3603,636,49,Lunch Special,Lunch Special,1,18.00,Entree: Curried Tofu w/ Vegetables,18.00
3604,636,50,Americano,Coffee,1,4.50,,4.50
3605,636,10,Bean Curd Drumsticks,Starters,1,13.00,,13.00
3606,637,26,Chili Tofu,Veggie & Tofu,1,19.00,No Mushrooms,19.00
3607,637,47,Coconut Rice,Sides,1,3.00,,3.00
3608,637,75,Extra Tofu,Extras,1,4.00,,4.00
3609,637,49,Lunch Special,Lunch Special,1,18.00,Entree: Teriyaki Chicken,18.00
3610,637,77,Sub Coconut Rice (+1),Extras,1,1.00,,1.00
3611,637,2,Vegetable Spring Rolls (6pc),Starters,1,9.00,,9.00
3612,637,71,Fried Banana with Coconut Ice Cream,Desserts,1,13.00,,13.00
3613,638,49,Lunch Special,Lunch Special,1,18.00,Entree: Curried Tofu w/ Vegetables,18.00
3614,638,64,Sparkling Yuzu,Drinks,1,8.50,,8.50
3615,639,45,Bali Buddha Bowl,Rice & Noodles,1,18.00,No Onion,18.00
3616,639,64,Sparkling Yuzu,Drinks,1,8.50,,8.50
3617,640,34,Curry Mutton,Plant-Based Meat,1,22.00,,22.00
3618,640,54,Iced Brown Sugar Oat Latte,Coffee,1,6.50,,6.50
3619,640,37,Teriyaki Chicken,Plant-Based Meat,1,19.00,,19.00
3620,641,28,Ginger Beef,Plant-Based Meat,1,21.00,Less Spicy,21.00
3621,641,46,Jasmine Rice,Sides,1,2.75,,2.75
3622,641,11,Fried Enoki Mushroom,Starters,1,16.00,,16.00
3623,642,49,Lunch Special,Lunch Special,1,18.00,Entree: Chili Tofu,18.00
3624,642,78,Sub Brown Rice (+1),Extras,1,1.00,,1.00
3625,642,66,Assorted Soft Drinks,Drinks,1,2.50,,2.50
3626,642,49,Lunch Special,Lunch Special,1,18.00,Entree: Spicy Nuggets,18.00
3627,642,9,Crispy Chicken Strips,Starters,1,13.00,,13.00
3628,643,49,Lunch Special,Lunch Special,1,18.00,Entree: Chili Tofu,18.00
3629,643,67,Raspberry Lime Italian Soda,Drinks,1,6.50,,6.50
3630,644,49,Lunch Special,Lunch Special,1,18.00,Entree: Chili Green Beans,18.00
3631,644,49,Lunch Special,Lunch Special,1,18.00,Entree: Spicy Nuggets,18.00
3632,644,71,Fried Banana with Coconut Ice Cream,Desserts,1,13.00,,13.00
3633,645,16,Chili Green Beans,Veggie & Tofu,1,19.00,,19.00
3634,645,46,Jasmine Rice,Sides,1,2.75,,2.75
3635,645,66,Assorted Soft Drinks,Drinks,1,2.50,,2.50
3636,645,35,Sweet & Sour Shrimp,Plant-Based Meat,1,20.00,,20.00
3637,646,27,Kung Pao Chicken,Plant-Based Meat,1,20.00,Less Spicy,20.00
3638,646,48,Brown Rice,Sides,1,3.00,,3.00
3639,647,21,Mapo Tofu,Veggie & Tofu,1,19.00,,19.00
3640,647,49,Lunch Special,Lunch Special,1,18.00,Entree: Rendang,18.00
3641,647,51,Soy Latte,Coffee,1,5.50,,5.50
3642,647,49,Lunch Special,Lunch Special,1,18.00,Entree: Chili Green Beans,18.00
3643,647,31,Spicy Chicken,Plant-Based Meat,1,19.00,Extra Sauce,19.00
3644,647,46,Jasmine Rice,Sides,1,2.75,,2.75
3645,647,54,Iced Brown Sugar Oat Latte,Coffee,1,6.50,,6.50
3646,648,49,Lunch Special,Lunch Special,1,18.00,Entree: Chili Tofu,18.00
3647,648,55,Decaf Coffee,Coffee,1,4.50,,4.50
3648,649,49,Lunch Special,Lunch Special,1,18.00,Entree: Rendang,18.00
3649,649,52,Soy Mocha,Coffee,1,6.00,,6.00
3650,649,43,Singapore Noodle,Rice & Noodles,1,19.00,No Mushrooms,19.00
3651,650,18,King Oyster Mushroom Gaylan,Veggie & Tofu,1,20.00,Extra Sauce,20.00
3652,650,46,Jasmine Rice,Sides,1,2.75,,2.75
3653,650,59,Hot Chocolate,Tea,1,5.00,,5.00
3654,650,31,Spicy Chicken,Plant-Based Meat,1,19.00,Sauce on Side,19.00
3655,650,46,Jasmine Rice,Sides,1,2.75,,2.75
3656,651,45,Bali Buddha Bowl,Rice & Noodles,1,18.00,,18.00
3657,651,68,Iced Blackberry Hibiscus Tea,Drinks,1,7.00,,7.00
3658,651,5,Deep Fried Tofu,Starters,1,13.00,,13.00
3659,652,49,Lunch Special,Lunch Special,1,18.00,Entree: Curry Mutton,18.00
3660,652,53,Vegan Iced Coffee,Coffee,1,5.50,,5.50
3661,653,21,Mapo Tofu,Veggie & Tofu,1,19.00,,19.00
3662,653,50,Americano,Coffee,1,4.50,,4.50
3663,653,28,Ginger Beef,Plant-Based Meat,1,21.00,,21.00
3664,653,46,Jasmine Rice,Sides,1,2.75,,2.75
3665,653,74,Extra Protein,Extras,1,5.00,,5.00
3666,653,50,Americano,Coffee,1,4.50,,4.50
3667,654,49,Lunch Special,Lunch Special,1,18.00,Entree: Curry Chicken,18.00
3668,654,65,Iced Passion Fruit Green Tea,Drinks,1,7.00,,7.00
3669,654,49,Lunch Special,Lunch Special,1,18.00,Entree: Curry Mutton,18.00
3670,654,68,Iced Blackberry Hibiscus Tea,Drinks,1,7.00,,7.00
3671,654,40,Bakmi Goreng,Rice & Noodles,1,19.00,,19.00
3672,654,65,Iced Passion Fruit Green Tea,Drinks,1,7.00,,7.00
3673,654,7,Roti Canai,Starters,1,13.00,,13.00
3674,654,69,Cheesecake,Desserts,1,11.00,,11.00
3675,655,49,Lunch Special,Lunch Special,1,18.00,Entree: Curry Mutton,18.00
3676,655,77,Sub Coconut Rice (+1),Extras,1,1.00,,1.00
3677,655,10,Bean Curd Drumsticks,Starters,1,13.00,,13.00
3678,655,71,Fried Banana with Coconut Ice Cream,Desserts,1,13.00,,13.00
3679,656,33,Curry Chicken,Plant-Based Meat,1,22.00,Extra Sauce,22.00
3680,656,46,Jasmine Rice,Sides,1,2.75,,2.75
3681,656,55,Decaf Coffee,Coffee,1,4.50,,4.50
3682,656,45,Bali Buddha Bowl,Rice & Noodles,1,18.00,,18.00
3683,656,57,Soy Chai Latte,Tea,1,5.50,,5.50
3684,656,14,Spicy Curry Noodle Soup,Soups,1,18.00,,18.00
3685,656,60,Matcha Latte,Tea,1,6.50,,6.50
3686,656,72,Vegan Ice Cream,Desserts,1,7.00,,7.00
3687,656,71,Fried Banana with Coconut Ice Cream,Desserts,1,13.00,,13.00
3688,657,45,Bali Buddha Bowl,Rice & Noodles,1,18.00,,18.00
3689,657,66,Assorted Soft Drinks,Drinks,1,2.50,,2.50
3690,658,31,Spicy Chicken,Plant-Based Meat,1,19.00,,19.00
3691,658,60,Matcha Latte,Tea,1,6.50,,6.50
3692,658,44,Lemongrass Vermicelli Bowl,Rice & Noodles,1,20.00,No Onion,20.00
3693,658,27,Kung Pao Chicken,Plant-Based Meat,1,20.00,,20.00
3694,658,47,Coconut Rice,Sides,1,3.00,,3.00
3695,658,51,Soy Latte,Coffee,1,5.50,,5.50
3696,659,15,Padmanadi Vegetable Deluxe,Veggie & Tofu,1,19.00,,19.00
3697,659,46,Jasmine Rice,Sides,1,2.75,,2.75
3698,660,28,Ginger Beef,Plant-Based Meat,1,21.00,Extra Sauce,21.00
3699,660,48,Brown Rice,Sides,1,3.00,,3.00
3700,660,68,Iced Blackberry Hibiscus Tea,Drinks,1,7.00,,7.00
3701,660,29,Dendeng,Plant-Based Meat,1,20.00,Less Spicy,20.00
3702,660,10,Bean Curd Drumsticks,Starters,1,13.00,,13.00
3703,661,32,General Tao Chicken,Plant-Based Meat,1,21.00,No Peanuts,21.00
3704,661,47,Coconut Rice,Sides,1,3.00,,3.00
3705,661,63,Iced Pineapple,Drinks,1,7.50,,7.50
3706,661,30,Sweet & Sour Chicken,Plant-Based Meat,1,19.00,,19.00
3707,662,23,Curry Vegetables & Tofu,Veggie & Tofu,1,20.00,Gluten Friendly,20.00
3708,662,46,Jasmine Rice,Sides,1,2.75,,2.75
3709,662,60,Matcha Latte,Tea,1,6.50,,6.50
3710,662,19,Savory Eggplant,Veggie & Tofu,1,18.00,No Mushrooms,18.00
3711,662,48,Brown Rice,Sides,1,3.00,,3.00
3712,662,56,Organic Tea,Tea,1,3.50,,3.50
3713,662,32,General Tao Chicken,Plant-Based Meat,1,21.00,,21.00
3714,662,46,Jasmine Rice,Sides,1,2.75,,2.75
3715,663,36,Spicy Shrimp,Plant-Based Meat,1,20.00,No Mushrooms,20.00
3716,663,46,Jasmine Rice,Sides,1,2.75,,2.75
3717,663,51,Soy Latte,Coffee,1,5.50,,5.50
3718,663,45,Bali Buddha Bowl,Rice & Noodles,1,18.00,Extra Spicy,18.00
3719,663,64,Sparkling Yuzu,Drinks,1,8.50,,8.50
3720,663,37,Teriyaki Chicken,Plant-Based Meat,1,19.00,,19.00
3721,663,47,Coconut Rice,Sides,1,3.00,,3.00
3722,664,44,Lemongrass Vermicelli Bowl,Rice & Noodles,1,20.00,,20.00
3723,664,51,Soy Latte,Coffee,1,5.50,,5.50
3724,664,21,Mapo Tofu,Veggie & Tofu,1,19.00,,19.00
3725,664,54,Iced Brown Sugar Oat Latte,Coffee,1,6.50,,6.50
3726,664,26,Chili Tofu,Veggie & Tofu,1,19.00,,19.00
3727,664,57,Soy Chai Latte,Tea,1,5.50,,5.50
3728,664,71,Fried Banana with Coconut Ice Cream,Desserts,1,13.00,,13.00
3729,665,36,Spicy Shrimp,Plant-Based Meat,1,20.00,No Mushrooms,20.00
3730,665,54,Iced Brown Sugar Oat Latte,Coffee,1,6.50,,6.50
3731,665,44,Lemongrass Vermicelli Bowl,Rice & Noodles,1,20.00,Less Spicy,20.00
3732,665,51,Soy Latte,Coffee,1,5.50,,5.50
3733,666,37,Teriyaki Chicken,Plant-Based Meat,1,19.00,No Cilantro,19.00
3734,666,64,Sparkling Yuzu,Drinks,1,8.50,,8.50
3735,666,33,Curry Chicken,Plant-Based Meat,1,22.00,Allergy: Nuts,22.00
3736,666,46,Jasmine Rice,Sides,1,2.75,,2.75
3737,666,56,Organic Tea,Tea,1,3.50,,3.50
3738,667,40,Bakmi Goreng,Rice & Noodles,1,19.00,Allergy: Nuts,19.00
3739,667,60,Matcha Latte,Tea,1,6.50,,6.50
3740,667,20,Spicy Coconut Eggplant,Veggie & Tofu,1,18.00,,18.00
3741,667,47,Coconut Rice,Sides,1,3.00,,3.00
3742,667,66,Assorted Soft Drinks,Drinks,1,2.50,,2.50
3743,667,26,Chili Tofu,Veggie & Tofu,1,19.00,No Peanuts,19.00
3744,667,38,Rendang,Plant-Based Meat,1,20.00,Extra Sauce,20.00
3745,667,48,Brown Rice,Sides,1,3.00,,3.00
3746,668,43,Singapore Noodle,Rice & Noodles,1,19.00,,19.00
3747,668,51,Soy Latte,Coffee,1,5.50,,5.50
3748,669,32,General Tao Chicken,Plant-Based Meat,1,21.00,Gluten Friendly,21.00
3749,669,65,Iced Passion Fruit Green Tea,Drinks,1,7.00,,7.00
3750,669,33,Curry Chicken,Plant-Based Meat,1,22.00,,22.00
3751,669,59,Hot Chocolate,Tea,1,5.00,,5.00
3752,669,2,Vegetable Spring Rolls (6pc),Starters,1,9.00,,9.00
3753,670,15,Padmanadi Vegetable Deluxe,Veggie & Tofu,1,19.00,No Mushrooms,19.00
3754,670,47,Coconut Rice,Sides,1,3.00,,3.00
3755,670,56,Organic Tea,Tea,1,3.50,,3.50
3756,670,32,General Tao Chicken,Plant-Based Meat,1,21.00,,21.00
3757,670,66,Assorted Soft Drinks,Drinks,1,2.50,,2.50
3758,670,26,Chili Tofu,Veggie & Tofu,1,19.00,,19.00
3759,670,47,Coconut Rice,Sides,1,3.00,,3.00
3760,671,39,Nasi Goreng,Rice & Noodles,1,18.00,,18.00
3761,671,42,Kwetiau Goreng,Rice & Noodles,1,19.00,Extra Sauce,19.00
3762,671,61,Iced Oat Strawberry Matcha,Tea,1,8.50,,8.50
3763,671,25,Mushroom Tofu,Veggie & Tofu,1,19.00,No Onion,19.00
3764,671,75,Extra Tofu,Extras,1,4.00,,4.00
3765,671,21,Mapo Tofu,Veggie & Tofu,1,19.00,Less Spicy,19.00
3766,671,72,Vegan Ice Cream,Desserts,1,7.00,,7.00
3767,672,19,Savory Eggplant,Veggie & Tofu,1,18.00,,18.00
3768,672,76,Extra Veggies,Extras,1,4.00,,4.00
3769,672,36,Spicy Shrimp,Plant-Based Meat,1,20.00,Extra Spicy,20.00
3770,672,52,Soy Mocha,Coffee,1,6.00,,6.00
3771,672,17,Spicy String Beans,Veggie & Tofu,1,19.00,,19.00
3772,672,56,Organic Tea,Tea,1,3.50,,3.50
3773,672,70,Panna Cotta,Desserts,1,9.00,,9.00
3774,673,44,Lemongrass Vermicelli Bowl,Rice & Noodles,1,20.00,Gluten Friendly,20.00
3775,673,68,Iced Blackberry Hibiscus Tea,Drinks,1,7.00,,7.00
3776,673,28,Ginger Beef,Plant-Based Meat,1,21.00,No Peanuts,21.00
3777,673,46,Jasmine Rice,Sides,1,2.75,,2.75
3778,673,74,Extra Protein,Extras,1,5.00,,5.00
3779,673,51,Soy Latte,Coffee,1,5.50,,5.50
3780,673,70,Panna Cotta,Desserts,1,9.00,,9.00
3781,674,15,Padmanadi Vegetable Deluxe,Veggie & Tofu,1,19.00,No Mushrooms,19.00
3782,674,48,Brown Rice,Sides,1,3.00,,3.00
3783,674,75,Extra Tofu,Extras,1,4.00,,4.00
3784,674,66,Assorted Soft Drinks,Drinks,1,2.50,,2.50
3785,675,17,Spicy String Beans,Veggie & Tofu,1,19.00,,19.00
3786,675,60,Matcha Latte,Tea,1,6.50,,6.50
3787,675,38,Rendang,Plant-Based Meat,1,20.00,Extra Spicy,20.00
3788,675,47,Coconut Rice,Sides,1,3.00,,3.00
3789,675,60,Matcha Latte,Tea,1,6.50,,6.50
3790,675,73,Chocolate Mousse,Desserts,1,9.00,,9.00
3791,676,19,Savory Eggplant,Veggie & Tofu,1,18.00,,18.00
3792,676,48,Brown Rice,Sides,1,3.00,,3.00
3793,676,60,Matcha Latte,Tea,1,6.50,,6.50
3794,676,43,Singapore Noodle,Rice & Noodles,1,19.00,,19.00
3795,676,73,Chocolate Mousse,Desserts,1,9.00,,9.00
3796,676,72,Vegan Ice Cream,Desserts,1,7.00,,7.00
3797,677,28,Ginger Beef,Plant-Based Meat,1,21.00,,21.00
3798,677,46,Jasmine Rice,Sides,1,2.75,,2.75
3799,677,63,Iced Pineapple,Drinks,1,7.50,,7.50
3800,678,27,Kung Pao Chicken,Plant-Based Meat,1,20.00,Extra Sauce,20.00
3801,678,12,Wonton Soup,Soups,1,18.00,No Peanuts,18.00
3802,678,66,Assorted Soft Drinks,Drinks,1,2.50,,2.50
3803,678,16,Chili Green Beans,Veggie & Tofu,1,19.00,Extra Sauce,19.00
3804,678,62,Iced Lychee,Drinks,1,7.50,,7.50
3805,679,21,Mapo Tofu,Veggie & Tofu,1,19.00,,19.00
3806,679,32,General Tao Chicken,Plant-Based Meat,1,21.00,Allergy: Nuts,21.00
3807,679,47,Coconut Rice,Sides,1,3.00,,3.00
3808,679,66,Assorted Soft Drinks,Drinks,1,2.50,,2.50
3809,679,37,Teriyaki Chicken,Plant-Based Meat,1,19.00,Extra Spicy,19.00
3810,679,64,Sparkling Yuzu,Drinks,1,8.50,,8.50
3811,679,8,Breaded Cauliflower Bites,Starters,1,13.00,,13.00
3812,680,21,Mapo Tofu,Veggie & Tofu,1,19.00,Less Spicy,19.00
3813,680,46,Jasmine Rice,Sides,1,2.75,,2.75
3814,681,17,Spicy String Beans,Veggie & Tofu,1,19.00,,19.00
3815,681,60,Matcha Latte,Tea,1,6.50,,6.50
3816,681,38,Rendang,Plant-Based Meat,1,20.00,,20.00
3817,681,48,Brown Rice,Sides,1,3.00,,3.00
3818,681,53,Vegan Iced Coffee,Coffee,1,5.50,,5.50
3819,681,1,Vegetable Spring Rolls (3pc),Starters,1,6.00,,6.00
3820,682,23,Curry Vegetables & Tofu,Veggie & Tofu,1,20.00,,20.00
3821,682,47,Coconut Rice,Sides,1,3.00,,3.00
3822,682,55,Decaf Coffee,Coffee,1,4.50,,4.50
3823,683,43,Singapore Noodle,Rice & Noodles,1,19.00,Extra Spicy,19.00
3824,683,66,Assorted Soft Drinks,Drinks,1,2.50,,2.50
3825,683,37,Teriyaki Chicken,Plant-Based Meat,1,19.00,,19.00
3826,683,46,Jasmine Rice,Sides,1,2.75,,2.75
3827,683,71,Fried Banana with Coconut Ice Cream,Desserts,1,13.00,,13.00
3828,684,42,Kwetiau Goreng,Rice & Noodles,1,19.00,No Onion,19.00
3829,684,65,Iced Passion Fruit Green Tea,Drinks,1,7.00,,7.00
3830,684,24,Tempeh Pulau,Veggie & Tofu,1,20.00,Less Spicy,20.00
3831,684,34,Curry Mutton,Plant-Based Meat,1,22.00,,22.00
3832,684,29,Dendeng,Plant-Based Meat,1,20.00,,20.00
3833,684,47,Coconut Rice,Sides,1,3.00,,3.00
3834,684,8,Breaded Cauliflower Bites,Starters,1,13.00,,13.00
3835,684,6,Gado Gado,Starters,1,14.00,,14.00
3836,685,39,Nasi Goreng,Rice & Noodles,1,18.00,Less Spicy,18.00
3837,686,12,Wonton Soup,Soups,1,18.00,Extra Sauce,18.00
3838,686,28,Ginger Beef,Plant-Based Meat,1,21.00,,21.00
3839,687,28,Ginger Beef,Plant-Based Meat,1,21.00,,21.00
3840,687,21,Mapo Tofu,Veggie & Tofu,1,19.00,,19.00
3841,687,47,Coconut Rice,Sides,1,3.00,,3.00
3842,687,52,Soy Mocha,Coffee,1,6.00,,6.00
3843,688,39,Nasi Goreng,Rice & Noodles,1,18.00,No Cilantro,18.00
3844,688,55,Decaf Coffee,Coffee,1,4.50,,4.50
3845,689,41,Bihun Goreng,Rice & Noodles,1,18.00,No Onion,18.00
3846,689,61,Iced Oat Strawberry Matcha,Tea,1,8.50,,8.50
3847,689,28,Ginger Beef,Plant-Based Meat,1,21.00,Allergy: Nuts,21.00
3848,689,70,Panna Cotta,Desserts,1,9.00,,9.00
3849,689,69,Cheesecake,Desserts,1,11.00,,11.00
3850,690,35,Sweet & Sour Shrimp,Plant-Based Meat,1,20.00,,20.00
3851,690,46,Jasmine Rice,Sides,1,2.75,,2.75
3852,690,74,Extra Protein,Extras,1,5.00,,5.00
3853,690,38,Rendang,Plant-Based Meat,1,20.00,,20.00
3854,690,68,Iced Blackberry Hibiscus Tea,Drinks,1,7.00,,7.00
3855,690,31,Spicy Chicken,Plant-Based Meat,1,19.00,Sauce on Side,19.00
3856,690,48,Brown Rice,Sides,1,3.00,,3.00
3857,690,26,Chili Tofu,Veggie & Tofu,1,19.00,,19.00
3858,690,65,Iced Passion Fruit Green Tea,Drinks,1,7.00,,7.00
3859,690,7,Roti Canai,Starters,1,13.00,,13.00
3860,690,71,Fried Banana with Coconut Ice Cream,Desserts,1,13.00,,13.00
3861,690,71,Fried Banana with Coconut Ice Cream,Desserts,1,13.00,,13.00
3862,691,14,Spicy Curry Noodle Soup,Soups,1,18.00,No Mushrooms,18.00
3863,691,65,Iced Passion Fruit Green Tea,Drinks,1,7.00,,7.00
3864,691,38,Rendang,Plant-Based Meat,1,20.00,Less Spicy,20.00
3865,692,14,Spicy Curry Noodle Soup,Soups,1,18.00,,18.00
3866,692,2,Vegetable Spring Rolls (6pc),Starters,1,9.00,,9.00
3867,693,27,Kung Pao Chicken,Plant-Based Meat,1,20.00,,20.00
3868,693,46,Jasmine Rice,Sides,1,2.75,,2.75
3869,693,70,Panna Cotta,Desserts,1,9.00,,9.00
3870,694,44,Lemongrass Vermicelli Bowl,Rice & Noodles,1,20.00,Less Spicy,20.00
3871,694,36,Spicy Shrimp,Plant-Based Meat,1,20.00,Less Spicy,20.00
3872,695,27,Kung Pao Chicken,Plant-Based Meat,1,20.00,No Cilantro,20.00
3873,695,46,Jasmine Rice,Sides,1,2.75,,2.75
3874,695,74,Extra Protein,Extras,1,5.00,,5.00
3875,695,62,Iced Lychee,Drinks,1,7.50,,7.50
3876,695,26,Chili Tofu,Veggie & Tofu,1,19.00,,19.00
3877,695,63,Iced Pineapple,Drinks,1,7.50,,7.50
3878,695,45,Bali Buddha Bowl,Rice & Noodles,1,18.00,,18.00
3879,695,75,Extra Tofu,Extras,1,4.00,,4.00
3880,695,51,Soy Latte,Coffee,1,5.50,,5.50
3881,696,28,Ginger Beef,Plant-Based Meat,1,21.00,,21.00
3882,696,47,Coconut Rice,Sides,1,3.00,,3.00
3883,696,13,Tom Yum Soup,Soups,1,18.00,Allergy: Nuts,18.00
3884,696,79,Add Noodles (Soup),Extras,1,3.00,,3.00
3885,696,69,Cheesecake,Desserts,1,11.00,,11.00
3886,696,71,Fried Banana with Coconut Ice Cream,Desserts,1,13.00,,13.00
3887,697,30,Sweet & Sour Chicken,Plant-Based Meat,1,19.00,Less Spicy,19.00
3888,697,35,Sweet & Sour Shrimp,Plant-Based Meat,1,20.00,,20.00
3889,697,61,Iced Oat Strawberry Matcha,Tea,1,8.50,,8.50
3890,698,18,King Oyster Mushroom Gaylan,Veggie & Tofu,1,20.00,,20.00
3891,698,37,Teriyaki Chicken,Plant-Based Meat,1,19.00,No Peanuts,19.00
3892,698,53,Vegan Iced Coffee,Coffee,1,5.50,,5.50
3893,698,43,Singapore Noodle,Rice & Noodles,1,19.00,,19.00
3894,698,59,Hot Chocolate,Tea,1,5.00,,5.00
3895,698,73,Chocolate Mousse,Desserts,1,9.00,,9.00
3896,698,70,Panna Cotta,Desserts,1,9.00,,9.00
3897,699,33,Curry Chicken,Plant-Based Meat,1,22.00,Extra Sauce,22.00
3898,699,18,King Oyster Mushroom Gaylan,Veggie & Tofu,1,20.00,,20.00
3899,700,30,Sweet & Sour Chicken,Plant-Based Meat,1,19.00,,19.00
3900,700,48,Brown Rice,Sides,1,3.00,,3.00
3901,700,62,Iced Lychee,Drinks,1,7.50,,7.50
3902,700,19,Savory Eggplant,Veggie & Tofu,1,18.00,,18.00
3903,700,56,Organic Tea,Tea,1,3.50,,3.50
3904,700,1,Vegetable Spring Rolls (3pc),Starters,1,6.00,,6.00
3905,701,20,Spicy Coconut Eggplant,Veggie & Tofu,1,18.00,Sauce on Side,18.00
3906,701,75,Extra Tofu,Extras,1,4.00,,4.00
3907,701,66,Assorted Soft Drinks,Drinks,1,2.50,,2.50
3908,701,32,General Tao Chicken,Plant-Based Meat,1,21.00,,21.00
3909,701,46,Jasmine Rice,Sides,1,2.75,,2.75
3910,701,60,Matcha Latte,Tea,1,6.50,,6.50
3911,701,33,Curry Chicken,Plant-Based Meat,1,22.00,,22.00
3912,701,76,Extra Veggies,Extras,1,4.00,,4.00
3913,702,23,Curry Vegetables & Tofu,Veggie & Tofu,1,20.00,,20.00
3914,702,52,Soy Mocha,Coffee,1,6.00,,6.00
3915,702,19,Savory Eggplant,Veggie & Tofu,1,18.00,No Mushrooms,18.00
3916,702,25,Mushroom Tofu,Veggie & Tofu,1,19.00,No Onion,19.00
3917,702,48,Brown Rice,Sides,1,3.00,,3.00
3918,702,68,Iced Blackberry Hibiscus Tea,Drinks,1,7.00,,7.00
3919,703,32,General Tao Chicken,Plant-Based Meat,1,21.00,Sauce on Side,21.00
3920,703,30,Sweet & Sour Chicken,Plant-Based Meat,1,19.00,Less Spicy,19.00
3921,703,46,Jasmine Rice,Sides,1,2.75,,2.75
3922,703,57,Soy Chai Latte,Tea,1,5.50,,5.50
3923,704,44,Lemongrass Vermicelli Bowl,Rice & Noodles,1,20.00,No Peanuts,20.00
3924,704,65,Iced Passion Fruit Green Tea,Drinks,1,7.00,,7.00
3925,704,33,Curry Chicken,Plant-Based Meat,1,22.00,Extra Sauce,22.00
3926,704,66,Assorted Soft Drinks,Drinks,1,2.50,,2.50
3927,704,33,Curry Chicken,Plant-Based Meat,1,22.00,Allergy: Nuts,22.00
3928,704,48,Brown Rice,Sides,1,3.00,,3.00
3929,704,57,Soy Chai Latte,Tea,1,5.50,,5.50
3930,704,33,Curry Chicken,Plant-Based Meat,1,22.00,,22.00
3931,704,66,Assorted Soft Drinks,Drinks,1,2.50,,2.50
3932,704,2,Vegetable Spring Rolls (6pc),Starters,1,9.00,,9.00
3933,705,18,King Oyster Mushroom Gaylan,Veggie & Tofu,1,20.00,Extra Spicy,20.00
3934,705,54,Iced Brown Sugar Oat Latte,Coffee,1,6.50,,6.50
3935,705,37,Teriyaki Chicken,Plant-Based Meat,1,19.00,,19.00
3936,705,1,Vegetable Spring Rolls (3pc),Starters,1,6.00,,6.00
3937,706,12,Wonton Soup,Soups,1,18.00,No Onion,18.00
3938,706,2,Vegetable Spring Rolls (6pc),Starters,1,9.00,,9.00
3939,707,31,Spicy Chicken,Plant-Based Meat,1,19.00,,19.00
3940,707,43,Singapore Noodle,Rice & Noodles,1,19.00,,19.00
3941,707,51,Soy Latte,Coffee,1,5.50,,5.50
3942,707,28,Ginger Beef,Plant-Based Meat,1,21.00,No Cilantro,21.00
3943,707,46,Jasmine Rice,Sides,1,2.75,,2.75
3944,707,64,Sparkling Yuzu,Drinks,1,8.50,,8.50
3945,708,23,Curry Vegetables & Tofu,Veggie & Tofu,1,20.00,,20.00
3946,708,43,Singapore Noodle,Rice & Noodles,1,19.00,No Mushrooms,19.00
3947,708,68,Iced Blackberry Hibiscus Tea,Drinks,1,7.00,,7.00
3948,708,70,Panna Cotta,Desserts,1,9.00,,9.00
3949,709,33,Curry Chicken,Plant-Based Meat,1,22.00,,22.00
3950,709,47,Coconut Rice,Sides,1,3.00,,3.00
3951,709,57,Soy Chai Latte,Tea,1,5.50,,5.50
3952,709,43,Singapore Noodle,Rice & Noodles,1,19.00,No Cilantro,19.00
3953,709,55,Decaf Coffee,Coffee,1,4.50,,4.50
3954,710,32,General Tao Chicken,Plant-Based Meat,1,21.00,Extra Sauce,21.00
3955,710,48,Brown Rice,Sides,1,3.00,,3.00
3956,710,50,Americano,Coffee,1,4.50,,4.50
3957,710,69,Cheesecake,Desserts,1,11.00,,11.00
3958,711,12,Wonton Soup,Soups,1,18.00,,18.00
3959,711,65,Iced Passion Fruit Green Tea,Drinks,1,7.00,,7.00
3960,711,18,King Oyster Mushroom Gaylan,Veggie & Tofu,1,20.00,Sauce on Side,20.00
3961,711,54,Iced Brown Sugar Oat Latte,Coffee,1,6.50,,6.50
3962,712,28,Ginger Beef,Plant-Based Meat,1,21.00,,21.00
3963,712,46,Jasmine Rice,Sides,1,2.75,,2.75
3964,712,31,Spicy Chicken,Plant-Based Meat,1,19.00,,19.00
3965,713,23,Curry Vegetables & Tofu,Veggie & Tofu,1,20.00,Gluten Friendly,20.00
3966,713,47,Coconut Rice,Sides,1,3.00,,3.00
3967,714,13,Tom Yum Soup,Soups,1,18.00,,18.00
3968,714,79,Add Noodles (Soup),Extras,1,3.00,,3.00
3969,714,76,Extra Veggies,Extras,1,4.00,,4.00
3970,714,56,Organic Tea,Tea,1,3.50,,3.50
3971,714,18,King Oyster Mushroom Gaylan,Veggie & Tofu,1,20.00,,20.00
3972,714,48,Brown Rice,Sides,1,3.00,,3.00
3973,715,34,Curry Mutton,Plant-Based Meat,1,22.00,Extra Spicy,22.00
3974,715,47,Coconut Rice,Sides,1,3.00,,3.00
3975,715,18,King Oyster Mushroom Gaylan,Veggie & Tofu,1,20.00,,20.00
3976,715,26,Chili Tofu,Veggie & Tofu,1,19.00,No Mushrooms,19.00
3977,715,46,Jasmine Rice,Sides,1,2.75,,2.75
3978,715,23,Curry Vegetables & Tofu,Veggie & Tofu,1,20.00,Extra Spicy,20.00
3979,715,47,Coconut Rice,Sides,1,3.00,,3.00
3980,715,56,Organic Tea,Tea,1,3.50,,3.50
3981,715,1,Vegetable Spring Rolls (3pc),Starters,1,6.00,,6.00
3982,715,69,Cheesecake,Desserts,1,11.00,,11.00
3983,715,71,Fried Banana with Coconut Ice Cream,Desserts,1,13.00,,13.00
3984,716,27,Kung Pao Chicken,Plant-Based Meat,1,20.00,Extra Sauce,20.00
3985,716,46,Jasmine Rice,Sides,1,2.75,,2.75
3986,716,50,Americano,Coffee,1,4.50,,4.50
3987,716,29,Dendeng,Plant-Based Meat,1,20.00,Extra Sauce,20.00
3988,716,48,Brown Rice,Sides,1,3.00,,3.00
3989,716,68,Iced Blackberry Hibiscus Tea,Drinks,1,7.00,,7.00
3990,716,22,Pan-Fried Broccoli & Cauliflower,Veggie & Tofu,1,18.00,Allergy: Nuts,18.00
3991,716,68,Iced Blackberry Hibiscus Tea,Drinks,1,7.00,,7.00
3992,716,37,Teriyaki Chicken,Plant-Based Meat,1,19.00,Sauce on Side,19.00
3993,716,48,Brown Rice,Sides,1,3.00,,3.00
3994,716,60,Matcha Latte,Tea,1,6.50,,6.50
3995,716,9,Crispy Chicken Strips,Starters,1,13.00,,13.00
3996,717,33,Curry Chicken,Plant-Based Meat,1,22.00,Gluten Friendly,22.00
3997,717,64,Sparkling Yuzu,Drinks,1,8.50,,8.50
3998,717,15,Padmanadi Vegetable Deluxe,Veggie & Tofu,1,19.00,,19.00
3999,717,38,Rendang,Plant-Based Meat,1,20.00,,20.00
4000,717,48,Brown Rice,Sides,1,3.00,,3.00
4001,717,62,Iced Lychee,Drinks,1,7.50,,7.50
4002,717,9,Crispy Chicken Strips,Starters,1,13.00,,13.00
4003,717,73,Chocolate Mousse,Desserts,1,9.00,,9.00
4004,717,73,Chocolate Mousse,Desserts,1,9.00,,9.00
4005,718,44,Lemongrass Vermicelli Bowl,Rice & Noodles,1,20.00,,20.00
4006,718,74,Extra Protein,Extras,1,5.00,,5.00
4007,718,23,Curry Vegetables & Tofu,Veggie & Tofu,1,20.00,,20.00
4008,718,48,Brown Rice,Sides,1,3.00,,3.00
4009,718,64,Sparkling Yuzu,Drinks,1,8.50,,8.50
4010,718,14,Spicy Curry Noodle Soup,Soups,1,18.00,Extra Sauce,18.00
4011,718,43,Singapore Noodle,Rice & Noodles,1,19.00,Less Spicy,19.00
4012,718,71,Fried Banana with Coconut Ice Cream,Desserts,1,13.00,,13.00
4013,719,43,Singapore Noodle,Rice & Noodles,1,19.00,,19.00
4014,719,26,Chili Tofu,Veggie & Tofu,1,19.00,,19.00
4015,719,47,Coconut Rice,Sides,1,3.00,,3.00
4016,719,51,Soy Latte,Coffee,1,5.50,,5.50
4017,719,31,Spicy Chicken,Plant-Based Meat,1,19.00,No Mushrooms,19.00
4018,719,48,Brown Rice,Sides,1,3.00,,3.00
4019,719,12,Wonton Soup,Soups,1,18.00,No Onion,18.00
4020,719,79,Add Noodles (Soup),Extras,1,3.00,,3.00
4021,719,2,Vegetable Spring Rolls (6pc),Starters,1,9.00,,9.00
4022,719,3,Satay with Peanut Sauce (1pc),Starters,1,3.00,,3.00
4023,720,32,General Tao Chicken,Plant-Based Meat,1,21.00,No Onion,21.00
4024,720,16,Chili Green Beans,Veggie & Tofu,1,19.00,,19.00
4025,720,54,Iced Brown Sugar Oat Latte,Coffee,1,6.50,,6.50
4026,720,8,Breaded Cauliflower Bites,Starters,1,13.00,,13.00
4027,721,36,Spicy Shrimp,Plant-Based Meat,1,20.00,No Peanuts,20.00
4028,721,32,General Tao Chicken,Plant-Based Meat,1,21.00,,21.00
4029,721,47,Coconut Rice,Sides,1,3.00,,3.00
4030,721,53,Vegan Iced Coffee,Coffee,1,5.50,,5.50
4031,721,5,Deep Fried Tofu,Starters,1,13.00,,13.00
4032,722,33,Curry Chicken,Plant-Based Meat,1,22.00,Extra Sauce,22.00
4033,722,46,Jasmine Rice,Sides,1,2.75,,2.75
4034,722,54,Iced Brown Sugar Oat Latte,Coffee,1,6.50,,6.50
4035,722,42,Kwetiau Goreng,Rice & Noodles,1,19.00,No Onion,19.00
4036,722,51,Soy Latte,Coffee,1,5.50,,5.50
4037,722,33,Curry Chicken,Plant-Based Meat,1,22.00,,22.00
4038,722,4,Satay with Peanut Sauce (3pc),Starters,1,10.00,,10.00
4039,723,18,King Oyster Mushroom Gaylan,Veggie & Tofu,1,20.00,Extra Spicy,20.00
4040,723,47,Coconut Rice,Sides,1,3.00,,3.00
4041,723,51,Soy Latte,Coffee,1,5.50,,5.50
4042,723,23,Curry Vegetables & Tofu,Veggie & Tofu,1,20.00,,20.00
4043,723,5,Deep Fried Tofu,Starters,1,13.00,,13.00
4044,724,28,Ginger Beef,Plant-Based Meat,1,21.00,Extra Spicy,21.00
4045,725,39,Nasi Goreng,Rice & Noodles,1,18.00,Extra Spicy,18.00
4046,725,62,Iced Lychee,Drinks,1,7.50,,7.50
4047,725,45,Bali Buddha Bowl,Rice & Noodles,1,18.00,Sauce on Side,18.00
4048,725,59,Hot Chocolate,Tea,1,5.00,,5.00
4049,726,33,Curry Chicken,Plant-Based Meat,1,22.00,No Onion,22.00
4050,726,39,Nasi Goreng,Rice & Noodles,1,18.00,,18.00
4051,726,8,Breaded Cauliflower Bites,Starters,1,13.00,,13.00
4052,727,43,Singapore Noodle,Rice & Noodles,1,19.00,Allergy: Nuts,19.00
4053,727,23,Curry Vegetables & Tofu,Veggie & Tofu,1,20.00,No Onion,20.00
4054,727,10,Bean Curd Drumsticks,Starters,1,13.00,,13.00
4055,728,28,Ginger Beef,Plant-Based Meat,1,21.00,Extra Sauce,21.00
4056,728,46,Jasmine Rice,Sides,1,2.75,,2.75
4057,728,50,Americano,Coffee,1,4.50,,4.50
4058,728,49,Lunch Special,Lunch Special,1,18.00,Entree: Chili Green Beans,18.00
4059,728,65,Iced Passion Fruit Green Tea,Drinks,1,7.00,,7.00
4060,728,11,Fried Enoki Mushroom,Starters,1,16.00,,16.00
4061,728,69,Cheesecake,Desserts,1,11.00,,11.00
4062,728,72,Vegan Ice Cream,Desserts,1,7.00,,7.00
4063,729,38,Rendang,Plant-Based Meat,1,20.00,,20.00
4064,729,47,Coconut Rice,Sides,1,3.00,,3.00
4065,729,22,Pan-Fried Broccoli & Cauliflower,Veggie & Tofu,1,18.00,Less Spicy,18.00
4066,729,49,Lunch Special,Lunch Special,1,18.00,Entree: Curry Mutton,18.00
4067,729,66,Assorted Soft Drinks,Drinks,1,2.50,,2.50
4068,729,49,Lunch Special,Lunch Special,1,18.00,Entree: Sweet & Sour Chicken,18.00
4069,730,49,Lunch Special,Lunch Special,1,18.00,Entree: Curry Mutton,18.00
4070,730,2,Vegetable Spring Rolls (6pc),Starters,1,9.00,,9.00
4071,731,49,Lunch Special,Lunch Special,1,18.00,Entree: Chili Green Beans,18.00
4072,731,66,Assorted Soft Drinks,Drinks,1,2.50,,2.50
4073,731,26,Chili Tofu,Veggie & Tofu,1,19.00,No Cilantro,19.00
4074,731,46,Jasmine Rice,Sides,1,2.75,,2.75
4075,731,61,Iced Oat Strawberry Matcha,Tea,1,8.50,,8.50
4076,731,1,Vegetable Spring Rolls (3pc),Starters,1,6.00,,6.00
4077,731,69,Cheesecake,Desserts,1,11.00,,11.00
4078,731,70,Panna Cotta,Desserts,1,9.00,,9.00
4079,732,49,Lunch Special,Lunch Special,1,18.00,Entree: Chili Green Beans,18.00
4080,733,49,Lunch Special,Lunch Special,1,18.00,Entree: Savory Eggplant,18.00
4081,733,77,Sub Coconut Rice (+1),Extras,1,1.00,,1.00
4082,733,58,London Fog,Tea,1,5.50,,5.50
4083,733,39,Nasi Goreng,Rice & Noodles,1,18.00,No Cilantro,18.00
4084,734,34,Curry Mutton,Plant-Based Meat,1,22.00,,22.00
4085,734,48,Brown Rice,Sides,1,3.00,,3.00
4086,734,55,Decaf Coffee,Coffee,1,4.50,,4.50
4087,734,49,Lunch Special,Lunch Special,1,18.00,Entree: Spicy Nuggets,18.00
4088,734,61,Iced Oat Strawberry Matcha,Tea,1,8.50,,8.50
4089,734,12,Wonton Soup,Soups,1,18.00,,18.00
4090,734,49,Lunch Special,Lunch Special,1,18.00,Entree: Ginger Beef,18.00
4091,734,51,Soy Latte,Coffee,1,5.50,,5.50
4092,734,69,Cheesecake,Desserts,1,11.00,,11.00
4093,735,49,Lunch Special,Lunch Special,1,18.00,Entree: Rendang,18.00
4094,735,1,Vegetable Spring Rolls (3pc),Starters,1,6.00,,6.00
4095,736,49,Lunch Special,Lunch Special,1,18.00,Entree: Curried Tofu w/ Vegetables,18.00
4096,736,49,Lunch Special,Lunch Special,1,18.00,Entree: Chili Green Beans,18.00
4097,736,62,Iced Lychee,Drinks,1,7.50,,7.50
4098,737,49,Lunch Special,Lunch Special,1,18.00,Entree: Sweet & Sour Chicken,18.00
4099,737,54,Iced Brown Sugar Oat Latte,Coffee,1,6.50,,6.50
4100,737,49,Lunch Special,Lunch Special,1,18.00,Entree: Sweet & Sour Nuggets,18.00
4101,737,1,Vegetable Spring Rolls (3pc),Starters,1,6.00,,6.00
4102,738,44,Lemongrass Vermicelli Bowl,Rice & Noodles,1,20.00,,20.00
4103,738,52,Soy Mocha,Coffee,1,6.00,,6.00
4104,738,40,Bakmi Goreng,Rice & Noodles,1,19.00,,19.00
4105,738,33,Curry Chicken,Plant-Based Meat,1,22.00,No Onion,22.00
4106,738,46,Jasmine Rice,Sides,1,2.75,,2.75
4107,738,62,Iced Lychee,Drinks,1,7.50,,7.50
4108,738,69,Cheesecake,Desserts,1,11.00,,11.00
4109,739,49,Lunch Special,Lunch Special,1,18.00,Entree: Teriyaki Chicken,18.00
4110,739,68,Iced Blackberry Hibiscus Tea,Drinks,1,7.00,,7.00
4111,739,49,Lunch Special,Lunch Special,1,18.00,Entree: Padmanadi Veg Deluxe,18.00
4112,740,18,King Oyster Mushroom Gaylan,Veggie & Tofu,1,20.00,No Mushrooms,20.00
4113,740,48,Brown Rice,Sides,1,3.00,,3.00
4114,740,62,Iced Lychee,Drinks,1,7.50,,7.50
4115,740,49,Lunch Special,Lunch Special,1,18.00,Entree: Chili Green Beans,18.00
4116,740,65,Iced Passion Fruit Green Tea,Drinks,1,7.00,,7.00
4117,741,49,Lunch Special,Lunch Special,1,18.00,Entree: Curry Mutton,18.00
4118,741,66,Assorted Soft Drinks,Drinks,1,2.50,,2.50
4119,741,49,Lunch Special,Lunch Special,1,18.00,Entree: Rendang,18.00
4120,741,49,Lunch Special,Lunch Special,1,18.00,Entree: Teriyaki Chicken,18.00
4121,741,66,Assorted Soft Drinks,Drinks,1,2.50,,2.50
4122,741,11,Fried Enoki Mushroom,Starters,1,16.00,,16.00
4123,741,69,Cheesecake,Desserts,1,11.00,,11.00
4124,741,72,Vegan Ice Cream,Desserts,1,7.00,,7.00
4125,742,49,Lunch Special,Lunch Special,1,18.00,Entree: Curry Mutton,18.00
4126,742,49,Lunch Special,Lunch Special,1,18.00,Entree: Kung Pao Chicken,18.00
4127,742,21,Mapo Tofu,Veggie & Tofu,1,19.00,,19.00
4128,742,47,Coconut Rice,Sides,1,3.00,,3.00
4129,742,72,Vegan Ice Cream,Desserts,1,7.00,,7.00
4130,743,49,Lunch Special,Lunch Special,1,18.00,Entree: Curry Chicken,18.00
4131,743,38,Rendang,Plant-Based Meat,1,20.00,,20.00
4132,743,48,Brown Rice,Sides,1,3.00,,3.00
4133,743,66,Assorted Soft Drinks,Drinks,1,2.50,,2.50
4134,743,5,Deep Fried Tofu,Starters,1,13.00,,13.00
4135,744,49,Lunch Special,Lunch Special,1,18.00,Entree: Ginger Beef,18.00
4136,744,60,Matcha Latte,Tea,1,6.50,,6.50
4137,744,49,Lunch Special,Lunch Special,1,18.00,Entree: Curry Mutton,18.00
4138,744,49,Lunch Special,Lunch Special,1,18.00,Entree: Kung Pao Chicken,18.00
4139,744,59,Hot Chocolate,Tea,1,5.00,,5.00
4140,744,69,Cheesecake,Desserts,1,11.00,,11.00
4141,744,71,Fried Banana with Coconut Ice Cream,Desserts,1,13.00,,13.00
4142,745,39,Nasi Goreng,Rice & Noodles,1,18.00,,18.00
4143,745,29,Dendeng,Plant-Based Meat,1,20.00,,20.00
4144,745,76,Extra Veggies,Extras,1,4.00,,4.00
4145,745,53,Vegan Iced Coffee,Coffee,1,5.50,,5.50
4146,745,32,General Tao Chicken,Plant-Based Meat,1,21.00,,21.00
4147,745,74,Extra Protein,Extras,1,5.00,,5.00
4148,745,69,Cheesecake,Desserts,1,11.00,,11.00
4149,746,14,Spicy Curry Noodle Soup,Soups,1,18.00,Extra Sauce,18.00
4150,746,49,Lunch Special,Lunch Special,1,18.00,Entree: Sweet & Sour Nuggets,18.00
4151,746,32,General Tao Chicken,Plant-Based Meat,1,21.00,Gluten Friendly,21.00
4152,746,47,Coconut Rice,Sides,1,3.00,,3.00
4153,746,40,Bakmi Goreng,Rice & Noodles,1,19.00,No Cilantro,19.00
4154,747,18,King Oyster Mushroom Gaylan,Veggie & Tofu,1,20.00,,20.00
4155,748,13,Tom Yum Soup,Soups,1,18.00,Extra Spicy,18.00
4156,748,79,Add Noodles (Soup),Extras,1,3.00,,3.00
4157,748,61,Iced Oat Strawberry Matcha,Tea,1,8.50,,8.50
4158,748,37,Teriyaki Chicken,Plant-Based Meat,1,19.00,No Peanuts,19.00
4159,748,46,Jasmine Rice,Sides,1,2.75,,2.75
4160,748,27,Kung Pao Chicken,Plant-Based Meat,1,20.00,Allergy: Nuts,20.00
4161,748,46,Jasmine Rice,Sides,1,2.75,,2.75
4162,748,64,Sparkling Yuzu,Drinks,1,8.50,,8.50
4163,748,11,Fried Enoki Mushroom,Starters,1,16.00,,16.00
4164,749,28,Ginger Beef,Plant-Based Meat,1,21.00,,21.00
4165,749,46,Jasmine Rice,Sides,1,2.75,,2.75
4166,750,49,Lunch Special,Lunch Special,1,18.00,Entree: Chili Tofu,18.00
4167,750,51,Soy Latte,Coffee,1,5.50,,5.50
4168,750,30,Sweet & Sour Chicken,Plant-Based Meat,1,19.00,No Peanuts,19.00
4169,750,46,Jasmine Rice,Sides,1,2.75,,2.75
4170,750,51,Soy Latte,Coffee,1,5.50,,5.50
4171,751,14,Spicy Curry Noodle Soup,Soups,1,18.00,,18.00
4172,751,35,Sweet & Sour Shrimp,Plant-Based Meat,1,20.00,No Cilantro,20.00
4173,751,58,London Fog,Tea,1,5.50,,5.50
4174,751,33,Curry Chicken,Plant-Based Meat,1,22.00,,22.00
4175,751,46,Jasmine Rice,Sides,1,2.75,,2.75
4176,751,32,General Tao Chicken,Plant-Based Meat,1,21.00,Gluten Friendly,21.00
4177,751,76,Extra Veggies,Extras,1,4.00,,4.00
4178,751,53,Vegan Iced Coffee,Coffee,1,5.50,,5.50
4179,751,49,Lunch Special,Lunch Special,1,18.00,Entree: Padmanadi Veg Deluxe,18.00
4180,751,53,Vegan Iced Coffee,Coffee,1,5.50,,5.50
4181,751,71,Fried Banana with Coconut Ice Cream,Desserts,1,13.00,,13.00
4182,752,49,Lunch Special,Lunch Special,1,18.00,Entree: Curry Chicken,18.00
4183,752,57,Soy Chai Latte,Tea,1,5.50,,5.50
4184,753,23,Curry Vegetables & Tofu,Veggie & Tofu,1,20.00,Sauce on Side,20.00
4185,753,37,Teriyaki Chicken,Plant-Based Meat,1,19.00,No Peanuts,19.00
4186,754,49,Lunch Special,Lunch Special,1,18.00,Entree: Sweet & Sour Nuggets,18.00
4187,755,45,Bali Buddha Bowl,Rice & Noodles,1,18.00,,18.00
4188,755,57,Soy Chai Latte,Tea,1,5.50,,5.50
4189,755,15,Padmanadi Vegetable Deluxe,Veggie & Tofu,1,19.00,,19.00
4190,755,46,Jasmine Rice,Sides,1,2.75,,2.75
4191,755,61,Iced Oat Strawberry Matcha,Tea,1,8.50,,8.50
4192,756,49,Lunch Special,Lunch Special,1,18.00,Entree: Chili Tofu,18.00
4193,756,13,Tom Yum Soup,Soups,1,18.00,No Peanuts,18.00
4194,756,39,Nasi Goreng,Rice & Noodles,1,18.00,,18.00
4195,757,24,Tempeh Pulau,Veggie & Tofu,1,20.00,,20.00
4196,757,46,Jasmine Rice,Sides,1,2.75,,2.75
4197,757,10,Bean Curd Drumsticks,Starters,1,13.00,,13.00
4198,758,49,Lunch Special,Lunch Special,1,18.00,Entree: Curry Mutton,18.00
4199,758,78,Sub Brown Rice (+1),Extras,1,1.00,,1.00
4200,758,65,Iced Passion Fruit Green Tea,Drinks,1,7.00,,7.00
4201,758,49,Lunch Special,Lunch Special,1,18.00,Entree: Teriyaki Chicken,18.00
4202,758,57,Soy Chai Latte,Tea,1,5.50,,5.50
4203,758,18,King Oyster Mushroom Gaylan,Veggie & Tofu,1,20.00,Gluten Friendly,20.00
4204,758,48,Brown Rice,Sides,1,3.00,,3.00
4205,758,54,Iced Brown Sugar Oat Latte,Coffee,1,6.50,,6.50
4206,758,18,King Oyster Mushroom Gaylan,Veggie & Tofu,1,20.00,No Onion,20.00
4207,758,57,Soy Chai Latte,Tea,1,5.50,,5.50
4208,758,2,Vegetable Spring Rolls (6pc),Starters,1,9.00,,9.00
4209,759,49,Lunch Special,Lunch Special,1,18.00,Entree: Sweet & Sour Chicken,18.00
4210,760,22,Pan-Fried Broccoli & Cauliflower,Veggie & Tofu,1,18.00,,18.00
4211,760,33,Curry Chicken,Plant-Based Meat,1,22.00,,22.00
4212,760,62,Iced Lychee,Drinks,1,7.50,,7.50
4213,760,13,Tom Yum Soup,Soups,1,18.00,No Peanuts,18.00
4214,760,51,Soy Latte,Coffee,1,5.50,,5.50
4215,760,49,Lunch Special,Lunch Special,1,18.00,Entree: Teriyaki Chicken,18.00
4216,760,53,Vegan Iced Coffee,Coffee,1,5.50,,5.50
4217,760,7,Roti Canai,Starters,1,13.00,,13.00
4218,760,70,Panna Cotta,Desserts,1,9.00,,9.00
4219,761,34,Curry Mutton,Plant-Based Meat,1,22.00,Extra Sauce,22.00
4220,761,75,Extra Tofu,Extras,1,4.00,,4.00
4221,762,30,Sweet & Sour Chicken,Plant-Based Meat,1,19.00,Extra Spicy,19.00
4222,762,48,Brown Rice,Sides,1,3.00,,3.00
4223,762,28,Ginger Beef,Plant-Based Meat,1,21.00,,21.00
4224,762,47,Coconut Rice,Sides,1,3.00,,3.00
4225,762,59,Hot Chocolate,Tea,1,5.00,,5.00
4226,762,49,Lunch Special,Lunch Special,1,18.00,Entree: Curried Tofu w/ Vegetables,18.00
4227,762,51,Soy Latte,Coffee,1,5.50,,5.50
4228,762,73,Chocolate Mousse,Desserts,1,9.00,,9.00
4229,763,28,Ginger Beef,Plant-Based Meat,1,21.00,,21.00
4230,763,30,Sweet & Sour Chicken,Plant-Based Meat,1,19.00,Gluten Friendly,19.00
4231,763,54,Iced Brown Sugar Oat Latte,Coffee,1,6.50,,6.50
4232,763,11,Fried Enoki Mushroom,Starters,1,16.00,,16.00
4233,764,30,Sweet & Sour Chicken,Plant-Based Meat,1,19.00,,19.00
4234,764,46,Jasmine Rice,Sides,1,2.75,,2.75
4235,764,75,Extra Tofu,Extras,1,4.00,,4.00
4236,764,55,Decaf Coffee,Coffee,1,4.50,,4.50
4237,765,49,Lunch Special,Lunch Special,1,18.00,Entree: Spicy Nuggets,18.00
4238,765,58,London Fog,Tea,1,5.50,,5.50
4239,765,42,Kwetiau Goreng,Rice & Noodles,1,19.00,,19.00
4240,766,28,Ginger Beef,Plant-Based Meat,1,21.00,No Onion,21.00
4241,766,27,Kung Pao Chicken,Plant-Based Meat,1,20.00,Sauce on Side,20.00
4242,766,66,Assorted Soft Drinks,Drinks,1,2.50,,2.50
4243,766,9,Crispy Chicken Strips,Starters,1,13.00,,13.00
4244,766,70,Panna Cotta,Desserts,1,9.00,,9.00
4245,766,71,Fried Banana with Coconut Ice Cream,Desserts,1,13.00,,13.00
4246,767,49,Lunch Special,Lunch Special,1,18.00,Entree: Curry Mutton,18.00
4247,767,66,Assorted Soft Drinks,Drinks,1,2.50,,2.50
4248,767,18,King Oyster Mushroom Gaylan,Veggie & Tofu,1,20.00,,20.00
4249,767,46,Jasmine Rice,Sides,1,2.75,,2.75
4250,768,13,Tom Yum Soup,Soups,1,18.00,No Onion,18.00
4251,768,15,Padmanadi Vegetable Deluxe,Veggie & Tofu,1,19.00,,19.00
4252,768,48,Brown Rice,Sides,1,3.00,,3.00
4253,768,58,London Fog,Tea,1,5.50,,5.50
4254,769,40,Bakmi Goreng,Rice & Noodles,1,19.00,,19.00
4255,769,55,Decaf Coffee,Coffee,1,4.50,,4.50
4256,769,30,Sweet & Sour Chicken,Plant-Based Meat,1,19.00,Extra Sauce,19.00
4257,769,76,Extra Veggies,Extras,1,4.00,,4.00
4258,770,49,Lunch Special,Lunch Special,1,18.00,Entree: Savory Eggplant,18.00
4259,770,28,Ginger Beef,Plant-Based Meat,1,21.00,No Mushrooms,21.00
4260,770,67,Raspberry Lime Italian Soda,Drinks,1,6.50,,6.50
4261,770,49,Lunch Special,Lunch Special,1,18.00,Entree: Rendang,18.00
4262,770,66,Assorted Soft Drinks,Drinks,1,2.50,,2.50
4263,771,49,Lunch Special,Lunch Special,1,18.00,Entree: Sweet & Sour Chicken,18.00
4264,771,66,Assorted Soft Drinks,Drinks,1,2.50,,2.50
4265,771,49,Lunch Special,Lunch Special,1,18.00,Entree: Sweet & Sour Nuggets,18.00
4266,771,66,Assorted Soft Drinks,Drinks,1,2.50,,2.50
4267,771,49,Lunch Special,Lunch Special,1,18.00,Entree: Chili Tofu,18.00
4268,771,3,Satay with Peanut Sauce (1pc),Starters,1,3.00,,3.00
4269,772,49,Lunch Special,Lunch Special,1,18.00,Entree: Savory Eggplant,18.00
4270,772,64,Sparkling Yuzu,Drinks,1,8.50,,8.50
4271,772,26,Chili Tofu,Veggie & Tofu,1,19.00,Extra Spicy,19.00
4272,772,48,Brown Rice,Sides,1,3.00,,3.00
4273,772,52,Soy Mocha,Coffee,1,6.00,,6.00
4274,772,49,Lunch Special,Lunch Special,1,18.00,Entree: Curry Mutton,18.00
4275,772,53,Vegan Iced Coffee,Coffee,1,5.50,,5.50
4276,772,28,Ginger Beef,Plant-Based Meat,1,21.00,No Cilantro,21.00
4277,772,46,Jasmine Rice,Sides,1,2.75,,2.75
4278,772,70,Panna Cotta,Desserts,1,9.00,,9.00
4279,773,28,Ginger Beef,Plant-Based Meat,1,21.00,,21.00
4280,773,55,Decaf Coffee,Coffee,1,4.50,,4.50
4281,773,49,Lunch Special,Lunch Special,1,18.00,Entree: Sweet & Sour Chicken,18.00
4282,774,19,Savory Eggplant,Veggie & Tofu,1,18.00,Extra Sauce,18.00
4283,774,46,Jasmine Rice,Sides,1,2.75,,2.75
4284,774,62,Iced Lychee,Drinks,1,7.50,,7.50
4285,774,69,Cheesecake,Desserts,1,11.00,,11.00
4286,775,49,Lunch Special,Lunch Special,1,18.00,Entree: Padmanadi Veg Deluxe,18.00
4287,775,23,Curry Vegetables & Tofu,Veggie & Tofu,1,20.00,Less Spicy,20.00
4288,775,65,Iced Passion Fruit Green Tea,Drinks,1,7.00,,7.00
4289,776,49,Lunch Special,Lunch Special,1,18.00,Entree: Savory Eggplant,18.00
4290,776,53,Vegan Iced Coffee,Coffee,1,5.50,,5.50
4291,776,33,Curry Chicken,Plant-Based Meat,1,22.00,,22.00
4292,776,46,Jasmine Rice,Sides,1,2.75,,2.75
4293,776,66,Assorted Soft Drinks,Drinks,1,2.50,,2.50
4294,777,28,Ginger Beef,Plant-Based Meat,1,21.00,,21.00
4295,777,53,Vegan Iced Coffee,Coffee,1,5.50,,5.50
4296,777,28,Ginger Beef,Plant-Based Meat,1,21.00,,21.00
4297,777,46,Jasmine Rice,Sides,1,2.75,,2.75
4298,777,72,Vegan Ice Cream,Desserts,1,7.00,,7.00
4299,777,69,Cheesecake,Desserts,1,11.00,,11.00
4300,778,12,Wonton Soup,Soups,1,18.00,No Mushrooms,18.00
4301,778,60,Matcha Latte,Tea,1,6.50,,6.50
4302,778,43,Singapore Noodle,Rice & Noodles,1,19.00,,19.00
4303,778,76,Extra Veggies,Extras,1,4.00,,4.00
4304,778,67,Raspberry Lime Italian Soda,Drinks,1,6.50,,6.50
4305,778,70,Panna Cotta,Desserts,1,9.00,,9.00
4306,778,72,Vegan Ice Cream,Desserts,1,7.00,,7.00
4307,779,31,Spicy Chicken,Plant-Based Meat,1,19.00,,19.00
4308,779,66,Assorted Soft Drinks,Drinks,1,2.50,,2.50
4309,779,37,Teriyaki Chicken,Plant-Based Meat,1,19.00,Extra Sauce,19.00
4310,780,17,Spicy String Beans,Veggie & Tofu,1,19.00,,19.00
4311,780,46,Jasmine Rice,Sides,1,2.75,,2.75
4312,780,65,Iced Passion Fruit Green Tea,Drinks,1,7.00,,7.00
4313,780,27,Kung Pao Chicken,Plant-Based Meat,1,20.00,No Peanuts,20.00
4314,780,47,Coconut Rice,Sides,1,3.00,,3.00
4315,780,25,Mushroom Tofu,Veggie & Tofu,1,19.00,,19.00
4316,780,47,Coconut Rice,Sides,1,3.00,,3.00
4317,781,39,Nasi Goreng,Rice & Noodles,1,18.00,,18.00
4318,781,59,Hot Chocolate,Tea,1,5.00,,5.00
4319,781,14,Spicy Curry Noodle Soup,Soups,1,18.00,,18.00
4320,781,79,Add Noodles (Soup),Extras,1,3.00,,3.00
4321,781,57,Soy Chai Latte,Tea,1,5.50,,5.50
4322,782,32,General Tao Chicken,Plant-Based Meat,1,21.00,,21.00
4323,782,46,Jasmine Rice,Sides,1,2.75,,2.75
4324,782,33,Curry Chicken,Plant-Based Meat,1,22.00,,22.00
4325,782,2,Vegetable Spring Rolls (6pc),Starters,1,9.00,,9.00
4326,783,23,Curry Vegetables & Tofu,Veggie & Tofu,1,20.00,,20.00
4327,783,62,Iced Lychee,Drinks,1,7.50,,7.50
4328,783,29,Dendeng,Plant-Based Meat,1,20.00,No Peanuts,20.00
4329,783,48,Brown Rice,Sides,1,3.00,,3.00
4330,783,65,Iced Passion Fruit Green Tea,Drinks,1,7.00,,7.00
4331,783,37,Teriyaki Chicken,Plant-Based Meat,1,19.00,No Peanuts,19.00
4332,783,44,Lemongrass Vermicelli Bowl,Rice & Noodles,1,20.00,Less Spicy,20.00
4333,783,57,Soy Chai Latte,Tea,1,5.50,,5.50
4334,783,37,Teriyaki Chicken,Plant-Based Meat,1,19.00,No Peanuts,19.00
4335,784,32,General Tao Chicken,Plant-Based Meat,1,21.00,No Onion,21.00
4336,784,46,Jasmine Rice,Sides,1,2.75,,2.75
4337,784,65,Iced Passion Fruit Green Tea,Drinks,1,7.00,,7.00
4338,784,13,Tom Yum Soup,Soups,1,18.00,,18.00
4339,784,65,Iced Passion Fruit Green Tea,Drinks,1,7.00,,7.00
4340,784,20,Spicy Coconut Eggplant,Veggie & Tofu,1,18.00,,18.00
4341,784,8,Breaded Cauliflower Bites,Starters,1,13.00,,13.00
4342,785,35,Sweet & Sour Shrimp,Plant-Based Meat,1,20.00,,20.00
4343,785,46,Jasmine Rice,Sides,1,2.75,,2.75
4344,785,66,Assorted Soft Drinks,Drinks,1,2.50,,2.50
4345,785,30,Sweet & Sour Chicken,Plant-Based Meat,1,19.00,,19.00
4346,785,46,Jasmine Rice,Sides,1,2.75,,2.75
4347,785,76,Extra Veggies,Extras,1,4.00,,4.00
4348,785,30,Sweet & Sour Chicken,Plant-Based Meat,1,19.00,,19.00
4349,785,47,Coconut Rice,Sides,1,3.00,,3.00
4350,785,32,General Tao Chicken,Plant-Based Meat,1,21.00,,21.00
4351,785,1,Vegetable Spring Rolls (3pc),Starters,1,6.00,,6.00
4352,785,4,Satay with Peanut Sauce (3pc),Starters,1,10.00,,10.00
4353,785,73,Chocolate Mousse,Desserts,1,9.00,,9.00
4354,785,69,Cheesecake,Desserts,1,11.00,,11.00
4355,786,30,Sweet & Sour Chicken,Plant-Based Meat,1,19.00,Allergy: Nuts,19.00
4356,786,50,Americano,Coffee,1,4.50,,4.50
4357,786,30,Sweet & Sour Chicken,Plant-Based Meat,1,19.00,,19.00
4358,786,46,Jasmine Rice,Sides,1,2.75,,2.75
4359,786,74,Extra Protein,Extras,1,5.00,,5.00
4360,786,53,Vegan Iced Coffee,Coffee,1,5.50,,5.50
4361,786,45,Bali Buddha Bowl,Rice & Noodles,1,18.00,,18.00
4362,787,44,Lemongrass Vermicelli Bowl,Rice & Noodles,1,20.00,Extra Sauce,20.00
4363,787,25,Mushroom Tofu,Veggie & Tofu,1,19.00,No Onion,19.00
4364,787,48,Brown Rice,Sides,1,3.00,,3.00
4365,788,18,King Oyster Mushroom Gaylan,Veggie & Tofu,1,20.00,,20.00
4366,788,46,Jasmine Rice,Sides,1,2.75,,2.75
4367,788,66,Assorted Soft Drinks,Drinks,1,2.50,,2.50
4368,788,18,King Oyster Mushroom Gaylan,Veggie & Tofu,1,20.00,,20.00
4369,788,59,Hot Chocolate,Tea,1,5.00,,5.00
4370,788,40,Bakmi Goreng,Rice & Noodles,1,19.00,Sauce on Side,19.00
4371,788,75,Extra Tofu,Extras,1,4.00,,4.00
4372,788,58,London Fog,Tea,1,5.50,,5.50
4373,788,9,Crispy Chicken Strips,Starters,1,13.00,,13.00
4374,788,70,Panna Cotta,Desserts,1,9.00,,9.00
4375,789,12,Wonton Soup,Soups,1,18.00,Extra Spicy,18.00
4376,789,51,Soy Latte,Coffee,1,5.50,,5.50
4377,789,39,Nasi Goreng,Rice & Noodles,1,18.00,,18.00
4378,789,64,Sparkling Yuzu,Drinks,1,8.50,,8.50
4379,789,32,General Tao Chicken,Plant-Based Meat,1,21.00,Gluten Friendly,21.00
4380,789,47,Coconut Rice,Sides,1,3.00,,3.00
4381,789,66,Assorted Soft Drinks,Drinks,1,2.50,,2.50
4382,789,33,Curry Chicken,Plant-Based Meat,1,22.00,Sauce on Side,22.00
4383,789,59,Hot Chocolate,Tea,1,5.00,,5.00
4384,789,20,Spicy Coconut Eggplant,Veggie & Tofu,1,18.00,,18.00
4385,789,39,Nasi Goreng,Rice & Noodles,1,18.00,,18.00
4386,789,66,Assorted Soft Drinks,Drinks,1,2.50,,2.50
4387,789,21,Mapo Tofu,Veggie & Tofu,1,19.00,No Peanuts,19.00
4388,789,46,Jasmine Rice,Sides,1,2.75,,2.75
4389,789,62,Iced Lychee,Drinks,1,7.50,,7.50
4390,789,4,Satay with Peanut Sauce (3pc),Starters,1,10.00,,10.00
4391,789,8,Breaded Cauliflower Bites,Starters,1,13.00,,13.00
4392,790,38,Rendang,Plant-Based Meat,1,20.00,Extra Spicy,20.00
4393,790,64,Sparkling Yuzu,Drinks,1,8.50,,8.50
4394,790,33,Curry Chicken,Plant-Based Meat,1,22.00,Extra Spicy,22.00
4395,790,46,Jasmine Rice,Sides,1,2.75,,2.75
4396,790,17,Spicy String Beans,Veggie & Tofu,1,19.00,,19.00
4397,790,48,Brown Rice,Sides,1,3.00,,3.00
4398,790,68,Iced Blackberry Hibiscus Tea,Drinks,1,7.00,,7.00
4399,790,37,Teriyaki Chicken,Plant-Based Meat,1,19.00,Less Spicy,19.00
4400,790,46,Jasmine Rice,Sides,1,2.75,,2.75
4401,790,14,Spicy Curry Noodle Soup,Soups,1,18.00,Gluten Friendly,18.00
4402,791,33,Curry Chicken,Plant-Based Meat,1,22.00,,22.00
4403,791,44,Lemongrass Vermicelli Bowl,Rice & Noodles,1,20.00,Gluten Friendly,20.00
4404,791,58,London Fog,Tea,1,5.50,,5.50
4405,791,69,Cheesecake,Desserts,1,11.00,,11.00
4406,792,37,Teriyaki Chicken,Plant-Based Meat,1,19.00,Gluten Friendly,19.00
4407,792,67,Raspberry Lime Italian Soda,Drinks,1,6.50,,6.50
4408,792,7,Roti Canai,Starters,1,13.00,,13.00
4409,793,32,General Tao Chicken,Plant-Based Meat,1,21.00,Less Spicy,21.00
4410,793,47,Coconut Rice,Sides,1,3.00,,3.00
4411,793,51,Soy Latte,Coffee,1,5.50,,5.50
4412,793,26,Chili Tofu,Veggie & Tofu,1,19.00,No Cilantro,19.00
4413,793,75,Extra Tofu,Extras,1,4.00,,4.00
4414,793,15,Padmanadi Vegetable Deluxe,Veggie & Tofu,1,19.00,,19.00
4415,793,51,Soy Latte,Coffee,1,5.50,,5.50
4416,794,18,King Oyster Mushroom Gaylan,Veggie & Tofu,1,20.00,,20.00
4417,794,65,Iced Passion Fruit Green Tea,Drinks,1,7.00,,7.00
4418,794,40,Bakmi Goreng,Rice & Noodles,1,19.00,No Mushrooms,19.00
4419,794,50,Americano,Coffee,1,4.50,,4.50
4420,794,71,Fried Banana with Coconut Ice Cream,Desserts,1,13.00,,13.00
4421,795,18,King Oyster Mushroom Gaylan,Veggie & Tofu,1,20.00,Gluten Friendly,20.00
4422,795,48,Brown Rice,Sides,1,3.00,,3.00
4423,795,63,Iced Pineapple,Drinks,1,7.50,,7.50
4424,795,43,Singapore Noodle,Rice & Noodles,1,19.00,,19.00
4425,795,54,Iced Brown Sugar Oat Latte,Coffee,1,6.50,,6.50
4426,795,70,Panna Cotta,Desserts,1,9.00,,9.00
4427,796,20,Spicy Coconut Eggplant,Veggie & Tofu,1,18.00,,18.00
4428,796,46,Jasmine Rice,Sides,1,2.75,,2.75
4429,796,61,Iced Oat Strawberry Matcha,Tea,1,8.50,,8.50
4430,796,38,Rendang,Plant-Based Meat,1,20.00,Allergy: Nuts,20.00
4431,796,46,Jasmine Rice,Sides,1,2.75,,2.75
4432,796,50,Americano,Coffee,1,4.50,,4.50
4433,796,5,Deep Fried Tofu,Starters,1,13.00,,13.00
4434,797,38,Rendang,Plant-Based Meat,1,20.00,,20.00
4435,798,33,Curry Chicken,Plant-Based Meat,1,22.00,,22.00
4436,798,61,Iced Oat Strawberry Matcha,Tea,1,8.50,,8.50
4437,798,30,Sweet & Sour Chicken,Plant-Based Meat,1,19.00,,19.00
4438,799,36,Spicy Shrimp,Plant-Based Meat,1,20.00,,20.00
4439,799,39,Nasi Goreng,Rice & Noodles,1,18.00,,18.00
4440,799,28,Ginger Beef,Plant-Based Meat,1,21.00,Extra Sauce,21.00
4441,799,46,Jasmine Rice,Sides,1,2.75,,2.75
4442,799,56,Organic Tea,Tea,1,3.50,,3.50
4443,799,71,Fried Banana with Coconut Ice Cream,Desserts,1,13.00,,13.00
4444,799,69,Cheesecake,Desserts,1,11.00,,11.00
4445,800,28,Ginger Beef,Plant-Based Meat,1,21.00,,21.00
4446,800,46,Jasmine Rice,Sides,1,2.75,,2.75
4447,800,14,Spicy Curry Noodle Soup,Soups,1,18.00,,18.00
4448,800,79,Add Noodles (Soup),Extras,1,3.00,,3.00
4449,800,65,Iced Passion Fruit Green Tea,Drinks,1,7.00,,7.00
4450,800,18,King Oyster Mushroom Gaylan,Veggie & Tofu,1,20.00,,20.00
4451,800,61,Iced Oat Strawberry Matcha,Tea,1,8.50,,8.50
4452,800,43,Singapore Noodle,Rice & Noodles,1,19.00,,19.00
4453,800,69,Cheesecake,Desserts,1,11.00,,11.00
4454,801,42,Kwetiau Goreng,Rice & Noodles,1,19.00,No Onion,19.00
4455,801,60,Matcha Latte,Tea,1,6.50,,6.50
4456,801,30,Sweet & Sour Chicken,Plant-Based Meat,1,19.00,,19.00
4457,801,48,Brown Rice,Sides,1,3.00,,3.00
4458,801,64,Sparkling Yuzu,Drinks,1,8.50,,8.50
4459,802,31,Spicy Chicken,Plant-Based Meat,1,19.00,,19.00
4460,802,28,Ginger Beef,Plant-Based Meat,1,21.00,,21.00
4461,802,2,Vegetable Spring Rolls (6pc),Starters,1,9.00,,9.00
4462,803,32,General Tao Chicken,Plant-Based Meat,1,21.00,,21.00
4463,803,61,Iced Oat Strawberry Matcha,Tea,1,8.50,,8.50
4464,803,42,Kwetiau Goreng,Rice & Noodles,1,19.00,,19.00
4465,803,20,Spicy Coconut Eggplant,Veggie & Tofu,1,18.00,Sauce on Side,18.00
4466,803,76,Extra Veggies,Extras,1,4.00,,4.00
4467,803,68,Iced Blackberry Hibiscus Tea,Drinks,1,7.00,,7.00
4468,803,18,King Oyster Mushroom Gaylan,Veggie & Tofu,1,20.00,Sauce on Side,20.00
4469,803,40,Bakmi Goreng,Rice & Noodles,1,19.00,Gluten Friendly,19.00
4470,803,35,Sweet & Sour Shrimp,Plant-Based Meat,1,20.00,,20.00
4471,803,54,Iced Brown Sugar Oat Latte,Coffee,1,6.50,,6.50
4472,803,37,Teriyaki Chicken,Plant-Based Meat,1,19.00,,19.00
4473,803,46,Jasmine Rice,Sides,1,2.75,,2.75
4474,803,64,Sparkling Yuzu,Drinks,1,8.50,,8.50
4475,803,28,Ginger Beef,Plant-Based Meat,1,21.00,,21.00
4476,803,68,Iced Blackberry Hibiscus Tea,Drinks,1,7.00,,7.00
4477,803,3,Satay with Peanut Sauce (1pc),Starters,1,3.00,,3.00
4478,803,71,Fried Banana with Coconut Ice Cream,Desserts,1,13.00,,13.00
4479,804,45,Bali Buddha Bowl,Rice & Noodles,1,18.00,No Peanuts,18.00
4480,804,12,Wonton Soup,Soups,1,18.00,No Cilantro,18.00
4481,804,42,Kwetiau Goreng,Rice & Noodles,1,19.00,Sauce on Side,19.00
4482,804,59,Hot Chocolate,Tea,1,5.00,,5.00
4483,804,72,Vegan Ice Cream,Desserts,1,7.00,,7.00
4484,805,38,Rendang,Plant-Based Meat,1,20.00,,20.00
4485,805,65,Iced Passion Fruit Green Tea,Drinks,1,7.00,,7.00
4486,805,28,Ginger Beef,Plant-Based Meat,1,21.00,,21.00
4487,805,46,Jasmine Rice,Sides,1,2.75,,2.75
4488,805,54,Iced Brown Sugar Oat Latte,Coffee,1,6.50,,6.50
4489,805,9,Crispy Chicken Strips,Starters,1,13.00,,13.00
4490,805,73,Chocolate Mousse,Desserts,1,9.00,,9.00
4491,806,38,Rendang,Plant-Based Meat,1,20.00,,20.00
4492,806,46,Jasmine Rice,Sides,1,2.75,,2.75
4493,806,59,Hot Chocolate,Tea,1,5.00,,5.00
4494,806,7,Roti Canai,Starters,1,13.00,,13.00
4495,807,28,Ginger Beef,Plant-Based Meat,1,21.00,No Cilantro,21.00
4496,807,56,Organic Tea,Tea,1,3.50,,3.50
4497,807,45,Bali Buddha Bowl,Rice & Noodles,1,18.00,,18.00
4498,807,13,Tom Yum Soup,Soups,1,18.00,No Cilantro,18.00
4499,807,79,Add Noodles (Soup),Extras,1,3.00,,3.00
4500,807,60,Matcha Latte,Tea,1,6.50,,6.50
4501,807,17,Spicy String Beans,Veggie & Tofu,1,19.00,Extra Spicy,19.00
4502,807,66,Assorted Soft Drinks,Drinks,1,2.50,,2.50
4503,807,8,Breaded Cauliflower Bites,Starters,1,13.00,,13.00
4504,807,72,Vegan Ice Cream,Desserts,1,7.00,,7.00
4505,807,73,Chocolate Mousse,Desserts,1,9.00,,9.00
4506,808,12,Wonton Soup,Soups,1,18.00,,18.00
4507,808,57,Soy Chai Latte,Tea,1,5.50,,5.50
4508,808,30,Sweet & Sour Chicken,Plant-Based Meat,1,19.00,,19.00
4509,808,66,Assorted Soft Drinks,Drinks,1,2.50,,2.50
4510,809,12,Wonton Soup,Soups,1,18.00,,18.00
4511,809,51,Soy Latte,Coffee,1,5.50,,5.50
4512,810,44,Lemongrass Vermicelli Bowl,Rice & Noodles,1,20.00,Allergy: Nuts,20.00
4513,810,33,Curry Chicken,Plant-Based Meat,1,22.00,,22.00
4514,810,52,Soy Mocha,Coffee,1,6.00,,6.00
4515,811,33,Curry Chicken,Plant-Based Meat,1,22.00,Sauce on Side,22.00
4516,811,48,Brown Rice,Sides,1,3.00,,3.00
4517,811,59,Hot Chocolate,Tea,1,5.00,,5.00
4518,811,21,Mapo Tofu,Veggie & Tofu,1,19.00,No Cilantro,19.00
4519,811,46,Jasmine Rice,Sides,1,2.75,,2.75
4520,811,74,Extra Protein,Extras,1,5.00,,5.00
4521,811,61,Iced Oat Strawberry Matcha,Tea,1,8.50,,8.50
4522,811,2,Vegetable Spring Rolls (6pc),Starters,1,9.00,,9.00
4523,811,72,Vegan Ice Cream,Desserts,1,7.00,,7.00
4524,811,73,Chocolate Mousse,Desserts,1,9.00,,9.00
4525,812,28,Ginger Beef,Plant-Based Meat,1,21.00,,21.00
4526,812,46,Jasmine Rice,Sides,1,2.75,,2.75
4527,813,28,Ginger Beef,Plant-Based Meat,1,21.00,,21.00
4528,813,46,Jasmine Rice,Sides,1,2.75,,2.75
4529,813,4,Satay with Peanut Sauce (3pc),Starters,1,10.00,,10.00
4530,814,32,General Tao Chicken,Plant-Based Meat,1,21.00,,21.00
4531,814,47,Coconut Rice,Sides,1,3.00,,3.00
4532,814,27,Kung Pao Chicken,Plant-Based Meat,1,20.00,,20.00
4533,814,56,Organic Tea,Tea,1,3.50,,3.50
4534,814,4,Satay with Peanut Sauce (3pc),Starters,1,10.00,,10.00
4535,815,25,Mushroom Tofu,Veggie & Tofu,1,19.00,,19.00
4536,815,55,Decaf Coffee,Coffee,1,4.50,,4.50
4537,815,29,Dendeng,Plant-Based Meat,1,20.00,,20.00
4538,815,54,Iced Brown Sugar Oat Latte,Coffee,1,6.50,,6.50
4539,815,31,Spicy Chicken,Plant-Based Meat,1,19.00,Less Spicy,19.00
4540,815,50,Americano,Coffee,1,4.50,,4.50
4541,815,24,Tempeh Pulau,Veggie & Tofu,1,20.00,,20.00
4542,816,13,Tom Yum Soup,Soups,1,18.00,,18.00
4543,816,28,Ginger Beef,Plant-Based Meat,1,21.00,No Onion,21.00
4544,817,12,Wonton Soup,Soups,1,18.00,No Mushrooms,18.00
4545,817,79,Add Noodles (Soup),Extras,1,3.00,,3.00
4546,817,53,Vegan Iced Coffee,Coffee,1,5.50,,5.50
4547,817,32,General Tao Chicken,Plant-Based Meat,1,21.00,,21.00
4548,817,48,Brown Rice,Sides,1,3.00,,3.00
4549,817,65,Iced Passion Fruit Green Tea,Drinks,1,7.00,,7.00
4550,817,29,Dendeng,Plant-Based Meat,1,20.00,,20.00
4551,817,48,Brown Rice,Sides,1,3.00,,3.00
4552,818,45,Bali Buddha Bowl,Rice & Noodles,1,18.00,,18.00
4553,818,56,Organic Tea,Tea,1,3.50,,3.50
4554,818,28,Ginger Beef,Plant-Based Meat,1,21.00,,21.00
4555,818,53,Vegan Iced Coffee,Coffee,1,5.50,,5.50
4556,818,28,Ginger Beef,Plant-Based Meat,1,21.00,,21.00
4557,818,48,Brown Rice,Sides,1,3.00,,3.00
4558,818,30,Sweet & Sour Chicken,Plant-Based Meat,1,19.00,Extra Sauce,19.00
4559,818,9,Crispy Chicken Strips,Starters,1,13.00,,13.00
4560,818,5,Deep Fried Tofu,Starters,1,13.00,,13.00
4561,818,71,Fried Banana with Coconut Ice Cream,Desserts,1,13.00,,13.00
4562,818,71,Fried Banana with Coconut Ice Cream,Desserts,1,13.00,,13.00
4563,819,45,Bali Buddha Bowl,Rice & Noodles,1,18.00,,18.00
4564,819,71,Fried Banana with Coconut Ice Cream,Desserts,1,13.00,,13.00
4565,820,42,Kwetiau Goreng,Rice & Noodles,1,19.00,,19.00
4566,820,22,Pan-Fried Broccoli & Cauliflower,Veggie & Tofu,1,18.00,,18.00
4567,820,68,Iced Blackberry Hibiscus Tea,Drinks,1,7.00,,7.00
4568,820,19,Savory Eggplant,Veggie & Tofu,1,18.00,,18.00
4569,820,47,Coconut Rice,Sides,1,3.00,,3.00
4570,820,61,Iced Oat Strawberry Matcha,Tea,1,8.50,,8.50
4571,820,31,Spicy Chicken,Plant-Based Meat,1,19.00,,19.00
4572,820,11,Fried Enoki Mushroom,Starters,1,16.00,,16.00
4573,820,6,Gado Gado,Starters,1,14.00,,14.00
4574,821,29,Dendeng,Plant-Based Meat,1,20.00,,20.00
4575,821,46,Jasmine Rice,Sides,1,2.75,,2.75
4576,822,28,Ginger Beef,Plant-Based Meat,1,21.00,,21.00
4577,822,47,Coconut Rice,Sides,1,3.00,,3.00
4578,822,3,Satay with Peanut Sauce (1pc),Starters,1,3.00,,3.00
4579,823,26,Chili Tofu,Veggie & Tofu,1,19.00,,19.00
4580,823,46,Jasmine Rice,Sides,1,2.75,,2.75
4581,823,65,Iced Passion Fruit Green Tea,Drinks,1,7.00,,7.00
4582,823,32,General Tao Chicken,Plant-Based Meat,1,21.00,,21.00
4583,823,35,Sweet & Sour Shrimp,Plant-Based Meat,1,20.00,No Peanuts,20.00
4584,823,12,Wonton Soup,Soups,1,18.00,,18.00
4585,823,79,Add Noodles (Soup),Extras,1,3.00,,3.00
4586,823,65,Iced Passion Fruit Green Tea,Drinks,1,7.00,,7.00
4587,824,33,Curry Chicken,Plant-Based Meat,1,22.00,,22.00
4588,824,33,Curry Chicken,Plant-Based Meat,1,22.00,No Peanuts,22.00
4589,824,46,Jasmine Rice,Sides,1,2.75,,2.75
4590,825,18,King Oyster Mushroom Gaylan,Veggie & Tofu,1,20.00,Extra Spicy,20.00
4591,825,47,Coconut Rice,Sides,1,3.00,,3.00
4592,825,39,Nasi Goreng,Rice & Noodles,1,18.00,,18.00
4593,825,71,Fried Banana with Coconut Ice Cream,Desserts,1,13.00,,13.00
4594,826,32,General Tao Chicken,Plant-Based Meat,1,21.00,Gluten Friendly,21.00
4595,826,47,Coconut Rice,Sides,1,3.00,,3.00
4596,826,65,Iced Passion Fruit Green Tea,Drinks,1,7.00,,7.00
4597,826,14,Spicy Curry Noodle Soup,Soups,1,18.00,Sauce on Side,18.00
4598,826,26,Chili Tofu,Veggie & Tofu,1,19.00,,19.00
4599,826,66,Assorted Soft Drinks,Drinks,1,2.50,,2.50
4600,826,10,Bean Curd Drumsticks,Starters,1,13.00,,13.00
4601,827,33,Curry Chicken,Plant-Based Meat,1,22.00,Sauce on Side,22.00
4602,827,67,Raspberry Lime Italian Soda,Drinks,1,6.50,,6.50
4603,827,42,Kwetiau Goreng,Rice & Noodles,1,19.00,,19.00
4604,827,62,Iced Lychee,Drinks,1,7.50,,7.50
4605,828,15,Padmanadi Vegetable Deluxe,Veggie & Tofu,1,19.00,,19.00
4606,828,47,Coconut Rice,Sides,1,3.00,,3.00
4607,828,40,Bakmi Goreng,Rice & Noodles,1,19.00,,19.00
4608,828,51,Soy Latte,Coffee,1,5.50,,5.50
4609,829,16,Chili Green Beans,Veggie & Tofu,1,19.00,,19.00
4610,829,75,Extra Tofu,Extras,1,4.00,,4.00
4611,829,56,Organic Tea,Tea,1,3.50,,3.50
4612,829,22,Pan-Fried Broccoli & Cauliflower,Veggie & Tofu,1,18.00,No Onion,18.00
4613,829,47,Coconut Rice,Sides,1,3.00,,3.00
4614,829,40,Bakmi Goreng,Rice & Noodles,1,19.00,,19.00
4615,829,51,Soy Latte,Coffee,1,5.50,,5.50
4616,829,14,Spicy Curry Noodle Soup,Soups,1,18.00,,18.00
4617,829,52,Soy Mocha,Coffee,1,6.00,,6.00
4618,829,9,Crispy Chicken Strips,Starters,1,13.00,,13.00
4619,830,33,Curry Chicken,Plant-Based Meat,1,22.00,,22.00
4620,830,50,Americano,Coffee,1,4.50,,4.50
4621,830,36,Spicy Shrimp,Plant-Based Meat,1,20.00,,20.00
4622,830,46,Jasmine Rice,Sides,1,2.75,,2.75
4623,830,39,Nasi Goreng,Rice & Noodles,1,18.00,,18.00
4624,830,34,Curry Mutton,Plant-Based Meat,1,22.00,,22.00
4625,830,15,Padmanadi Vegetable Deluxe,Veggie & Tofu,1,19.00,,19.00
4626,830,46,Jasmine Rice,Sides,1,2.75,,2.75
4627,830,66,Assorted Soft Drinks,Drinks,1,2.50,,2.50
4628,830,43,Singapore Noodle,Rice & Noodles,1,19.00,,19.00
4629,831,12,Wonton Soup,Soups,1,18.00,,18.00
4630,831,59,Hot Chocolate,Tea,1,5.00,,5.00
4631,831,12,Wonton Soup,Soups,1,18.00,,18.00
4632,831,50,Americano,Coffee,1,4.50,,4.50
4633,831,37,Teriyaki Chicken,Plant-Based Meat,1,19.00,Less Spicy,19.00
4634,831,47,Coconut Rice,Sides,1,3.00,,3.00
4635,831,23,Curry Vegetables & Tofu,Veggie & Tofu,1,20.00,,20.00
4636,831,55,Decaf Coffee,Coffee,1,4.50,,4.50
4637,831,7,Roti Canai,Starters,1,13.00,,13.00
4638,831,7,Roti Canai,Starters,1,13.00,,13.00
4639,831,69,Cheesecake,Desserts,1,11.00,,11.00
4640,831,69,Cheesecake,Desserts,1,11.00,,11.00
4641,832,36,Spicy Shrimp,Plant-Based Meat,1,20.00,No Peanuts,20.00
4642,832,75,Extra Tofu,Extras,1,4.00,,4.00
4643,832,20,Spicy Coconut Eggplant,Veggie & Tofu,1,18.00,,18.00
4644,833,25,Mushroom Tofu,Veggie & Tofu,1,19.00,Gluten Friendly,19.00
4645,833,74,Extra Protein,Extras,1,5.00,,5.00
4646,833,63,Iced Pineapple,Drinks,1,7.50,,7.50
4647,833,33,Curry Chicken,Plant-Based Meat,1,22.00,No Onion,22.00
4648,833,4,Satay with Peanut Sauce (3pc),Starters,1,10.00,,10.00
4649,834,28,Ginger Beef,Plant-Based Meat,1,21.00,No Peanuts,21.00
4650,834,48,Brown Rice,Sides,1,3.00,,3.00
4651,834,54,Iced Brown Sugar Oat Latte,Coffee,1,6.50,,6.50
4652,834,41,Bihun Goreng,Rice & Noodles,1,18.00,,18.00
4653,834,66,Assorted Soft Drinks,Drinks,1,2.50,,2.50
4654,834,3,Satay with Peanut Sauce (1pc),Starters,1,3.00,,3.00
4655,835,30,Sweet & Sour Chicken,Plant-Based Meat,1,19.00,No Cilantro,19.00
4656,835,22,Pan-Fried Broccoli & Cauliflower,Veggie & Tofu,1,18.00,No Cilantro,18.00
4657,835,47,Coconut Rice,Sides,1,3.00,,3.00
4658,835,54,Iced Brown Sugar Oat Latte,Coffee,1,6.50,,6.50
4659,835,28,Ginger Beef,Plant-Based Meat,1,21.00,Extra Sauce,21.00
4660,835,46,Jasmine Rice,Sides,1,2.75,,2.75
4661,835,63,Iced Pineapple,Drinks,1,7.50,,7.50
4662,835,26,Chili Tofu,Veggie & Tofu,1,19.00,,19.00
4663,835,46,Jasmine Rice,Sides,1,2.75,,2.75
4664,836,23,Curry Vegetables & Tofu,Veggie & Tofu,1,20.00,,20.00
4665,836,56,Organic Tea,Tea,1,3.50,,3.50
4666,836,30,Sweet & Sour Chicken,Plant-Based Meat,1,19.00,,19.00
4667,836,35,Sweet & Sour Shrimp,Plant-Based Meat,1,20.00,Gluten Friendly,20.00
4668,836,59,Hot Chocolate,Tea,1,5.00,,5.00
4669,836,44,Lemongrass Vermicelli Bowl,Rice & Noodles,1,20.00,No Mushrooms,20.00
4670,836,22,Pan-Fried Broccoli & Cauliflower,Veggie & Tofu,1,18.00,No Mushrooms,18.00
4671,836,9,Crispy Chicken Strips,Starters,1,13.00,,13.00
4672,836,70,Panna Cotta,Desserts,1,9.00,,9.00
4673,837,13,Tom Yum Soup,Soups,1,18.00,No Onion,18.00
4674,837,79,Add Noodles (Soup),Extras,1,3.00,,3.00
4675,837,8,Breaded Cauliflower Bites,Starters,1,13.00,,13.00
4676,838,28,Ginger Beef,Plant-Based Meat,1,21.00,,21.00
4677,839,49,Lunch Special,Lunch Special,1,18.00,Entree: Kung Pao Chicken,18.00
4678,839,56,Organic Tea,Tea,1,3.50,,3.50
4679,839,49,Lunch Special,Lunch Special,1,18.00,Entree: Chili Tofu,18.00
4680,839,51,Soy Latte,Coffee,1,5.50,,5.50
4681,839,71,Fried Banana with Coconut Ice Cream,Desserts,1,13.00,,13.00
4682,839,73,Chocolate Mousse,Desserts,1,9.00,,9.00
4683,840,34,Curry Mutton,Plant-Based Meat,1,22.00,Less Spicy,22.00
4684,840,47,Coconut Rice,Sides,1,3.00,,3.00
4685,840,62,Iced Lychee,Drinks,1,7.50,,7.50
4686,840,49,Lunch Special,Lunch Special,1,18.00,Entree: Sweet & Sour Nuggets,18.00
4687,840,77,Sub Coconut Rice (+1),Extras,1,1.00,,1.00
4688,840,3,Satay with Peanut Sauce (1pc),Starters,1,3.00,,3.00
4689,840,69,Cheesecake,Desserts,1,11.00,,11.00
4690,840,69,Cheesecake,Desserts,1,11.00,,11.00
4691,841,39,Nasi Goreng,Rice & Noodles,1,18.00,Extra Spicy,18.00
4692,841,67,Raspberry Lime Italian Soda,Drinks,1,6.50,,6.50
4693,841,49,Lunch Special,Lunch Special,1,18.00,Entree: Sweet & Sour Chicken,18.00
4694,841,32,General Tao Chicken,Plant-Based Meat,1,21.00,,21.00
4695,841,56,Organic Tea,Tea,1,3.50,,3.50
4696,841,9,Crispy Chicken Strips,Starters,1,13.00,,13.00
4697,842,13,Tom Yum Soup,Soups,1,18.00,Extra Sauce,18.00
4698,842,53,Vegan Iced Coffee,Coffee,1,5.50,,5.50
4699,842,36,Spicy Shrimp,Plant-Based Meat,1,20.00,No Mushrooms,20.00
4700,842,46,Jasmine Rice,Sides,1,2.75,,2.75
4701,842,66,Assorted Soft Drinks,Drinks,1,2.50,,2.50
4702,843,49,Lunch Special,Lunch Special,1,18.00,Entree: Curried Tofu w/ Vegetables,18.00
4703,843,66,Assorted Soft Drinks,Drinks,1,2.50,,2.50
4704,843,37,Teriyaki Chicken,Plant-Based Meat,1,19.00,No Peanuts,19.00
4705,843,48,Brown Rice,Sides,1,3.00,,3.00
4706,844,44,Lemongrass Vermicelli Bowl,Rice & Noodles,1,20.00,,20.00
4707,844,30,Sweet & Sour Chicken,Plant-Based Meat,1,19.00,Extra Spicy,19.00
4708,844,48,Brown Rice,Sides,1,3.00,,3.00
4709,844,49,Lunch Special,Lunch Special,1,18.00,Entree: Curried Tofu w/ Vegetables,18.00
4710,844,78,Sub Brown Rice (+1),Extras,1,1.00,,1.00
4711,844,60,Matcha Latte,Tea,1,6.50,,6.50
4712,845,38,Rendang,Plant-Based Meat,1,20.00,Sauce on Side,20.00
4713,845,46,Jasmine Rice,Sides,1,2.75,,2.75
4714,845,57,Soy Chai Latte,Tea,1,5.50,,5.50
4715,845,28,Ginger Beef,Plant-Based Meat,1,21.00,Less Spicy,21.00
4716,845,48,Brown Rice,Sides,1,3.00,,3.00
4717,845,64,Sparkling Yuzu,Drinks,1,8.50,,8.50
4718,845,49,Lunch Special,Lunch Special,1,18.00,Entree: Padmanadi Veg Deluxe,18.00
4719,845,62,Iced Lychee,Drinks,1,7.50,,7.50
4720,846,19,Savory Eggplant,Veggie & Tofu,1,18.00,,18.00
4721,846,47,Coconut Rice,Sides,1,3.00,,3.00
4722,847,49,Lunch Special,Lunch Special,1,18.00,Entree: Spicy Nuggets,18.00
4723,848,28,Ginger Beef,Plant-Based Meat,1,21.00,Allergy: Nuts,21.00
4724,848,50,Americano,Coffee,1,4.50,,4.50
4725,848,45,Bali Buddha Bowl,Rice & Noodles,1,18.00,,18.00
4726,848,66,Assorted Soft Drinks,Drinks,1,2.50,,2.50
4727,848,32,General Tao Chicken,Plant-Based Meat,1,21.00,Sauce on Side,21.00
4728,849,33,Curry Chicken,Plant-Based Meat,1,22.00,Gluten Friendly,22.00
4729,849,59,Hot Chocolate,Tea,1,5.00,,5.00
4730,849,37,Teriyaki Chicken,Plant-Based Meat,1,19.00,,19.00
4731,849,60,Matcha Latte,Tea,1,6.50,,6.50
4732,850,44,Lemongrass Vermicelli Bowl,Rice & Noodles,1,20.00,No Peanuts,20.00
4733,850,54,Iced Brown Sugar Oat Latte,Coffee,1,6.50,,6.50
4734,850,49,Lunch Special,Lunch Special,1,18.00,Entree: Chili Tofu,18.00
4735,850,55,Decaf Coffee,Coffee,1,4.50,,4.50
4736,850,33,Curry Chicken,Plant-Based Meat,1,22.00,,22.00
4737,850,48,Brown Rice,Sides,1,3.00,,3.00
4738,850,57,Soy Chai Latte,Tea,1,5.50,,5.50
4739,851,49,Lunch Special,Lunch Special,1,18.00,Entree: Curry Mutton,18.00
4740,851,66,Assorted Soft Drinks,Drinks,1,2.50,,2.50
4741,851,49,Lunch Special,Lunch Special,1,18.00,Entree: Curried Tofu w/ Vegetables,18.00
4742,851,66,Assorted Soft Drinks,Drinks,1,2.50,,2.50
4743,851,41,Bihun Goreng,Rice & Noodles,1,18.00,,18.00
4744,851,54,Iced Brown Sugar Oat Latte,Coffee,1,6.50,,6.50
4745,851,72,Vegan Ice Cream,Desserts,1,7.00,,7.00
4746,852,49,Lunch Special,Lunch Special,1,18.00,Entree: Sweet & Sour Nuggets,18.00
4747,852,64,Sparkling Yuzu,Drinks,1,8.50,,8.50
4748,852,27,Kung Pao Chicken,Plant-Based Meat,1,20.00,Less Spicy,20.00
4749,852,52,Soy Mocha,Coffee,1,6.00,,6.00
4750,852,49,Lunch Special,Lunch Special,1,18.00,Entree: Kung Pao Chicken,18.00
4751,852,37,Teriyaki Chicken,Plant-Based Meat,1,19.00,,19.00
4752,852,63,Iced Pineapple,Drinks,1,7.50,,7.50
4753,853,40,Bakmi Goreng,Rice & Noodles,1,19.00,,19.00
4754,853,59,Hot Chocolate,Tea,1,5.00,,5.00
4755,853,49,Lunch Special,Lunch Special,1,18.00,Entree: Rendang,18.00
4756,853,49,Lunch Special,Lunch Special,1,18.00,Entree: Curry Chicken,18.00
4757,853,59,Hot Chocolate,Tea,1,5.00,,5.00
4758,853,49,Lunch Special,Lunch Special,1,18.00,Entree: Spicy Nuggets,18.00
4759,853,28,Ginger Beef,Plant-Based Meat,1,21.00,Less Spicy,21.00
4760,853,46,Jasmine Rice,Sides,1,2.75,,2.75
4761,853,50,Americano,Coffee,1,4.50,,4.50
4762,853,49,Lunch Special,Lunch Special,1,18.00,Entree: Rendang,18.00
4763,853,49,Lunch Special,Lunch Special,1,18.00,Entree: Spicy Nuggets,18.00
4764,853,49,Lunch Special,Lunch Special,1,18.00,Entree: Ginger Beef,18.00
4765,853,59,Hot Chocolate,Tea,1,5.00,,5.00
4766,853,1,Vegetable Spring Rolls (3pc),Starters,1,6.00,,6.00
4767,853,1,Vegetable Spring Rolls (3pc),Starters,1,6.00,,6.00
4768,853,71,Fried Banana with Coconut Ice Cream,Desserts,1,13.00,,13.00
4769,853,69,Cheesecake,Desserts,1,11.00,,11.00
4770,854,28,Ginger Beef,Plant-Based Meat,1,21.00,Gluten Friendly,21.00
4771,854,46,Jasmine Rice,Sides,1,2.75,,2.75
4772,854,60,Matcha Latte,Tea,1,6.50,,6.50
4773,854,49,Lunch Special,Lunch Special,1,18.00,Entree: Curry Chicken,18.00
4774,854,77,Sub Coconut Rice (+1),Extras,1,1.00,,1.00
4775,854,51,Soy Latte,Coffee,1,5.50,,5.50
4776,854,71,Fried Banana with Coconut Ice Cream,Desserts,1,13.00,,13.00
4777,854,69,Cheesecake,Desserts,1,11.00,,11.00
4778,855,28,Ginger Beef,Plant-Based Meat,1,21.00,No Cilantro,21.00
4779,855,46,Jasmine Rice,Sides,1,2.75,,2.75
4780,855,60,Matcha Latte,Tea,1,6.50,,6.50
4781,855,49,Lunch Special,Lunch Special,1,18.00,Entree: Curry Chicken,18.00
4782,855,61,Iced Oat Strawberry Matcha,Tea,1,8.50,,8.50
4783,855,44,Lemongrass Vermicelli Bowl,Rice & Noodles,1,20.00,No Peanuts,20.00
4784,855,64,Sparkling Yuzu,Drinks,1,8.50,,8.50
4785,856,28,Ginger Beef,Plant-Based Meat,1,21.00,,21.00
4786,856,46,Jasmine Rice,Sides,1,2.75,,2.75
4787,856,59,Hot Chocolate,Tea,1,5.00,,5.00
4788,857,27,Kung Pao Chicken,Plant-Based Meat,1,20.00,Gluten Friendly,20.00
4789,857,53,Vegan Iced Coffee,Coffee,1,5.50,,5.50
4790,857,43,Singapore Noodle,Rice & Noodles,1,19.00,,19.00
4791,857,64,Sparkling Yuzu,Drinks,1,8.50,,8.50
4792,857,49,Lunch Special,Lunch Special,1,18.00,Entree: Curried Tofu w/ Vegetables,18.00
4793,857,72,Vegan Ice Cream,Desserts,1,7.00,,7.00
4794,858,39,Nasi Goreng,Rice & Noodles,1,18.00,,18.00
4795,858,57,Soy Chai Latte,Tea,1,5.50,,5.50
4796,858,49,Lunch Special,Lunch Special,1,18.00,Entree: Ginger Beef,18.00
4797,858,6,Gado Gado,Starters,1,14.00,,14.00
4798,859,17,Spicy String Beans,Veggie & Tofu,1,19.00,,19.00
4799,859,68,Iced Blackberry Hibiscus Tea,Drinks,1,7.00,,7.00
4800,859,49,Lunch Special,Lunch Special,1,18.00,Entree: Teriyaki Chicken,18.00
4801,860,49,Lunch Special,Lunch Special,1,18.00,Entree: Chili Tofu,18.00
4802,860,49,Lunch Special,Lunch Special,1,18.00,Entree: Kung Pao Chicken,18.00
4803,860,33,Curry Chicken,Plant-Based Meat,1,22.00,Extra Sauce,22.00
4804,860,34,Curry Mutton,Plant-Based Meat,1,22.00,Less Spicy,22.00
4805,860,46,Jasmine Rice,Sides,1,2.75,,2.75
4806,860,59,Hot Chocolate,Tea,1,5.00,,5.00
4807,860,71,Fried Banana with Coconut Ice Cream,Desserts,1,13.00,,13.00
4808,861,49,Lunch Special,Lunch Special,1,18.00,Entree: Sweet & Sour Nuggets,18.00
4809,861,37,Teriyaki Chicken,Plant-Based Meat,1,19.00,Allergy: Nuts,19.00
4810,861,74,Extra Protein,Extras,1,5.00,,5.00
4811,861,49,Lunch Special,Lunch Special,1,18.00,Entree: Ginger Beef,18.00
4812,861,73,Chocolate Mousse,Desserts,1,9.00,,9.00
4813,861,69,Cheesecake,Desserts,1,11.00,,11.00
4814,862,15,Padmanadi Vegetable Deluxe,Veggie & Tofu,1,19.00,,19.00
4815,862,46,Jasmine Rice,Sides,1,2.75,,2.75
4816,862,74,Extra Protein,Extras,1,5.00,,5.00
4817,862,28,Ginger Beef,Plant-Based Meat,1,21.00,,21.00
4818,862,48,Brown Rice,Sides,1,3.00,,3.00
4819,862,65,Iced Passion Fruit Green Tea,Drinks,1,7.00,,7.00
4820,862,25,Mushroom Tofu,Veggie & Tofu,1,19.00,,19.00
4821,862,47,Coconut Rice,Sides,1,3.00,,3.00
4822,862,43,Singapore Noodle,Rice & Noodles,1,19.00,No Onion,19.00
4823,862,49,Lunch Special,Lunch Special,1,18.00,Entree: Sweet & Sour Chicken,18.00
4824,862,50,Americano,Coffee,1,4.50,,4.50
4825,863,49,Lunch Special,Lunch Special,1,18.00,Entree: Curried Tofu w/ Vegetables,18.00
4826,863,66,Assorted Soft Drinks,Drinks,1,2.50,,2.50
4827,863,27,Kung Pao Chicken,Plant-Based Meat,1,20.00,,20.00
4828,863,46,Jasmine Rice,Sides,1,2.75,,2.75
4829,863,66,Assorted Soft Drinks,Drinks,1,2.50,,2.50
4830,863,33,Curry Chicken,Plant-Based Meat,1,22.00,Extra Spicy,22.00
4831,863,41,Bihun Goreng,Rice & Noodles,1,18.00,No Peanuts,18.00
4832,863,74,Extra Protein,Extras,1,5.00,,5.00
4833,863,55,Decaf Coffee,Coffee,1,4.50,,4.50
4834,863,72,Vegan Ice Cream,Desserts,1,7.00,,7.00
4835,863,73,Chocolate Mousse,Desserts,1,9.00,,9.00
4836,864,37,Teriyaki Chicken,Plant-Based Meat,1,19.00,Gluten Friendly,19.00
4837,864,27,Kung Pao Chicken,Plant-Based Meat,1,20.00,,20.00
4838,864,46,Jasmine Rice,Sides,1,2.75,,2.75
4839,864,64,Sparkling Yuzu,Drinks,1,8.50,,8.50
4840,864,49,Lunch Special,Lunch Special,1,18.00,Entree: Chili Tofu,18.00
4841,864,5,Deep Fried Tofu,Starters,1,13.00,,13.00
4842,864,71,Fried Banana with Coconut Ice Cream,Desserts,1,13.00,,13.00
4843,865,28,Ginger Beef,Plant-Based Meat,1,21.00,Gluten Friendly,21.00
4844,865,23,Curry Vegetables & Tofu,Veggie & Tofu,1,20.00,,20.00
4845,865,53,Vegan Iced Coffee,Coffee,1,5.50,,5.50
4846,866,49,Lunch Special,Lunch Special,1,18.00,Entree: Teriyaki Chicken,18.00
4847,866,25,Mushroom Tofu,Veggie & Tofu,1,19.00,,19.00
4848,866,57,Soy Chai Latte,Tea,1,5.50,,5.50
4849,866,24,Tempeh Pulau,Veggie & Tofu,1,20.00,Extra Spicy,20.00
4850,867,33,Curry Chicken,Plant-Based Meat,1,22.00,No Onion,22.00
4851,867,46,Jasmine Rice,Sides,1,2.75,,2.75
4852,867,55,Decaf Coffee,Coffee,1,4.50,,4.50
4853,867,20,Spicy Coconut Eggplant,Veggie & Tofu,1,18.00,,18.00
4854,867,12,Wonton Soup,Soups,1,18.00,Extra Spicy,18.00
4855,867,60,Matcha Latte,Tea,1,6.50,,6.50
4856,867,20,Spicy Coconut Eggplant,Veggie & Tofu,1,18.00,No Cilantro,18.00
4857,867,66,Assorted Soft Drinks,Drinks,1,2.50,,2.50
4858,867,9,Crispy Chicken Strips,Starters,1,13.00,,13.00
4859,868,44,Lemongrass Vermicelli Bowl,Rice & Noodles,1,20.00,Extra Spicy,20.00
4860,868,32,General Tao Chicken,Plant-Based Meat,1,21.00,Extra Spicy,21.00
4861,868,48,Brown Rice,Sides,1,3.00,,3.00
4862,869,27,Kung Pao Chicken,Plant-Based Meat,1,20.00,Allergy: Nuts,20.00
4863,869,29,Dendeng,Plant-Based Meat,1,20.00,,20.00
4864,869,75,Extra Tofu,Extras,1,4.00,,4.00
4865,869,62,Iced Lychee,Drinks,1,7.50,,7.50
4866,869,69,Cheesecake,Desserts,1,11.00,,11.00
4867,869,70,Panna Cotta,Desserts,1,9.00,,9.00
4868,870,12,Wonton Soup,Soups,1,18.00,Sauce on Side,18.00
4869,870,74,Extra Protein,Extras,1,5.00,,5.00
4870,871,17,Spicy String Beans,Veggie & Tofu,1,19.00,Less Spicy,19.00
4871,871,46,Jasmine Rice,Sides,1,2.75,,2.75
4872,871,53,Vegan Iced Coffee,Coffee,1,5.50,,5.50
4873,871,20,Spicy Coconut Eggplant,Veggie & Tofu,1,18.00,,18.00
4874,871,47,Coconut Rice,Sides,1,3.00,,3.00
4875,871,66,Assorted Soft Drinks,Drinks,1,2.50,,2.50
4876,871,8,Breaded Cauliflower Bites,Starters,1,13.00,,13.00
4877,872,14,Spicy Curry Noodle Soup,Soups,1,18.00,,18.00
4878,872,24,Tempeh Pulau,Veggie & Tofu,1,20.00,,20.00
4879,872,65,Iced Passion Fruit Green Tea,Drinks,1,7.00,,7.00
4880,872,25,Mushroom Tofu,Veggie & Tofu,1,19.00,No Cilantro,19.00
4881,872,60,Matcha Latte,Tea,1,6.50,,6.50
4882,873,20,Spicy Coconut Eggplant,Veggie & Tofu,1,18.00,Allergy: Nuts,18.00
4883,873,52,Soy Mocha,Coffee,1,6.00,,6.00
4884,873,28,Ginger Beef,Plant-Based Meat,1,21.00,Less Spicy,21.00
4885,873,51,Soy Latte,Coffee,1,5.50,,5.50
4886,873,37,Teriyaki Chicken,Plant-Based Meat,1,19.00,Extra Spicy,19.00
4887,873,67,Raspberry Lime Italian Soda,Drinks,1,6.50,,6.50
4888,874,25,Mushroom Tofu,Veggie & Tofu,1,19.00,,19.00
4889,874,46,Jasmine Rice,Sides,1,2.75,,2.75
4890,874,50,Americano,Coffee,1,4.50,,4.50
4891,875,31,Spicy Chicken,Plant-Based Meat,1,19.00,,19.00
4892,875,47,Coconut Rice,Sides,1,3.00,,3.00
4893,875,51,Soy Latte,Coffee,1,5.50,,5.50
4894,875,35,Sweet & Sour Shrimp,Plant-Based Meat,1,20.00,Extra Spicy,20.00
4895,875,46,Jasmine Rice,Sides,1,2.75,,2.75
4896,875,51,Soy Latte,Coffee,1,5.50,,5.50
4897,876,28,Ginger Beef,Plant-Based Meat,1,21.00,,21.00
4898,876,45,Bali Buddha Bowl,Rice & Noodles,1,18.00,,18.00
4899,876,40,Bakmi Goreng,Rice & Noodles,1,19.00,,19.00
4900,876,27,Kung Pao Chicken,Plant-Based Meat,1,20.00,No Peanuts,20.00
4901,876,62,Iced Lychee,Drinks,1,7.50,,7.50
4902,877,12,Wonton Soup,Soups,1,18.00,,18.00
4903,877,62,Iced Lychee,Drinks,1,7.50,,7.50
4904,877,37,Teriyaki Chicken,Plant-Based Meat,1,19.00,Allergy: Nuts,19.00
4905,877,54,Iced Brown Sugar Oat Latte,Coffee,1,6.50,,6.50
4906,877,28,Ginger Beef,Plant-Based Meat,1,21.00,Allergy: Nuts,21.00
4907,877,48,Brown Rice,Sides,1,3.00,,3.00
4908,877,33,Curry Chicken,Plant-Based Meat,1,22.00,No Onion,22.00
4909,877,56,Organic Tea,Tea,1,3.50,,3.50
4910,877,70,Panna Cotta,Desserts,1,9.00,,9.00
4911,878,20,Spicy Coconut Eggplant,Veggie & Tofu,1,18.00,,18.00
4912,879,37,Teriyaki Chicken,Plant-Based Meat,1,19.00,No Onion,19.00
4913,879,47,Coconut Rice,Sides,1,3.00,,3.00
4914,879,75,Extra Tofu,Extras,1,4.00,,4.00
4915,879,51,Soy Latte,Coffee,1,5.50,,5.50
4916,879,36,Spicy Shrimp,Plant-Based Meat,1,20.00,,20.00
4917,879,46,Jasmine Rice,Sides,1,2.75,,2.75
4918,880,28,Ginger Beef,Plant-Based Meat,1,21.00,,21.00
4919,880,50,Americano,Coffee,1,4.50,,4.50
4920,881,32,General Tao Chicken,Plant-Based Meat,1,21.00,,21.00
4921,881,47,Coconut Rice,Sides,1,3.00,,3.00
4922,881,62,Iced Lychee,Drinks,1,7.50,,7.50
4923,882,42,Kwetiau Goreng,Rice & Noodles,1,19.00,No Peanuts,19.00
4924,882,68,Iced Blackberry Hibiscus Tea,Drinks,1,7.00,,7.00
4925,882,28,Ginger Beef,Plant-Based Meat,1,21.00,,21.00
4926,882,48,Brown Rice,Sides,1,3.00,,3.00
4927,882,64,Sparkling Yuzu,Drinks,1,8.50,,8.50
4928,882,32,General Tao Chicken,Plant-Based Meat,1,21.00,,21.00
4929,882,48,Brown Rice,Sides,1,3.00,,3.00
4930,882,61,Iced Oat Strawberry Matcha,Tea,1,8.50,,8.50
4931,883,27,Kung Pao Chicken,Plant-Based Meat,1,20.00,Less Spicy,20.00
4932,883,46,Jasmine Rice,Sides,1,2.75,,2.75
4933,883,74,Extra Protein,Extras,1,5.00,,5.00
4934,883,32,General Tao Chicken,Plant-Based Meat,1,21.00,,21.00
4935,883,76,Extra Veggies,Extras,1,4.00,,4.00
4936,883,65,Iced Passion Fruit Green Tea,Drinks,1,7.00,,7.00
4937,883,9,Crispy Chicken Strips,Starters,1,13.00,,13.00
4938,884,39,Nasi Goreng,Rice & Noodles,1,18.00,Extra Spicy,18.00
4939,884,74,Extra Protein,Extras,1,5.00,,5.00
4940,884,24,Tempeh Pulau,Veggie & Tofu,1,20.00,,20.00
4941,884,47,Coconut Rice,Sides,1,3.00,,3.00
4942,884,64,Sparkling Yuzu,Drinks,1,8.50,,8.50
4943,885,40,Bakmi Goreng,Rice & Noodles,1,19.00,,19.00
4944,885,59,Hot Chocolate,Tea,1,5.00,,5.00
4945,885,33,Curry Chicken,Plant-Based Meat,1,22.00,,22.00
4946,885,27,Kung Pao Chicken,Plant-Based Meat,1,20.00,,20.00
4947,885,46,Jasmine Rice,Sides,1,2.75,,2.75
4948,885,62,Iced Lychee,Drinks,1,7.50,,7.50
4949,885,44,Lemongrass Vermicelli Bowl,Rice & Noodles,1,20.00,,20.00
4950,885,12,Wonton Soup,Soups,1,18.00,,18.00
4951,885,71,Fried Banana with Coconut Ice Cream,Desserts,1,13.00,,13.00
4952,885,72,Vegan Ice Cream,Desserts,1,7.00,,7.00
4953,886,34,Curry Mutton,Plant-Based Meat,1,22.00,Extra Sauce,22.00
4954,886,23,Curry Vegetables & Tofu,Veggie & Tofu,1,20.00,No Peanuts,20.00
4955,886,47,Coconut Rice,Sides,1,3.00,,3.00
4956,886,30,Sweet & Sour Chicken,Plant-Based Meat,1,19.00,,19.00
4957,886,29,Dendeng,Plant-Based Meat,1,20.00,Gluten Friendly,20.00
4958,886,47,Coconut Rice,Sides,1,3.00,,3.00
4959,886,66,Assorted Soft Drinks,Drinks,1,2.50,,2.50
4960,886,9,Crispy Chicken Strips,Starters,1,13.00,,13.00
4961,887,39,Nasi Goreng,Rice & Noodles,1,18.00,,18.00
4962,888,43,Singapore Noodle,Rice & Noodles,1,19.00,,19.00
4963,888,60,Matcha Latte,Tea,1,6.50,,6.50
4964,888,38,Rendang,Plant-Based Meat,1,20.00,Less Spicy,20.00
4965,889,30,Sweet & Sour Chicken,Plant-Based Meat,1,19.00,,19.00
4966,889,48,Brown Rice,Sides,1,3.00,,3.00
4967,889,44,Lemongrass Vermicelli Bowl,Rice & Noodles,1,20.00,Sauce on Side,20.00
4968,889,58,London Fog,Tea,1,5.50,,5.50
4969,889,26,Chili Tofu,Veggie & Tofu,1,19.00,,19.00
4970,889,46,Jasmine Rice,Sides,1,2.75,,2.75
4971,889,38,Rendang,Plant-Based Meat,1,20.00,Extra Sauce,20.00
4972,890,13,Tom Yum Soup,Soups,1,18.00,Extra Spicy,18.00
4973,890,4,Satay with Peanut Sauce (3pc),Starters,1,10.00,,10.00
4974,891,38,Rendang,Plant-Based Meat,1,20.00,,20.00
4975,891,62,Iced Lychee,Drinks,1,7.50,,7.50
4976,891,32,General Tao Chicken,Plant-Based Meat,1,21.00,,21.00
4977,892,28,Ginger Beef,Plant-Based Meat,1,21.00,Extra Spicy,21.00
4978,892,57,Soy Chai Latte,Tea,1,5.50,,5.50
4979,893,32,General Tao Chicken,Plant-Based Meat,1,21.00,,21.00
4980,893,34,Curry Mutton,Plant-Based Meat,1,22.00,Extra Spicy,22.00
4981,893,66,Assorted Soft Drinks,Drinks,1,2.50,,2.50
4982,893,5,Deep Fried Tofu,Starters,1,13.00,,13.00
4983,894,23,Curry Vegetables & Tofu,Veggie & Tofu,1,20.00,Less Spicy,20.00
4984,894,66,Assorted Soft Drinks,Drinks,1,2.50,,2.50
4985,894,2,Vegetable Spring Rolls (6pc),Starters,1,9.00,,9.00
4986,895,28,Ginger Beef,Plant-Based Meat,1,21.00,Extra Sauce,21.00
4987,895,46,Jasmine Rice,Sides,1,2.75,,2.75
4988,895,74,Extra Protein,Extras,1,5.00,,5.00
4989,895,62,Iced Lychee,Drinks,1,7.50,,7.50
4990,895,44,Lemongrass Vermicelli Bowl,Rice & Noodles,1,20.00,,20.00
4991,895,69,Cheesecake,Desserts,1,11.00,,11.00
4992,895,70,Panna Cotta,Desserts,1,9.00,,9.00
4993,896,32,General Tao Chicken,Plant-Based Meat,1,21.00,,21.00
4994,896,47,Coconut Rice,Sides,1,3.00,,3.00
4995,896,44,Lemongrass Vermicelli Bowl,Rice & Noodles,1,20.00,,20.00
4996,896,32,General Tao Chicken,Plant-Based Meat,1,21.00,Less Spicy,21.00
4997,896,46,Jasmine Rice,Sides,1,2.75,,2.75
4998,897,26,Chili Tofu,Veggie & Tofu,1,19.00,,19.00
4999,897,40,Bakmi Goreng,Rice & Noodles,1,19.00,,19.00
5000,897,60,Matcha Latte,Tea,1,6.50,,6.50
5001,897,23,Curry Vegetables & Tofu,Veggie & Tofu,1,20.00,Extra Sauce,20.00
5002,897,47,Coconut Rice,Sides,1,3.00,,3.00
5003,897,8,Breaded Cauliflower Bites,Starters,1,13.00,,13.00
5004,898,30,Sweet & Sour Chicken,Plant-Based Meat,1,19.00,,19.00
5005,898,47,Coconut Rice,Sides,1,3.00,,3.00
5006,898,52,Soy Mocha,Coffee,1,6.00,,6.00
5007,898,23,Curry Vegetables & Tofu,Veggie & Tofu,1,20.00,No Onion,20.00
5008,898,47,Coconut Rice,Sides,1,3.00,,3.00
5009,899,37,Teriyaki Chicken,Plant-Based Meat,1,19.00,Allergy: Nuts,19.00
5010,899,33,Curry Chicken,Plant-Based Meat,1,22.00,Extra Sauce,22.00
5011,899,46,Jasmine Rice,Sides,1,2.75,,2.75
5012,899,63,Iced Pineapple,Drinks,1,7.50,,7.50
5013,900,24,Tempeh Pulau,Veggie & Tofu,1,20.00,,20.00
5014,900,46,Jasmine Rice,Sides,1,2.75,,2.75
5015,900,56,Organic Tea,Tea,1,3.50,,3.50
5016,900,44,Lemongrass Vermicelli Bowl,Rice & Noodles,1,20.00,,20.00
5017,900,51,Soy Latte,Coffee,1,5.50,,5.50
5018,900,30,Sweet & Sour Chicken,Plant-Based Meat,1,19.00,No Cilantro,19.00
5019,900,65,Iced Passion Fruit Green Tea,Drinks,1,7.00,,7.00
5020,900,16,Chili Green Beans,Veggie & Tofu,1,19.00,Extra Sauce,19.00
5021,900,52,Soy Mocha,Coffee,1,6.00,,6.00
5022,900,16,Chili Green Beans,Veggie & Tofu,1,19.00,,19.00
5023,900,46,Jasmine Rice,Sides,1,2.75,,2.75
5024,900,62,Iced Lychee,Drinks,1,7.50,,7.50
5025,901,39,Nasi Goreng,Rice & Noodles,1,18.00,Extra Spicy,18.00
5026,901,64,Sparkling Yuzu,Drinks,1,8.50,,8.50
5027,901,39,Nasi Goreng,Rice & Noodles,1,18.00,,18.00
5028,901,67,Raspberry Lime Italian Soda,Drinks,1,6.50,,6.50
5029,902,30,Sweet & Sour Chicken,Plant-Based Meat,1,19.00,,19.00
5030,902,66,Assorted Soft Drinks,Drinks,1,2.50,,2.50
5031,902,37,Teriyaki Chicken,Plant-Based Meat,1,19.00,Extra Spicy,19.00
5032,902,48,Brown Rice,Sides,1,3.00,,3.00
5033,902,63,Iced Pineapple,Drinks,1,7.50,,7.50
5034,902,5,Deep Fried Tofu,Starters,1,13.00,,13.00
5035,903,30,Sweet & Sour Chicken,Plant-Based Meat,1,19.00,,19.00
5036,903,19,Savory Eggplant,Veggie & Tofu,1,18.00,,18.00
5037,903,47,Coconut Rice,Sides,1,3.00,,3.00
5038,903,76,Extra Veggies,Extras,1,4.00,,4.00
5039,903,32,General Tao Chicken,Plant-Based Meat,1,21.00,,21.00
5040,903,58,London Fog,Tea,1,5.50,,5.50
5041,903,28,Ginger Beef,Plant-Based Meat,1,21.00,,21.00
5042,903,47,Coconut Rice,Sides,1,3.00,,3.00
5043,903,58,London Fog,Tea,1,5.50,,5.50
5044,903,6,Gado Gado,Starters,1,14.00,,14.00
5045,903,70,Panna Cotta,Desserts,1,9.00,,9.00
5046,903,72,Vegan Ice Cream,Desserts,1,7.00,,7.00
5047,904,33,Curry Chicken,Plant-Based Meat,1,22.00,,22.00
5048,904,56,Organic Tea,Tea,1,3.50,,3.50
5049,904,33,Curry Chicken,Plant-Based Meat,1,22.00,,22.00
5050,904,46,Jasmine Rice,Sides,1,2.75,,2.75
5051,904,9,Crispy Chicken Strips,Starters,1,13.00,,13.00
5052,905,17,Spicy String Beans,Veggie & Tofu,1,19.00,,19.00
5053,905,48,Brown Rice,Sides,1,3.00,,3.00
5054,905,62,Iced Lychee,Drinks,1,7.50,,7.50
5055,906,28,Ginger Beef,Plant-Based Meat,1,21.00,Gluten Friendly,21.00
5056,906,46,Jasmine Rice,Sides,1,2.75,,2.75
5057,906,59,Hot Chocolate,Tea,1,5.00,,5.00
5058,906,33,Curry Chicken,Plant-Based Meat,1,22.00,,22.00
5059,906,54,Iced Brown Sugar Oat Latte,Coffee,1,6.50,,6.50
5060,906,28,Ginger Beef,Plant-Based Meat,1,21.00,,21.00
5061,906,76,Extra Veggies,Extras,1,4.00,,4.00
5062,906,28,Ginger Beef,Plant-Based Meat,1,21.00,Allergy: Nuts,21.00
5063,906,54,Iced Brown Sugar Oat Latte,Coffee,1,6.50,,6.50
5064,906,21,Mapo Tofu,Veggie & Tofu,1,19.00,,19.00
5065,906,47,Coconut Rice,Sides,1,3.00,,3.00
5066,906,2,Vegetable Spring Rolls (6pc),Starters,1,9.00,,9.00
5067,906,72,Vegan Ice Cream,Desserts,1,7.00,,7.00
5068,907,37,Teriyaki Chicken,Plant-Based Meat,1,19.00,,19.00
5069,907,46,Jasmine Rice,Sides,1,2.75,,2.75
5070,907,16,Chili Green Beans,Veggie & Tofu,1,19.00,,19.00
5071,907,46,Jasmine Rice,Sides,1,2.75,,2.75
5072,907,64,Sparkling Yuzu,Drinks,1,8.50,,8.50
5073,907,21,Mapo Tofu,Veggie & Tofu,1,19.00,,19.00
5074,907,46,Jasmine Rice,Sides,1,2.75,,2.75
5075,907,74,Extra Protein,Extras,1,5.00,,5.00
5076,907,50,Americano,Coffee,1,4.50,,4.50
5077,907,71,Fried Banana with Coconut Ice Cream,Desserts,1,13.00,,13.00
5078,907,73,Chocolate Mousse,Desserts,1,9.00,,9.00
5079,908,18,King Oyster Mushroom Gaylan,Veggie & Tofu,1,20.00,,20.00
5080,909,39,Nasi Goreng,Rice & Noodles,1,18.00,,18.00
5081,909,32,General Tao Chicken,Plant-Based Meat,1,21.00,,21.00
5082,909,72,Vegan Ice Cream,Desserts,1,7.00,,7.00
5083,910,28,Ginger Beef,Plant-Based Meat,1,21.00,,21.00
5084,910,47,Coconut Rice,Sides,1,3.00,,3.00
5085,910,64,Sparkling Yuzu,Drinks,1,8.50,,8.50
5086,910,27,Kung Pao Chicken,Plant-Based Meat,1,20.00,,20.00
5087,910,15,Padmanadi Vegetable Deluxe,Veggie & Tofu,1,19.00,,19.00
5088,910,48,Brown Rice,Sides,1,3.00,,3.00
5089,910,35,Sweet & Sour Shrimp,Plant-Based Meat,1,20.00,Gluten Friendly,20.00
5090,910,62,Iced Lychee,Drinks,1,7.50,,7.50
5091,910,38,Rendang,Plant-Based Meat,1,20.00,Extra Sauce,20.00
5092,910,48,Brown Rice,Sides,1,3.00,,3.00
5093,910,1,Vegetable Spring Rolls (3pc),Starters,1,6.00,,6.00
5094,911,27,Kung Pao Chicken,Plant-Based Meat,1,20.00,,20.00
5095,911,46,Jasmine Rice,Sides,1,2.75,,2.75
5096,911,60,Matcha Latte,Tea,1,6.50,,6.50
5097,911,43,Singapore Noodle,Rice & Noodles,1,19.00,,19.00
5098,911,66,Assorted Soft Drinks,Drinks,1,2.50,,2.50
5099,911,23,Curry Vegetables & Tofu,Veggie & Tofu,1,20.00,No Peanuts,20.00
5100,911,48,Brown Rice,Sides,1,3.00,,3.00
5101,911,30,Sweet & Sour Chicken,Plant-Based Meat,1,19.00,,19.00
5102,911,47,Coconut Rice,Sides,1,3.00,,3.00
5103,911,61,Iced Oat Strawberry Matcha,Tea,1,8.50,,8.50
5104,911,72,Vegan Ice Cream,Desserts,1,7.00,,7.00
5105,912,37,Teriyaki Chicken,Plant-Based Meat,1,19.00,,19.00
5106,912,46,Jasmine Rice,Sides,1,2.75,,2.75
5107,912,62,Iced Lychee,Drinks,1,7.50,,7.50
5108,912,15,Padmanadi Vegetable Deluxe,Veggie & Tofu,1,19.00,No Mushrooms,19.00
5109,912,60,Matcha Latte,Tea,1,6.50,,6.50
5110,913,35,Sweet & Sour Shrimp,Plant-Based Meat,1,20.00,,20.00
5111,913,47,Coconut Rice,Sides,1,3.00,,3.00
5112,913,43,Singapore Noodle,Rice & Noodles,1,19.00,,19.00
5113,913,11,Fried Enoki Mushroom,Starters,1,16.00,,16.00
5114,914,28,Ginger Beef,Plant-Based Meat,1,21.00,Less Spicy,21.00
5115,914,47,Coconut Rice,Sides,1,3.00,,3.00
5116,914,66,Assorted Soft Drinks,Drinks,1,2.50,,2.50
5117,915,27,Kung Pao Chicken,Plant-Based Meat,1,20.00,,20.00
5118,915,62,Iced Lychee,Drinks,1,7.50,,7.50
5119,915,32,General Tao Chicken,Plant-Based Meat,1,21.00,,21.00
5120,916,27,Kung Pao Chicken,Plant-Based Meat,1,20.00,,20.00
5121,916,74,Extra Protein,Extras,1,5.00,,5.00
5122,916,28,Ginger Beef,Plant-Based Meat,1,21.00,,21.00
5123,916,46,Jasmine Rice,Sides,1,2.75,,2.75
5124,917,32,General Tao Chicken,Plant-Based Meat,1,21.00,,21.00
5125,917,74,Extra Protein,Extras,1,5.00,,5.00
5126,917,53,Vegan Iced Coffee,Coffee,1,5.50,,5.50
5127,917,13,Tom Yum Soup,Soups,1,18.00,Extra Spicy,18.00
5128,917,18,King Oyster Mushroom Gaylan,Veggie & Tofu,1,20.00,,20.00
5129,917,61,Iced Oat Strawberry Matcha,Tea,1,8.50,,8.50
5130,917,37,Teriyaki Chicken,Plant-Based Meat,1,19.00,,19.00
5131,917,46,Jasmine Rice,Sides,1,2.75,,2.75
5132,917,74,Extra Protein,Extras,1,5.00,,5.00
5133,917,65,Iced Passion Fruit Green Tea,Drinks,1,7.00,,7.00
5134,917,4,Satay with Peanut Sauce (3pc),Starters,1,10.00,,10.00
5135,917,71,Fried Banana with Coconut Ice Cream,Desserts,1,13.00,,13.00
5136,918,45,Bali Buddha Bowl,Rice & Noodles,1,18.00,,18.00
5137,918,67,Raspberry Lime Italian Soda,Drinks,1,6.50,,6.50
5138,918,32,General Tao Chicken,Plant-Based Meat,1,21.00,,21.00
5139,918,23,Curry Vegetables & Tofu,Veggie & Tofu,1,20.00,,20.00
5140,918,48,Brown Rice,Sides,1,3.00,,3.00
5141,918,57,Soy Chai Latte,Tea,1,5.50,,5.50
5142,918,2,Vegetable Spring Rolls (6pc),Starters,1,9.00,,9.00
5143,918,71,Fried Banana with Coconut Ice Cream,Desserts,1,13.00,,13.00
5144,918,72,Vegan Ice Cream,Desserts,1,7.00,,7.00
5145,919,26,Chili Tofu,Veggie & Tofu,1,19.00,,19.00
5146,919,63,Iced Pineapple,Drinks,1,7.50,,7.50
5147,919,23,Curry Vegetables & Tofu,Veggie & Tofu,1,20.00,No Peanuts,20.00
5148,919,52,Soy Mocha,Coffee,1,6.00,,6.00
5149,919,1,Vegetable Spring Rolls (3pc),Starters,1,6.00,,6.00
5150,920,15,Padmanadi Vegetable Deluxe,Veggie & Tofu,1,19.00,,19.00
5151,920,47,Coconut Rice,Sides,1,3.00,,3.00
5152,920,11,Fried Enoki Mushroom,Starters,1,16.00,,16.00
5153,921,28,Ginger Beef,Plant-Based Meat,1,21.00,,21.00
5154,921,46,Jasmine Rice,Sides,1,2.75,,2.75
5155,921,24,Tempeh Pulau,Veggie & Tofu,1,20.00,Allergy: Nuts,20.00
5156,922,45,Bali Buddha Bowl,Rice & Noodles,1,18.00,,18.00
5157,922,32,General Tao Chicken,Plant-Based Meat,1,21.00,Allergy: Nuts,21.00
5158,922,62,Iced Lychee,Drinks,1,7.50,,7.50
5159,922,17,Spicy String Beans,Veggie & Tofu,1,19.00,,19.00
5160,922,75,Extra Tofu,Extras,1,4.00,,4.00
5161,922,56,Organic Tea,Tea,1,3.50,,3.50
5162,923,32,General Tao Chicken,Plant-Based Meat,1,21.00,,21.00
5163,923,62,Iced Lychee,Drinks,1,7.50,,7.50
5164,923,28,Ginger Beef,Plant-Based Meat,1,21.00,No Cilantro,21.00
5165,923,60,Matcha Latte,Tea,1,6.50,,6.50
5166,923,34,Curry Mutton,Plant-Based Meat,1,22.00,Extra Sauce,22.00
5167,923,39,Nasi Goreng,Rice & Noodles,1,18.00,,18.00
5168,923,6,Gado Gado,Starters,1,14.00,,14.00
5169,924,27,Kung Pao Chicken,Plant-Based Meat,1,20.00,,20.00
5170,924,46,Jasmine Rice,Sides,1,2.75,,2.75
5171,924,35,Sweet & Sour Shrimp,Plant-Based Meat,1,20.00,,20.00
5172,924,46,Jasmine Rice,Sides,1,2.75,,2.75
5173,924,66,Assorted Soft Drinks,Drinks,1,2.50,,2.50
5174,924,40,Bakmi Goreng,Rice & Noodles,1,19.00,,19.00
5175,924,66,Assorted Soft Drinks,Drinks,1,2.50,,2.50
5176,924,23,Curry Vegetables & Tofu,Veggie & Tofu,1,20.00,,20.00
5177,924,48,Brown Rice,Sides,1,3.00,,3.00
5178,924,66,Assorted Soft Drinks,Drinks,1,2.50,,2.50
5179,924,27,Kung Pao Chicken,Plant-Based Meat,1,20.00,Less Spicy,20.00
5180,924,74,Extra Protein,Extras,1,5.00,,5.00
5181,924,53,Vegan Iced Coffee,Coffee,1,5.50,,5.50
5182,924,7,Roti Canai,Starters,1,13.00,,13.00
5183,925,40,Bakmi Goreng,Rice & Noodles,1,19.00,,19.00
5184,925,17,Spicy String Beans,Veggie & Tofu,1,19.00,,19.00
5185,925,74,Extra Protein,Extras,1,5.00,,5.00
5186,926,28,Ginger Beef,Plant-Based Meat,1,21.00,No Mushrooms,21.00
5187,926,47,Coconut Rice,Sides,1,3.00,,3.00
5188,926,27,Kung Pao Chicken,Plant-Based Meat,1,20.00,,20.00
5189,926,57,Soy Chai Latte,Tea,1,5.50,,5.50
5190,926,71,Fried Banana with Coconut Ice Cream,Desserts,1,13.00,,13.00
5191,926,71,Fried Banana with Coconut Ice Cream,Desserts,1,13.00,,13.00
5192,927,28,Ginger Beef,Plant-Based Meat,1,21.00,,21.00
5193,927,50,Americano,Coffee,1,4.50,,4.50
5194,927,13,Tom Yum Soup,Soups,1,18.00,,18.00
5195,927,75,Extra Tofu,Extras,1,4.00,,4.00
5196,927,65,Iced Passion Fruit Green Tea,Drinks,1,7.00,,7.00
5197,928,41,Bihun Goreng,Rice & Noodles,1,18.00,,18.00
5198,928,75,Extra Tofu,Extras,1,4.00,,4.00
5199,928,65,Iced Passion Fruit Green Tea,Drinks,1,7.00,,7.00
5200,929,33,Curry Chicken,Plant-Based Meat,1,22.00,,22.00
5201,929,47,Coconut Rice,Sides,1,3.00,,3.00
5202,929,51,Soy Latte,Coffee,1,5.50,,5.50
5203,929,44,Lemongrass Vermicelli Bowl,Rice & Noodles,1,20.00,Extra Sauce,20.00
5204,929,61,Iced Oat Strawberry Matcha,Tea,1,8.50,,8.50
5205,930,38,Rendang,Plant-Based Meat,1,20.00,Extra Spicy,20.00
5206,930,46,Jasmine Rice,Sides,1,2.75,,2.75
5207,930,33,Curry Chicken,Plant-Based Meat,1,22.00,Less Spicy,22.00
5208,930,50,Americano,Coffee,1,4.50,,4.50
5209,930,19,Savory Eggplant,Veggie & Tofu,1,18.00,,18.00
5210,931,31,Spicy Chicken,Plant-Based Meat,1,19.00,,19.00
5211,931,56,Organic Tea,Tea,1,3.50,,3.50
5212,931,22,Pan-Fried Broccoli & Cauliflower,Veggie & Tofu,1,18.00,Gluten Friendly,18.00
5213,931,15,Padmanadi Vegetable Deluxe,Veggie & Tofu,1,19.00,,19.00
5214,931,56,Organic Tea,Tea,1,3.50,,3.50
5215,931,27,Kung Pao Chicken,Plant-Based Meat,1,20.00,,20.00
5216,931,46,Jasmine Rice,Sides,1,2.75,,2.75
5217,931,66,Assorted Soft Drinks,Drinks,1,2.50,,2.50
5218,931,73,Chocolate Mousse,Desserts,1,9.00,,9.00
5219,932,45,Bali Buddha Bowl,Rice & Noodles,1,18.00,Extra Sauce,18.00
5220,932,50,Americano,Coffee,1,4.50,,4.50
5221,932,45,Bali Buddha Bowl,Rice & Noodles,1,18.00,,18.00
5222,932,53,Vegan Iced Coffee,Coffee,1,5.50,,5.50
5223,932,41,Bihun Goreng,Rice & Noodles,1,18.00,,18.00
5224,932,23,Curry Vegetables & Tofu,Veggie & Tofu,1,20.00,No Onion,20.00
5225,932,46,Jasmine Rice,Sides,1,2.75,,2.75
5226,932,2,Vegetable Spring Rolls (6pc),Starters,1,9.00,,9.00
5227,932,4,Satay with Peanut Sauce (3pc),Starters,1,10.00,,10.00
5228,933,28,Ginger Beef,Plant-Based Meat,1,21.00,No Peanuts,21.00
5229,933,59,Hot Chocolate,Tea,1,5.00,,5.00
5230,933,31,Spicy Chicken,Plant-Based Meat,1,19.00,,19.00
5231,933,53,Vegan Iced Coffee,Coffee,1,5.50,,5.50
5232,933,33,Curry Chicken,Plant-Based Meat,1,22.00,,22.00
5233,933,58,London Fog,Tea,1,5.50,,5.50
5234,933,37,Teriyaki Chicken,Plant-Based Meat,1,19.00,,19.00
5235,933,51,Soy Latte,Coffee,1,5.50,,5.50
5236,933,42,Kwetiau Goreng,Rice & Noodles,1,19.00,Extra Spicy,19.00
5237,934,13,Tom Yum Soup,Soups,1,18.00,Allergy: Nuts,18.00
5238,934,56,Organic Tea,Tea,1,3.50,,3.50
5239,934,13,Tom Yum Soup,Soups,1,18.00,Extra Spicy,18.00
5240,934,79,Add Noodles (Soup),Extras,1,3.00,,3.00
5241,934,72,Vegan Ice Cream,Desserts,1,7.00,,7.00
5242,935,15,Padmanadi Vegetable Deluxe,Veggie & Tofu,1,19.00,,19.00
5243,935,39,Nasi Goreng,Rice & Noodles,1,18.00,Extra Spicy,18.00
5244,936,15,Padmanadi Vegetable Deluxe,Veggie & Tofu,1,19.00,No Onion,19.00
5245,936,32,General Tao Chicken,Plant-Based Meat,1,21.00,No Onion,21.00
5246,936,46,Jasmine Rice,Sides,1,2.75,,2.75
5247,936,37,Teriyaki Chicken,Plant-Based Meat,1,19.00,Sauce on Side,19.00
5248,936,47,Coconut Rice,Sides,1,3.00,,3.00
5249,937,30,Sweet & Sour Chicken,Plant-Based Meat,1,19.00,Sauce on Side,19.00
5250,937,46,Jasmine Rice,Sides,1,2.75,,2.75
5251,937,39,Nasi Goreng,Rice & Noodles,1,18.00,Extra Sauce,18.00
5252,937,33,Curry Chicken,Plant-Based Meat,1,22.00,Allergy: Nuts,22.00
5253,937,62,Iced Lychee,Drinks,1,7.50,,7.50
5254,937,31,Spicy Chicken,Plant-Based Meat,1,19.00,No Onion,19.00
5255,937,52,Soy Mocha,Coffee,1,6.00,,6.00
5256,938,13,Tom Yum Soup,Soups,1,18.00,No Onion,18.00
5257,938,79,Add Noodles (Soup),Extras,1,3.00,,3.00
5258,938,34,Curry Mutton,Plant-Based Meat,1,22.00,,22.00
5259,938,46,Jasmine Rice,Sides,1,2.75,,2.75
5260,938,36,Spicy Shrimp,Plant-Based Meat,1,20.00,,20.00
5261,938,20,Spicy Coconut Eggplant,Veggie & Tofu,1,18.00,,18.00
5262,938,48,Brown Rice,Sides,1,3.00,,3.00
5263,938,75,Extra Tofu,Extras,1,4.00,,4.00
5264,938,6,Gado Gado,Starters,1,14.00,,14.00
5265,938,7,Roti Canai,Starters,1,13.00,,13.00
5266,938,73,Chocolate Mousse,Desserts,1,9.00,,9.00
5267,938,71,Fried Banana with Coconut Ice Cream,Desserts,1,13.00,,13.00
5268,939,25,Mushroom Tofu,Veggie & Tofu,1,19.00,No Cilantro,19.00
5269,939,48,Brown Rice,Sides,1,3.00,,3.00
5270,940,44,Lemongrass Vermicelli Bowl,Rice & Noodles,1,20.00,,20.00
5271,940,54,Iced Brown Sugar Oat Latte,Coffee,1,6.50,,6.50
5272,940,25,Mushroom Tofu,Veggie & Tofu,1,19.00,,19.00
5273,941,23,Curry Vegetables & Tofu,Veggie & Tofu,1,20.00,Less Spicy,20.00
5274,941,46,Jasmine Rice,Sides,1,2.75,,2.75
5275,941,66,Assorted Soft Drinks,Drinks,1,2.50,,2.50
5276,941,27,Kung Pao Chicken,Plant-Based Meat,1,20.00,,20.00
5277,941,46,Jasmine Rice,Sides,1,2.75,,2.75
5278,941,59,Hot Chocolate,Tea,1,5.00,,5.00
5279,941,71,Fried Banana with Coconut Ice Cream,Desserts,1,13.00,,13.00
5280,941,69,Cheesecake,Desserts,1,11.00,,11.00
5281,942,32,General Tao Chicken,Plant-Based Meat,1,21.00,,21.00
5282,942,62,Iced Lychee,Drinks,1,7.50,,7.50
5283,942,36,Spicy Shrimp,Plant-Based Meat,1,20.00,Less Spicy,20.00
5284,942,46,Jasmine Rice,Sides,1,2.75,,2.75
5285,942,4,Satay with Peanut Sauce (3pc),Starters,1,10.00,,10.00
5286,942,71,Fried Banana with Coconut Ice Cream,Desserts,1,13.00,,13.00
5287,942,69,Cheesecake,Desserts,1,11.00,,11.00
5288,943,49,Lunch Special,Lunch Special,1,18.00,Entree: Kung Pao Chicken,18.00
5289,943,65,Iced Passion Fruit Green Tea,Drinks,1,7.00,,7.00
5290,943,49,Lunch Special,Lunch Special,1,18.00,Entree: Ginger Beef,18.00
5291,943,30,Sweet & Sour Chicken,Plant-Based Meat,1,19.00,Extra Sauce,19.00
5292,943,61,Iced Oat Strawberry Matcha,Tea,1,8.50,,8.50
5293,943,28,Ginger Beef,Plant-Based Meat,1,21.00,,21.00
5294,943,46,Jasmine Rice,Sides,1,2.75,,2.75
5295,943,49,Lunch Special,Lunch Special,1,18.00,Entree: Sweet & Sour Chicken,18.00
5296,943,65,Iced Passion Fruit Green Tea,Drinks,1,7.00,,7.00
5297,943,16,Chili Green Beans,Veggie & Tofu,1,19.00,Extra Spicy,19.00
5298,943,31,Spicy Chicken,Plant-Based Meat,1,19.00,No Cilantro,19.00
5299,943,49,Lunch Special,Lunch Special,1,18.00,Entree: Kung Pao Chicken,18.00
5300,944,21,Mapo Tofu,Veggie & Tofu,1,19.00,,19.00
5301,944,46,Jasmine Rice,Sides,1,2.75,,2.75
5302,944,76,Extra Veggies,Extras,1,4.00,,4.00
5303,944,21,Mapo Tofu,Veggie & Tofu,1,19.00,Gluten Friendly,19.00
5304,944,66,Assorted Soft Drinks,Drinks,1,2.50,,2.50
5305,944,69,Cheesecake,Desserts,1,11.00,,11.00
5306,945,49,Lunch Special,Lunch Special,1,18.00,Entree: Spicy Nuggets,18.00
5307,945,51,Soy Latte,Coffee,1,5.50,,5.50
5308,945,21,Mapo Tofu,Veggie & Tofu,1,19.00,,19.00
5309,945,50,Americano,Coffee,1,4.50,,4.50
5310,946,18,King Oyster Mushroom Gaylan,Veggie & Tofu,1,20.00,No Peanuts,20.00
5311,946,48,Brown Rice,Sides,1,3.00,,3.00
5312,946,56,Organic Tea,Tea,1,3.50,,3.50
5313,946,40,Bakmi Goreng,Rice & Noodles,1,19.00,,19.00
5314,946,75,Extra Tofu,Extras,1,4.00,,4.00
5315,946,62,Iced Lychee,Drinks,1,7.50,,7.50
5316,946,7,Roti Canai,Starters,1,13.00,,13.00
5317,947,26,Chili Tofu,Veggie & Tofu,1,19.00,,19.00
5318,947,74,Extra Protein,Extras,1,5.00,,5.00
5319,947,54,Iced Brown Sugar Oat Latte,Coffee,1,6.50,,6.50
5320,947,49,Lunch Special,Lunch Special,1,18.00,Entree: Curry Chicken,18.00
5321,947,59,Hot Chocolate,Tea,1,5.00,,5.00
5322,947,49,Lunch Special,Lunch Special,1,18.00,Entree: Spicy Nuggets,18.00
5323,947,52,Soy Mocha,Coffee,1,6.00,,6.00
5324,947,70,Panna Cotta,Desserts,1,9.00,,9.00
5325,947,71,Fried Banana with Coconut Ice Cream,Desserts,1,13.00,,13.00
5326,948,49,Lunch Special,Lunch Special,1,18.00,Entree: Sweet & Sour Nuggets,18.00
5327,948,60,Matcha Latte,Tea,1,6.50,,6.50
5328,948,49,Lunch Special,Lunch Special,1,18.00,Entree: Ginger Beef,18.00
5329,948,49,Lunch Special,Lunch Special,1,18.00,Entree: Spicy Nuggets,18.00
5330,948,50,Americano,Coffee,1,4.50,,4.50
5331,948,13,Tom Yum Soup,Soups,1,18.00,Extra Sauce,18.00
5332,948,7,Roti Canai,Starters,1,13.00,,13.00
5333,948,2,Vegetable Spring Rolls (6pc),Starters,1,9.00,,9.00
5334,949,19,Savory Eggplant,Veggie & Tofu,1,18.00,,18.00
5335,949,36,Spicy Shrimp,Plant-Based Meat,1,20.00,No Mushrooms,20.00
5336,949,68,Iced Blackberry Hibiscus Tea,Drinks,1,7.00,,7.00
5337,950,14,Spicy Curry Noodle Soup,Soups,1,18.00,,18.00
5338,950,54,Iced Brown Sugar Oat Latte,Coffee,1,6.50,,6.50
5339,951,28,Ginger Beef,Plant-Based Meat,1,21.00,No Cilantro,21.00
5340,951,50,Americano,Coffee,1,4.50,,4.50
5341,951,33,Curry Chicken,Plant-Based Meat,1,22.00,,22.00
5342,951,48,Brown Rice,Sides,1,3.00,,3.00
5343,951,51,Soy Latte,Coffee,1,5.50,,5.50
5344,952,49,Lunch Special,Lunch Special,1,18.00,Entree: Sweet & Sour Nuggets,18.00
5345,952,78,Sub Brown Rice (+1),Extras,1,1.00,,1.00
5346,952,63,Iced Pineapple,Drinks,1,7.50,,7.50
5347,952,19,Savory Eggplant,Veggie & Tofu,1,18.00,,18.00
5348,952,47,Coconut Rice,Sides,1,3.00,,3.00
5349,952,58,London Fog,Tea,1,5.50,,5.50
5350,952,8,Breaded Cauliflower Bites,Starters,1,13.00,,13.00
5351,953,49,Lunch Special,Lunch Special,1,18.00,Entree: Savory Eggplant,18.00
5352,953,64,Sparkling Yuzu,Drinks,1,8.50,,8.50
5353,953,17,Spicy String Beans,Veggie & Tofu,1,19.00,,19.00
5354,954,32,General Tao Chicken,Plant-Based Meat,1,21.00,,21.00
5355,954,17,Spicy String Beans,Veggie & Tofu,1,19.00,No Peanuts,19.00
5356,954,63,Iced Pineapple,Drinks,1,7.50,,7.50
5357,954,9,Crispy Chicken Strips,Starters,1,13.00,,13.00
5358,954,69,Cheesecake,Desserts,1,11.00,,11.00
5359,955,49,Lunch Special,Lunch Special,1,18.00,Entree: Rendang,18.00
5360,955,77,Sub Coconut Rice (+1),Extras,1,1.00,,1.00
5361,955,58,London Fog,Tea,1,5.50,,5.50
5362,955,28,Ginger Beef,Plant-Based Meat,1,21.00,,21.00
5363,955,26,Chili Tofu,Veggie & Tofu,1,19.00,Less Spicy,19.00
5364,955,60,Matcha Latte,Tea,1,6.50,,6.50
5365,956,17,Spicy String Beans,Veggie & Tofu,1,19.00,No Mushrooms,19.00
5366,956,47,Coconut Rice,Sides,1,3.00,,3.00
5367,956,62,Iced Lychee,Drinks,1,7.50,,7.50
5368,956,20,Spicy Coconut Eggplant,Veggie & Tofu,1,18.00,Gluten Friendly,18.00
5369,956,46,Jasmine Rice,Sides,1,2.75,,2.75
5370,956,49,Lunch Special,Lunch Special,1,18.00,Entree: Spicy Nuggets,18.00
5371,956,56,Organic Tea,Tea,1,3.50,,3.50
5372,956,6,Gado Gado,Starters,1,14.00,,14.00
5373,957,49,Lunch Special,Lunch Special,1,18.00,Entree: Chili Green Beans,18.00
5374,957,78,Sub Brown Rice (+1),Extras,1,1.00,,1.00
5375,957,52,Soy Mocha,Coffee,1,6.00,,6.00
5376,957,34,Curry Mutton,Plant-Based Meat,1,22.00,No Cilantro,22.00
5377,957,5,Deep Fried Tofu,Starters,1,13.00,,13.00
5378,958,37,Teriyaki Chicken,Plant-Based Meat,1,19.00,,19.00
5379,958,46,Jasmine Rice,Sides,1,2.75,,2.75
5380,958,74,Extra Protein,Extras,1,5.00,,5.00
5381,958,61,Iced Oat Strawberry Matcha,Tea,1,8.50,,8.50
5382,958,49,Lunch Special,Lunch Special,1,18.00,Entree: Sweet & Sour Chicken,18.00
5383,958,29,Dendeng,Plant-Based Meat,1,20.00,,20.00
5384,958,46,Jasmine Rice,Sides,1,2.75,,2.75
5385,958,63,Iced Pineapple,Drinks,1,7.50,,7.50
5386,959,49,Lunch Special,Lunch Special,1,18.00,Entree: Teriyaki Chicken,18.00
5387,959,66,Assorted Soft Drinks,Drinks,1,2.50,,2.50
5388,960,49,Lunch Special,Lunch Special,1,18.00,Entree: Rendang,18.00
5389,960,78,Sub Brown Rice (+1),Extras,1,1.00,,1.00
5390,961,49,Lunch Special,Lunch Special,1,18.00,Entree: Sweet & Sour Chicken,18.00
5391,961,61,Iced Oat Strawberry Matcha,Tea,1,8.50,,8.50
5392,961,49,Lunch Special,Lunch Special,1,18.00,Entree: Rendang,18.00
5393,962,15,Padmanadi Vegetable Deluxe,Veggie & Tofu,1,19.00,,19.00
5394,962,48,Brown Rice,Sides,1,3.00,,3.00
5395,962,51,Soy Latte,Coffee,1,5.50,,5.50
5396,962,49,Lunch Special,Lunch Special,1,18.00,Entree: Curry Chicken,18.00
5397,962,50,Americano,Coffee,1,4.50,,4.50
5398,962,9,Crispy Chicken Strips,Starters,1,13.00,,13.00
5399,962,69,Cheesecake,Desserts,1,11.00,,11.00
5400,962,71,Fried Banana with Coconut Ice Cream,Desserts,1,13.00,,13.00
5401,963,43,Singapore Noodle,Rice & Noodles,1,19.00,,19.00
5402,963,49,Lunch Special,Lunch Special,1,18.00,Entree: Chili Green Beans,18.00
5403,963,60,Matcha Latte,Tea,1,6.50,,6.50
5404,964,37,Teriyaki Chicken,Plant-Based Meat,1,19.00,Gluten Friendly,19.00
5405,964,47,Coconut Rice,Sides,1,3.00,,3.00
5406,964,66,Assorted Soft Drinks,Drinks,1,2.50,,2.50
5407,964,15,Padmanadi Vegetable Deluxe,Veggie & Tofu,1,19.00,,19.00
5408,964,57,Soy Chai Latte,Tea,1,5.50,,5.50
5409,965,23,Curry Vegetables & Tofu,Veggie & Tofu,1,20.00,No Onion,20.00
5410,965,47,Coconut Rice,Sides,1,3.00,,3.00
5411,965,65,Iced Passion Fruit Green Tea,Drinks,1,7.00,,7.00
5412,966,20,Spicy Coconut Eggplant,Veggie & Tofu,1,18.00,Extra Sauce,18.00
5413,966,51,Soy Latte,Coffee,1,5.50,,5.50
5414,966,34,Curry Mutton,Plant-Based Meat,1,22.00,,22.00
5415,966,2,Vegetable Spring Rolls (6pc),Starters,1,9.00,,9.00
5416,967,21,Mapo Tofu,Veggie & Tofu,1,19.00,,19.00
5417,967,53,Vegan Iced Coffee,Coffee,1,5.50,,5.50
5418,967,6,Gado Gado,Starters,1,14.00,,14.00
5419,968,33,Curry Chicken,Plant-Based Meat,1,22.00,,22.00
5420,968,54,Iced Brown Sugar Oat Latte,Coffee,1,6.50,,6.50
5421,969,24,Tempeh Pulau,Veggie & Tofu,1,20.00,No Mushrooms,20.00
5422,969,48,Brown Rice,Sides,1,3.00,,3.00
5423,969,63,Iced Pineapple,Drinks,1,7.50,,7.50
5424,969,14,Spicy Curry Noodle Soup,Soups,1,18.00,,18.00
5425,969,39,Nasi Goreng,Rice & Noodles,1,18.00,,18.00
5426,969,66,Assorted Soft Drinks,Drinks,1,2.50,,2.50
5427,970,37,Teriyaki Chicken,Plant-Based Meat,1,19.00,,19.00
5428,970,46,Jasmine Rice,Sides,1,2.75,,2.75
5429,971,33,Curry Chicken,Plant-Based Meat,1,22.00,,22.00
5430,971,35,Sweet & Sour Shrimp,Plant-Based Meat,1,20.00,Less Spicy,20.00
5431,971,59,Hot Chocolate,Tea,1,5.00,,5.00
5432,971,4,Satay with Peanut Sauce (3pc),Starters,1,10.00,,10.00
5433,972,27,Kung Pao Chicken,Plant-Based Meat,1,20.00,,20.00
5434,972,46,Jasmine Rice,Sides,1,2.75,,2.75
5435,972,74,Extra Protein,Extras,1,5.00,,5.00
5436,972,65,Iced Passion Fruit Green Tea,Drinks,1,7.00,,7.00
5437,972,42,Kwetiau Goreng,Rice & Noodles,1,19.00,,19.00
5438,972,63,Iced Pineapple,Drinks,1,7.50,,7.50
5439,972,2,Vegetable Spring Rolls (6pc),Starters,1,9.00,,9.00
5440,973,17,Spicy String Beans,Veggie & Tofu,1,19.00,No Peanuts,19.00
5441,973,46,Jasmine Rice,Sides,1,2.75,,2.75
5442,973,76,Extra Veggies,Extras,1,4.00,,4.00
5443,973,62,Iced Lychee,Drinks,1,7.50,,7.50
5444,973,44,Lemongrass Vermicelli Bowl,Rice & Noodles,1,20.00,,20.00
5445,973,38,Rendang,Plant-Based Meat,1,20.00,,20.00
5446,973,59,Hot Chocolate,Tea,1,5.00,,5.00
5447,973,15,Padmanadi Vegetable Deluxe,Veggie & Tofu,1,19.00,,19.00
5448,973,59,Hot Chocolate,Tea,1,5.00,,5.00
5449,973,71,Fried Banana with Coconut Ice Cream,Desserts,1,13.00,,13.00
5450,973,71,Fried Banana with Coconut Ice Cream,Desserts,1,13.00,,13.00
5451,974,40,Bakmi Goreng,Rice & Noodles,1,19.00,,19.00
5452,974,62,Iced Lychee,Drinks,1,7.50,,7.50
5453,974,71,Fried Banana with Coconut Ice Cream,Desserts,1,13.00,,13.00
5454,975,33,Curry Chicken,Plant-Based Meat,1,22.00,,22.00
5455,975,21,Mapo Tofu,Veggie & Tofu,1,19.00,,19.00
5456,975,66,Assorted Soft Drinks,Drinks,1,2.50,,2.50
5457,976,31,Spicy Chicken,Plant-Based Meat,1,19.00,Extra Spicy,19.00
5458,976,48,Brown Rice,Sides,1,3.00,,3.00
5459,976,51,Soy Latte,Coffee,1,5.50,,5.50
5460,976,5,Deep Fried Tofu,Starters,1,13.00,,13.00
5461,977,12,Wonton Soup,Soups,1,18.00,,18.00
5462,977,79,Add Noodles (Soup),Extras,1,3.00,,3.00
5463,977,76,Extra Veggies,Extras,1,4.00,,4.00
5464,977,52,Soy Mocha,Coffee,1,6.00,,6.00
5465,977,15,Padmanadi Vegetable Deluxe,Veggie & Tofu,1,19.00,Allergy: Nuts,19.00
5466,977,46,Jasmine Rice,Sides,1,2.75,,2.75
5467,977,28,Ginger Beef,Plant-Based Meat,1,21.00,,21.00
5468,977,50,Americano,Coffee,1,4.50,,4.50
5469,977,34,Curry Mutton,Plant-Based Meat,1,22.00,Gluten Friendly,22.00
5470,977,46,Jasmine Rice,Sides,1,2.75,,2.75
5471,977,68,Iced Blackberry Hibiscus Tea,Drinks,1,7.00,,7.00
5472,978,38,Rendang,Plant-Based Meat,1,20.00,Allergy: Nuts,20.00
5473,978,47,Coconut Rice,Sides,1,3.00,,3.00
5474,978,33,Curry Chicken,Plant-Based Meat,1,22.00,Gluten Friendly,22.00
5475,978,48,Brown Rice,Sides,1,3.00,,3.00
5476,978,1,Vegetable Spring Rolls (3pc),Starters,1,6.00,,6.00
5477,979,30,Sweet & Sour Chicken,Plant-Based Meat,1,19.00,Sauce on Side,19.00
5478,979,48,Brown Rice,Sides,1,3.00,,3.00
5479,979,76,Extra Veggies,Extras,1,4.00,,4.00
5480,979,57,Soy Chai Latte,Tea,1,5.50,,5.50
5481,979,24,Tempeh Pulau,Veggie & Tofu,1,20.00,,20.00
5482,979,34,Curry Mutton,Plant-Based Meat,1,22.00,,22.00
5483,979,24,Tempeh Pulau,Veggie & Tofu,1,20.00,,20.00
5484,979,64,Sparkling Yuzu,Drinks,1,8.50,,8.50
5485,980,28,Ginger Beef,Plant-Based Meat,1,21.00,Extra Spicy,21.00
5486,980,21,Mapo Tofu,Veggie & Tofu,1,19.00,No Mushrooms,19.00
5487,980,46,Jasmine Rice,Sides,1,2.75,,2.75
5488,980,76,Extra Veggies,Extras,1,4.00,,4.00
5489,980,28,Ginger Beef,Plant-Based Meat,1,21.00,No Mushrooms,21.00
5490,980,60,Matcha Latte,Tea,1,6.50,,6.50
5491,980,70,Panna Cotta,Desserts,1,9.00,,9.00
5492,981,36,Spicy Shrimp,Plant-Based Meat,1,20.00,Less Spicy,20.00
5493,981,47,Coconut Rice,Sides,1,3.00,,3.00
5494,981,32,General Tao Chicken,Plant-Based Meat,1,21.00,,21.00
5495,981,7,Roti Canai,Starters,1,13.00,,13.00
5496,982,28,Ginger Beef,Plant-Based Meat,1,21.00,,21.00
5497,982,47,Coconut Rice,Sides,1,3.00,,3.00
5498,982,55,Decaf Coffee,Coffee,1,4.50,,4.50
5499,982,27,Kung Pao Chicken,Plant-Based Meat,1,20.00,Extra Spicy,20.00
5500,982,42,Kwetiau Goreng,Rice & Noodles,1,19.00,No Mushrooms,19.00
5501,982,63,Iced Pineapple,Drinks,1,7.50,,7.50
5502,982,32,General Tao Chicken,Plant-Based Meat,1,21.00,No Onion,21.00
5503,982,46,Jasmine Rice,Sides,1,2.75,,2.75
5504,983,29,Dendeng,Plant-Based Meat,1,20.00,,20.00
5505,983,48,Brown Rice,Sides,1,3.00,,3.00
5506,983,36,Spicy Shrimp,Plant-Based Meat,1,20.00,,20.00
5507,983,74,Extra Protein,Extras,1,5.00,,5.00
5508,983,62,Iced Lychee,Drinks,1,7.50,,7.50
5509,984,41,Bihun Goreng,Rice & Noodles,1,18.00,Gluten Friendly,18.00
5510,984,51,Soy Latte,Coffee,1,5.50,,5.50
5511,984,37,Teriyaki Chicken,Plant-Based Meat,1,19.00,Extra Sauce,19.00
5512,984,47,Coconut Rice,Sides,1,3.00,,3.00
5513,984,52,Soy Mocha,Coffee,1,6.00,,6.00
5514,984,32,General Tao Chicken,Plant-Based Meat,1,21.00,,21.00
5515,984,28,Ginger Beef,Plant-Based Meat,1,21.00,,21.00
5516,984,26,Chili Tofu,Veggie & Tofu,1,19.00,No Peanuts,19.00
5517,984,47,Coconut Rice,Sides,1,3.00,,3.00
5518,984,56,Organic Tea,Tea,1,3.50,,3.50
5519,984,72,Vegan Ice Cream,Desserts,1,7.00,,7.00
5520,984,72,Vegan Ice Cream,Desserts,1,7.00,,7.00
5521,985,19,Savory Eggplant,Veggie & Tofu,1,18.00,Allergy: Nuts,18.00
5522,985,60,Matcha Latte,Tea,1,6.50,,6.50
5523,985,38,Rendang,Plant-Based Meat,1,20.00,No Peanuts,20.00
5524,985,6,Gado Gado,Starters,1,14.00,,14.00
5525,986,12,Wonton Soup,Soups,1,18.00,Extra Sauce,18.00
5526,986,79,Add Noodles (Soup),Extras,1,3.00,,3.00
5527,986,59,Hot Chocolate,Tea,1,5.00,,5.00
5528,986,33,Curry Chicken,Plant-Based Meat,1,22.00,No Onion,22.00
5529,986,53,Vegan Iced Coffee,Coffee,1,5.50,,5.50
5530,987,27,Kung Pao Chicken,Plant-Based Meat,1,20.00,,20.00
5531,987,14,Spicy Curry Noodle Soup,Soups,1,18.00,,18.00
5532,987,35,Sweet & Sour Shrimp,Plant-Based Meat,1,20.00,Extra Sauce,20.00
5533,987,47,Coconut Rice,Sides,1,3.00,,3.00
5534,987,50,Americano,Coffee,1,4.50,,4.50
5535,988,31,Spicy Chicken,Plant-Based Meat,1,19.00,,19.00
5536,988,32,General Tao Chicken,Plant-Based Meat,1,21.00,,21.00
5537,988,47,Coconut Rice,Sides,1,3.00,,3.00
5538,988,22,Pan-Fried Broccoli & Cauliflower,Veggie & Tofu,1,18.00,,18.00
5539,988,71,Fried Banana with Coconut Ice Cream,Desserts,1,13.00,,13.00
5540,989,41,Bihun Goreng,Rice & Noodles,1,18.00,No Mushrooms,18.00
5541,989,61,Iced Oat Strawberry Matcha,Tea,1,8.50,,8.50
5542,989,32,General Tao Chicken,Plant-Based Meat,1,21.00,,21.00
5543,989,52,Soy Mocha,Coffee,1,6.00,,6.00
5544,989,5,Deep Fried Tofu,Starters,1,13.00,,13.00
5545,989,73,Chocolate Mousse,Desserts,1,9.00,,9.00
5546,990,40,Bakmi Goreng,Rice & Noodles,1,19.00,,19.00
5547,990,25,Mushroom Tofu,Veggie & Tofu,1,19.00,Sauce on Side,19.00
5548,990,53,Vegan Iced Coffee,Coffee,1,5.50,,5.50
5549,990,27,Kung Pao Chicken,Plant-Based Meat,1,20.00,,20.00
5550,990,46,Jasmine Rice,Sides,1,2.75,,2.75
5551,990,54,Iced Brown Sugar Oat Latte,Coffee,1,6.50,,6.50
5552,990,12,Wonton Soup,Soups,1,18.00,,18.00
5553,990,66,Assorted Soft Drinks,Drinks,1,2.50,,2.50
5554,991,36,Spicy Shrimp,Plant-Based Meat,1,20.00,,20.00
5555,992,28,Ginger Beef,Plant-Based Meat,1,21.00,,21.00
5556,992,44,Lemongrass Vermicelli Bowl,Rice & Noodles,1,20.00,,20.00
5557,993,23,Curry Vegetables & Tofu,Veggie & Tofu,1,20.00,No Peanuts,20.00
5558,993,29,Dendeng,Plant-Based Meat,1,20.00,,20.00
5559,993,44,Lemongrass Vermicelli Bowl,Rice & Noodles,1,20.00,,20.00
5560,993,57,Soy Chai Latte,Tea,1,5.50,,5.50
5561,993,25,Mushroom Tofu,Veggie & Tofu,1,19.00,Extra Spicy,19.00
5562,993,65,Iced Passion Fruit Green Tea,Drinks,1,7.00,,7.00
5563,994,38,Rendang,Plant-Based Meat,1,20.00,Less Spicy,20.00
5564,994,46,Jasmine Rice,Sides,1,2.75,,2.75
5565,994,63,Iced Pineapple,Drinks,1,7.50,,7.50
5566,994,39,Nasi Goreng,Rice & Noodles,1,18.00,Extra Spicy,18.00
5567,994,28,Ginger Beef,Plant-Based Meat,1,21.00,,21.00
5568,994,47,Coconut Rice,Sides,1,3.00,,3.00
5569,994,58,London Fog,Tea,1,5.50,,5.50
5570,994,4,Satay with Peanut Sauce (3pc),Starters,1,10.00,,10.00
5571,995,28,Ginger Beef,Plant-Based Meat,1,21.00,,21.00
5572,995,53,Vegan Iced Coffee,Coffee,1,5.50,,5.50
5573,995,4,Satay with Peanut Sauce (3pc),Starters,1,10.00,,10.00
5574,996,12,Wonton Soup,Soups,1,18.00,No Onion,18.00
5575,996,67,Raspberry Lime Italian Soda,Drinks,1,6.50,,6.50
5576,996,15,Padmanadi Vegetable Deluxe,Veggie & Tofu,1,19.00,,19.00
5577,996,6,Gado Gado,Starters,1,14.00,,14.00
5578,997,40,Bakmi Goreng,Rice & Noodles,1,19.00,,19.00
5579,997,39,Nasi Goreng,Rice & Noodles,1,18.00,Extra Spicy,18.00
5580,998,25,Mushroom Tofu,Veggie & Tofu,1,19.00,,19.00
5581,998,47,Coconut Rice,Sides,1,3.00,,3.00
5582,998,75,Extra Tofu,Extras,1,4.00,,4.00
5583,998,12,Wonton Soup,Soups,1,18.00,,18.00
5584,998,79,Add Noodles (Soup),Extras,1,3.00,,3.00
5585,998,36,Spicy Shrimp,Plant-Based Meat,1,20.00,,20.00
5586,998,66,Assorted Soft Drinks,Drinks,1,2.50,,2.50
5587,998,18,King Oyster Mushroom Gaylan,Veggie & Tofu,1,20.00,,20.00
5588,998,46,Jasmine Rice,Sides,1,2.75,,2.75
5589,998,8,Breaded Cauliflower Bites,Starters,1,13.00,,13.00
5590,999,24,Tempeh Pulau,Veggie & Tofu,1,20.00,No Cilantro,20.00
5591,999,75,Extra Tofu,Extras,1,4.00,,4.00
5592,999,52,Soy Mocha,Coffee,1,6.00,,6.00
5593,1000,33,Curry Chicken,Plant-Based Meat,1,22.00,,22.00
5594,1000,48,Brown Rice,Sides,1,3.00,,3.00
5595,1000,57,Soy Chai Latte,Tea,1,5.50,,5.50
5596,1001,33,Curry Chicken,Plant-Based Meat,1,22.00,No Onion,22.00
5597,1001,46,Jasmine Rice,Sides,1,2.75,,2.75
5598,1001,13,Tom Yum Soup,Soups,1,18.00,,18.00
5599,1001,79,Add Noodles (Soup),Extras,1,3.00,,3.00
5600,1001,3,Satay with Peanut Sauce (1pc),Starters,1,3.00,,3.00
5601,1002,13,Tom Yum Soup,Soups,1,18.00,,18.00
5602,1002,60,Matcha Latte,Tea,1,6.50,,6.50
5603,1002,39,Nasi Goreng,Rice & Noodles,1,18.00,,18.00
5604,1002,18,King Oyster Mushroom Gaylan,Veggie & Tofu,1,20.00,No Peanuts,20.00
5605,1002,47,Coconut Rice,Sides,1,3.00,,3.00
5606,1002,61,Iced Oat Strawberry Matcha,Tea,1,8.50,,8.50
5607,1002,16,Chili Green Beans,Veggie & Tofu,1,19.00,Sauce on Side,19.00
5608,1002,47,Coconut Rice,Sides,1,3.00,,3.00
5609,1002,40,Bakmi Goreng,Rice & Noodles,1,19.00,Extra Spicy,19.00
5610,1002,11,Fried Enoki Mushroom,Starters,1,16.00,,16.00
5611,1002,70,Panna Cotta,Desserts,1,9.00,,9.00
5612,1003,15,Padmanadi Vegetable Deluxe,Veggie & Tofu,1,19.00,,19.00
5613,1003,46,Jasmine Rice,Sides,1,2.75,,2.75
5614,1003,67,Raspberry Lime Italian Soda,Drinks,1,6.50,,6.50
5615,1003,31,Spicy Chicken,Plant-Based Meat,1,19.00,,19.00
5616,1003,46,Jasmine Rice,Sides,1,2.75,,2.75
5617,1003,50,Americano,Coffee,1,4.50,,4.50
5618,1003,16,Chili Green Beans,Veggie & Tofu,1,19.00,,19.00
5619,1003,47,Coconut Rice,Sides,1,3.00,,3.00
5620,1003,12,Wonton Soup,Soups,1,18.00,,18.00
5621,1003,75,Extra Tofu,Extras,1,4.00,,4.00
5622,1004,22,Pan-Fried Broccoli & Cauliflower,Veggie & Tofu,1,18.00,Sauce on Side,18.00
5623,1004,32,General Tao Chicken,Plant-Based Meat,1,21.00,No Peanuts,21.00
5624,1004,51,Soy Latte,Coffee,1,5.50,,5.50
5625,1004,7,Roti Canai,Starters,1,13.00,,13.00
5626,1005,37,Teriyaki Chicken,Plant-Based Meat,1,19.00,,19.00
5627,1005,66,Assorted Soft Drinks,Drinks,1,2.50,,2.50
5628,1005,40,Bakmi Goreng,Rice & Noodles,1,19.00,,19.00
5629,1005,73,Chocolate Mousse,Desserts,1,9.00,,9.00
5630,1006,44,Lemongrass Vermicelli Bowl,Rice & Noodles,1,20.00,,20.00
5631,1006,52,Soy Mocha,Coffee,1,6.00,,6.00
5632,1007,32,General Tao Chicken,Plant-Based Meat,1,21.00,,21.00
5633,1007,59,Hot Chocolate,Tea,1,5.00,,5.00
5634,1008,44,Lemongrass Vermicelli Bowl,Rice & Noodles,1,20.00,Extra Sauce,20.00
5635,1008,74,Extra Protein,Extras,1,5.00,,5.00
5636,1008,62,Iced Lychee,Drinks,1,7.50,,7.50
5637,1008,16,Chili Green Beans,Veggie & Tofu,1,19.00,,19.00
5638,1008,44,Lemongrass Vermicelli Bowl,Rice & Noodles,1,20.00,No Mushrooms,20.00
5639,1008,53,Vegan Iced Coffee,Coffee,1,5.50,,5.50
5640,1008,44,Lemongrass Vermicelli Bowl,Rice & Noodles,1,20.00,Gluten Friendly,20.00
5641,1008,54,Iced Brown Sugar Oat Latte,Coffee,1,6.50,,6.50
5642,1009,30,Sweet & Sour Chicken,Plant-Based Meat,1,19.00,No Onion,19.00
5643,1009,48,Brown Rice,Sides,1,3.00,,3.00
5644,1009,74,Extra Protein,Extras,1,5.00,,5.00
5645,1009,17,Spicy String Beans,Veggie & Tofu,1,19.00,,19.00
5646,1009,47,Coconut Rice,Sides,1,3.00,,3.00
5647,1009,65,Iced Passion Fruit Green Tea,Drinks,1,7.00,,7.00
5648,1009,34,Curry Mutton,Plant-Based Meat,1,22.00,Less Spicy,22.00
5649,1009,8,Breaded Cauliflower Bites,Starters,1,13.00,,13.00
5650,1009,72,Vegan Ice Cream,Desserts,1,7.00,,7.00
5651,1009,71,Fried Banana with Coconut Ice Cream,Desserts,1,13.00,,13.00
5652,1010,23,Curry Vegetables & Tofu,Veggie & Tofu,1,20.00,,20.00
5653,1010,46,Jasmine Rice,Sides,1,2.75,,2.75
5654,1011,49,Lunch Special,Lunch Special,1,18.00,Entree: Curried Tofu w/ Vegetables,18.00
5655,1011,54,Iced Brown Sugar Oat Latte,Coffee,1,6.50,,6.50
5656,1011,28,Ginger Beef,Plant-Based Meat,1,21.00,,21.00
5657,1011,60,Matcha Latte,Tea,1,6.50,,6.50
5658,1011,12,Wonton Soup,Soups,1,18.00,Allergy: Nuts,18.00
5659,1011,1,Vegetable Spring Rolls (3pc),Starters,1,6.00,,6.00
5660,1011,73,Chocolate Mousse,Desserts,1,9.00,,9.00
5661,1012,36,Spicy Shrimp,Plant-Based Meat,1,20.00,,20.00
5662,1012,49,Lunch Special,Lunch Special,1,18.00,Entree: Padmanadi Veg Deluxe,18.00
5663,1012,2,Vegetable Spring Rolls (6pc),Starters,1,9.00,,9.00
5664,1013,33,Curry Chicken,Plant-Based Meat,1,22.00,,22.00
5665,1013,49,Lunch Special,Lunch Special,1,18.00,Entree: Curry Mutton,18.00
5666,1013,5,Deep Fried Tofu,Starters,1,13.00,,13.00
5667,1014,13,Tom Yum Soup,Soups,1,18.00,Allergy: Nuts,18.00
5668,1014,28,Ginger Beef,Plant-Based Meat,1,21.00,,21.00
5669,1014,46,Jasmine Rice,Sides,1,2.75,,2.75
5670,1015,23,Curry Vegetables & Tofu,Veggie & Tofu,1,20.00,Allergy: Nuts,20.00
5671,1015,66,Assorted Soft Drinks,Drinks,1,2.50,,2.50
5672,1015,15,Padmanadi Vegetable Deluxe,Veggie & Tofu,1,19.00,Sauce on Side,19.00
5673,1015,61,Iced Oat Strawberry Matcha,Tea,1,8.50,,8.50
5674,1015,49,Lunch Special,Lunch Special,1,18.00,Entree: Curry Chicken,18.00
5675,1016,49,Lunch Special,Lunch Special,1,18.00,Entree: Padmanadi Veg Deluxe,18.00
5676,1016,50,Americano,Coffee,1,4.50,,4.50
5677,1016,33,Curry Chicken,Plant-Based Meat,1,22.00,No Peanuts,22.00
5678,1016,48,Brown Rice,Sides,1,3.00,,3.00
5679,1017,49,Lunch Special,Lunch Special,1,18.00,Entree: Sweet & Sour Nuggets,18.00
5680,1017,77,Sub Coconut Rice (+1),Extras,1,1.00,,1.00
5681,1017,63,Iced Pineapple,Drinks,1,7.50,,7.50
5682,1017,40,Bakmi Goreng,Rice & Noodles,1,19.00,Extra Sauce,19.00
5683,1017,73,Chocolate Mousse,Desserts,1,9.00,,9.00
5684,1018,28,Ginger Beef,Plant-Based Meat,1,21.00,No Onion,21.00
5685,1018,46,Jasmine Rice,Sides,1,2.75,,2.75
5686,1018,17,Spicy String Beans,Veggie & Tofu,1,19.00,,19.00
5687,1018,47,Coconut Rice,Sides,1,3.00,,3.00
5688,1018,49,Lunch Special,Lunch Special,1,18.00,Entree: Chili Green Beans,18.00
5689,1018,56,Organic Tea,Tea,1,3.50,,3.50
5690,1018,49,Lunch Special,Lunch Special,1,18.00,Entree: Kung Pao Chicken,18.00
5691,1018,78,Sub Brown Rice (+1),Extras,1,1.00,,1.00
5692,1018,50,Americano,Coffee,1,4.50,,4.50
5693,1018,72,Vegan Ice Cream,Desserts,1,7.00,,7.00
5694,1018,69,Cheesecake,Desserts,1,11.00,,11.00
5695,1019,49,Lunch Special,Lunch Special,1,18.00,Entree: Savory Eggplant,18.00
5696,1019,78,Sub Brown Rice (+1),Extras,1,1.00,,1.00
5697,1019,61,Iced Oat Strawberry Matcha,Tea,1,8.50,,8.50
5698,1019,36,Spicy Shrimp,Plant-Based Meat,1,20.00,Allergy: Nuts,20.00
5699,1019,37,Teriyaki Chicken,Plant-Based Meat,1,19.00,,19.00
5700,1019,46,Jasmine Rice,Sides,1,2.75,,2.75
5701,1019,50,Americano,Coffee,1,4.50,,4.50
5702,1019,37,Teriyaki Chicken,Plant-Based Meat,1,19.00,Gluten Friendly,19.00
5703,1019,47,Coconut Rice,Sides,1,3.00,,3.00
5704,1019,62,Iced Lychee,Drinks,1,7.50,,7.50
5705,1019,35,Sweet & Sour Shrimp,Plant-Based Meat,1,20.00,Sauce on Side,20.00
5706,1019,46,Jasmine Rice,Sides,1,2.75,,2.75
5707,1020,14,Spicy Curry Noodle Soup,Soups,1,18.00,,18.00
5708,1020,19,Savory Eggplant,Veggie & Tofu,1,18.00,Allergy: Nuts,18.00
5709,1020,48,Brown Rice,Sides,1,3.00,,3.00
5710,1020,19,Savory Eggplant,Veggie & Tofu,1,18.00,,18.00
5711,1020,47,Coconut Rice,Sides,1,3.00,,3.00
5712,1020,49,Lunch Special,Lunch Special,1,18.00,Entree: Curry Chicken,18.00
5713,1020,10,Bean Curd Drumsticks,Starters,1,13.00,,13.00
5714,1020,4,Satay with Peanut Sauce (3pc),Starters,1,10.00,,10.00
5715,1020,72,Vegan Ice Cream,Desserts,1,7.00,,7.00
5716,1021,49,Lunch Special,Lunch Special,1,18.00,Entree: Rendang,18.00
5717,1021,63,Iced Pineapple,Drinks,1,7.50,,7.50
5718,1021,49,Lunch Special,Lunch Special,1,18.00,Entree: Chili Green Beans,18.00
5719,1021,29,Dendeng,Plant-Based Meat,1,20.00,,20.00
5720,1021,49,Lunch Special,Lunch Special,1,18.00,Entree: Kung Pao Chicken,18.00
5721,1021,66,Assorted Soft Drinks,Drinks,1,2.50,,2.50
5722,1021,70,Panna Cotta,Desserts,1,9.00,,9.00
5723,1022,49,Lunch Special,Lunch Special,1,18.00,Entree: Sweet & Sour Chicken,18.00
5724,1023,15,Padmanadi Vegetable Deluxe,Veggie & Tofu,1,19.00,,19.00
5725,1023,47,Coconut Rice,Sides,1,3.00,,3.00
5726,1023,43,Singapore Noodle,Rice & Noodles,1,19.00,Extra Spicy,19.00
5727,1023,59,Hot Chocolate,Tea,1,5.00,,5.00
5728,1023,18,King Oyster Mushroom Gaylan,Veggie & Tofu,1,20.00,Extra Sauce,20.00
5729,1023,54,Iced Brown Sugar Oat Latte,Coffee,1,6.50,,6.50
5730,1023,31,Spicy Chicken,Plant-Based Meat,1,19.00,Extra Spicy,19.00
5731,1023,46,Jasmine Rice,Sides,1,2.75,,2.75
5732,1023,49,Lunch Special,Lunch Special,1,18.00,Entree: Ginger Beef,18.00
5733,1023,59,Hot Chocolate,Tea,1,5.00,,5.00
5734,1023,49,Lunch Special,Lunch Special,1,18.00,Entree: Sweet & Sour Chicken,18.00
5735,1023,30,Sweet & Sour Chicken,Plant-Based Meat,1,19.00,No Peanuts,19.00
5736,1023,47,Coconut Rice,Sides,1,3.00,,3.00
5737,1023,56,Organic Tea,Tea,1,3.50,,3.50
5738,1023,28,Ginger Beef,Plant-Based Meat,1,21.00,No Cilantro,21.00
5739,1023,46,Jasmine Rice,Sides,1,2.75,,2.75
5740,1023,58,London Fog,Tea,1,5.50,,5.50
5741,1023,9,Crispy Chicken Strips,Starters,1,13.00,,13.00
5742,1023,9,Crispy Chicken Strips,Starters,1,13.00,,13.00
5743,1023,69,Cheesecake,Desserts,1,11.00,,11.00
5744,1023,69,Cheesecake,Desserts,1,11.00,,11.00
5745,1024,37,Teriyaki Chicken,Plant-Based Meat,1,19.00,No Mushrooms,19.00
5746,1024,46,Jasmine Rice,Sides,1,2.75,,2.75
5747,1024,51,Soy Latte,Coffee,1,5.50,,5.50
5748,1024,49,Lunch Special,Lunch Special,1,18.00,Entree: Teriyaki Chicken,18.00
5749,1024,68,Iced Blackberry Hibiscus Tea,Drinks,1,7.00,,7.00
5750,1024,35,Sweet & Sour Shrimp,Plant-Based Meat,1,20.00,Gluten Friendly,20.00
5751,1024,67,Raspberry Lime Italian Soda,Drinks,1,6.50,,6.50
5752,1024,49,Lunch Special,Lunch Special,1,18.00,Entree: Chili Green Beans,18.00
5753,1024,56,Organic Tea,Tea,1,3.50,,3.50
5754,1024,44,Lemongrass Vermicelli Bowl,Rice & Noodles,1,20.00,No Cilantro,20.00
5755,1024,4,Satay with Peanut Sauce (3pc),Starters,1,10.00,,10.00
5756,1024,71,Fried Banana with Coconut Ice Cream,Desserts,1,13.00,,13.00
5757,1025,13,Tom Yum Soup,Soups,1,18.00,No Onion,18.00
5758,1025,41,Bihun Goreng,Rice & Noodles,1,18.00,No Mushrooms,18.00
5759,1025,51,Soy Latte,Coffee,1,5.50,,5.50
5760,1025,49,Lunch Special,Lunch Special,1,18.00,Entree: Rendang,18.00
5761,1025,55,Decaf Coffee,Coffee,1,4.50,,4.50
5762,1025,5,Deep Fried Tofu,Starters,1,13.00,,13.00
5763,1026,27,Kung Pao Chicken,Plant-Based Meat,1,20.00,,20.00
5764,1026,46,Jasmine Rice,Sides,1,2.75,,2.75
5765,1026,49,Lunch Special,Lunch Special,1,18.00,Entree: Teriyaki Chicken,18.00
5766,1026,57,Soy Chai Latte,Tea,1,5.50,,5.50
5767,1027,31,Spicy Chicken,Plant-Based Meat,1,19.00,Sauce on Side,19.00
5768,1027,57,Soy Chai Latte,Tea,1,5.50,,5.50
5769,1027,20,Spicy Coconut Eggplant,Veggie & Tofu,1,18.00,Less Spicy,18.00
5770,1027,46,Jasmine Rice,Sides,1,2.75,,2.75
5771,1027,9,Crispy Chicken Strips,Starters,1,13.00,,13.00
5772,1028,28,Ginger Beef,Plant-Based Meat,1,21.00,No Peanuts,21.00
5773,1028,46,Jasmine Rice,Sides,1,2.75,,2.75
5774,1028,55,Decaf Coffee,Coffee,1,4.50,,4.50
5775,1028,23,Curry Vegetables & Tofu,Veggie & Tofu,1,20.00,No Peanuts,20.00
5776,1028,46,Jasmine Rice,Sides,1,2.75,,2.75
5777,1029,14,Spicy Curry Noodle Soup,Soups,1,18.00,No Onion,18.00
5778,1029,33,Curry Chicken,Plant-Based Meat,1,22.00,,22.00
5779,1029,65,Iced Passion Fruit Green Tea,Drinks,1,7.00,,7.00
5780,1030,23,Curry Vegetables & Tofu,Veggie & Tofu,1,20.00,,20.00
5781,1030,48,Brown Rice,Sides,1,3.00,,3.00
5782,1030,64,Sparkling Yuzu,Drinks,1,8.50,,8.50
5783,1030,49,Lunch Special,Lunch Special,1,18.00,Entree: Teriyaki Chicken,18.00
5784,1030,49,Lunch Special,Lunch Special,1,18.00,Entree: Sweet & Sour Chicken,18.00
5785,1030,53,Vegan Iced Coffee,Coffee,1,5.50,,5.50
5786,1031,24,Tempeh Pulau,Veggie & Tofu,1,20.00,No Peanuts,20.00
5787,1031,46,Jasmine Rice,Sides,1,2.75,,2.75
5788,1031,18,King Oyster Mushroom Gaylan,Veggie & Tofu,1,20.00,Extra Spicy,20.00
5789,1031,54,Iced Brown Sugar Oat Latte,Coffee,1,6.50,,6.50
5790,1031,43,Singapore Noodle,Rice & Noodles,1,19.00,,19.00
5791,1031,59,Hot Chocolate,Tea,1,5.00,,5.00
5792,1031,72,Vegan Ice Cream,Desserts,1,7.00,,7.00
5793,1032,32,General Tao Chicken,Plant-Based Meat,1,21.00,,21.00
5794,1032,55,Decaf Coffee,Coffee,1,4.50,,4.50
5795,1032,27,Kung Pao Chicken,Plant-Based Meat,1,20.00,Allergy: Nuts,20.00
5796,1032,65,Iced Passion Fruit Green Tea,Drinks,1,7.00,,7.00
5797,1033,49,Lunch Special,Lunch Special,1,18.00,Entree: Curry Mutton,18.00
5798,1033,56,Organic Tea,Tea,1,3.50,,3.50
5799,1034,49,Lunch Special,Lunch Special,1,18.00,Entree: Padmanadi Veg Deluxe,18.00
5800,1034,15,Padmanadi Vegetable Deluxe,Veggie & Tofu,1,19.00,Extra Spicy,19.00
5801,1034,46,Jasmine Rice,Sides,1,2.75,,2.75
5802,1034,61,Iced Oat Strawberry Matcha,Tea,1,8.50,,8.50
5803,1034,21,Mapo Tofu,Veggie & Tofu,1,19.00,,19.00
5804,1034,46,Jasmine Rice,Sides,1,2.75,,2.75
5805,1034,68,Iced Blackberry Hibiscus Tea,Drinks,1,7.00,,7.00
5806,1034,7,Roti Canai,Starters,1,13.00,,13.00
5807,1035,21,Mapo Tofu,Veggie & Tofu,1,19.00,,19.00
5808,1035,60,Matcha Latte,Tea,1,6.50,,6.50
5809,1035,31,Spicy Chicken,Plant-Based Meat,1,19.00,Allergy: Nuts,19.00
5810,1035,46,Jasmine Rice,Sides,1,2.75,,2.75
5811,1035,51,Soy Latte,Coffee,1,5.50,,5.50
5812,1035,18,King Oyster Mushroom Gaylan,Veggie & Tofu,1,20.00,,20.00
5813,1035,48,Brown Rice,Sides,1,3.00,,3.00
5814,1035,58,London Fog,Tea,1,5.50,,5.50
5815,1035,49,Lunch Special,Lunch Special,1,18.00,Entree: Spicy Nuggets,18.00
5816,1035,50,Americano,Coffee,1,4.50,,4.50
5817,1036,29,Dendeng,Plant-Based Meat,1,20.00,No Peanuts,20.00
5818,1036,46,Jasmine Rice,Sides,1,2.75,,2.75
5819,1036,39,Nasi Goreng,Rice & Noodles,1,18.00,,18.00
5820,1036,66,Assorted Soft Drinks,Drinks,1,2.50,,2.50
5821,1037,49,Lunch Special,Lunch Special,1,18.00,Entree: Kung Pao Chicken,18.00
5822,1038,26,Chili Tofu,Veggie & Tofu,1,19.00,Extra Spicy,19.00
5823,1038,59,Hot Chocolate,Tea,1,5.00,,5.00
5824,1038,33,Curry Chicken,Plant-Based Meat,1,22.00,Extra Spicy,22.00
5825,1038,64,Sparkling Yuzu,Drinks,1,8.50,,8.50
5826,1038,27,Kung Pao Chicken,Plant-Based Meat,1,20.00,,20.00
5827,1038,75,Extra Tofu,Extras,1,4.00,,4.00
5828,1038,66,Assorted Soft Drinks,Drinks,1,2.50,,2.50
5829,1038,25,Mushroom Tofu,Veggie & Tofu,1,19.00,Extra Spicy,19.00
5830,1038,66,Assorted Soft Drinks,Drinks,1,2.50,,2.50
5831,1039,28,Ginger Beef,Plant-Based Meat,1,21.00,,21.00
5832,1039,47,Coconut Rice,Sides,1,3.00,,3.00
5833,1039,31,Spicy Chicken,Plant-Based Meat,1,19.00,,19.00
5834,1039,46,Jasmine Rice,Sides,1,2.75,,2.75
5835,1039,31,Spicy Chicken,Plant-Based Meat,1,19.00,,19.00
5836,1039,47,Coconut Rice,Sides,1,3.00,,3.00
5837,1039,35,Sweet & Sour Shrimp,Plant-Based Meat,1,20.00,,20.00
5838,1039,55,Decaf Coffee,Coffee,1,4.50,,4.50
5839,1040,23,Curry Vegetables & Tofu,Veggie & Tofu,1,20.00,,20.00
5840,1040,46,Jasmine Rice,Sides,1,2.75,,2.75
5841,1040,53,Vegan Iced Coffee,Coffee,1,5.50,,5.50
5842,1040,20,Spicy Coconut Eggplant,Veggie & Tofu,1,18.00,Sauce on Side,18.00
5843,1041,33,Curry Chicken,Plant-Based Meat,1,22.00,No Onion,22.00
5844,1041,46,Jasmine Rice,Sides,1,2.75,,2.75
5845,1041,53,Vegan Iced Coffee,Coffee,1,5.50,,5.50
5846,1041,27,Kung Pao Chicken,Plant-Based Meat,1,20.00,,20.00
5847,1041,46,Jasmine Rice,Sides,1,2.75,,2.75
5848,1041,76,Extra Veggies,Extras,1,4.00,,4.00
5849,1041,52,Soy Mocha,Coffee,1,6.00,,6.00
5850,1041,28,Ginger Beef,Plant-Based Meat,1,21.00,,21.00
5851,1041,47,Coconut Rice,Sides,1,3.00,,3.00
5852,1041,57,Soy Chai Latte,Tea,1,5.50,,5.50
5853,1042,15,Padmanadi Vegetable Deluxe,Veggie & Tofu,1,19.00,Extra Sauce,19.00
5854,1042,28,Ginger Beef,Plant-Based Meat,1,21.00,,21.00
5855,1042,46,Jasmine Rice,Sides,1,2.75,,2.75
5856,1042,29,Dendeng,Plant-Based Meat,1,20.00,,20.00
5857,1042,74,Extra Protein,Extras,1,5.00,,5.00
5858,1042,64,Sparkling Yuzu,Drinks,1,8.50,,8.50
5859,1042,2,Vegetable Spring Rolls (6pc),Starters,1,9.00,,9.00
5860,1043,37,Teriyaki Chicken,Plant-Based Meat,1,19.00,No Mushrooms,19.00
5861,1043,47,Coconut Rice,Sides,1,3.00,,3.00
5862,1043,59,Hot Chocolate,Tea,1,5.00,,5.00
5863,1043,28,Ginger Beef,Plant-Based Meat,1,21.00,No Peanuts,21.00
5864,1043,46,Jasmine Rice,Sides,1,2.75,,2.75
5865,1043,5,Deep Fried Tofu,Starters,1,13.00,,13.00
5866,1044,40,Bakmi Goreng,Rice & Noodles,1,19.00,,19.00
5867,1044,53,Vegan Iced Coffee,Coffee,1,5.50,,5.50
5868,1044,29,Dendeng,Plant-Based Meat,1,20.00,Extra Sauce,20.00
5869,1044,46,Jasmine Rice,Sides,1,2.75,,2.75
5870,1044,66,Assorted Soft Drinks,Drinks,1,2.50,,2.50
5871,1044,35,Sweet & Sour Shrimp,Plant-Based Meat,1,20.00,,20.00
5872,1044,75,Extra Tofu,Extras,1,4.00,,4.00
5873,1044,55,Decaf Coffee,Coffee,1,4.50,,4.50
5874,1044,36,Spicy Shrimp,Plant-Based Meat,1,20.00,,20.00
5875,1044,2,Vegetable Spring Rolls (6pc),Starters,1,9.00,,9.00
5876,1044,69,Cheesecake,Desserts,1,11.00,,11.00
5877,1045,33,Curry Chicken,Plant-Based Meat,1,22.00,Extra Sauce,22.00
5878,1045,39,Nasi Goreng,Rice & Noodles,1,18.00,No Cilantro,18.00
5879,1045,44,Lemongrass Vermicelli Bowl,Rice & Noodles,1,20.00,,20.00
5880,1045,68,Iced Blackberry Hibiscus Tea,Drinks,1,7.00,,7.00
5881,1045,22,Pan-Fried Broccoli & Cauliflower,Veggie & Tofu,1,18.00,,18.00
5882,1045,66,Assorted Soft Drinks,Drinks,1,2.50,,2.50
5883,1045,2,Vegetable Spring Rolls (6pc),Starters,1,9.00,,9.00
5884,1046,45,Bali Buddha Bowl,Rice & Noodles,1,18.00,Extra Spicy,18.00
5885,1046,60,Matcha Latte,Tea,1,6.50,,6.50
5886,1046,37,Teriyaki Chicken,Plant-Based Meat,1,19.00,,19.00
5887,1046,47,Coconut Rice,Sides,1,3.00,,3.00
5888,1046,28,Ginger Beef,Plant-Based Meat,1,21.00,Allergy: Nuts,21.00
5889,1046,46,Jasmine Rice,Sides,1,2.75,,2.75
5890,1046,63,Iced Pineapple,Drinks,1,7.50,,7.50
5891,1047,37,Teriyaki Chicken,Plant-Based Meat,1,19.00,,19.00
5892,1047,46,Jasmine Rice,Sides,1,2.75,,2.75
5893,1047,51,Soy Latte,Coffee,1,5.50,,5.50
5894,1047,2,Vegetable Spring Rolls (6pc),Starters,1,9.00,,9.00
5895,1047,70,Panna Cotta,Desserts,1,9.00,,9.00
5896,1048,23,Curry Vegetables & Tofu,Veggie & Tofu,1,20.00,,20.00
5897,1048,51,Soy Latte,Coffee,1,5.50,,5.50
5898,1048,44,Lemongrass Vermicelli Bowl,Rice & Noodles,1,20.00,,20.00
5899,1049,12,Wonton Soup,Soups,1,18.00,Less Spicy,18.00
5900,1049,40,Bakmi Goreng,Rice & Noodles,1,19.00,,19.00
5901,1049,54,Iced Brown Sugar Oat Latte,Coffee,1,6.50,,6.50
5902,1050,27,Kung Pao Chicken,Plant-Based Meat,1,20.00,,20.00
5903,1050,54,Iced Brown Sugar Oat Latte,Coffee,1,6.50,,6.50
5904,1051,32,General Tao Chicken,Plant-Based Meat,1,21.00,,21.00
5905,1051,46,Jasmine Rice,Sides,1,2.75,,2.75
5906,1052,23,Curry Vegetables & Tofu,Veggie & Tofu,1,20.00,,20.00
5907,1052,44,Lemongrass Vermicelli Bowl,Rice & Noodles,1,20.00,Less Spicy,20.00
5908,1053,28,Ginger Beef,Plant-Based Meat,1,21.00,,21.00
5909,1053,46,Jasmine Rice,Sides,1,2.75,,2.75
5910,1053,60,Matcha Latte,Tea,1,6.50,,6.50
5911,1053,28,Ginger Beef,Plant-Based Meat,1,21.00,,21.00
5912,1053,46,Jasmine Rice,Sides,1,2.75,,2.75
5913,1053,74,Extra Protein,Extras,1,5.00,,5.00
5914,1053,61,Iced Oat Strawberry Matcha,Tea,1,8.50,,8.50
5915,1053,9,Crispy Chicken Strips,Starters,1,13.00,,13.00
5916,1054,26,Chili Tofu,Veggie & Tofu,1,19.00,,19.00
5917,1054,66,Assorted Soft Drinks,Drinks,1,2.50,,2.50
5918,1054,44,Lemongrass Vermicelli Bowl,Rice & Noodles,1,20.00,,20.00
5919,1054,62,Iced Lychee,Drinks,1,7.50,,7.50
5920,1055,33,Curry Chicken,Plant-Based Meat,1,22.00,No Mushrooms,22.00
5921,1055,51,Soy Latte,Coffee,1,5.50,,5.50
5922,1056,31,Spicy Chicken,Plant-Based Meat,1,19.00,No Cilantro,19.00
5923,1056,53,Vegan Iced Coffee,Coffee,1,5.50,,5.50
5924,1057,37,Teriyaki Chicken,Plant-Based Meat,1,19.00,,19.00
5925,1057,15,Padmanadi Vegetable Deluxe,Veggie & Tofu,1,19.00,,19.00
5926,1057,46,Jasmine Rice,Sides,1,2.75,,2.75
5927,1057,76,Extra Veggies,Extras,1,4.00,,4.00
5928,1057,57,Soy Chai Latte,Tea,1,5.50,,5.50
5929,1058,15,Padmanadi Vegetable Deluxe,Veggie & Tofu,1,19.00,,19.00
5930,1058,38,Rendang,Plant-Based Meat,1,20.00,,20.00
5931,1058,46,Jasmine Rice,Sides,1,2.75,,2.75
5932,1058,38,Rendang,Plant-Based Meat,1,20.00,Less Spicy,20.00
5933,1058,63,Iced Pineapple,Drinks,1,7.50,,7.50
5934,1058,27,Kung Pao Chicken,Plant-Based Meat,1,20.00,,20.00
5935,1058,60,Matcha Latte,Tea,1,6.50,,6.50
5936,1058,5,Deep Fried Tofu,Starters,1,13.00,,13.00
5937,1059,12,Wonton Soup,Soups,1,18.00,No Onion,18.00
5938,1059,79,Add Noodles (Soup),Extras,1,3.00,,3.00
5939,1059,69,Cheesecake,Desserts,1,11.00,,11.00
5940,1060,32,General Tao Chicken,Plant-Based Meat,1,21.00,No Mushrooms,21.00
5941,1060,68,Iced Blackberry Hibiscus Tea,Drinks,1,7.00,,7.00
5942,1060,32,General Tao Chicken,Plant-Based Meat,1,21.00,Extra Spicy,21.00
5943,1060,9,Crispy Chicken Strips,Starters,1,13.00,,13.00
5944,1061,38,Rendang,Plant-Based Meat,1,20.00,,20.00
5945,1061,26,Chili Tofu,Veggie & Tofu,1,19.00,,19.00
5946,1061,47,Coconut Rice,Sides,1,3.00,,3.00
5947,1061,63,Iced Pineapple,Drinks,1,7.50,,7.50
5948,1061,22,Pan-Fried Broccoli & Cauliflower,Veggie & Tofu,1,18.00,Less Spicy,18.00
5949,1061,39,Nasi Goreng,Rice & Noodles,1,18.00,,18.00
5950,1061,62,Iced Lychee,Drinks,1,7.50,,7.50
5951,1061,11,Fried Enoki Mushroom,Starters,1,16.00,,16.00
5952,1062,12,Wonton Soup,Soups,1,18.00,,18.00
5953,1062,60,Matcha Latte,Tea,1,6.50,,6.50
5954,1062,36,Spicy Shrimp,Plant-Based Meat,1,20.00,No Mushrooms,20.00
5955,1062,74,Extra Protein,Extras,1,5.00,,5.00
5956,1062,59,Hot Chocolate,Tea,1,5.00,,5.00
5957,1063,33,Curry Chicken,Plant-Based Meat,1,22.00,Gluten Friendly,22.00
5958,1063,60,Matcha Latte,Tea,1,6.50,,6.50
5959,1063,35,Sweet & Sour Shrimp,Plant-Based Meat,1,20.00,,20.00
5960,1063,63,Iced Pineapple,Drinks,1,7.50,,7.50
5961,1063,33,Curry Chicken,Plant-Based Meat,1,22.00,No Onion,22.00
5962,1063,64,Sparkling Yuzu,Drinks,1,8.50,,8.50
5963,1063,6,Gado Gado,Starters,1,14.00,,14.00
5964,1064,37,Teriyaki Chicken,Plant-Based Meat,1,19.00,Extra Spicy,19.00
5965,1064,48,Brown Rice,Sides,1,3.00,,3.00
5966,1064,39,Nasi Goreng,Rice & Noodles,1,18.00,Gluten Friendly,18.00
5967,1064,75,Extra Tofu,Extras,1,4.00,,4.00
5968,1064,62,Iced Lychee,Drinks,1,7.50,,7.50
5969,1064,35,Sweet & Sour Shrimp,Plant-Based Meat,1,20.00,,20.00
5970,1064,47,Coconut Rice,Sides,1,3.00,,3.00
5971,1064,13,Tom Yum Soup,Soups,1,18.00,Extra Spicy,18.00
5972,1064,60,Matcha Latte,Tea,1,6.50,,6.50
5973,1064,5,Deep Fried Tofu,Starters,1,13.00,,13.00
5974,1064,7,Roti Canai,Starters,1,13.00,,13.00
5975,1064,71,Fried Banana with Coconut Ice Cream,Desserts,1,13.00,,13.00
5976,1064,71,Fried Banana with Coconut Ice Cream,Desserts,1,13.00,,13.00
5977,1065,30,Sweet & Sour Chicken,Plant-Based Meat,1,19.00,,19.00
5978,1065,46,Jasmine Rice,Sides,1,2.75,,2.75
5979,1066,27,Kung Pao Chicken,Plant-Based Meat,1,20.00,No Peanuts,20.00
5980,1066,43,Singapore Noodle,Rice & Noodles,1,19.00,,19.00
5981,1066,75,Extra Tofu,Extras,1,4.00,,4.00
5982,1066,32,General Tao Chicken,Plant-Based Meat,1,21.00,,21.00
5983,1066,47,Coconut Rice,Sides,1,3.00,,3.00
5984,1066,53,Vegan Iced Coffee,Coffee,1,5.50,,5.50
5985,1066,71,Fried Banana with Coconut Ice Cream,Desserts,1,13.00,,13.00
5986,1066,71,Fried Banana with Coconut Ice Cream,Desserts,1,13.00,,13.00
5987,1067,37,Teriyaki Chicken,Plant-Based Meat,1,19.00,,19.00
5988,1067,48,Brown Rice,Sides,1,3.00,,3.00
5989,1067,60,Matcha Latte,Tea,1,6.50,,6.50
5990,1067,39,Nasi Goreng,Rice & Noodles,1,18.00,,18.00
5991,1067,2,Vegetable Spring Rolls (6pc),Starters,1,9.00,,9.00
5992,1068,15,Padmanadi Vegetable Deluxe,Veggie & Tofu,1,19.00,,19.00
5993,1069,41,Bihun Goreng,Rice & Noodles,1,18.00,Sauce on Side,18.00
5994,1069,54,Iced Brown Sugar Oat Latte,Coffee,1,6.50,,6.50
5995,1069,70,Panna Cotta,Desserts,1,9.00,,9.00
5996,1070,27,Kung Pao Chicken,Plant-Based Meat,1,20.00,Allergy: Nuts,20.00
5997,1070,39,Nasi Goreng,Rice & Noodles,1,18.00,,18.00
5998,1070,7,Roti Canai,Starters,1,13.00,,13.00
5999,1071,25,Mushroom Tofu,Veggie & Tofu,1,19.00,,19.00
6000,1071,46,Jasmine Rice,Sides,1,2.75,,2.75
6001,1071,31,Spicy Chicken,Plant-Based Meat,1,19.00,Extra Spicy,19.00
6002,1071,76,Extra Veggies,Extras,1,4.00,,4.00
6003,1071,37,Teriyaki Chicken,Plant-Based Meat,1,19.00,Allergy: Nuts,19.00
6004,1071,46,Jasmine Rice,Sides,1,2.75,,2.75
6005,1071,64,Sparkling Yuzu,Drinks,1,8.50,,8.50
6006,1071,37,Teriyaki Chicken,Plant-Based Meat,1,19.00,,19.00
6007,1071,48,Brown Rice,Sides,1,3.00,,3.00
6008,1071,56,Organic Tea,Tea,1,3.50,,3.50
6009,1071,16,Chili Green Beans,Veggie & Tofu,1,19.00,Extra Spicy,19.00
6010,1071,3,Satay with Peanut Sauce (1pc),Starters,1,3.00,,3.00
6011,1071,7,Roti Canai,Starters,1,13.00,,13.00
6012,1071,73,Chocolate Mousse,Desserts,1,9.00,,9.00
6013,1072,23,Curry Vegetables & Tofu,Veggie & Tofu,1,20.00,Extra Sauce,20.00
6014,1072,50,Americano,Coffee,1,4.50,,4.50
6015,1072,73,Chocolate Mousse,Desserts,1,9.00,,9.00
6016,1073,44,Lemongrass Vermicelli Bowl,Rice & Noodles,1,20.00,,20.00
6017,1073,31,Spicy Chicken,Plant-Based Meat,1,19.00,No Peanuts,19.00
6018,1073,55,Decaf Coffee,Coffee,1,4.50,,4.50
6019,1073,28,Ginger Beef,Plant-Based Meat,1,21.00,Sauce on Side,21.00
6020,1073,48,Brown Rice,Sides,1,3.00,,3.00
6021,1073,54,Iced Brown Sugar Oat Latte,Coffee,1,6.50,,6.50
6022,1073,36,Spicy Shrimp,Plant-Based Meat,1,20.00,,20.00
6023,1073,48,Brown Rice,Sides,1,3.00,,3.00
6024,1073,70,Panna Cotta,Desserts,1,9.00,,9.00
6025,1074,18,King Oyster Mushroom Gaylan,Veggie & Tofu,1,20.00,Allergy: Nuts,20.00
6026,1074,52,Soy Mocha,Coffee,1,6.00,,6.00
6027,1074,21,Mapo Tofu,Veggie & Tofu,1,19.00,,19.00
6028,1074,46,Jasmine Rice,Sides,1,2.75,,2.75
6029,1074,1,Vegetable Spring Rolls (3pc),Starters,1,6.00,,6.00
6030,1074,70,Panna Cotta,Desserts,1,9.00,,9.00
6031,1075,21,Mapo Tofu,Veggie & Tofu,1,19.00,No Peanuts,19.00
6032,1075,60,Matcha Latte,Tea,1,6.50,,6.50
6033,1075,28,Ginger Beef,Plant-Based Meat,1,21.00,,21.00
6034,1076,33,Curry Chicken,Plant-Based Meat,1,22.00,,22.00
6035,1076,59,Hot Chocolate,Tea,1,5.00,,5.00
6036,1077,31,Spicy Chicken,Plant-Based Meat,1,19.00,No Cilantro,19.00
6037,1077,46,Jasmine Rice,Sides,1,2.75,,2.75
6038,1077,75,Extra Tofu,Extras,1,4.00,,4.00
6039,1077,28,Ginger Beef,Plant-Based Meat,1,21.00,,21.00
6040,1077,61,Iced Oat Strawberry Matcha,Tea,1,8.50,,8.50
6041,1077,36,Spicy Shrimp,Plant-Based Meat,1,20.00,Extra Spicy,20.00
6042,1077,27,Kung Pao Chicken,Plant-Based Meat,1,20.00,,20.00
6043,1077,3,Satay with Peanut Sauce (1pc),Starters,1,3.00,,3.00
6044,1077,73,Chocolate Mousse,Desserts,1,9.00,,9.00
6045,1078,39,Nasi Goreng,Rice & Noodles,1,18.00,Gluten Friendly,18.00
6046,1078,57,Soy Chai Latte,Tea,1,5.50,,5.50
6047,1078,39,Nasi Goreng,Rice & Noodles,1,18.00,,18.00
6048,1079,27,Kung Pao Chicken,Plant-Based Meat,1,20.00,,20.00
6049,1079,62,Iced Lychee,Drinks,1,7.50,,7.50
6050,1080,15,Padmanadi Vegetable Deluxe,Veggie & Tofu,1,19.00,,19.00
6051,1080,15,Padmanadi Vegetable Deluxe,Veggie & Tofu,1,19.00,,19.00
6052,1080,65,Iced Passion Fruit Green Tea,Drinks,1,7.00,,7.00
6053,1080,28,Ginger Beef,Plant-Based Meat,1,21.00,,21.00
6054,1080,48,Brown Rice,Sides,1,3.00,,3.00
6055,1080,60,Matcha Latte,Tea,1,6.50,,6.50
6056,1081,12,Wonton Soup,Soups,1,18.00,No Mushrooms,18.00
6057,1081,69,Cheesecake,Desserts,1,11.00,,11.00
6058,1082,24,Tempeh Pulau,Veggie & Tofu,1,20.00,,20.00
6059,1082,46,Jasmine Rice,Sides,1,2.75,,2.75
6060,1082,62,Iced Lychee,Drinks,1,7.50,,7.50
6061,1082,37,Teriyaki Chicken,Plant-Based Meat,1,19.00,,19.00
6062,1082,48,Brown Rice,Sides,1,3.00,,3.00
6063,1082,76,Extra Veggies,Extras,1,4.00,,4.00
6064,1082,53,Vegan Iced Coffee,Coffee,1,5.50,,5.50
6065,1083,32,General Tao Chicken,Plant-Based Meat,1,21.00,No Mushrooms,21.00
6066,1083,62,Iced Lychee,Drinks,1,7.50,,7.50
6067,1083,34,Curry Mutton,Plant-Based Meat,1,22.00,Allergy: Nuts,22.00
6068,1083,14,Spicy Curry Noodle Soup,Soups,1,18.00,,18.00
6069,1083,68,Iced Blackberry Hibiscus Tea,Drinks,1,7.00,,7.00
6070,1083,20,Spicy Coconut Eggplant,Veggie & Tofu,1,18.00,,18.00
6071,1083,46,Jasmine Rice,Sides,1,2.75,,2.75
6072,1083,53,Vegan Iced Coffee,Coffee,1,5.50,,5.50
6073,1083,7,Roti Canai,Starters,1,13.00,,13.00
6074,1083,8,Breaded Cauliflower Bites,Starters,1,13.00,,13.00
6075,1083,69,Cheesecake,Desserts,1,11.00,,11.00
6076,1084,31,Spicy Chicken,Plant-Based Meat,1,19.00,,19.00
6077,1084,37,Teriyaki Chicken,Plant-Based Meat,1,19.00,,19.00
6078,1084,46,Jasmine Rice,Sides,1,2.75,,2.75
6079,1084,28,Ginger Beef,Plant-Based Meat,1,21.00,,21.00
6080,1084,46,Jasmine Rice,Sides,1,2.75,,2.75
6081,1084,66,Assorted Soft Drinks,Drinks,1,2.50,,2.50
6082,1084,35,Sweet & Sour Shrimp,Plant-Based Meat,1,20.00,,20.00
6083,1084,76,Extra Veggies,Extras,1,4.00,,4.00
6084,1084,66,Assorted Soft Drinks,Drinks,1,2.50,,2.50
6085,1084,39,Nasi Goreng,Rice & Noodles,1,18.00,,18.00
6086,1084,59,Hot Chocolate,Tea,1,5.00,,5.00
6087,1084,4,Satay with Peanut Sauce (3pc),Starters,1,10.00,,10.00
6088,1085,43,Singapore Noodle,Rice & Noodles,1,19.00,,19.00
6089,1085,43,Singapore Noodle,Rice & Noodles,1,19.00,Extra Sauce,19.00
6090,1086,35,Sweet & Sour Shrimp,Plant-Based Meat,1,20.00,No Mushrooms,20.00
6091,1086,25,Mushroom Tofu,Veggie & Tofu,1,19.00,Extra Sauce,19.00
6092,1086,31,Spicy Chicken,Plant-Based Meat,1,19.00,Gluten Friendly,19.00
6093,1086,27,Kung Pao Chicken,Plant-Based Meat,1,20.00,Extra Spicy,20.00
6094,1086,46,Jasmine Rice,Sides,1,2.75,,2.75
6095,1086,65,Iced Passion Fruit Green Tea,Drinks,1,7.00,,7.00
6096,1086,10,Bean Curd Drumsticks,Starters,1,13.00,,13.00
6097,1086,70,Panna Cotta,Desserts,1,9.00,,9.00
6098,1086,69,Cheesecake,Desserts,1,11.00,,11.00
6099,1087,35,Sweet & Sour Shrimp,Plant-Based Meat,1,20.00,No Mushrooms,20.00
6100,1087,52,Soy Mocha,Coffee,1,6.00,,6.00
6101,1087,16,Chili Green Beans,Veggie & Tofu,1,19.00,,19.00
6102,1087,46,Jasmine Rice,Sides,1,2.75,,2.75
6103,1088,44,Lemongrass Vermicelli Bowl,Rice & Noodles,1,20.00,,20.00
6104,1088,12,Wonton Soup,Soups,1,18.00,,18.00
6105,1088,79,Add Noodles (Soup),Extras,1,3.00,,3.00
6106,1088,64,Sparkling Yuzu,Drinks,1,8.50,,8.50
6107,1088,33,Curry Chicken,Plant-Based Meat,1,22.00,Less Spicy,22.00
6108,1088,53,Vegan Iced Coffee,Coffee,1,5.50,,5.50
6109,1088,14,Spicy Curry Noodle Soup,Soups,1,18.00,Extra Sauce,18.00
6110,1088,79,Add Noodles (Soup),Extras,1,3.00,,3.00
6111,1089,19,Savory Eggplant,Veggie & Tofu,1,18.00,,18.00
6112,1089,66,Assorted Soft Drinks,Drinks,1,2.50,,2.50
6113,1089,45,Bali Buddha Bowl,Rice & Noodles,1,18.00,Gluten Friendly,18.00
6114,1089,50,Americano,Coffee,1,4.50,,4.50
6115,1089,31,Spicy Chicken,Plant-Based Meat,1,19.00,,19.00
6116,1089,55,Decaf Coffee,Coffee,1,4.50,,4.50
6117,1089,49,Lunch Special,Lunch Special,1,18.00,Entree: Savory Eggplant,18.00
6118,1089,49,Lunch Special,Lunch Special,1,18.00,Entree: Curry Chicken,18.00
6119,1089,66,Assorted Soft Drinks,Drinks,1,2.50,,2.50
6120,1089,18,King Oyster Mushroom Gaylan,Veggie & Tofu,1,20.00,,20.00
6121,1089,46,Jasmine Rice,Sides,1,2.75,,2.75
6122,1089,62,Iced Lychee,Drinks,1,7.50,,7.50
6123,1090,30,Sweet & Sour Chicken,Plant-Based Meat,1,19.00,Extra Sauce,19.00
6124,1090,47,Coconut Rice,Sides,1,3.00,,3.00
6125,1090,75,Extra Tofu,Extras,1,4.00,,4.00
6126,1090,61,Iced Oat Strawberry Matcha,Tea,1,8.50,,8.50
6127,1090,49,Lunch Special,Lunch Special,1,18.00,Entree: Chili Green Beans,18.00
6128,1090,60,Matcha Latte,Tea,1,6.50,,6.50
6129,1090,35,Sweet & Sour Shrimp,Plant-Based Meat,1,20.00,No Cilantro,20.00
6130,1090,76,Extra Veggies,Extras,1,4.00,,4.00
6131,1090,49,Lunch Special,Lunch Special,1,18.00,Entree: Savory Eggplant,18.00
6132,1090,78,Sub Brown Rice (+1),Extras,1,1.00,,1.00
6133,1090,58,London Fog,Tea,1,5.50,,5.50
6134,1090,7,Roti Canai,Starters,1,13.00,,13.00
6135,1091,43,Singapore Noodle,Rice & Noodles,1,19.00,,19.00
6136,1091,76,Extra Veggies,Extras,1,4.00,,4.00
6137,1091,49,Lunch Special,Lunch Special,1,18.00,Entree: Curry Mutton,18.00
6138,1091,53,Vegan Iced Coffee,Coffee,1,5.50,,5.50
6139,1092,49,Lunch Special,Lunch Special,1,18.00,Entree: Curry Mutton,18.00
6140,1092,49,Lunch Special,Lunch Special,1,18.00,Entree: Kung Pao Chicken,18.00
6141,1092,35,Sweet & Sour Shrimp,Plant-Based Meat,1,20.00,,20.00
6142,1092,58,London Fog,Tea,1,5.50,,5.50
6143,1092,23,Curry Vegetables & Tofu,Veggie & Tofu,1,20.00,,20.00
6144,1092,66,Assorted Soft Drinks,Drinks,1,2.50,,2.50
6145,1093,28,Ginger Beef,Plant-Based Meat,1,21.00,,21.00
6146,1093,46,Jasmine Rice,Sides,1,2.75,,2.75
6147,1093,49,Lunch Special,Lunch Special,1,18.00,Entree: Savory Eggplant,18.00
6148,1093,60,Matcha Latte,Tea,1,6.50,,6.50
6149,1093,44,Lemongrass Vermicelli Bowl,Rice & Noodles,1,20.00,Extra Sauce,20.00
6150,1093,64,Sparkling Yuzu,Drinks,1,8.50,,8.50
6151,1093,49,Lunch Special,Lunch Special,1,18.00,Entree: Rendang,18.00
6152,1093,50,Americano,Coffee,1,4.50,,4.50
6153,1093,69,Cheesecake,Desserts,1,11.00,,11.00
6154,1093,72,Vegan Ice Cream,Desserts,1,7.00,,7.00
6155,1094,38,Rendang,Plant-Based Meat,1,20.00,,20.00
6156,1094,74,Extra Protein,Extras,1,5.00,,5.00
6157,1094,49,Lunch Special,Lunch Special,1,18.00,Entree: Curried Tofu w/ Vegetables,18.00
6158,1094,63,Iced Pineapple,Drinks,1,7.50,,7.50
6159,1094,37,Teriyaki Chicken,Plant-Based Meat,1,19.00,Extra Spicy,19.00
6160,1094,46,Jasmine Rice,Sides,1,2.75,,2.75
6161,1094,50,Americano,Coffee,1,4.50,,4.50
6162,1094,49,Lunch Special,Lunch Special,1,18.00,Entree: Spicy Nuggets,18.00
6163,1094,51,Soy Latte,Coffee,1,5.50,,5.50
6164,1095,49,Lunch Special,Lunch Special,1,18.00,Entree: Teriyaki Chicken,18.00
6165,1095,54,Iced Brown Sugar Oat Latte,Coffee,1,6.50,,6.50
6166,1095,49,Lunch Special,Lunch Special,1,18.00,Entree: Sweet & Sour Nuggets,18.00
6167,1095,78,Sub Brown Rice (+1),Extras,1,1.00,,1.00
6168,1095,67,Raspberry Lime Italian Soda,Drinks,1,6.50,,6.50
6169,1095,49,Lunch Special,Lunch Special,1,18.00,Entree: Kung Pao Chicken,18.00
6170,1095,39,Nasi Goreng,Rice & Noodles,1,18.00,No Peanuts,18.00
6171,1095,75,Extra Tofu,Extras,1,4.00,,4.00
6172,1095,66,Assorted Soft Drinks,Drinks,1,2.50,,2.50
6173,1095,8,Breaded Cauliflower Bites,Starters,1,13.00,,13.00
6174,1095,71,Fried Banana with Coconut Ice Cream,Desserts,1,13.00,,13.00
6175,1095,71,Fried Banana with Coconut Ice Cream,Desserts,1,13.00,,13.00
6176,1096,49,Lunch Special,Lunch Special,1,18.00,Entree: Chili Tofu,18.00
6177,1096,77,Sub Coconut Rice (+1),Extras,1,1.00,,1.00
6178,1096,13,Tom Yum Soup,Soups,1,18.00,,18.00
6179,1096,61,Iced Oat Strawberry Matcha,Tea,1,8.50,,8.50
6180,1097,42,Kwetiau Goreng,Rice & Noodles,1,19.00,,19.00
6181,1097,65,Iced Passion Fruit Green Tea,Drinks,1,7.00,,7.00
6182,1097,42,Kwetiau Goreng,Rice & Noodles,1,19.00,,19.00
6183,1097,32,General Tao Chicken,Plant-Based Meat,1,21.00,,21.00
6184,1097,46,Jasmine Rice,Sides,1,2.75,,2.75
6185,1097,62,Iced Lychee,Drinks,1,7.50,,7.50
6186,1097,43,Singapore Noodle,Rice & Noodles,1,19.00,Allergy: Nuts,19.00
6187,1097,54,Iced Brown Sugar Oat Latte,Coffee,1,6.50,,6.50
6188,1098,28,Ginger Beef,Plant-Based Meat,1,21.00,Sauce on Side,21.00
6189,1098,34,Curry Mutton,Plant-Based Meat,1,22.00,,22.00
6190,1098,54,Iced Brown Sugar Oat Latte,Coffee,1,6.50,,6.50
6191,1099,39,Nasi Goreng,Rice & Noodles,1,18.00,,18.00
6192,1099,52,Soy Mocha,Coffee,1,6.00,,6.00
6193,1099,39,Nasi Goreng,Rice & Noodles,1,18.00,Sauce on Side,18.00
6194,1099,74,Extra Protein,Extras,1,5.00,,5.00
6195,1099,56,Organic Tea,Tea,1,3.50,,3.50
6196,1100,49,Lunch Special,Lunch Special,1,18.00,Entree: Savory Eggplant,18.00
6197,1100,67,Raspberry Lime Italian Soda,Drinks,1,6.50,,6.50
6198,1100,19,Savory Eggplant,Veggie & Tofu,1,18.00,Extra Spicy,18.00
6199,1100,5,Deep Fried Tofu,Starters,1,13.00,,13.00
6200,1101,34,Curry Mutton,Plant-Based Meat,1,22.00,,22.00
6201,1101,46,Jasmine Rice,Sides,1,2.75,,2.75
6202,1101,64,Sparkling Yuzu,Drinks,1,8.50,,8.50
6203,1101,49,Lunch Special,Lunch Special,1,18.00,Entree: Curry Mutton,18.00
6204,1102,23,Curry Vegetables & Tofu,Veggie & Tofu,1,20.00,,20.00
6205,1102,63,Iced Pineapple,Drinks,1,7.50,,7.50
6206,1102,19,Savory Eggplant,Veggie & Tofu,1,18.00,,18.00
6207,1102,48,Brown Rice,Sides,1,3.00,,3.00
6208,1102,60,Matcha Latte,Tea,1,6.50,,6.50
6209,1103,49,Lunch Special,Lunch Special,1,18.00,Entree: Chili Green Beans,18.00
6210,1103,58,London Fog,Tea,1,5.50,,5.50
6211,1103,49,Lunch Special,Lunch Special,1,18.00,Entree: Padmanadi Veg Deluxe,18.00
6212,1104,49,Lunch Special,Lunch Special,1,18.00,Entree: Curry Chicken,18.00
6213,1104,1,Vegetable Spring Rolls (3pc),Starters,1,6.00,,6.00
6214,1105,43,Singapore Noodle,Rice & Noodles,1,19.00,No Onion,19.00
6215,1105,19,Savory Eggplant,Veggie & Tofu,1,18.00,,18.00
6216,1105,46,Jasmine Rice,Sides,1,2.75,,2.75
6217,1105,56,Organic Tea,Tea,1,3.50,,3.50
6218,1106,49,Lunch Special,Lunch Special,1,18.00,Entree: Curry Mutton,18.00
6219,1106,27,Kung Pao Chicken,Plant-Based Meat,1,20.00,Gluten Friendly,20.00
6220,1106,46,Jasmine Rice,Sides,1,2.75,,2.75
6221,1106,61,Iced Oat Strawberry Matcha,Tea,1,8.50,,8.50
6222,1106,71,Fried Banana with Coconut Ice Cream,Desserts,1,13.00,,13.00
6223,1106,72,Vegan Ice Cream,Desserts,1,7.00,,7.00
6224,1107,33,Curry Chicken,Plant-Based Meat,1,22.00,,22.00
6225,1107,51,Soy Latte,Coffee,1,5.50,,5.50
6226,1107,12,Wonton Soup,Soups,1,18.00,Allergy: Nuts,18.00
6227,1107,53,Vegan Iced Coffee,Coffee,1,5.50,,5.50
6228,1107,15,Padmanadi Vegetable Deluxe,Veggie & Tofu,1,19.00,,19.00
6229,1108,49,Lunch Special,Lunch Special,1,18.00,Entree: Sweet & Sour Chicken,18.00
6230,1108,12,Wonton Soup,Soups,1,18.00,Extra Spicy,18.00
6231,1108,79,Add Noodles (Soup),Extras,1,3.00,,3.00
6232,1108,66,Assorted Soft Drinks,Drinks,1,2.50,,2.50
6233,1109,23,Curry Vegetables & Tofu,Veggie & Tofu,1,20.00,,20.00
6234,1109,64,Sparkling Yuzu,Drinks,1,8.50,,8.50
6235,1109,49,Lunch Special,Lunch Special,1,18.00,Entree: Curried Tofu w/ Vegetables,18.00
6236,1109,21,Mapo Tofu,Veggie & Tofu,1,19.00,,19.00
6237,1109,54,Iced Brown Sugar Oat Latte,Coffee,1,6.50,,6.50
6238,1109,6,Gado Gado,Starters,1,14.00,,14.00
6239,1110,42,Kwetiau Goreng,Rice & Noodles,1,19.00,,19.00
6240,1111,49,Lunch Special,Lunch Special,1,18.00,Entree: Sweet & Sour Chicken,18.00
6241,1111,67,Raspberry Lime Italian Soda,Drinks,1,6.50,,6.50
6242,1111,49,Lunch Special,Lunch Special,1,18.00,Entree: Sweet & Sour Nuggets,18.00
6243,1112,38,Rendang,Plant-Based Meat,1,20.00,,20.00
6244,1112,62,Iced Lychee,Drinks,1,7.50,,7.50
6245,1112,49,Lunch Special,Lunch Special,1,18.00,Entree: Rendang,18.00
6246,1112,63,Iced Pineapple,Drinks,1,7.50,,7.50
6247,1112,2,Vegetable Spring Rolls (6pc),Starters,1,9.00,,9.00
6248,1113,49,Lunch Special,Lunch Special,1,18.00,Entree: Spicy Nuggets,18.00
6249,1113,32,General Tao Chicken,Plant-Based Meat,1,21.00,Extra Sauce,21.00
6250,1113,48,Brown Rice,Sides,1,3.00,,3.00
6251,1113,51,Soy Latte,Coffee,1,5.50,,5.50
6252,1113,49,Lunch Special,Lunch Special,1,18.00,Entree: Chili Tofu,18.00
6253,1113,42,Kwetiau Goreng,Rice & Noodles,1,19.00,,19.00
6254,1113,68,Iced Blackberry Hibiscus Tea,Drinks,1,7.00,,7.00
6255,1113,9,Crispy Chicken Strips,Starters,1,13.00,,13.00
6256,1113,2,Vegetable Spring Rolls (6pc),Starters,1,9.00,,9.00
6257,1114,37,Teriyaki Chicken,Plant-Based Meat,1,19.00,Allergy: Nuts,19.00
6258,1114,51,Soy Latte,Coffee,1,5.50,,5.50
6259,1114,71,Fried Banana with Coconut Ice Cream,Desserts,1,13.00,,13.00
6260,1115,33,Curry Chicken,Plant-Based Meat,1,22.00,Less Spicy,22.00
6261,1115,75,Extra Tofu,Extras,1,4.00,,4.00
6262,1115,66,Assorted Soft Drinks,Drinks,1,2.50,,2.50
6263,1116,28,Ginger Beef,Plant-Based Meat,1,21.00,,21.00
6264,1116,64,Sparkling Yuzu,Drinks,1,8.50,,8.50
6265,1116,35,Sweet & Sour Shrimp,Plant-Based Meat,1,20.00,No Mushrooms,20.00
6266,1116,61,Iced Oat Strawberry Matcha,Tea,1,8.50,,8.50
6267,1116,6,Gado Gado,Starters,1,14.00,,14.00
6268,1117,41,Bihun Goreng,Rice & Noodles,1,18.00,Extra Spicy,18.00
6269,1117,26,Chili Tofu,Veggie & Tofu,1,19.00,,19.00
6270,1117,47,Coconut Rice,Sides,1,3.00,,3.00
6271,1117,28,Ginger Beef,Plant-Based Meat,1,21.00,,21.00
6272,1117,47,Coconut Rice,Sides,1,3.00,,3.00
6273,1117,59,Hot Chocolate,Tea,1,5.00,,5.00
6274,1117,29,Dendeng,Plant-Based Meat,1,20.00,,20.00
6275,1117,70,Panna Cotta,Desserts,1,9.00,,9.00
6276,1118,41,Bihun Goreng,Rice & Noodles,1,18.00,No Mushrooms,18.00
6277,1118,41,Bihun Goreng,Rice & Noodles,1,18.00,No Peanuts,18.00
6278,1119,34,Curry Mutton,Plant-Based Meat,1,22.00,Extra Sauce,22.00
6279,1119,61,Iced Oat Strawberry Matcha,Tea,1,8.50,,8.50
6280,1119,34,Curry Mutton,Plant-Based Meat,1,22.00,Sauce on Side,22.00
6281,1119,62,Iced Lychee,Drinks,1,7.50,,7.50
6282,1119,1,Vegetable Spring Rolls (3pc),Starters,1,6.00,,6.00
6283,1119,71,Fried Banana with Coconut Ice Cream,Desserts,1,13.00,,13.00
6284,1119,71,Fried Banana with Coconut Ice Cream,Desserts,1,13.00,,13.00
6285,1120,44,Lemongrass Vermicelli Bowl,Rice & Noodles,1,20.00,,20.00
6286,1120,62,Iced Lychee,Drinks,1,7.50,,7.50
6287,1120,33,Curry Chicken,Plant-Based Meat,1,22.00,Sauce on Side,22.00
6288,1120,47,Coconut Rice,Sides,1,3.00,,3.00
6289,1120,68,Iced Blackberry Hibiscus Tea,Drinks,1,7.00,,7.00
6290,1120,3,Satay with Peanut Sauce (1pc),Starters,1,3.00,,3.00
6291,1121,26,Chili Tofu,Veggie & Tofu,1,19.00,,19.00
6292,1121,60,Matcha Latte,Tea,1,6.50,,6.50
6293,1122,39,Nasi Goreng,Rice & Noodles,1,18.00,Allergy: Nuts,18.00
6294,1122,66,Assorted Soft Drinks,Drinks,1,2.50,,2.50
6295,1122,36,Spicy Shrimp,Plant-Based Meat,1,20.00,Sauce on Side,20.00
6296,1122,32,General Tao Chicken,Plant-Based Meat,1,21.00,No Mushrooms,21.00
6297,1122,46,Jasmine Rice,Sides,1,2.75,,2.75
6298,1123,41,Bihun Goreng,Rice & Noodles,1,18.00,,18.00
6299,1123,12,Wonton Soup,Soups,1,18.00,,18.00
6300,1123,79,Add Noodles (Soup),Extras,1,3.00,,3.00
6301,1123,12,Wonton Soup,Soups,1,18.00,,18.00
6302,1123,79,Add Noodles (Soup),Extras,1,3.00,,3.00
6303,1123,75,Extra Tofu,Extras,1,4.00,,4.00
6304,1123,31,Spicy Chicken,Plant-Based Meat,1,19.00,,19.00
6305,1123,68,Iced Blackberry Hibiscus Tea,Drinks,1,7.00,,7.00
6306,1123,25,Mushroom Tofu,Veggie & Tofu,1,19.00,,19.00
6307,1123,24,Tempeh Pulau,Veggie & Tofu,1,20.00,,20.00
6308,1123,67,Raspberry Lime Italian Soda,Drinks,1,6.50,,6.50
6309,1124,24,Tempeh Pulau,Veggie & Tofu,1,20.00,,20.00
6310,1124,48,Brown Rice,Sides,1,3.00,,3.00
6311,1124,66,Assorted Soft Drinks,Drinks,1,2.50,,2.50
6312,1124,30,Sweet & Sour Chicken,Plant-Based Meat,1,19.00,Extra Spicy,19.00
6313,1124,47,Coconut Rice,Sides,1,3.00,,3.00
6314,1124,51,Soy Latte,Coffee,1,5.50,,5.50
6315,1124,26,Chili Tofu,Veggie & Tofu,1,19.00,Sauce on Side,19.00
6316,1124,46,Jasmine Rice,Sides,1,2.75,,2.75
6317,1124,37,Teriyaki Chicken,Plant-Based Meat,1,19.00,No Onion,19.00
6318,1125,28,Ginger Beef,Plant-Based Meat,1,21.00,,21.00
6319,1125,40,Bakmi Goreng,Rice & Noodles,1,19.00,Extra Sauce,19.00
6320,1126,27,Kung Pao Chicken,Plant-Based Meat,1,20.00,No Cilantro,20.00
6321,1126,76,Extra Veggies,Extras,1,4.00,,4.00
6322,1126,63,Iced Pineapple,Drinks,1,7.50,,7.50
6323,1126,34,Curry Mutton,Plant-Based Meat,1,22.00,No Cilantro,22.00
6324,1126,20,Spicy Coconut Eggplant,Veggie & Tofu,1,18.00,No Mushrooms,18.00
6325,1126,46,Jasmine Rice,Sides,1,2.75,,2.75
6326,1127,30,Sweet & Sour Chicken,Plant-Based Meat,1,19.00,Gluten Friendly,19.00
6327,1127,48,Brown Rice,Sides,1,3.00,,3.00
6328,1127,62,Iced Lychee,Drinks,1,7.50,,7.50
6329,1128,39,Nasi Goreng,Rice & Noodles,1,18.00,Allergy: Nuts,18.00
6330,1129,20,Spicy Coconut Eggplant,Veggie & Tofu,1,18.00,No Mushrooms,18.00
6331,1129,46,Jasmine Rice,Sides,1,2.75,,2.75
6332,1129,39,Nasi Goreng,Rice & Noodles,1,18.00,No Peanuts,18.00
6333,1129,54,Iced Brown Sugar Oat Latte,Coffee,1,6.50,,6.50
6334,1130,31,Spicy Chicken,Plant-Based Meat,1,19.00,,19.00
6335,1130,64,Sparkling Yuzu,Drinks,1,8.50,,8.50
6336,1130,31,Spicy Chicken,Plant-Based Meat,1,19.00,,19.00
6337,1130,61,Iced Oat Strawberry Matcha,Tea,1,8.50,,8.50
6338,1130,32,General Tao Chicken,Plant-Based Meat,1,21.00,Extra Sauce,21.00
6339,1130,47,Coconut Rice,Sides,1,3.00,,3.00
6340,1130,54,Iced Brown Sugar Oat Latte,Coffee,1,6.50,,6.50
6341,1130,38,Rendang,Plant-Based Meat,1,20.00,,20.00
6342,1130,6,Gado Gado,Starters,1,14.00,,14.00
6343,1130,7,Roti Canai,Starters,1,13.00,,13.00
6344,1130,72,Vegan Ice Cream,Desserts,1,7.00,,7.00
6345,1130,69,Cheesecake,Desserts,1,11.00,,11.00
6346,1131,31,Spicy Chicken,Plant-Based Meat,1,19.00,,19.00
6347,1131,75,Extra Tofu,Extras,1,4.00,,4.00
6348,1131,40,Bakmi Goreng,Rice & Noodles,1,19.00,Sauce on Side,19.00
6349,1132,24,Tempeh Pulau,Veggie & Tofu,1,20.00,,20.00
6350,1132,63,Iced Pineapple,Drinks,1,7.50,,7.50
6351,1132,69,Cheesecake,Desserts,1,11.00,,11.00
6352,1133,35,Sweet & Sour Shrimp,Plant-Based Meat,1,20.00,No Mushrooms,20.00
6353,1133,47,Coconut Rice,Sides,1,3.00,,3.00
6354,1133,32,General Tao Chicken,Plant-Based Meat,1,21.00,,21.00
6355,1133,46,Jasmine Rice,Sides,1,2.75,,2.75
6356,1133,74,Extra Protein,Extras,1,5.00,,5.00
6357,1133,60,Matcha Latte,Tea,1,6.50,,6.50
6358,1134,35,Sweet & Sour Shrimp,Plant-Based Meat,1,20.00,,20.00
6359,1134,47,Coconut Rice,Sides,1,3.00,,3.00
6360,1134,63,Iced Pineapple,Drinks,1,7.50,,7.50
6361,1134,22,Pan-Fried Broccoli & Cauliflower,Veggie & Tofu,1,18.00,,18.00
6362,1134,51,Soy Latte,Coffee,1,5.50,,5.50
6363,1134,21,Mapo Tofu,Veggie & Tofu,1,19.00,,19.00
6364,1134,27,Kung Pao Chicken,Plant-Based Meat,1,20.00,,20.00
6365,1134,63,Iced Pineapple,Drinks,1,7.50,,7.50
6366,1134,5,Deep Fried Tofu,Starters,1,13.00,,13.00
6367,1135,45,Bali Buddha Bowl,Rice & Noodles,1,18.00,No Cilantro,18.00
6368,1135,19,Savory Eggplant,Veggie & Tofu,1,18.00,Extra Spicy,18.00
6369,1135,46,Jasmine Rice,Sides,1,2.75,,2.75
6370,1135,50,Americano,Coffee,1,4.50,,4.50
6371,1135,19,Savory Eggplant,Veggie & Tofu,1,18.00,,18.00
6372,1135,51,Soy Latte,Coffee,1,5.50,,5.50
6373,1136,24,Tempeh Pulau,Veggie & Tofu,1,20.00,,20.00
6374,1136,60,Matcha Latte,Tea,1,6.50,,6.50
6375,1136,9,Crispy Chicken Strips,Starters,1,13.00,,13.00
6376,1137,21,Mapo Tofu,Veggie & Tofu,1,19.00,Allergy: Nuts,19.00
6377,1137,46,Jasmine Rice,Sides,1,2.75,,2.75
6378,1137,76,Extra Veggies,Extras,1,4.00,,4.00
6379,1137,28,Ginger Beef,Plant-Based Meat,1,21.00,,21.00
6380,1137,65,Iced Passion Fruit Green Tea,Drinks,1,7.00,,7.00
6381,1138,26,Chili Tofu,Veggie & Tofu,1,19.00,,19.00
6382,1138,7,Roti Canai,Starters,1,13.00,,13.00
6383,1139,23,Curry Vegetables & Tofu,Veggie & Tofu,1,20.00,,20.00
6384,1139,48,Brown Rice,Sides,1,3.00,,3.00
6385,1139,28,Ginger Beef,Plant-Based Meat,1,21.00,,21.00
6386,1139,66,Assorted Soft Drinks,Drinks,1,2.50,,2.50
6387,1139,15,Padmanadi Vegetable Deluxe,Veggie & Tofu,1,19.00,No Peanuts,19.00
6388,1139,54,Iced Brown Sugar Oat Latte,Coffee,1,6.50,,6.50
6389,1139,43,Singapore Noodle,Rice & Noodles,1,19.00,,19.00
6390,1139,63,Iced Pineapple,Drinks,1,7.50,,7.50
6391,1139,2,Vegetable Spring Rolls (6pc),Starters,1,9.00,,9.00
6392,1140,38,Rendang,Plant-Based Meat,1,20.00,,20.00
6393,1140,46,Jasmine Rice,Sides,1,2.75,,2.75
6394,1140,66,Assorted Soft Drinks,Drinks,1,2.50,,2.50
6395,1141,37,Teriyaki Chicken,Plant-Based Meat,1,19.00,,19.00
6396,1141,55,Decaf Coffee,Coffee,1,4.50,,4.50
6397,1141,26,Chili Tofu,Veggie & Tofu,1,19.00,,19.00
6398,1141,65,Iced Passion Fruit Green Tea,Drinks,1,7.00,,7.00
6399,1141,30,Sweet & Sour Chicken,Plant-Based Meat,1,19.00,No Mushrooms,19.00
6400,1141,14,Spicy Curry Noodle Soup,Soups,1,18.00,,18.00
6401,1141,79,Add Noodles (Soup),Extras,1,3.00,,3.00
6402,1141,66,Assorted Soft Drinks,Drinks,1,2.50,,2.50
6403,1141,44,Lemongrass Vermicelli Bowl,Rice & Noodles,1,20.00,,20.00
6404,1141,64,Sparkling Yuzu,Drinks,1,8.50,,8.50
6405,1141,33,Curry Chicken,Plant-Based Meat,1,22.00,,22.00
6406,1141,61,Iced Oat Strawberry Matcha,Tea,1,8.50,,8.50
6407,1141,19,Savory Eggplant,Veggie & Tofu,1,18.00,Allergy: Nuts,18.00
6408,1141,65,Iced Passion Fruit Green Tea,Drinks,1,7.00,,7.00
6409,1141,7,Roti Canai,Starters,1,13.00,,13.00
6410,1142,35,Sweet & Sour Shrimp,Plant-Based Meat,1,20.00,Extra Sauce,20.00
6411,1142,48,Brown Rice,Sides,1,3.00,,3.00
6412,1142,23,Curry Vegetables & Tofu,Veggie & Tofu,1,20.00,,20.00
6413,1142,48,Brown Rice,Sides,1,3.00,,3.00
6414,1142,28,Ginger Beef,Plant-Based Meat,1,21.00,Sauce on Side,21.00
6415,1142,48,Brown Rice,Sides,1,3.00,,3.00
6416,1142,42,Kwetiau Goreng,Rice & Noodles,1,19.00,Gluten Friendly,19.00
6417,1142,51,Soy Latte,Coffee,1,5.50,,5.50
6418,1143,44,Lemongrass Vermicelli Bowl,Rice & Noodles,1,20.00,Sauce on Side,20.00
6419,1143,68,Iced Blackberry Hibiscus Tea,Drinks,1,7.00,,7.00
6420,1143,37,Teriyaki Chicken,Plant-Based Meat,1,19.00,,19.00
6421,1143,76,Extra Veggies,Extras,1,4.00,,4.00
6422,1143,15,Padmanadi Vegetable Deluxe,Veggie & Tofu,1,19.00,,19.00
6423,1143,48,Brown Rice,Sides,1,3.00,,3.00
6424,1143,55,Decaf Coffee,Coffee,1,4.50,,4.50
6425,1143,40,Bakmi Goreng,Rice & Noodles,1,19.00,Extra Spicy,19.00
6426,1143,64,Sparkling Yuzu,Drinks,1,8.50,,8.50
6427,1143,8,Breaded Cauliflower Bites,Starters,1,13.00,,13.00
6428,1143,9,Crispy Chicken Strips,Starters,1,13.00,,13.00
6429,1143,71,Fried Banana with Coconut Ice Cream,Desserts,1,13.00,,13.00
6430,1144,32,General Tao Chicken,Plant-Based Meat,1,21.00,No Cilantro,21.00
6431,1144,46,Jasmine Rice,Sides,1,2.75,,2.75
6432,1144,51,Soy Latte,Coffee,1,5.50,,5.50
6433,1144,28,Ginger Beef,Plant-Based Meat,1,21.00,,21.00
6434,1144,54,Iced Brown Sugar Oat Latte,Coffee,1,6.50,,6.50
6435,1144,18,King Oyster Mushroom Gaylan,Veggie & Tofu,1,20.00,No Onion,20.00
6436,1144,54,Iced Brown Sugar Oat Latte,Coffee,1,6.50,,6.50
6437,1144,12,Wonton Soup,Soups,1,18.00,Allergy: Nuts,18.00
6438,1144,79,Add Noodles (Soup),Extras,1,3.00,,3.00
6439,1144,66,Assorted Soft Drinks,Drinks,1,2.50,,2.50
6440,1144,1,Vegetable Spring Rolls (3pc),Starters,1,6.00,,6.00
6441,1144,72,Vegan Ice Cream,Desserts,1,7.00,,7.00
6442,1145,32,General Tao Chicken,Plant-Based Meat,1,21.00,,21.00
6443,1145,46,Jasmine Rice,Sides,1,2.75,,2.75
6444,1145,58,London Fog,Tea,1,5.50,,5.50
6445,1145,28,Ginger Beef,Plant-Based Meat,1,21.00,,21.00
6446,1145,47,Coconut Rice,Sides,1,3.00,,3.00
6447,1145,54,Iced Brown Sugar Oat Latte,Coffee,1,6.50,,6.50
6448,1145,9,Crispy Chicken Strips,Starters,1,13.00,,13.00
6449,1146,19,Savory Eggplant,Veggie & Tofu,1,18.00,,18.00
6450,1146,50,Americano,Coffee,1,4.50,,4.50
6451,1146,28,Ginger Beef,Plant-Based Meat,1,21.00,Extra Spicy,21.00
6452,1146,46,Jasmine Rice,Sides,1,2.75,,2.75
6453,1146,8,Breaded Cauliflower Bites,Starters,1,13.00,,13.00
6454,1147,43,Singapore Noodle,Rice & Noodles,1,19.00,,19.00
6455,1147,51,Soy Latte,Coffee,1,5.50,,5.50
6456,1148,30,Sweet & Sour Chicken,Plant-Based Meat,1,19.00,,19.00
6457,1148,66,Assorted Soft Drinks,Drinks,1,2.50,,2.50
6458,1149,25,Mushroom Tofu,Veggie & Tofu,1,19.00,Extra Spicy,19.00
6459,1149,60,Matcha Latte,Tea,1,6.50,,6.50
6460,1149,35,Sweet & Sour Shrimp,Plant-Based Meat,1,20.00,,20.00
6461,1149,67,Raspberry Lime Italian Soda,Drinks,1,6.50,,6.50
6462,1149,2,Vegetable Spring Rolls (6pc),Starters,1,9.00,,9.00
6463,1149,69,Cheesecake,Desserts,1,11.00,,11.00
6464,1149,71,Fried Banana with Coconut Ice Cream,Desserts,1,13.00,,13.00
6465,1150,33,Curry Chicken,Plant-Based Meat,1,22.00,Sauce on Side,22.00
6466,1150,46,Jasmine Rice,Sides,1,2.75,,2.75
6467,1150,53,Vegan Iced Coffee,Coffee,1,5.50,,5.50
6468,1150,30,Sweet & Sour Chicken,Plant-Based Meat,1,19.00,,19.00
6469,1150,36,Spicy Shrimp,Plant-Based Meat,1,20.00,No Onion,20.00
6470,1150,48,Brown Rice,Sides,1,3.00,,3.00
6471,1150,66,Assorted Soft Drinks,Drinks,1,2.50,,2.50
6472,1150,1,Vegetable Spring Rolls (3pc),Starters,1,6.00,,6.00
6473,1151,16,Chili Green Beans,Veggie & Tofu,1,19.00,No Onion,19.00
6474,1151,46,Jasmine Rice,Sides,1,2.75,,2.75
6475,1151,27,Kung Pao Chicken,Plant-Based Meat,1,20.00,Extra Spicy,20.00
6476,1151,13,Tom Yum Soup,Soups,1,18.00,,18.00
6477,1151,79,Add Noodles (Soup),Extras,1,3.00,,3.00
6478,1151,76,Extra Veggies,Extras,1,4.00,,4.00
6479,1151,68,Iced Blackberry Hibiscus Tea,Drinks,1,7.00,,7.00
6480,1152,12,Wonton Soup,Soups,1,18.00,,18.00
6481,1152,79,Add Noodles (Soup),Extras,1,3.00,,3.00
6482,1152,65,Iced Passion Fruit Green Tea,Drinks,1,7.00,,7.00
6483,1152,28,Ginger Beef,Plant-Based Meat,1,21.00,,21.00
6484,1152,71,Fried Banana with Coconut Ice Cream,Desserts,1,13.00,,13.00
6485,1153,33,Curry Chicken,Plant-Based Meat,1,22.00,,22.00
6486,1153,76,Extra Veggies,Extras,1,4.00,,4.00
6487,1153,66,Assorted Soft Drinks,Drinks,1,2.50,,2.50
6488,1153,43,Singapore Noodle,Rice & Noodles,1,19.00,,19.00
6489,1153,65,Iced Passion Fruit Green Tea,Drinks,1,7.00,,7.00
6490,1153,31,Spicy Chicken,Plant-Based Meat,1,19.00,Less Spicy,19.00
6491,1153,64,Sparkling Yuzu,Drinks,1,8.50,,8.50
6492,1153,27,Kung Pao Chicken,Plant-Based Meat,1,20.00,,20.00
6493,1153,70,Panna Cotta,Desserts,1,9.00,,9.00
6494,1154,36,Spicy Shrimp,Plant-Based Meat,1,20.00,,20.00
6495,1154,46,Jasmine Rice,Sides,1,2.75,,2.75
6496,1154,58,London Fog,Tea,1,5.50,,5.50
6497,1154,33,Curry Chicken,Plant-Based Meat,1,22.00,No Cilantro,22.00
6498,1154,50,Americano,Coffee,1,4.50,,4.50
6499,1155,38,Rendang,Plant-Based Meat,1,20.00,,20.00
6500,1155,68,Iced Blackberry Hibiscus Tea,Drinks,1,7.00,,7.00
6501,1155,17,Spicy String Beans,Veggie & Tofu,1,19.00,Gluten Friendly,19.00
6502,1155,46,Jasmine Rice,Sides,1,2.75,,2.75
6503,1155,25,Mushroom Tofu,Veggie & Tofu,1,19.00,,19.00
6504,1155,48,Brown Rice,Sides,1,3.00,,3.00
6505,1155,50,Americano,Coffee,1,4.50,,4.50
6506,1155,14,Spicy Curry Noodle Soup,Soups,1,18.00,Gluten Friendly,18.00
6507,1155,62,Iced Lychee,Drinks,1,7.50,,7.50
6508,1155,39,Nasi Goreng,Rice & Noodles,1,18.00,,18.00
6509,1155,62,Iced Lychee,Drinks,1,7.50,,7.50
6510,1155,11,Fried Enoki Mushroom,Starters,1,16.00,,16.00
6511,1156,39,Nasi Goreng,Rice & Noodles,1,18.00,Extra Sauce,18.00
6512,1156,62,Iced Lychee,Drinks,1,7.50,,7.50
6513,1156,28,Ginger Beef,Plant-Based Meat,1,21.00,Less Spicy,21.00
6514,1156,76,Extra Veggies,Extras,1,4.00,,4.00
6515,1156,67,Raspberry Lime Italian Soda,Drinks,1,6.50,,6.50
6516,1157,21,Mapo Tofu,Veggie & Tofu,1,19.00,Extra Spicy,19.00
6517,1157,64,Sparkling Yuzu,Drinks,1,8.50,,8.50
6518,1157,25,Mushroom Tofu,Veggie & Tofu,1,19.00,No Cilantro,19.00
6519,1157,48,Brown Rice,Sides,1,3.00,,3.00
6520,1157,53,Vegan Iced Coffee,Coffee,1,5.50,,5.50
6521,1157,27,Kung Pao Chicken,Plant-Based Meat,1,20.00,,20.00
6522,1157,13,Tom Yum Soup,Soups,1,18.00,Sauce on Side,18.00
6523,1158,17,Spicy String Beans,Veggie & Tofu,1,19.00,,19.00
6524,1158,46,Jasmine Rice,Sides,1,2.75,,2.75
6525,1158,75,Extra Tofu,Extras,1,4.00,,4.00
6526,1158,14,Spicy Curry Noodle Soup,Soups,1,18.00,Sauce on Side,18.00
6527,1158,74,Extra Protein,Extras,1,5.00,,5.00
6528,1158,71,Fried Banana with Coconut Ice Cream,Desserts,1,13.00,,13.00
6529,1159,24,Tempeh Pulau,Veggie & Tofu,1,20.00,Extra Spicy,20.00
6530,1159,47,Coconut Rice,Sides,1,3.00,,3.00
6531,1159,29,Dendeng,Plant-Based Meat,1,20.00,,20.00
6532,1160,38,Rendang,Plant-Based Meat,1,20.00,,20.00
6533,1160,48,Brown Rice,Sides,1,3.00,,3.00
6534,1160,7,Roti Canai,Starters,1,13.00,,13.00
6535,1161,45,Bali Buddha Bowl,Rice & Noodles,1,18.00,No Peanuts,18.00
6536,1161,54,Iced Brown Sugar Oat Latte,Coffee,1,6.50,,6.50
6537,1161,16,Chili Green Beans,Veggie & Tofu,1,19.00,No Mushrooms,19.00
6538,1161,48,Brown Rice,Sides,1,3.00,,3.00
6539,1161,64,Sparkling Yuzu,Drinks,1,8.50,,8.50
6540,1161,6,Gado Gado,Starters,1,14.00,,14.00
6541,1161,70,Panna Cotta,Desserts,1,9.00,,9.00
6542,1161,72,Vegan Ice Cream,Desserts,1,7.00,,7.00
6543,1162,15,Padmanadi Vegetable Deluxe,Veggie & Tofu,1,19.00,,19.00
6544,1162,51,Soy Latte,Coffee,1,5.50,,5.50
6545,1162,29,Dendeng,Plant-Based Meat,1,20.00,,20.00
6546,1162,48,Brown Rice,Sides,1,3.00,,3.00
6547,1162,60,Matcha Latte,Tea,1,6.50,,6.50
6548,1162,32,General Tao Chicken,Plant-Based Meat,1,21.00,No Cilantro,21.00
6549,1162,64,Sparkling Yuzu,Drinks,1,8.50,,8.50
6550,1162,27,Kung Pao Chicken,Plant-Based Meat,1,20.00,,20.00
6551,1162,47,Coconut Rice,Sides,1,3.00,,3.00
6552,1162,65,Iced Passion Fruit Green Tea,Drinks,1,7.00,,7.00
6553,1162,11,Fried Enoki Mushroom,Starters,1,16.00,,16.00
6554,1163,43,Singapore Noodle,Rice & Noodles,1,19.00,,19.00
6555,1163,67,Raspberry Lime Italian Soda,Drinks,1,6.50,,6.50
6556,1163,45,Bali Buddha Bowl,Rice & Noodles,1,18.00,Extra Spicy,18.00
6557,1163,75,Extra Tofu,Extras,1,4.00,,4.00
6558,1164,32,General Tao Chicken,Plant-Based Meat,1,21.00,,21.00
6559,1164,45,Bali Buddha Bowl,Rice & Noodles,1,18.00,Allergy: Nuts,18.00
6560,1164,60,Matcha Latte,Tea,1,6.50,,6.50
6561,1164,9,Crispy Chicken Strips,Starters,1,13.00,,13.00
6562,1164,71,Fried Banana with Coconut Ice Cream,Desserts,1,13.00,,13.00
6563,1165,34,Curry Mutton,Plant-Based Meat,1,22.00,,22.00
6564,1165,48,Brown Rice,Sides,1,3.00,,3.00
6565,1165,75,Extra Tofu,Extras,1,4.00,,4.00
6566,1165,53,Vegan Iced Coffee,Coffee,1,5.50,,5.50
6567,1166,37,Teriyaki Chicken,Plant-Based Meat,1,19.00,No Onion,19.00
6568,1166,75,Extra Tofu,Extras,1,4.00,,4.00
6569,1166,2,Vegetable Spring Rolls (6pc),Starters,1,9.00,,9.00
6570,1167,45,Bali Buddha Bowl,Rice & Noodles,1,18.00,,18.00
6571,1167,49,Lunch Special,Lunch Special,1,18.00,Entree: Curry Chicken,18.00
6572,1167,1,Vegetable Spring Rolls (3pc),Starters,1,6.00,,6.00
6573,1168,49,Lunch Special,Lunch Special,1,18.00,Entree: Sweet & Sour Nuggets,18.00
6574,1168,53,Vegan Iced Coffee,Coffee,1,5.50,,5.50
6575,1168,21,Mapo Tofu,Veggie & Tofu,1,19.00,,19.00
6576,1168,46,Jasmine Rice,Sides,1,2.75,,2.75
6577,1168,49,Lunch Special,Lunch Special,1,18.00,Entree: Chili Tofu,18.00
6578,1168,50,Americano,Coffee,1,4.50,,4.50
6579,1168,33,Curry Chicken,Plant-Based Meat,1,22.00,,22.00
6580,1168,53,Vegan Iced Coffee,Coffee,1,5.50,,5.50
6581,1168,71,Fried Banana with Coconut Ice Cream,Desserts,1,13.00,,13.00
6582,1169,17,Spicy String Beans,Veggie & Tofu,1,19.00,,19.00
6583,1169,51,Soy Latte,Coffee,1,5.50,,5.50
6584,1169,49,Lunch Special,Lunch Special,1,18.00,Entree: Curried Tofu w/ Vegetables,18.00
6585,1169,53,Vegan Iced Coffee,Coffee,1,5.50,,5.50
6586,1169,44,Lemongrass Vermicelli Bowl,Rice & Noodles,1,20.00,,20.00
6587,1169,61,Iced Oat Strawberry Matcha,Tea,1,8.50,,8.50
6588,1170,23,Curry Vegetables & Tofu,Veggie & Tofu,1,20.00,,20.00
6589,1170,47,Coconut Rice,Sides,1,3.00,,3.00
6590,1170,50,Americano,Coffee,1,4.50,,4.50
6591,1170,49,Lunch Special,Lunch Special,1,18.00,Entree: Ginger Beef,18.00
6592,1170,56,Organic Tea,Tea,1,3.50,,3.50
6593,1171,49,Lunch Special,Lunch Special,1,18.00,Entree: Savory Eggplant,18.00
6594,1171,51,Soy Latte,Coffee,1,5.50,,5.50
6595,1171,43,Singapore Noodle,Rice & Noodles,1,19.00,Less Spicy,19.00
6596,1171,75,Extra Tofu,Extras,1,4.00,,4.00
6597,1172,32,General Tao Chicken,Plant-Based Meat,1,21.00,No Mushrooms,21.00
6598,1172,60,Matcha Latte,Tea,1,6.50,,6.50
6599,1173,27,Kung Pao Chicken,Plant-Based Meat,1,20.00,No Peanuts,20.00
6600,1173,46,Jasmine Rice,Sides,1,2.75,,2.75
6601,1173,66,Assorted Soft Drinks,Drinks,1,2.50,,2.50
6602,1173,49,Lunch Special,Lunch Special,1,18.00,Entree: Curried Tofu w/ Vegetables,18.00
6603,1173,10,Bean Curd Drumsticks,Starters,1,13.00,,13.00
6604,1174,12,Wonton Soup,Soups,1,18.00,,18.00
6605,1174,79,Add Noodles (Soup),Extras,1,3.00,,3.00
6606,1174,51,Soy Latte,Coffee,1,5.50,,5.50
6607,1174,22,Pan-Fried Broccoli & Cauliflower,Veggie & Tofu,1,18.00,Less Spicy,18.00
6608,1174,46,Jasmine Rice,Sides,1,2.75,,2.75
6609,1174,74,Extra Protein,Extras,1,5.00,,5.00
6610,1174,62,Iced Lychee,Drinks,1,7.50,,7.50
6611,1175,27,Kung Pao Chicken,Plant-Based Meat,1,20.00,Less Spicy,20.00
6612,1175,46,Jasmine Rice,Sides,1,2.75,,2.75
6613,1175,60,Matcha Latte,Tea,1,6.50,,6.50
6614,1175,49,Lunch Special,Lunch Special,1,18.00,Entree: Teriyaki Chicken,18.00
6615,1175,49,Lunch Special,Lunch Special,1,18.00,Entree: Savory Eggplant,18.00
6616,1175,49,Lunch Special,Lunch Special,1,18.00,Entree: Kung Pao Chicken,18.00
6617,1175,78,Sub Brown Rice (+1),Extras,1,1.00,,1.00
6618,1175,51,Soy Latte,Coffee,1,5.50,,5.50
6619,1175,37,Teriyaki Chicken,Plant-Based Meat,1,19.00,,19.00
6620,1175,47,Coconut Rice,Sides,1,3.00,,3.00
6621,1175,66,Assorted Soft Drinks,Drinks,1,2.50,,2.50
6622,1175,38,Rendang,Plant-Based Meat,1,20.00,Less Spicy,20.00
6623,1175,59,Hot Chocolate,Tea,1,5.00,,5.00
6624,1175,49,Lunch Special,Lunch Special,1,18.00,Entree: Curry Chicken,18.00
6625,1175,62,Iced Lychee,Drinks,1,7.50,,7.50
6626,1175,9,Crispy Chicken Strips,Starters,1,13.00,,13.00
6627,1175,7,Roti Canai,Starters,1,13.00,,13.00
6628,1175,69,Cheesecake,Desserts,1,11.00,,11.00
6629,1175,73,Chocolate Mousse,Desserts,1,9.00,,9.00
6630,1176,28,Ginger Beef,Plant-Based Meat,1,21.00,Allergy: Nuts,21.00
6631,1176,46,Jasmine Rice,Sides,1,2.75,,2.75
6632,1176,57,Soy Chai Latte,Tea,1,5.50,,5.50
6633,1176,49,Lunch Special,Lunch Special,1,18.00,Entree: Teriyaki Chicken,18.00
6634,1176,78,Sub Brown Rice (+1),Extras,1,1.00,,1.00
6635,1177,45,Bali Buddha Bowl,Rice & Noodles,1,18.00,No Peanuts,18.00
6636,1177,59,Hot Chocolate,Tea,1,5.00,,5.00
6637,1177,10,Bean Curd Drumsticks,Starters,1,13.00,,13.00
6638,1178,49,Lunch Special,Lunch Special,1,18.00,Entree: Sweet & Sour Nuggets,18.00
6639,1178,61,Iced Oat Strawberry Matcha,Tea,1,8.50,,8.50
6640,1178,29,Dendeng,Plant-Based Meat,1,20.00,,20.00
6641,1178,46,Jasmine Rice,Sides,1,2.75,,2.75
6642,1178,51,Soy Latte,Coffee,1,5.50,,5.50
6643,1178,18,King Oyster Mushroom Gaylan,Veggie & Tofu,1,20.00,,20.00
6644,1178,46,Jasmine Rice,Sides,1,2.75,,2.75
6645,1178,45,Bali Buddha Bowl,Rice & Noodles,1,18.00,No Mushrooms,18.00
6646,1178,57,Soy Chai Latte,Tea,1,5.50,,5.50
6647,1179,49,Lunch Special,Lunch Special,1,18.00,Entree: Sweet & Sour Chicken,18.00
6648,1179,59,Hot Chocolate,Tea,1,5.00,,5.00
6649,1179,49,Lunch Special,Lunch Special,1,18.00,Entree: Sweet & Sour Chicken,18.00
6650,1179,64,Sparkling Yuzu,Drinks,1,8.50,,8.50
6651,1179,30,Sweet & Sour Chicken,Plant-Based Meat,1,19.00,Sauce on Side,19.00
6652,1179,46,Jasmine Rice,Sides,1,2.75,,2.75
6653,1179,30,Sweet & Sour Chicken,Plant-Based Meat,1,19.00,Gluten Friendly,19.00
6654,1179,46,Jasmine Rice,Sides,1,2.75,,2.75
6655,1179,71,Fried Banana with Coconut Ice Cream,Desserts,1,13.00,,13.00
6656,1179,70,Panna Cotta,Desserts,1,9.00,,9.00
6657,1180,36,Spicy Shrimp,Plant-Based Meat,1,20.00,Less Spicy,20.00
6658,1180,46,Jasmine Rice,Sides,1,2.75,,2.75
6659,1180,59,Hot Chocolate,Tea,1,5.00,,5.00
6660,1181,45,Bali Buddha Bowl,Rice & Noodles,1,18.00,,18.00
6661,1181,36,Spicy Shrimp,Plant-Based Meat,1,20.00,,20.00
6662,1181,75,Extra Tofu,Extras,1,4.00,,4.00
6663,1181,2,Vegetable Spring Rolls (6pc),Starters,1,9.00,,9.00
6664,1182,49,Lunch Special,Lunch Special,1,18.00,Entree: Rendang,18.00
6665,1182,63,Iced Pineapple,Drinks,1,7.50,,7.50
6666,1182,15,Padmanadi Vegetable Deluxe,Veggie & Tofu,1,19.00,,19.00
6667,1182,46,Jasmine Rice,Sides,1,2.75,,2.75
6668,1182,4,Satay with Peanut Sauce (3pc),Starters,1,10.00,,10.00
6669,1183,49,Lunch Special,Lunch Special,1,18.00,Entree: Teriyaki Chicken,18.00
6670,1183,27,Kung Pao Chicken,Plant-Based Meat,1,20.00,Allergy: Nuts,20.00
6671,1183,49,Lunch Special,Lunch Special,1,18.00,Entree: Chili Tofu,18.00
6672,1183,52,Soy Mocha,Coffee,1,6.00,,6.00
6673,1183,25,Mushroom Tofu,Veggie & Tofu,1,19.00,,19.00
6674,1183,47,Coconut Rice,Sides,1,3.00,,3.00
6675,1183,2,Vegetable Spring Rolls (6pc),Starters,1,9.00,,9.00
6676,1183,71,Fried Banana with Coconut Ice Cream,Desserts,1,13.00,,13.00
6677,1184,37,Teriyaki Chicken,Plant-Based Meat,1,19.00,,19.00
6678,1184,52,Soy Mocha,Coffee,1,6.00,,6.00
6679,1184,33,Curry Chicken,Plant-Based Meat,1,22.00,,22.00
6680,1184,46,Jasmine Rice,Sides,1,2.75,,2.75
6681,1184,62,Iced Lychee,Drinks,1,7.50,,7.50
6682,1184,49,Lunch Special,Lunch Special,1,18.00,Entree: Teriyaki Chicken,18.00
6683,1184,54,Iced Brown Sugar Oat Latte,Coffee,1,6.50,,6.50
6684,1184,49,Lunch Special,Lunch Special,1,18.00,Entree: Sweet & Sour Chicken,18.00
6685,1184,78,Sub Brown Rice (+1),Extras,1,1.00,,1.00
6686,1184,56,Organic Tea,Tea,1,3.50,,3.50
6687,1185,49,Lunch Special,Lunch Special,1,18.00,Entree: Sweet & Sour Chicken,18.00
6688,1185,56,Organic Tea,Tea,1,3.50,,3.50
6689,1185,44,Lemongrass Vermicelli Bowl,Rice & Noodles,1,20.00,,20.00
6690,1185,51,Soy Latte,Coffee,1,5.50,,5.50
6691,1185,10,Bean Curd Drumsticks,Starters,1,13.00,,13.00
6692,1186,27,Kung Pao Chicken,Plant-Based Meat,1,20.00,Extra Spicy,20.00
6693,1186,59,Hot Chocolate,Tea,1,5.00,,5.00
6694,1186,33,Curry Chicken,Plant-Based Meat,1,22.00,Sauce on Side,22.00
6695,1186,46,Jasmine Rice,Sides,1,2.75,,2.75
6696,1186,74,Extra Protein,Extras,1,5.00,,5.00
6697,1186,61,Iced Oat Strawberry Matcha,Tea,1,8.50,,8.50
6698,1186,4,Satay with Peanut Sauce (3pc),Starters,1,10.00,,10.00
6699,1187,26,Chili Tofu,Veggie & Tofu,1,19.00,No Onion,19.00
6700,1187,34,Curry Mutton,Plant-Based Meat,1,22.00,,22.00
6701,1187,66,Assorted Soft Drinks,Drinks,1,2.50,,2.50
6702,1187,22,Pan-Fried Broccoli & Cauliflower,Veggie & Tofu,1,18.00,Allergy: Nuts,18.00
6703,1187,66,Assorted Soft Drinks,Drinks,1,2.50,,2.50
6704,1187,31,Spicy Chicken,Plant-Based Meat,1,19.00,,19.00
6705,1187,50,Americano,Coffee,1,4.50,,4.50
6706,1187,8,Breaded Cauliflower Bites,Starters,1,13.00,,13.00
6707,1187,1,Vegetable Spring Rolls (3pc),Starters,1,6.00,,6.00
6708,1188,44,Lemongrass Vermicelli Bowl,Rice & Noodles,1,20.00,No Peanuts,20.00
6709,1188,16,Chili Green Beans,Veggie & Tofu,1,19.00,,19.00
6710,1188,50,Americano,Coffee,1,4.50,,4.50
6711,1188,18,King Oyster Mushroom Gaylan,Veggie & Tofu,1,20.00,No Peanuts,20.00
6712,1188,47,Coconut Rice,Sides,1,3.00,,3.00
6713,1189,32,General Tao Chicken,Plant-Based Meat,1,21.00,,21.00
6714,1189,55,Decaf Coffee,Coffee,1,4.50,,4.50
6715,1189,33,Curry Chicken,Plant-Based Meat,1,22.00,,22.00
6716,1189,47,Coconut Rice,Sides,1,3.00,,3.00
6717,1189,74,Extra Protein,Extras,1,5.00,,5.00
6718,1189,51,Soy Latte,Coffee,1,5.50,,5.50
6719,1189,27,Kung Pao Chicken,Plant-Based Meat,1,20.00,,20.00
6720,1189,46,Jasmine Rice,Sides,1,2.75,,2.75
6721,1189,66,Assorted Soft Drinks,Drinks,1,2.50,,2.50
6722,1189,10,Bean Curd Drumsticks,Starters,1,13.00,,13.00
6723,1190,37,Teriyaki Chicken,Plant-Based Meat,1,19.00,Gluten Friendly,19.00
6724,1190,46,Jasmine Rice,Sides,1,2.75,,2.75
6725,1190,59,Hot Chocolate,Tea,1,5.00,,5.00
6726,1190,23,Curry Vegetables & Tofu,Veggie & Tofu,1,20.00,,20.00
6727,1190,46,Jasmine Rice,Sides,1,2.75,,2.75
6728,1191,17,Spicy String Beans,Veggie & Tofu,1,19.00,,19.00
6729,1191,42,Kwetiau Goreng,Rice & Noodles,1,19.00,No Peanuts,19.00
6730,1191,64,Sparkling Yuzu,Drinks,1,8.50,,8.50
6731,1191,4,Satay with Peanut Sauce (3pc),Starters,1,10.00,,10.00
6732,1192,33,Curry Chicken,Plant-Based Meat,1,22.00,Sauce on Side,22.00
6733,1192,47,Coconut Rice,Sides,1,3.00,,3.00
6734,1192,54,Iced Brown Sugar Oat Latte,Coffee,1,6.50,,6.50
6735,1193,30,Sweet & Sour Chicken,Plant-Based Meat,1,19.00,,19.00
6736,1193,50,Americano,Coffee,1,4.50,,4.50
6737,1194,37,Teriyaki Chicken,Plant-Based Meat,1,19.00,,19.00
6738,1194,75,Extra Tofu,Extras,1,4.00,,4.00
6739,1194,33,Curry Chicken,Plant-Based Meat,1,22.00,Allergy: Nuts,22.00
6740,1194,75,Extra Tofu,Extras,1,4.00,,4.00
6741,1194,56,Organic Tea,Tea,1,3.50,,3.50
6742,1194,30,Sweet & Sour Chicken,Plant-Based Meat,1,19.00,,19.00
6743,1194,47,Coconut Rice,Sides,1,3.00,,3.00
6744,1194,32,General Tao Chicken,Plant-Based Meat,1,21.00,Less Spicy,21.00
6745,1194,46,Jasmine Rice,Sides,1,2.75,,2.75
6746,1194,61,Iced Oat Strawberry Matcha,Tea,1,8.50,,8.50
6747,1194,8,Breaded Cauliflower Bites,Starters,1,13.00,,13.00
6748,1195,37,Teriyaki Chicken,Plant-Based Meat,1,19.00,,19.00
6749,1195,74,Extra Protein,Extras,1,5.00,,5.00
6750,1195,50,Americano,Coffee,1,4.50,,4.50
6751,1195,70,Panna Cotta,Desserts,1,9.00,,9.00
6752,1196,27,Kung Pao Chicken,Plant-Based Meat,1,20.00,,20.00
6753,1196,75,Extra Tofu,Extras,1,4.00,,4.00
6754,1196,27,Kung Pao Chicken,Plant-Based Meat,1,20.00,Extra Spicy,20.00
6755,1196,53,Vegan Iced Coffee,Coffee,1,5.50,,5.50
6756,1196,24,Tempeh Pulau,Veggie & Tofu,1,20.00,,20.00
6757,1196,46,Jasmine Rice,Sides,1,2.75,,2.75
6758,1197,26,Chili Tofu,Veggie & Tofu,1,19.00,,19.00
6759,1197,47,Coconut Rice,Sides,1,3.00,,3.00
6760,1197,21,Mapo Tofu,Veggie & Tofu,1,19.00,,19.00
6761,1197,46,Jasmine Rice,Sides,1,2.75,,2.75
6762,1197,54,Iced Brown Sugar Oat Latte,Coffee,1,6.50,,6.50
6763,1197,10,Bean Curd Drumsticks,Starters,1,13.00,,13.00
6764,1198,42,Kwetiau Goreng,Rice & Noodles,1,19.00,,19.00
6765,1198,52,Soy Mocha,Coffee,1,6.00,,6.00
6766,1198,21,Mapo Tofu,Veggie & Tofu,1,19.00,Gluten Friendly,19.00
6767,1198,34,Curry Mutton,Plant-Based Meat,1,22.00,No Onion,22.00
6768,1198,17,Spicy String Beans,Veggie & Tofu,1,19.00,Extra Spicy,19.00
6769,1198,48,Brown Rice,Sides,1,3.00,,3.00
6770,1198,63,Iced Pineapple,Drinks,1,7.50,,7.50
6771,1198,37,Teriyaki Chicken,Plant-Based Meat,1,19.00,No Mushrooms,19.00
6772,1198,46,Jasmine Rice,Sides,1,2.75,,2.75
6773,1198,59,Hot Chocolate,Tea,1,5.00,,5.00
6774,1198,11,Fried Enoki Mushroom,Starters,1,16.00,,16.00
6775,1198,2,Vegetable Spring Rolls (6pc),Starters,1,9.00,,9.00
6776,1199,42,Kwetiau Goreng,Rice & Noodles,1,19.00,,19.00
6777,1199,58,London Fog,Tea,1,5.50,,5.50
6778,1199,39,Nasi Goreng,Rice & Noodles,1,18.00,,18.00
6779,1199,13,Tom Yum Soup,Soups,1,18.00,Extra Sauce,18.00
6780,1199,33,Curry Chicken,Plant-Based Meat,1,22.00,Gluten Friendly,22.00
6781,1199,46,Jasmine Rice,Sides,1,2.75,,2.75
6782,1199,76,Extra Veggies,Extras,1,4.00,,4.00
6783,1199,51,Soy Latte,Coffee,1,5.50,,5.50
6784,1199,8,Breaded Cauliflower Bites,Starters,1,13.00,,13.00
6785,1199,70,Panna Cotta,Desserts,1,9.00,,9.00
6786,1200,25,Mushroom Tofu,Veggie & Tofu,1,19.00,,19.00
6787,1200,42,Kwetiau Goreng,Rice & Noodles,1,19.00,,19.00
6788,1201,15,Padmanadi Vegetable Deluxe,Veggie & Tofu,1,19.00,,19.00
6789,1201,68,Iced Blackberry Hibiscus Tea,Drinks,1,7.00,,7.00
6790,1202,41,Bihun Goreng,Rice & Noodles,1,18.00,No Onion,18.00
6791,1202,55,Decaf Coffee,Coffee,1,4.50,,4.50
6792,1202,73,Chocolate Mousse,Desserts,1,9.00,,9.00
6793,1203,15,Padmanadi Vegetable Deluxe,Veggie & Tofu,1,19.00,Gluten Friendly,19.00
6794,1203,56,Organic Tea,Tea,1,3.50,,3.50
6795,1203,44,Lemongrass Vermicelli Bowl,Rice & Noodles,1,20.00,,20.00
6796,1203,53,Vegan Iced Coffee,Coffee,1,5.50,,5.50
6797,1203,71,Fried Banana with Coconut Ice Cream,Desserts,1,13.00,,13.00
6798,1203,69,Cheesecake,Desserts,1,11.00,,11.00
6799,1204,33,Curry Chicken,Plant-Based Meat,1,22.00,,22.00
6800,1204,48,Brown Rice,Sides,1,3.00,,3.00
6801,1204,26,Chili Tofu,Veggie & Tofu,1,19.00,No Onion,19.00
6802,1204,59,Hot Chocolate,Tea,1,5.00,,5.00
6803,1204,16,Chili Green Beans,Veggie & Tofu,1,19.00,,19.00
6804,1204,53,Vegan Iced Coffee,Coffee,1,5.50,,5.50
6805,1204,33,Curry Chicken,Plant-Based Meat,1,22.00,No Peanuts,22.00
6806,1204,47,Coconut Rice,Sides,1,3.00,,3.00
6807,1204,76,Extra Veggies,Extras,1,4.00,,4.00
6808,1204,50,Americano,Coffee,1,4.50,,4.50
6809,1204,27,Kung Pao Chicken,Plant-Based Meat,1,20.00,,20.00
6810,1204,47,Coconut Rice,Sides,1,3.00,,3.00
6811,1204,57,Soy Chai Latte,Tea,1,5.50,,5.50
6812,1204,7,Roti Canai,Starters,1,13.00,,13.00
6813,1205,12,Wonton Soup,Soups,1,18.00,No Cilantro,18.00
6814,1205,79,Add Noodles (Soup),Extras,1,3.00,,3.00
6815,1205,29,Dendeng,Plant-Based Meat,1,20.00,,20.00
6816,1205,62,Iced Lychee,Drinks,1,7.50,,7.50
6817,1205,29,Dendeng,Plant-Based Meat,1,20.00,,20.00
6818,1205,63,Iced Pineapple,Drinks,1,7.50,,7.50
6819,1205,37,Teriyaki Chicken,Plant-Based Meat,1,19.00,,19.00
6820,1205,48,Brown Rice,Sides,1,3.00,,3.00
6821,1205,62,Iced Lychee,Drinks,1,7.50,,7.50
6822,1205,36,Spicy Shrimp,Plant-Based Meat,1,20.00,,20.00
6823,1205,46,Jasmine Rice,Sides,1,2.75,,2.75
6824,1205,74,Extra Protein,Extras,1,5.00,,5.00
6825,1205,56,Organic Tea,Tea,1,3.50,,3.50
6826,1205,1,Vegetable Spring Rolls (3pc),Starters,1,6.00,,6.00
6827,1206,25,Mushroom Tofu,Veggie & Tofu,1,19.00,Gluten Friendly,19.00
6828,1206,46,Jasmine Rice,Sides,1,2.75,,2.75
6829,1206,30,Sweet & Sour Chicken,Plant-Based Meat,1,19.00,,19.00
6830,1206,57,Soy Chai Latte,Tea,1,5.50,,5.50
6831,1206,16,Chili Green Beans,Veggie & Tofu,1,19.00,No Onion,19.00
6832,1206,76,Extra Veggies,Extras,1,4.00,,4.00
6833,1206,53,Vegan Iced Coffee,Coffee,1,5.50,,5.50
6834,1206,32,General Tao Chicken,Plant-Based Meat,1,21.00,Allergy: Nuts,21.00
6835,1206,46,Jasmine Rice,Sides,1,2.75,,2.75
6836,1206,56,Organic Tea,Tea,1,3.50,,3.50
6837,1206,9,Crispy Chicken Strips,Starters,1,13.00,,13.00
6838,1207,15,Padmanadi Vegetable Deluxe,Veggie & Tofu,1,19.00,Sauce on Side,19.00
6839,1207,48,Brown Rice,Sides,1,3.00,,3.00
6840,1207,38,Rendang,Plant-Based Meat,1,20.00,,20.00
6841,1207,46,Jasmine Rice,Sides,1,2.75,,2.75
6842,1207,66,Assorted Soft Drinks,Drinks,1,2.50,,2.50
6843,1208,17,Spicy String Beans,Veggie & Tofu,1,19.00,,19.00
6844,1208,48,Brown Rice,Sides,1,3.00,,3.00
6845,1208,51,Soy Latte,Coffee,1,5.50,,5.50
6846,1209,38,Rendang,Plant-Based Meat,1,20.00,,20.00
6847,1209,47,Coconut Rice,Sides,1,3.00,,3.00
6848,1209,33,Curry Chicken,Plant-Based Meat,1,22.00,Extra Sauce,22.00
6849,1209,47,Coconut Rice,Sides,1,3.00,,3.00
6850,1209,33,Curry Chicken,Plant-Based Meat,1,22.00,,22.00
6851,1209,51,Soy Latte,Coffee,1,5.50,,5.50
6852,1209,22,Pan-Fried Broccoli & Cauliflower,Veggie & Tofu,1,18.00,,18.00
6853,1209,47,Coconut Rice,Sides,1,3.00,,3.00
6854,1209,56,Organic Tea,Tea,1,3.50,,3.50
6855,1210,40,Bakmi Goreng,Rice & Noodles,1,19.00,,19.00
6856,1211,23,Curry Vegetables & Tofu,Veggie & Tofu,1,20.00,,20.00
6857,1211,46,Jasmine Rice,Sides,1,2.75,,2.75
6858,1211,33,Curry Chicken,Plant-Based Meat,1,22.00,,22.00
6859,1211,61,Iced Oat Strawberry Matcha,Tea,1,8.50,,8.50
6860,1211,45,Bali Buddha Bowl,Rice & Noodles,1,18.00,No Onion,18.00
6861,1211,57,Soy Chai Latte,Tea,1,5.50,,5.50
6862,1211,20,Spicy Coconut Eggplant,Veggie & Tofu,1,18.00,No Cilantro,18.00
6863,1211,73,Chocolate Mousse,Desserts,1,9.00,,9.00
6864,1212,12,Wonton Soup,Soups,1,18.00,Sauce on Side,18.00
6865,1212,53,Vegan Iced Coffee,Coffee,1,5.50,,5.50
6866,1212,26,Chili Tofu,Veggie & Tofu,1,19.00,,19.00
6867,1212,47,Coconut Rice,Sides,1,3.00,,3.00
6868,1212,29,Dendeng,Plant-Based Meat,1,20.00,,20.00
6869,1212,75,Extra Tofu,Extras,1,4.00,,4.00
6870,1212,22,Pan-Fried Broccoli & Cauliflower,Veggie & Tofu,1,18.00,Sauce on Side,18.00
6871,1213,24,Tempeh Pulau,Veggie & Tofu,1,20.00,,20.00
6872,1213,46,Jasmine Rice,Sides,1,2.75,,2.75
6873,1213,74,Extra Protein,Extras,1,5.00,,5.00
6874,1213,12,Wonton Soup,Soups,1,18.00,Extra Spicy,18.00
6875,1213,53,Vegan Iced Coffee,Coffee,1,5.50,,5.50
6876,1213,31,Spicy Chicken,Plant-Based Meat,1,19.00,Gluten Friendly,19.00
6877,1213,46,Jasmine Rice,Sides,1,2.75,,2.75
6878,1213,72,Vegan Ice Cream,Desserts,1,7.00,,7.00
6879,1213,72,Vegan Ice Cream,Desserts,1,7.00,,7.00
6880,1214,28,Ginger Beef,Plant-Based Meat,1,21.00,,21.00
6881,1214,76,Extra Veggies,Extras,1,4.00,,4.00
6882,1215,32,General Tao Chicken,Plant-Based Meat,1,21.00,Sauce on Side,21.00
6883,1215,46,Jasmine Rice,Sides,1,2.75,,2.75
6884,1215,18,King Oyster Mushroom Gaylan,Veggie & Tofu,1,20.00,Extra Spicy,20.00
6885,1215,75,Extra Tofu,Extras,1,4.00,,4.00
6886,1216,34,Curry Mutton,Plant-Based Meat,1,22.00,,22.00
6887,1216,47,Coconut Rice,Sides,1,3.00,,3.00
6888,1216,67,Raspberry Lime Italian Soda,Drinks,1,6.50,,6.50
6889,1216,42,Kwetiau Goreng,Rice & Noodles,1,19.00,No Cilantro,19.00
6890,1216,28,Ginger Beef,Plant-Based Meat,1,21.00,,21.00
6891,1216,51,Soy Latte,Coffee,1,5.50,,5.50
6892,1217,38,Rendang,Plant-Based Meat,1,20.00,,20.00
6893,1217,47,Coconut Rice,Sides,1,3.00,,3.00
6894,1217,12,Wonton Soup,Soups,1,18.00,,18.00
6895,1217,74,Extra Protein,Extras,1,5.00,,5.00
6896,1217,57,Soy Chai Latte,Tea,1,5.50,,5.50
6897,1217,69,Cheesecake,Desserts,1,11.00,,11.00
6898,1218,37,Teriyaki Chicken,Plant-Based Meat,1,19.00,,19.00
6899,1218,48,Brown Rice,Sides,1,3.00,,3.00
6900,1218,18,King Oyster Mushroom Gaylan,Veggie & Tofu,1,20.00,,20.00
6901,1218,32,General Tao Chicken,Plant-Based Meat,1,21.00,Gluten Friendly,21.00
6902,1218,68,Iced Blackberry Hibiscus Tea,Drinks,1,7.00,,7.00
6903,1218,43,Singapore Noodle,Rice & Noodles,1,19.00,Less Spicy,19.00
6904,1218,28,Ginger Beef,Plant-Based Meat,1,21.00,,21.00
6905,1218,46,Jasmine Rice,Sides,1,2.75,,2.75
6906,1218,63,Iced Pineapple,Drinks,1,7.50,,7.50
6907,1218,10,Bean Curd Drumsticks,Starters,1,13.00,,13.00
6908,1219,31,Spicy Chicken,Plant-Based Meat,1,19.00,Extra Sauce,19.00
6909,1219,47,Coconut Rice,Sides,1,3.00,,3.00
6910,1219,58,London Fog,Tea,1,5.50,,5.50
6911,1220,13,Tom Yum Soup,Soups,1,18.00,,18.00
6912,1220,79,Add Noodles (Soup),Extras,1,3.00,,3.00
6913,1220,63,Iced Pineapple,Drinks,1,7.50,,7.50
6914,1220,29,Dendeng,Plant-Based Meat,1,20.00,,20.00
6915,1220,46,Jasmine Rice,Sides,1,2.75,,2.75
6916,1220,60,Matcha Latte,Tea,1,6.50,,6.50
6917,1220,33,Curry Chicken,Plant-Based Meat,1,22.00,,22.00
6918,1220,55,Decaf Coffee,Coffee,1,4.50,,4.50
6919,1221,44,Lemongrass Vermicelli Bowl,Rice & Noodles,1,20.00,,20.00
6920,1221,63,Iced Pineapple,Drinks,1,7.50,,7.50
6921,1221,31,Spicy Chicken,Plant-Based Meat,1,19.00,,19.00
6922,1221,61,Iced Oat Strawberry Matcha,Tea,1,8.50,,8.50
6923,1221,30,Sweet & Sour Chicken,Plant-Based Meat,1,19.00,Extra Sauce,19.00
6924,1221,47,Coconut Rice,Sides,1,3.00,,3.00
6925,1221,73,Chocolate Mousse,Desserts,1,9.00,,9.00
6926,1222,23,Curry Vegetables & Tofu,Veggie & Tofu,1,20.00,Sauce on Side,20.00
6927,1223,33,Curry Chicken,Plant-Based Meat,1,22.00,No Cilantro,22.00
6928,1223,54,Iced Brown Sugar Oat Latte,Coffee,1,6.50,,6.50
6929,1224,37,Teriyaki Chicken,Plant-Based Meat,1,19.00,No Peanuts,19.00
6930,1224,33,Curry Chicken,Plant-Based Meat,1,22.00,,22.00
6931,1224,48,Brown Rice,Sides,1,3.00,,3.00
6932,1225,33,Curry Chicken,Plant-Based Meat,1,22.00,,22.00
6933,1225,31,Spicy Chicken,Plant-Based Meat,1,19.00,,19.00
6934,1225,48,Brown Rice,Sides,1,3.00,,3.00
6935,1225,56,Organic Tea,Tea,1,3.50,,3.50
6936,1225,37,Teriyaki Chicken,Plant-Based Meat,1,19.00,No Mushrooms,19.00
6937,1225,46,Jasmine Rice,Sides,1,2.75,,2.75
6938,1225,16,Chili Green Beans,Veggie & Tofu,1,19.00,,19.00
6939,1225,46,Jasmine Rice,Sides,1,2.75,,2.75
6940,1225,75,Extra Tofu,Extras,1,4.00,,4.00
6941,1225,67,Raspberry Lime Italian Soda,Drinks,1,6.50,,6.50
6942,1225,11,Fried Enoki Mushroom,Starters,1,16.00,,16.00
6943,1225,71,Fried Banana with Coconut Ice Cream,Desserts,1,13.00,,13.00
6944,1226,30,Sweet & Sour Chicken,Plant-Based Meat,1,19.00,Gluten Friendly,19.00
6945,1226,48,Brown Rice,Sides,1,3.00,,3.00
6946,1226,32,General Tao Chicken,Plant-Based Meat,1,21.00,,21.00
6947,1226,46,Jasmine Rice,Sides,1,2.75,,2.75
6948,1226,32,General Tao Chicken,Plant-Based Meat,1,21.00,,21.00
6949,1226,4,Satay with Peanut Sauce (3pc),Starters,1,10.00,,10.00
6950,1227,33,Curry Chicken,Plant-Based Meat,1,22.00,,22.00
6951,1228,24,Tempeh Pulau,Veggie & Tofu,1,20.00,,20.00
6952,1228,47,Coconut Rice,Sides,1,3.00,,3.00
6953,1228,51,Soy Latte,Coffee,1,5.50,,5.50
6954,1228,70,Panna Cotta,Desserts,1,9.00,,9.00
6955,1229,23,Curry Vegetables & Tofu,Veggie & Tofu,1,20.00,No Onion,20.00
6956,1229,37,Teriyaki Chicken,Plant-Based Meat,1,19.00,Gluten Friendly,19.00
6957,1229,66,Assorted Soft Drinks,Drinks,1,2.50,,2.50
6958,1230,39,Nasi Goreng,Rice & Noodles,1,18.00,,18.00
6959,1230,74,Extra Protein,Extras,1,5.00,,5.00
6960,1230,52,Soy Mocha,Coffee,1,6.00,,6.00
6961,1230,12,Wonton Soup,Soups,1,18.00,,18.00
6962,1230,55,Decaf Coffee,Coffee,1,4.50,,4.50
6963,1230,40,Bakmi Goreng,Rice & Noodles,1,19.00,Less Spicy,19.00
6964,1231,18,King Oyster Mushroom Gaylan,Veggie & Tofu,1,20.00,Extra Spicy,20.00
6965,1231,65,Iced Passion Fruit Green Tea,Drinks,1,7.00,,7.00
6966,1231,34,Curry Mutton,Plant-Based Meat,1,22.00,,22.00
6967,1231,63,Iced Pineapple,Drinks,1,7.50,,7.50
6968,1231,2,Vegetable Spring Rolls (6pc),Starters,1,9.00,,9.00
6969,1232,12,Wonton Soup,Soups,1,18.00,Gluten Friendly,18.00
6970,1232,75,Extra Tofu,Extras,1,4.00,,4.00
6971,1232,56,Organic Tea,Tea,1,3.50,,3.50
6972,1232,34,Curry Mutton,Plant-Based Meat,1,22.00,,22.00
6973,1232,48,Brown Rice,Sides,1,3.00,,3.00
6974,1232,66,Assorted Soft Drinks,Drinks,1,2.50,,2.50
6975,1232,7,Roti Canai,Starters,1,13.00,,13.00
6976,1233,38,Rendang,Plant-Based Meat,1,20.00,,20.00
6977,1233,66,Assorted Soft Drinks,Drinks,1,2.50,,2.50
6978,1233,32,General Tao Chicken,Plant-Based Meat,1,21.00,,21.00
6979,1233,52,Soy Mocha,Coffee,1,6.00,,6.00
6980,1233,13,Tom Yum Soup,Soups,1,18.00,,18.00
6981,1234,43,Singapore Noodle,Rice & Noodles,1,19.00,Less Spicy,19.00
6982,1234,15,Padmanadi Vegetable Deluxe,Veggie & Tofu,1,19.00,Less Spicy,19.00
6983,1234,46,Jasmine Rice,Sides,1,2.75,,2.75
6984,1234,50,Americano,Coffee,1,4.50,,4.50
6985,1235,33,Curry Chicken,Plant-Based Meat,1,22.00,No Cilantro,22.00
6986,1235,48,Brown Rice,Sides,1,3.00,,3.00
6987,1235,67,Raspberry Lime Italian Soda,Drinks,1,6.50,,6.50
6988,1236,24,Tempeh Pulau,Veggie & Tofu,1,20.00,Extra Sauce,20.00
6989,1236,65,Iced Passion Fruit Green Tea,Drinks,1,7.00,,7.00
6990,1236,38,Rendang,Plant-Based Meat,1,20.00,,20.00
6991,1236,54,Iced Brown Sugar Oat Latte,Coffee,1,6.50,,6.50
6992,1236,1,Vegetable Spring Rolls (3pc),Starters,1,6.00,,6.00
6993,1237,13,Tom Yum Soup,Soups,1,18.00,Gluten Friendly,18.00
6994,1237,15,Padmanadi Vegetable Deluxe,Veggie & Tofu,1,19.00,,19.00
6995,1237,46,Jasmine Rice,Sides,1,2.75,,2.75
6996,1237,59,Hot Chocolate,Tea,1,5.00,,5.00
6997,1237,2,Vegetable Spring Rolls (6pc),Starters,1,9.00,,9.00
6998,1238,19,Savory Eggplant,Veggie & Tofu,1,18.00,Extra Spicy,18.00
6999,1238,46,Jasmine Rice,Sides,1,2.75,,2.75
7000,1238,57,Soy Chai Latte,Tea,1,5.50,,5.50
7001,1238,43,Singapore Noodle,Rice & Noodles,1,19.00,,19.00
7002,1238,64,Sparkling Yuzu,Drinks,1,8.50,,8.50
7003,1238,72,Vegan Ice Cream,Desserts,1,7.00,,7.00
7004,1238,71,Fried Banana with Coconut Ice Cream,Desserts,1,13.00,,13.00
7005,1239,13,Tom Yum Soup,Soups,1,18.00,Gluten Friendly,18.00
7006,1239,28,Ginger Beef,Plant-Based Meat,1,21.00,,21.00
7007,1239,33,Curry Chicken,Plant-Based Meat,1,22.00,Sauce on Side,22.00
7008,1239,48,Brown Rice,Sides,1,3.00,,3.00
7009,1240,31,Spicy Chicken,Plant-Based Meat,1,19.00,,19.00
7010,1240,47,Coconut Rice,Sides,1,3.00,,3.00
7011,1240,33,Curry Chicken,Plant-Based Meat,1,22.00,No Peanuts,22.00
7012,1240,54,Iced Brown Sugar Oat Latte,Coffee,1,6.50,,6.50
7013,1241,15,Padmanadi Vegetable Deluxe,Veggie & Tofu,1,19.00,Less Spicy,19.00
7014,1241,59,Hot Chocolate,Tea,1,5.00,,5.00
7015,1241,38,Rendang,Plant-Based Meat,1,20.00,,20.00
7016,1241,46,Jasmine Rice,Sides,1,2.75,,2.75
7017,1241,60,Matcha Latte,Tea,1,6.50,,6.50
7018,1241,6,Gado Gado,Starters,1,14.00,,14.00
7019,1241,71,Fried Banana with Coconut Ice Cream,Desserts,1,13.00,,13.00
7020,1241,71,Fried Banana with Coconut Ice Cream,Desserts,1,13.00,,13.00
7021,1242,38,Rendang,Plant-Based Meat,1,20.00,,20.00
7022,1242,51,Soy Latte,Coffee,1,5.50,,5.50
7023,1242,14,Spicy Curry Noodle Soup,Soups,1,18.00,,18.00
7024,1242,14,Spicy Curry Noodle Soup,Soups,1,18.00,,18.00
7025,1242,62,Iced Lychee,Drinks,1,7.50,,7.50
7026,1242,18,King Oyster Mushroom Gaylan,Veggie & Tofu,1,20.00,,20.00
7027,1242,68,Iced Blackberry Hibiscus Tea,Drinks,1,7.00,,7.00
7028,1242,23,Curry Vegetables & Tofu,Veggie & Tofu,1,20.00,,20.00
7029,1242,46,Jasmine Rice,Sides,1,2.75,,2.75
7030,1242,74,Extra Protein,Extras,1,5.00,,5.00
7031,1242,66,Assorted Soft Drinks,Drinks,1,2.50,,2.50
7032,1242,5,Deep Fried Tofu,Starters,1,13.00,,13.00
7033,1242,73,Chocolate Mousse,Desserts,1,9.00,,9.00
7034,1243,42,Kwetiau Goreng,Rice & Noodles,1,19.00,,19.00
7035,1243,53,Vegan Iced Coffee,Coffee,1,5.50,,5.50
7036,1243,36,Spicy Shrimp,Plant-Based Meat,1,20.00,Sauce on Side,20.00
7037,1243,65,Iced Passion Fruit Green Tea,Drinks,1,7.00,,7.00
7038,1244,49,Lunch Special,Lunch Special,1,18.00,Entree: Rendang,18.00
7039,1244,16,Chili Green Beans,Veggie & Tofu,1,19.00,Gluten Friendly,19.00
7040,1244,65,Iced Passion Fruit Green Tea,Drinks,1,7.00,,7.00
7041,1244,4,Satay with Peanut Sauce (3pc),Starters,1,10.00,,10.00
7042,1245,39,Nasi Goreng,Rice & Noodles,1,18.00,No Cilantro,18.00
7043,1245,35,Sweet & Sour Shrimp,Plant-Based Meat,1,20.00,,20.00
7044,1245,75,Extra Tofu,Extras,1,4.00,,4.00
7045,1245,59,Hot Chocolate,Tea,1,5.00,,5.00
7046,1245,49,Lunch Special,Lunch Special,1,18.00,Entree: Teriyaki Chicken,18.00
7047,1245,58,London Fog,Tea,1,5.50,,5.50
7048,1245,49,Lunch Special,Lunch Special,1,18.00,Entree: Chili Green Beans,18.00
7049,1245,78,Sub Brown Rice (+1),Extras,1,1.00,,1.00
7050,1245,49,Lunch Special,Lunch Special,1,18.00,Entree: Curry Chicken,18.00
7051,1245,60,Matcha Latte,Tea,1,6.50,,6.50
7052,1245,49,Lunch Special,Lunch Special,1,18.00,Entree: Chili Green Beans,18.00
7053,1245,78,Sub Brown Rice (+1),Extras,1,1.00,,1.00
7054,1245,67,Raspberry Lime Italian Soda,Drinks,1,6.50,,6.50
7055,1245,9,Crispy Chicken Strips,Starters,1,13.00,,13.00
7056,1245,73,Chocolate Mousse,Desserts,1,9.00,,9.00
7057,1245,69,Cheesecake,Desserts,1,11.00,,11.00
7058,1246,49,Lunch Special,Lunch Special,1,18.00,Entree: Chili Green Beans,18.00
7059,1246,60,Matcha Latte,Tea,1,6.50,,6.50
7060,1246,15,Padmanadi Vegetable Deluxe,Veggie & Tofu,1,19.00,,19.00
7061,1246,66,Assorted Soft Drinks,Drinks,1,2.50,,2.50
7062,1246,22,Pan-Fried Broccoli & Cauliflower,Veggie & Tofu,1,18.00,,18.00
7063,1246,47,Coconut Rice,Sides,1,3.00,,3.00
7064,1246,51,Soy Latte,Coffee,1,5.50,,5.50
7065,1246,2,Vegetable Spring Rolls (6pc),Starters,1,9.00,,9.00
7066,1247,43,Singapore Noodle,Rice & Noodles,1,19.00,,19.00
7067,1247,57,Soy Chai Latte,Tea,1,5.50,,5.50
7068,1247,14,Spicy Curry Noodle Soup,Soups,1,18.00,Less Spicy,18.00
7069,1247,79,Add Noodles (Soup),Extras,1,3.00,,3.00
7070,1247,74,Extra Protein,Extras,1,5.00,,5.00
7071,1247,62,Iced Lychee,Drinks,1,7.50,,7.50
7072,1247,70,Panna Cotta,Desserts,1,9.00,,9.00
7073,1247,70,Panna Cotta,Desserts,1,9.00,,9.00
7074,1248,49,Lunch Special,Lunch Special,1,18.00,Entree: Teriyaki Chicken,18.00
7075,1248,67,Raspberry Lime Italian Soda,Drinks,1,6.50,,6.50
7076,1249,49,Lunch Special,Lunch Special,1,18.00,Entree: Curried Tofu w/ Vegetables,18.00
7077,1249,67,Raspberry Lime Italian Soda,Drinks,1,6.50,,6.50
7078,1249,16,Chili Green Beans,Veggie & Tofu,1,19.00,Gluten Friendly,19.00
7079,1249,49,Lunch Special,Lunch Special,1,18.00,Entree: Padmanadi Veg Deluxe,18.00
7080,1249,64,Sparkling Yuzu,Drinks,1,8.50,,8.50
7081,1249,2,Vegetable Spring Rolls (6pc),Starters,1,9.00,,9.00
7082,1249,73,Chocolate Mousse,Desserts,1,9.00,,9.00
7083,1250,49,Lunch Special,Lunch Special,1,18.00,Entree: Kung Pao Chicken,18.00
7084,1250,45,Bali Buddha Bowl,Rice & Noodles,1,18.00,No Peanuts,18.00
7085,1250,26,Chili Tofu,Veggie & Tofu,1,19.00,,19.00
7086,1250,46,Jasmine Rice,Sides,1,2.75,,2.75
7087,1250,49,Lunch Special,Lunch Special,1,18.00,Entree: Curry Chicken,18.00
7088,1250,60,Matcha Latte,Tea,1,6.50,,6.50
7089,1250,1,Vegetable Spring Rolls (3pc),Starters,1,6.00,,6.00
7090,1250,11,Fried Enoki Mushroom,Starters,1,16.00,,16.00
7091,1251,44,Lemongrass Vermicelli Bowl,Rice & Noodles,1,20.00,,20.00
7092,1251,54,Iced Brown Sugar Oat Latte,Coffee,1,6.50,,6.50
7093,1251,49,Lunch Special,Lunch Special,1,18.00,Entree: Chili Tofu,18.00
7094,1252,49,Lunch Special,Lunch Special,1,18.00,Entree: Chili Green Beans,18.00
7095,1252,50,Americano,Coffee,1,4.50,,4.50
7096,1252,28,Ginger Beef,Plant-Based Meat,1,21.00,,21.00
7097,1252,46,Jasmine Rice,Sides,1,2.75,,2.75
7098,1252,9,Crispy Chicken Strips,Starters,1,13.00,,13.00
7099,1253,23,Curry Vegetables & Tofu,Veggie & Tofu,1,20.00,No Cilantro,20.00
7100,1253,47,Coconut Rice,Sides,1,3.00,,3.00
7101,1253,39,Nasi Goreng,Rice & Noodles,1,18.00,,18.00
7102,1253,63,Iced Pineapple,Drinks,1,7.50,,7.50
7103,1253,71,Fried Banana with Coconut Ice Cream,Desserts,1,13.00,,13.00
7104,1253,71,Fried Banana with Coconut Ice Cream,Desserts,1,13.00,,13.00
7105,1254,49,Lunch Special,Lunch Special,1,18.00,Entree: Savory Eggplant,18.00
7106,1254,49,Lunch Special,Lunch Special,1,18.00,Entree: Chili Tofu,18.00
7107,1254,77,Sub Coconut Rice (+1),Extras,1,1.00,,1.00
7108,1254,66,Assorted Soft Drinks,Drinks,1,2.50,,2.50
7109,1255,37,Teriyaki Chicken,Plant-Based Meat,1,19.00,,19.00
7110,1255,47,Coconut Rice,Sides,1,3.00,,3.00
7111,1255,31,Spicy Chicken,Plant-Based Meat,1,19.00,,19.00
7112,1255,54,Iced Brown Sugar Oat Latte,Coffee,1,6.50,,6.50
7113,1255,49,Lunch Special,Lunch Special,1,18.00,Entree: Curry Mutton,18.00
7114,1255,60,Matcha Latte,Tea,1,6.50,,6.50
7115,1256,17,Spicy String Beans,Veggie & Tofu,1,19.00,No Onion,19.00
7116,1256,66,Assorted Soft Drinks,Drinks,1,2.50,,2.50
7117,1256,72,Vegan Ice Cream,Desserts,1,7.00,,7.00
7118,1257,36,Spicy Shrimp,Plant-Based Meat,1,20.00,,20.00
7119,1257,64,Sparkling Yuzu,Drinks,1,8.50,,8.50
7120,1258,28,Ginger Beef,Plant-Based Meat,1,21.00,Extra Spicy,21.00
7121,1258,46,Jasmine Rice,Sides,1,2.75,,2.75
7122,1258,42,Kwetiau Goreng,Rice & Noodles,1,19.00,,19.00
7123,1258,28,Ginger Beef,Plant-Based Meat,1,21.00,,21.00
7124,1258,46,Jasmine Rice,Sides,1,2.75,,2.75
7125,1258,71,Fried Banana with Coconut Ice Cream,Desserts,1,13.00,,13.00
7126,1258,70,Panna Cotta,Desserts,1,9.00,,9.00
7127,1259,49,Lunch Special,Lunch Special,1,18.00,Entree: Teriyaki Chicken,18.00
7128,1259,49,Lunch Special,Lunch Special,1,18.00,Entree: Spicy Nuggets,18.00
7129,1259,52,Soy Mocha,Coffee,1,6.00,,6.00
7130,1259,9,Crispy Chicken Strips,Starters,1,13.00,,13.00
7131,1260,49,Lunch Special,Lunch Special,1,18.00,Entree: Curry Chicken,18.00
7132,1260,21,Mapo Tofu,Veggie & Tofu,1,19.00,,19.00
7133,1260,60,Matcha Latte,Tea,1,6.50,,6.50
7134,1260,49,Lunch Special,Lunch Special,1,18.00,Entree: Rendang,18.00
7135,1260,28,Ginger Beef,Plant-Based Meat,1,21.00,Less Spicy,21.00
7136,1260,47,Coconut Rice,Sides,1,3.00,,3.00
7137,1260,70,Panna Cotta,Desserts,1,9.00,,9.00
7138,1260,69,Cheesecake,Desserts,1,11.00,,11.00
7139,1261,49,Lunch Special,Lunch Special,1,18.00,Entree: Spicy Nuggets,18.00
7140,1261,49,Lunch Special,Lunch Special,1,18.00,Entree: Chili Tofu,18.00
7141,1261,77,Sub Coconut Rice (+1),Extras,1,1.00,,1.00
7142,1261,23,Curry Vegetables & Tofu,Veggie & Tofu,1,20.00,,20.00
7143,1261,46,Jasmine Rice,Sides,1,2.75,,2.75
7144,1261,73,Chocolate Mousse,Desserts,1,9.00,,9.00
7145,1262,36,Spicy Shrimp,Plant-Based Meat,1,20.00,Gluten Friendly,20.00
7146,1262,46,Jasmine Rice,Sides,1,2.75,,2.75
7147,1262,33,Curry Chicken,Plant-Based Meat,1,22.00,,22.00
7148,1262,59,Hot Chocolate,Tea,1,5.00,,5.00
7149,1262,15,Padmanadi Vegetable Deluxe,Veggie & Tofu,1,19.00,Sauce on Side,19.00
7150,1262,46,Jasmine Rice,Sides,1,2.75,,2.75
7151,1262,32,General Tao Chicken,Plant-Based Meat,1,21.00,,21.00
7152,1262,47,Coconut Rice,Sides,1,3.00,,3.00
7153,1262,9,Crispy Chicken Strips,Starters,1,13.00,,13.00
7154,1263,49,Lunch Special,Lunch Special,1,18.00,Entree: Chili Tofu,18.00
7155,1263,49,Lunch Special,Lunch Special,1,18.00,Entree: Curry Chicken,18.00
7156,1263,77,Sub Coconut Rice (+1),Extras,1,1.00,,1.00
7157,1263,62,Iced Lychee,Drinks,1,7.50,,7.50
7158,1264,35,Sweet & Sour Shrimp,Plant-Based Meat,1,20.00,Extra Sauce,20.00
7159,1264,48,Brown Rice,Sides,1,3.00,,3.00
7160,1264,49,Lunch Special,Lunch Special,1,18.00,Entree: Ginger Beef,18.00
7161,1264,66,Assorted Soft Drinks,Drinks,1,2.50,,2.50
7162,1264,8,Breaded Cauliflower Bites,Starters,1,13.00,,13.00
7163,1265,45,Bali Buddha Bowl,Rice & Noodles,1,18.00,,18.00
7164,1265,15,Padmanadi Vegetable Deluxe,Veggie & Tofu,1,19.00,,19.00
7165,1265,48,Brown Rice,Sides,1,3.00,,3.00
7166,1265,49,Lunch Special,Lunch Special,1,18.00,Entree: Curry Chicken,18.00
7167,1265,77,Sub Coconut Rice (+1),Extras,1,1.00,,1.00
7168,1265,63,Iced Pineapple,Drinks,1,7.50,,7.50
7169,1265,49,Lunch Special,Lunch Special,1,18.00,Entree: Teriyaki Chicken,18.00
7170,1265,52,Soy Mocha,Coffee,1,6.00,,6.00
7171,1265,29,Dendeng,Plant-Based Meat,1,20.00,No Cilantro,20.00
7172,1265,8,Breaded Cauliflower Bites,Starters,1,13.00,,13.00
7173,1265,8,Breaded Cauliflower Bites,Starters,1,13.00,,13.00
7174,1266,45,Bali Buddha Bowl,Rice & Noodles,1,18.00,,18.00
7175,1266,33,Curry Chicken,Plant-Based Meat,1,22.00,No Peanuts,22.00
7176,1266,46,Jasmine Rice,Sides,1,2.75,,2.75
7177,1266,38,Rendang,Plant-Based Meat,1,20.00,,20.00
7178,1266,56,Organic Tea,Tea,1,3.50,,3.50
7179,1266,44,Lemongrass Vermicelli Bowl,Rice & Noodles,1,20.00,,20.00
7180,1266,61,Iced Oat Strawberry Matcha,Tea,1,8.50,,8.50
7181,1266,71,Fried Banana with Coconut Ice Cream,Desserts,1,13.00,,13.00
7182,1267,13,Tom Yum Soup,Soups,1,18.00,Gluten Friendly,18.00
7183,1267,49,Lunch Special,Lunch Special,1,18.00,Entree: Curried Tofu w/ Vegetables,18.00
7184,1267,51,Soy Latte,Coffee,1,5.50,,5.50
7185,1268,16,Chili Green Beans,Veggie & Tofu,1,19.00,,19.00
7186,1268,46,Jasmine Rice,Sides,1,2.75,,2.75
7187,1268,49,Lunch Special,Lunch Special,1,18.00,Entree: Rendang,18.00
7188,1269,36,Spicy Shrimp,Plant-Based Meat,1,20.00,,20.00
7189,1269,46,Jasmine Rice,Sides,1,2.75,,2.75
7190,1269,60,Matcha Latte,Tea,1,6.50,,6.50
7191,1269,49,Lunch Special,Lunch Special,1,18.00,Entree: Kung Pao Chicken,18.00
7192,1269,77,Sub Coconut Rice (+1),Extras,1,1.00,,1.00
7193,1269,29,Dendeng,Plant-Based Meat,1,20.00,,20.00
7194,1269,46,Jasmine Rice,Sides,1,2.75,,2.75
7195,1269,43,Singapore Noodle,Rice & Noodles,1,19.00,No Onion,19.00
7196,1269,4,Satay with Peanut Sauce (3pc),Starters,1,10.00,,10.00
7197,1269,71,Fried Banana with Coconut Ice Cream,Desserts,1,13.00,,13.00
7198,1269,72,Vegan Ice Cream,Desserts,1,7.00,,7.00
7199,1270,44,Lemongrass Vermicelli Bowl,Rice & Noodles,1,20.00,,20.00
7200,1270,53,Vegan Iced Coffee,Coffee,1,5.50,,5.50
7201,1271,21,Mapo Tofu,Veggie & Tofu,1,19.00,,19.00
7202,1271,66,Assorted Soft Drinks,Drinks,1,2.50,,2.50
7203,1271,49,Lunch Special,Lunch Special,1,18.00,Entree: Padmanadi Veg Deluxe,18.00
7204,1271,2,Vegetable Spring Rolls (6pc),Starters,1,9.00,,9.00
7205,1272,49,Lunch Special,Lunch Special,1,18.00,Entree: Kung Pao Chicken,18.00
7206,1272,49,Lunch Special,Lunch Special,1,18.00,Entree: Padmanadi Veg Deluxe,18.00
7207,1272,77,Sub Coconut Rice (+1),Extras,1,1.00,,1.00
7208,1272,51,Soy Latte,Coffee,1,5.50,,5.50
7209,1273,49,Lunch Special,Lunch Special,1,18.00,Entree: Chili Tofu,18.00
7210,1273,39,Nasi Goreng,Rice & Noodles,1,18.00,,18.00
7211,1274,21,Mapo Tofu,Veggie & Tofu,1,19.00,,19.00
7212,1274,66,Assorted Soft Drinks,Drinks,1,2.50,,2.50
7213,1274,44,Lemongrass Vermicelli Bowl,Rice & Noodles,1,20.00,,20.00
7214,1274,60,Matcha Latte,Tea,1,6.50,,6.50
7215,1274,28,Ginger Beef,Plant-Based Meat,1,21.00,,21.00
7216,1274,48,Brown Rice,Sides,1,3.00,,3.00
7217,1274,53,Vegan Iced Coffee,Coffee,1,5.50,,5.50
7218,1274,69,Cheesecake,Desserts,1,11.00,,11.00
7219,1274,72,Vegan Ice Cream,Desserts,1,7.00,,7.00
7220,1275,49,Lunch Special,Lunch Special,1,18.00,Entree: Spicy Nuggets,18.00
7221,1275,66,Assorted Soft Drinks,Drinks,1,2.50,,2.50
7222,1275,28,Ginger Beef,Plant-Based Meat,1,21.00,,21.00
7223,1275,66,Assorted Soft Drinks,Drinks,1,2.50,,2.50
7224,1275,28,Ginger Beef,Plant-Based Meat,1,21.00,,21.00
7225,1275,46,Jasmine Rice,Sides,1,2.75,,2.75
7226,1275,67,Raspberry Lime Italian Soda,Drinks,1,6.50,,6.50
7227,1275,71,Fried Banana with Coconut Ice Cream,Desserts,1,13.00,,13.00
7228,1275,71,Fried Banana with Coconut Ice Cream,Desserts,1,13.00,,13.00
7229,1276,15,Padmanadi Vegetable Deluxe,Veggie & Tofu,1,19.00,,19.00
7230,1276,15,Padmanadi Vegetable Deluxe,Veggie & Tofu,1,19.00,,19.00
7231,1276,44,Lemongrass Vermicelli Bowl,Rice & Noodles,1,20.00,,20.00
7232,1277,13,Tom Yum Soup,Soups,1,18.00,Extra Sauce,18.00
7233,1277,67,Raspberry Lime Italian Soda,Drinks,1,6.50,,6.50
7234,1277,27,Kung Pao Chicken,Plant-Based Meat,1,20.00,,20.00
7235,1277,53,Vegan Iced Coffee,Coffee,1,5.50,,5.50
7236,1277,16,Chili Green Beans,Veggie & Tofu,1,19.00,,19.00
7237,1277,71,Fried Banana with Coconut Ice Cream,Desserts,1,13.00,,13.00
7238,1278,16,Chili Green Beans,Veggie & Tofu,1,19.00,,19.00
7239,1278,60,Matcha Latte,Tea,1,6.50,,6.50
7240,1279,45,Bali Buddha Bowl,Rice & Noodles,1,18.00,No Onion,18.00
7241,1280,44,Lemongrass Vermicelli Bowl,Rice & Noodles,1,20.00,,20.00
7242,1280,51,Soy Latte,Coffee,1,5.50,,5.50
7243,1280,17,Spicy String Beans,Veggie & Tofu,1,19.00,,19.00
7244,1280,48,Brown Rice,Sides,1,3.00,,3.00
7245,1280,9,Crispy Chicken Strips,Starters,1,13.00,,13.00
7246,1281,14,Spicy Curry Noodle Soup,Soups,1,18.00,,18.00
7247,1281,39,Nasi Goreng,Rice & Noodles,1,18.00,,18.00
7248,1281,2,Vegetable Spring Rolls (6pc),Starters,1,9.00,,9.00
7249,1282,31,Spicy Chicken,Plant-Based Meat,1,19.00,,19.00
7250,1282,46,Jasmine Rice,Sides,1,2.75,,2.75
7251,1282,38,Rendang,Plant-Based Meat,1,20.00,,20.00
7252,1282,46,Jasmine Rice,Sides,1,2.75,,2.75
7253,1282,66,Assorted Soft Drinks,Drinks,1,2.50,,2.50
7254,1282,72,Vegan Ice Cream,Desserts,1,7.00,,7.00
7255,1282,71,Fried Banana with Coconut Ice Cream,Desserts,1,13.00,,13.00
7256,1283,23,Curry Vegetables & Tofu,Veggie & Tofu,1,20.00,,20.00
7257,1283,48,Brown Rice,Sides,1,3.00,,3.00
7258,1283,24,Tempeh Pulau,Veggie & Tofu,1,20.00,,20.00
7259,1283,57,Soy Chai Latte,Tea,1,5.50,,5.50
7260,1284,41,Bihun Goreng,Rice & Noodles,1,18.00,,18.00
7261,1284,59,Hot Chocolate,Tea,1,5.00,,5.00
7262,1284,15,Padmanadi Vegetable Deluxe,Veggie & Tofu,1,19.00,No Cilantro,19.00
7263,1284,46,Jasmine Rice,Sides,1,2.75,,2.75
7264,1284,40,Bakmi Goreng,Rice & Noodles,1,19.00,No Peanuts,19.00
7265,1284,66,Assorted Soft Drinks,Drinks,1,2.50,,2.50
7266,1284,39,Nasi Goreng,Rice & Noodles,1,18.00,,18.00
7267,1284,63,Iced Pineapple,Drinks,1,7.50,,7.50
7268,1285,14,Spicy Curry Noodle Soup,Soups,1,18.00,,18.00
7269,1285,57,Soy Chai Latte,Tea,1,5.50,,5.50
7270,1286,18,King Oyster Mushroom Gaylan,Veggie & Tofu,1,20.00,No Peanuts,20.00
7271,1286,65,Iced Passion Fruit Green Tea,Drinks,1,7.00,,7.00
7272,1286,14,Spicy Curry Noodle Soup,Soups,1,18.00,,18.00
7273,1286,79,Add Noodles (Soup),Extras,1,3.00,,3.00
7274,1286,8,Breaded Cauliflower Bites,Starters,1,13.00,,13.00
7275,1287,38,Rendang,Plant-Based Meat,1,20.00,,20.00
7276,1287,61,Iced Oat Strawberry Matcha,Tea,1,8.50,,8.50
7277,1287,29,Dendeng,Plant-Based Meat,1,20.00,No Mushrooms,20.00
7278,1287,47,Coconut Rice,Sides,1,3.00,,3.00
7279,1287,62,Iced Lychee,Drinks,1,7.50,,7.50
7280,1288,27,Kung Pao Chicken,Plant-Based Meat,1,20.00,Extra Spicy,20.00
7281,1288,48,Brown Rice,Sides,1,3.00,,3.00
7282,1288,44,Lemongrass Vermicelli Bowl,Rice & Noodles,1,20.00,Allergy: Nuts,20.00
7283,1288,23,Curry Vegetables & Tofu,Veggie & Tofu,1,20.00,Sauce on Side,20.00
7284,1288,47,Coconut Rice,Sides,1,3.00,,3.00
7285,1288,66,Assorted Soft Drinks,Drinks,1,2.50,,2.50
7286,1288,45,Bali Buddha Bowl,Rice & Noodles,1,18.00,Extra Sauce,18.00
7287,1288,67,Raspberry Lime Italian Soda,Drinks,1,6.50,,6.50
7288,1288,38,Rendang,Plant-Based Meat,1,20.00,,20.00
7289,1288,47,Coconut Rice,Sides,1,3.00,,3.00
7290,1288,58,London Fog,Tea,1,5.50,,5.50
7291,1288,2,Vegetable Spring Rolls (6pc),Starters,1,9.00,,9.00
7292,1288,69,Cheesecake,Desserts,1,11.00,,11.00
7293,1288,69,Cheesecake,Desserts,1,11.00,,11.00
7294,1289,15,Padmanadi Vegetable Deluxe,Veggie & Tofu,1,19.00,,19.00
7295,1289,74,Extra Protein,Extras,1,5.00,,5.00
7296,1289,27,Kung Pao Chicken,Plant-Based Meat,1,20.00,,20.00
7297,1289,76,Extra Veggies,Extras,1,4.00,,4.00
7298,1289,39,Nasi Goreng,Rice & Noodles,1,18.00,No Peanuts,18.00
7299,1289,41,Bihun Goreng,Rice & Noodles,1,18.00,,18.00
7300,1289,67,Raspberry Lime Italian Soda,Drinks,1,6.50,,6.50
7301,1289,5,Deep Fried Tofu,Starters,1,13.00,,13.00
7302,1290,26,Chili Tofu,Veggie & Tofu,1,19.00,,19.00
7303,1290,46,Jasmine Rice,Sides,1,2.75,,2.75
7304,1290,51,Soy Latte,Coffee,1,5.50,,5.50
7305,1290,25,Mushroom Tofu,Veggie & Tofu,1,19.00,No Cilantro,19.00
7306,1290,46,Jasmine Rice,Sides,1,2.75,,2.75
7307,1290,60,Matcha Latte,Tea,1,6.50,,6.50
7308,1290,2,Vegetable Spring Rolls (6pc),Starters,1,9.00,,9.00
7309,1290,73,Chocolate Mousse,Desserts,1,9.00,,9.00
7310,1290,71,Fried Banana with Coconut Ice Cream,Desserts,1,13.00,,13.00
7311,1291,31,Spicy Chicken,Plant-Based Meat,1,19.00,,19.00
7312,1291,48,Brown Rice,Sides,1,3.00,,3.00
7313,1291,43,Singapore Noodle,Rice & Noodles,1,19.00,Gluten Friendly,19.00
7314,1291,72,Vegan Ice Cream,Desserts,1,7.00,,7.00
7315,1292,39,Nasi Goreng,Rice & Noodles,1,18.00,,18.00
7316,1292,65,Iced Passion Fruit Green Tea,Drinks,1,7.00,,7.00
7317,1292,27,Kung Pao Chicken,Plant-Based Meat,1,20.00,,20.00
7318,1292,48,Brown Rice,Sides,1,3.00,,3.00
7319,1292,60,Matcha Latte,Tea,1,6.50,,6.50
7320,1292,23,Curry Vegetables & Tofu,Veggie & Tofu,1,20.00,,20.00
7321,1292,15,Padmanadi Vegetable Deluxe,Veggie & Tofu,1,19.00,,19.00
7322,1292,46,Jasmine Rice,Sides,1,2.75,,2.75
7323,1292,35,Sweet & Sour Shrimp,Plant-Based Meat,1,20.00,Allergy: Nuts,20.00
7324,1292,47,Coconut Rice,Sides,1,3.00,,3.00
7325,1292,65,Iced Passion Fruit Green Tea,Drinks,1,7.00,,7.00
7326,1292,71,Fried Banana with Coconut Ice Cream,Desserts,1,13.00,,13.00
7327,1292,71,Fried Banana with Coconut Ice Cream,Desserts,1,13.00,,13.00
7328,1293,35,Sweet & Sour Shrimp,Plant-Based Meat,1,20.00,Extra Sauce,20.00
7329,1293,47,Coconut Rice,Sides,1,3.00,,3.00
7330,1293,60,Matcha Latte,Tea,1,6.50,,6.50
7331,1294,34,Curry Mutton,Plant-Based Meat,1,22.00,No Mushrooms,22.00
7332,1294,34,Curry Mutton,Plant-Based Meat,1,22.00,No Cilantro,22.00
7333,1294,2,Vegetable Spring Rolls (6pc),Starters,1,9.00,,9.00
7334,1294,71,Fried Banana with Coconut Ice Cream,Desserts,1,13.00,,13.00
7335,1294,69,Cheesecake,Desserts,1,11.00,,11.00
7336,1295,14,Spicy Curry Noodle Soup,Soups,1,18.00,,18.00
7337,1295,66,Assorted Soft Drinks,Drinks,1,2.50,,2.50
7338,1295,23,Curry Vegetables & Tofu,Veggie & Tofu,1,20.00,Extra Sauce,20.00
7339,1295,48,Brown Rice,Sides,1,3.00,,3.00
7340,1295,66,Assorted Soft Drinks,Drinks,1,2.50,,2.50
7341,1295,8,Breaded Cauliflower Bites,Starters,1,13.00,,13.00
7342,1295,71,Fried Banana with Coconut Ice Cream,Desserts,1,13.00,,13.00
7343,1296,32,General Tao Chicken,Plant-Based Meat,1,21.00,Extra Spicy,21.00
7344,1296,22,Pan-Fried Broccoli & Cauliflower,Veggie & Tofu,1,18.00,No Mushrooms,18.00
7345,1296,47,Coconut Rice,Sides,1,3.00,,3.00
7346,1296,53,Vegan Iced Coffee,Coffee,1,5.50,,5.50
7347,1297,40,Bakmi Goreng,Rice & Noodles,1,19.00,,19.00
7348,1297,57,Soy Chai Latte,Tea,1,5.50,,5.50
7349,1297,26,Chili Tofu,Veggie & Tofu,1,19.00,,19.00
7350,1297,47,Coconut Rice,Sides,1,3.00,,3.00
7351,1297,68,Iced Blackberry Hibiscus Tea,Drinks,1,7.00,,7.00
7352,1297,20,Spicy Coconut Eggplant,Veggie & Tofu,1,18.00,Allergy: Nuts,18.00
7353,1297,5,Deep Fried Tofu,Starters,1,13.00,,13.00
7354,1298,12,Wonton Soup,Soups,1,18.00,,18.00
7355,1298,79,Add Noodles (Soup),Extras,1,3.00,,3.00
7356,1298,38,Rendang,Plant-Based Meat,1,20.00,Allergy: Nuts,20.00
7357,1298,75,Extra Tofu,Extras,1,4.00,,4.00
7358,1298,68,Iced Blackberry Hibiscus Tea,Drinks,1,7.00,,7.00
7359,1298,44,Lemongrass Vermicelli Bowl,Rice & Noodles,1,20.00,,20.00
7360,1298,53,Vegan Iced Coffee,Coffee,1,5.50,,5.50
7361,1298,71,Fried Banana with Coconut Ice Cream,Desserts,1,13.00,,13.00
7362,1298,69,Cheesecake,Desserts,1,11.00,,11.00
7363,1299,19,Savory Eggplant,Veggie & Tofu,1,18.00,Allergy: Nuts,18.00
7364,1299,48,Brown Rice,Sides,1,3.00,,3.00
7365,1299,30,Sweet & Sour Chicken,Plant-Based Meat,1,19.00,,19.00
7366,1299,46,Jasmine Rice,Sides,1,2.75,,2.75
7367,1299,57,Soy Chai Latte,Tea,1,5.50,,5.50
7368,1299,9,Crispy Chicken Strips,Starters,1,13.00,,13.00
7369,1300,26,Chili Tofu,Veggie & Tofu,1,19.00,Allergy: Nuts,19.00
7370,1300,47,Coconut Rice,Sides,1,3.00,,3.00
7371,1300,62,Iced Lychee,Drinks,1,7.50,,7.50
7372,1300,27,Kung Pao Chicken,Plant-Based Meat,1,20.00,Extra Spicy,20.00
7373,1300,47,Coconut Rice,Sides,1,3.00,,3.00
7374,1301,36,Spicy Shrimp,Plant-Based Meat,1,20.00,,20.00
7375,1301,36,Spicy Shrimp,Plant-Based Meat,1,20.00,,20.00
7376,1301,47,Coconut Rice,Sides,1,3.00,,3.00
7377,1301,57,Soy Chai Latte,Tea,1,5.50,,5.50
7378,1301,1,Vegetable Spring Rolls (3pc),Starters,1,6.00,,6.00
7379,1302,32,General Tao Chicken,Plant-Based Meat,1,21.00,,21.00
7380,1302,47,Coconut Rice,Sides,1,3.00,,3.00
7381,1302,56,Organic Tea,Tea,1,3.50,,3.50
7382,1302,32,General Tao Chicken,Plant-Based Meat,1,21.00,Sauce on Side,21.00
7383,1302,32,General Tao Chicken,Plant-Based Meat,1,21.00,,21.00
7384,1302,69,Cheesecake,Desserts,1,11.00,,11.00
7385,1303,32,General Tao Chicken,Plant-Based Meat,1,21.00,No Onion,21.00
7386,1304,45,Bali Buddha Bowl,Rice & Noodles,1,18.00,,18.00
7387,1304,74,Extra Protein,Extras,1,5.00,,5.00
7388,1304,32,General Tao Chicken,Plant-Based Meat,1,21.00,,21.00
7389,1304,46,Jasmine Rice,Sides,1,2.75,,2.75
7390,1304,45,Bali Buddha Bowl,Rice & Noodles,1,18.00,Gluten Friendly,18.00
7391,1305,30,Sweet & Sour Chicken,Plant-Based Meat,1,19.00,Sauce on Side,19.00
7392,1305,66,Assorted Soft Drinks,Drinks,1,2.50,,2.50
7393,1305,12,Wonton Soup,Soups,1,18.00,,18.00
7394,1305,52,Soy Mocha,Coffee,1,6.00,,6.00
7395,1305,39,Nasi Goreng,Rice & Noodles,1,18.00,Less Spicy,18.00
7396,1305,64,Sparkling Yuzu,Drinks,1,8.50,,8.50
7397,1305,24,Tempeh Pulau,Veggie & Tofu,1,20.00,,20.00
7398,1305,53,Vegan Iced Coffee,Coffee,1,5.50,,5.50
7399,1305,71,Fried Banana with Coconut Ice Cream,Desserts,1,13.00,,13.00
7400,1306,19,Savory Eggplant,Veggie & Tofu,1,18.00,Sauce on Side,18.00
7401,1306,76,Extra Veggies,Extras,1,4.00,,4.00
7402,1306,66,Assorted Soft Drinks,Drinks,1,2.50,,2.50
7403,1307,27,Kung Pao Chicken,Plant-Based Meat,1,20.00,No Cilantro,20.00
7404,1307,47,Coconut Rice,Sides,1,3.00,,3.00
7405,1307,75,Extra Tofu,Extras,1,4.00,,4.00
7406,1307,62,Iced Lychee,Drinks,1,7.50,,7.50
7407,1307,22,Pan-Fried Broccoli & Cauliflower,Veggie & Tofu,1,18.00,,18.00
7408,1307,46,Jasmine Rice,Sides,1,2.75,,2.75
7409,1307,57,Soy Chai Latte,Tea,1,5.50,,5.50
7410,1307,40,Bakmi Goreng,Rice & Noodles,1,19.00,,19.00
7411,1307,72,Vegan Ice Cream,Desserts,1,7.00,,7.00
7412,1308,31,Spicy Chicken,Plant-Based Meat,1,19.00,No Onion,19.00
7413,1308,47,Coconut Rice,Sides,1,3.00,,3.00
7414,1308,14,Spicy Curry Noodle Soup,Soups,1,18.00,,18.00
7415,1308,55,Decaf Coffee,Coffee,1,4.50,,4.50
7416,1308,39,Nasi Goreng,Rice & Noodles,1,18.00,Sauce on Side,18.00
7417,1308,50,Americano,Coffee,1,4.50,,4.50
7418,1308,16,Chili Green Beans,Veggie & Tofu,1,19.00,,19.00
7419,1308,53,Vegan Iced Coffee,Coffee,1,5.50,,5.50
7420,1308,71,Fried Banana with Coconut Ice Cream,Desserts,1,13.00,,13.00
7421,1308,71,Fried Banana with Coconut Ice Cream,Desserts,1,13.00,,13.00
7422,1309,33,Curry Chicken,Plant-Based Meat,1,22.00,Gluten Friendly,22.00
7423,1309,46,Jasmine Rice,Sides,1,2.75,,2.75
7424,1309,74,Extra Protein,Extras,1,5.00,,5.00
7425,1309,67,Raspberry Lime Italian Soda,Drinks,1,6.50,,6.50
7426,1309,44,Lemongrass Vermicelli Bowl,Rice & Noodles,1,20.00,,20.00
7427,1309,7,Roti Canai,Starters,1,13.00,,13.00
7428,1310,20,Spicy Coconut Eggplant,Veggie & Tofu,1,18.00,Sauce on Side,18.00
7429,1310,46,Jasmine Rice,Sides,1,2.75,,2.75
7430,1310,25,Mushroom Tofu,Veggie & Tofu,1,19.00,Extra Sauce,19.00
7431,1310,48,Brown Rice,Sides,1,3.00,,3.00
7432,1311,45,Bali Buddha Bowl,Rice & Noodles,1,18.00,,18.00
7433,1311,51,Soy Latte,Coffee,1,5.50,,5.50
7434,1311,31,Spicy Chicken,Plant-Based Meat,1,19.00,,19.00
7435,1311,46,Jasmine Rice,Sides,1,2.75,,2.75
7436,1311,59,Hot Chocolate,Tea,1,5.00,,5.00
7437,1311,41,Bihun Goreng,Rice & Noodles,1,18.00,,18.00
7438,1311,32,General Tao Chicken,Plant-Based Meat,1,21.00,Gluten Friendly,21.00
7439,1311,56,Organic Tea,Tea,1,3.50,,3.50
7440,1311,11,Fried Enoki Mushroom,Starters,1,16.00,,16.00
7441,1312,36,Spicy Shrimp,Plant-Based Meat,1,20.00,No Cilantro,20.00
7442,1312,76,Extra Veggies,Extras,1,4.00,,4.00
7443,1312,57,Soy Chai Latte,Tea,1,5.50,,5.50
7444,1312,33,Curry Chicken,Plant-Based Meat,1,22.00,,22.00
7445,1312,46,Jasmine Rice,Sides,1,2.75,,2.75
7446,1312,66,Assorted Soft Drinks,Drinks,1,2.50,,2.50
7447,1312,2,Vegetable Spring Rolls (6pc),Starters,1,9.00,,9.00
7448,1313,44,Lemongrass Vermicelli Bowl,Rice & Noodles,1,20.00,,20.00
7449,1313,61,Iced Oat Strawberry Matcha,Tea,1,8.50,,8.50
7450,1313,7,Roti Canai,Starters,1,13.00,,13.00
7451,1314,38,Rendang,Plant-Based Meat,1,20.00,Sauce on Side,20.00
7452,1314,75,Extra Tofu,Extras,1,4.00,,4.00
7453,1314,66,Assorted Soft Drinks,Drinks,1,2.50,,2.50
7454,1314,25,Mushroom Tofu,Veggie & Tofu,1,19.00,,19.00
7455,1314,46,Jasmine Rice,Sides,1,2.75,,2.75
7456,1314,59,Hot Chocolate,Tea,1,5.00,,5.00
7457,1314,34,Curry Mutton,Plant-Based Meat,1,22.00,,22.00
7458,1314,28,Ginger Beef,Plant-Based Meat,1,21.00,,21.00
7459,1314,50,Americano,Coffee,1,4.50,,4.50
7460,1314,12,Wonton Soup,Soups,1,18.00,Gluten Friendly,18.00
7461,1314,67,Raspberry Lime Italian Soda,Drinks,1,6.50,,6.50
7462,1315,41,Bihun Goreng,Rice & Noodles,1,18.00,No Onion,18.00
7463,1315,56,Organic Tea,Tea,1,3.50,,3.50
7464,1315,12,Wonton Soup,Soups,1,18.00,No Cilantro,18.00
7465,1315,53,Vegan Iced Coffee,Coffee,1,5.50,,5.50
7466,1315,69,Cheesecake,Desserts,1,11.00,,11.00
7467,1315,70,Panna Cotta,Desserts,1,9.00,,9.00
7468,1316,18,King Oyster Mushroom Gaylan,Veggie & Tofu,1,20.00,,20.00
7469,1316,18,King Oyster Mushroom Gaylan,Veggie & Tofu,1,20.00,,20.00
7470,1316,48,Brown Rice,Sides,1,3.00,,3.00
7471,1316,56,Organic Tea,Tea,1,3.50,,3.50
7472,1316,33,Curry Chicken,Plant-Based Meat,1,22.00,,22.00
7473,1316,18,King Oyster Mushroom Gaylan,Veggie & Tofu,1,20.00,,20.00
7474,1316,46,Jasmine Rice,Sides,1,2.75,,2.75
7475,1316,51,Soy Latte,Coffee,1,5.50,,5.50
7476,1316,37,Teriyaki Chicken,Plant-Based Meat,1,19.00,No Mushrooms,19.00
7477,1316,46,Jasmine Rice,Sides,1,2.75,,2.75
7478,1316,44,Lemongrass Vermicelli Bowl,Rice & Noodles,1,20.00,,20.00
7479,1316,68,Iced Blackberry Hibiscus Tea,Drinks,1,7.00,,7.00
7480,1316,5,Deep Fried Tofu,Starters,1,13.00,,13.00
7481,1316,4,Satay with Peanut Sauce (3pc),Starters,1,10.00,,10.00
7482,1316,71,Fried Banana with Coconut Ice Cream,Desserts,1,13.00,,13.00
7483,1317,45,Bali Buddha Bowl,Rice & Noodles,1,18.00,,18.00
7484,1317,61,Iced Oat Strawberry Matcha,Tea,1,8.50,,8.50
7485,1317,30,Sweet & Sour Chicken,Plant-Based Meat,1,19.00,Allergy: Nuts,19.00
7486,1317,46,Jasmine Rice,Sides,1,2.75,,2.75
7487,1317,61,Iced Oat Strawberry Matcha,Tea,1,8.50,,8.50
7488,1317,43,Singapore Noodle,Rice & Noodles,1,19.00,,19.00
7489,1318,45,Bali Buddha Bowl,Rice & Noodles,1,18.00,,18.00
7490,1318,13,Tom Yum Soup,Soups,1,18.00,,18.00
7491,1318,79,Add Noodles (Soup),Extras,1,3.00,,3.00
7492,1318,55,Decaf Coffee,Coffee,1,4.50,,4.50
7493,1318,21,Mapo Tofu,Veggie & Tofu,1,19.00,Extra Sauce,19.00
7494,1318,52,Soy Mocha,Coffee,1,6.00,,6.00
7495,1319,28,Ginger Beef,Plant-Based Meat,1,21.00,Allergy: Nuts,21.00
7496,1320,24,Tempeh Pulau,Veggie & Tofu,1,20.00,Gluten Friendly,20.00
7497,1320,47,Coconut Rice,Sides,1,3.00,,3.00
7498,1320,30,Sweet & Sour Chicken,Plant-Based Meat,1,19.00,,19.00
7499,1320,46,Jasmine Rice,Sides,1,2.75,,2.75
7500,1320,63,Iced Pineapple,Drinks,1,7.50,,7.50
7501,1320,23,Curry Vegetables & Tofu,Veggie & Tofu,1,20.00,,20.00
7502,1320,50,Americano,Coffee,1,4.50,,4.50
7503,1320,35,Sweet & Sour Shrimp,Plant-Based Meat,1,20.00,,20.00
7504,1320,13,Tom Yum Soup,Soups,1,18.00,Allergy: Nuts,18.00
7505,1320,54,Iced Brown Sugar Oat Latte,Coffee,1,6.50,,6.50
7506,1321,26,Chili Tofu,Veggie & Tofu,1,19.00,Allergy: Nuts,19.00
7507,1321,66,Assorted Soft Drinks,Drinks,1,2.50,,2.50
7508,1321,39,Nasi Goreng,Rice & Noodles,1,18.00,Allergy: Nuts,18.00
7509,1321,74,Extra Protein,Extras,1,5.00,,5.00
7510,1322,33,Curry Chicken,Plant-Based Meat,1,22.00,,22.00
7511,1322,46,Jasmine Rice,Sides,1,2.75,,2.75
7512,1322,67,Raspberry Lime Italian Soda,Drinks,1,6.50,,6.50
7513,1322,44,Lemongrass Vermicelli Bowl,Rice & Noodles,1,20.00,No Peanuts,20.00
7514,1322,66,Assorted Soft Drinks,Drinks,1,2.50,,2.50
7515,1322,25,Mushroom Tofu,Veggie & Tofu,1,19.00,,19.00
7516,1323,30,Sweet & Sour Chicken,Plant-Based Meat,1,19.00,No Cilantro,19.00
7517,1323,47,Coconut Rice,Sides,1,3.00,,3.00
7518,1323,60,Matcha Latte,Tea,1,6.50,,6.50
7519,1324,32,General Tao Chicken,Plant-Based Meat,1,21.00,,21.00
7520,1324,46,Jasmine Rice,Sides,1,2.75,,2.75
7521,1324,44,Lemongrass Vermicelli Bowl,Rice & Noodles,1,20.00,Less Spicy,20.00
7522,1324,66,Assorted Soft Drinks,Drinks,1,2.50,,2.50
7523,1324,28,Ginger Beef,Plant-Based Meat,1,21.00,Less Spicy,21.00
7524,1324,54,Iced Brown Sugar Oat Latte,Coffee,1,6.50,,6.50
7525,1324,20,Spicy Coconut Eggplant,Veggie & Tofu,1,18.00,Allergy: Nuts,18.00
7526,1324,62,Iced Lychee,Drinks,1,7.50,,7.50
7527,1324,36,Spicy Shrimp,Plant-Based Meat,1,20.00,,20.00
7528,1324,46,Jasmine Rice,Sides,1,2.75,,2.75
7529,1324,53,Vegan Iced Coffee,Coffee,1,5.50,,5.50
7530,1324,1,Vegetable Spring Rolls (3pc),Starters,1,6.00,,6.00
7531,1325,38,Rendang,Plant-Based Meat,1,20.00,,20.00
7532,1325,57,Soy Chai Latte,Tea,1,5.50,,5.50
7533,1326,33,Curry Chicken,Plant-Based Meat,1,22.00,Extra Sauce,22.00
7534,1326,47,Coconut Rice,Sides,1,3.00,,3.00
7535,1326,53,Vegan Iced Coffee,Coffee,1,5.50,,5.50
7536,1326,28,Ginger Beef,Plant-Based Meat,1,21.00,No Peanuts,21.00
7537,1326,46,Jasmine Rice,Sides,1,2.75,,2.75
7538,1326,52,Soy Mocha,Coffee,1,6.00,,6.00
7539,1326,45,Bali Buddha Bowl,Rice & Noodles,1,18.00,Extra Spicy,18.00
7540,1326,66,Assorted Soft Drinks,Drinks,1,2.50,,2.50
7541,1327,26,Chili Tofu,Veggie & Tofu,1,19.00,,19.00
7542,1327,47,Coconut Rice,Sides,1,3.00,,3.00
7543,1327,62,Iced Lychee,Drinks,1,7.50,,7.50
7544,1328,34,Curry Mutton,Plant-Based Meat,1,22.00,,22.00
7545,1328,54,Iced Brown Sugar Oat Latte,Coffee,1,6.50,,6.50
7546,1328,44,Lemongrass Vermicelli Bowl,Rice & Noodles,1,20.00,Extra Sauce,20.00
7547,1328,75,Extra Tofu,Extras,1,4.00,,4.00
7548,1328,28,Ginger Beef,Plant-Based Meat,1,21.00,,21.00
7549,1328,47,Coconut Rice,Sides,1,3.00,,3.00
7550,1328,74,Extra Protein,Extras,1,5.00,,5.00
7551,1329,33,Curry Chicken,Plant-Based Meat,1,22.00,,22.00
7552,1329,47,Coconut Rice,Sides,1,3.00,,3.00
7553,1329,56,Organic Tea,Tea,1,3.50,,3.50
7554,1329,8,Breaded Cauliflower Bites,Starters,1,13.00,,13.00
7555,1330,23,Curry Vegetables & Tofu,Veggie & Tofu,1,20.00,,20.00
7556,1330,62,Iced Lychee,Drinks,1,7.50,,7.50
7557,1330,37,Teriyaki Chicken,Plant-Based Meat,1,19.00,,19.00
7558,1330,54,Iced Brown Sugar Oat Latte,Coffee,1,6.50,,6.50
7559,1330,4,Satay with Peanut Sauce (3pc),Starters,1,10.00,,10.00
7560,1331,28,Ginger Beef,Plant-Based Meat,1,21.00,,21.00
7561,1331,46,Jasmine Rice,Sides,1,2.75,,2.75
7562,1331,51,Soy Latte,Coffee,1,5.50,,5.50
7563,1331,32,General Tao Chicken,Plant-Based Meat,1,21.00,Allergy: Nuts,21.00
7564,1331,47,Coconut Rice,Sides,1,3.00,,3.00
7565,1332,32,General Tao Chicken,Plant-Based Meat,1,21.00,,21.00
7566,1332,46,Jasmine Rice,Sides,1,2.75,,2.75
7567,1332,54,Iced Brown Sugar Oat Latte,Coffee,1,6.50,,6.50
7568,1332,39,Nasi Goreng,Rice & Noodles,1,18.00,Less Spicy,18.00
7569,1332,44,Lemongrass Vermicelli Bowl,Rice & Noodles,1,20.00,,20.00
7570,1332,56,Organic Tea,Tea,1,3.50,,3.50
7571,1332,23,Curry Vegetables & Tofu,Veggie & Tofu,1,20.00,,20.00
7572,1332,60,Matcha Latte,Tea,1,6.50,,6.50
7573,1332,27,Kung Pao Chicken,Plant-Based Meat,1,20.00,,20.00
7574,1332,14,Spicy Curry Noodle Soup,Soups,1,18.00,,18.00
7575,1332,55,Decaf Coffee,Coffee,1,4.50,,4.50
7576,1332,25,Mushroom Tofu,Veggie & Tofu,1,19.00,,19.00
7577,1332,46,Jasmine Rice,Sides,1,2.75,,2.75
7578,1333,27,Kung Pao Chicken,Plant-Based Meat,1,20.00,Sauce on Side,20.00
7579,1334,17,Spicy String Beans,Veggie & Tofu,1,19.00,,19.00
7580,1334,48,Brown Rice,Sides,1,3.00,,3.00
7581,1334,66,Assorted Soft Drinks,Drinks,1,2.50,,2.50
7582,1334,19,Savory Eggplant,Veggie & Tofu,1,18.00,Sauce on Side,18.00
7583,1335,36,Spicy Shrimp,Plant-Based Meat,1,20.00,,20.00
7584,1335,47,Coconut Rice,Sides,1,3.00,,3.00
7585,1335,60,Matcha Latte,Tea,1,6.50,,6.50
7586,1335,26,Chili Tofu,Veggie & Tofu,1,19.00,,19.00
7587,1335,29,Dendeng,Plant-Based Meat,1,20.00,Allergy: Nuts,20.00
7588,1335,33,Curry Chicken,Plant-Based Meat,1,22.00,Allergy: Nuts,22.00
7589,1335,47,Coconut Rice,Sides,1,3.00,,3.00
7590,1336,34,Curry Mutton,Plant-Based Meat,1,22.00,No Mushrooms,22.00
7591,1336,46,Jasmine Rice,Sides,1,2.75,,2.75
7592,1336,56,Organic Tea,Tea,1,3.50,,3.50
7593,1336,23,Curry Vegetables & Tofu,Veggie & Tofu,1,20.00,,20.00
7594,1336,54,Iced Brown Sugar Oat Latte,Coffee,1,6.50,,6.50
7595,1336,7,Roti Canai,Starters,1,13.00,,13.00
7596,1336,69,Cheesecake,Desserts,1,11.00,,11.00
7597,1337,17,Spicy String Beans,Veggie & Tofu,1,19.00,,19.00
7598,1337,66,Assorted Soft Drinks,Drinks,1,2.50,,2.50
7599,1337,27,Kung Pao Chicken,Plant-Based Meat,1,20.00,,20.00
7600,1337,46,Jasmine Rice,Sides,1,2.75,,2.75
7601,1337,28,Ginger Beef,Plant-Based Meat,1,21.00,,21.00
7602,1337,76,Extra Veggies,Extras,1,4.00,,4.00
7603,1337,32,General Tao Chicken,Plant-Based Meat,1,21.00,Allergy: Nuts,21.00
7604,1337,46,Jasmine Rice,Sides,1,2.75,,2.75
7605,1338,35,Sweet & Sour Shrimp,Plant-Based Meat,1,20.00,Extra Sauce,20.00
7606,1338,46,Jasmine Rice,Sides,1,2.75,,2.75
7607,1338,54,Iced Brown Sugar Oat Latte,Coffee,1,6.50,,6.50
7608,1338,5,Deep Fried Tofu,Starters,1,13.00,,13.00
7609,1339,40,Bakmi Goreng,Rice & Noodles,1,19.00,,19.00
7610,1339,56,Organic Tea,Tea,1,3.50,,3.50
7611,1339,28,Ginger Beef,Plant-Based Meat,1,21.00,,21.00
7612,1339,46,Jasmine Rice,Sides,1,2.75,,2.75
7613,1339,57,Soy Chai Latte,Tea,1,5.50,,5.50
7614,1339,23,Curry Vegetables & Tofu,Veggie & Tofu,1,20.00,No Peanuts,20.00
7615,1339,48,Brown Rice,Sides,1,3.00,,3.00
7616,1339,68,Iced Blackberry Hibiscus Tea,Drinks,1,7.00,,7.00
7617,1339,23,Curry Vegetables & Tofu,Veggie & Tofu,1,20.00,,20.00
7618,1339,56,Organic Tea,Tea,1,3.50,,3.50
7619,1339,1,Vegetable Spring Rolls (3pc),Starters,1,6.00,,6.00
7620,1340,32,General Tao Chicken,Plant-Based Meat,1,21.00,,21.00
7621,1341,41,Bihun Goreng,Rice & Noodles,1,18.00,No Peanuts,18.00
7622,1341,76,Extra Veggies,Extras,1,4.00,,4.00
7623,1341,20,Spicy Coconut Eggplant,Veggie & Tofu,1,18.00,Extra Sauce,18.00
7624,1341,46,Jasmine Rice,Sides,1,2.75,,2.75
7625,1341,32,General Tao Chicken,Plant-Based Meat,1,21.00,Allergy: Nuts,21.00
7626,1341,46,Jasmine Rice,Sides,1,2.75,,2.75
7627,1341,60,Matcha Latte,Tea,1,6.50,,6.50
7628,1341,6,Gado Gado,Starters,1,14.00,,14.00
7629,1342,27,Kung Pao Chicken,Plant-Based Meat,1,20.00,,20.00
7630,1342,46,Jasmine Rice,Sides,1,2.75,,2.75
7631,1342,51,Soy Latte,Coffee,1,5.50,,5.50
7632,1342,26,Chili Tofu,Veggie & Tofu,1,19.00,,19.00
7633,1342,51,Soy Latte,Coffee,1,5.50,,5.50
7634,1342,26,Chili Tofu,Veggie & Tofu,1,19.00,Sauce on Side,19.00
7635,1343,29,Dendeng,Plant-Based Meat,1,20.00,,20.00
7636,1343,46,Jasmine Rice,Sides,1,2.75,,2.75
7637,1344,31,Spicy Chicken,Plant-Based Meat,1,19.00,Less Spicy,19.00
7638,1344,48,Brown Rice,Sides,1,3.00,,3.00
7639,1344,19,Savory Eggplant,Veggie & Tofu,1,18.00,,18.00
7640,1344,48,Brown Rice,Sides,1,3.00,,3.00
7641,1344,53,Vegan Iced Coffee,Coffee,1,5.50,,5.50
7642,1345,40,Bakmi Goreng,Rice & Noodles,1,19.00,,19.00
7643,1345,50,Americano,Coffee,1,4.50,,4.50
7644,1345,40,Bakmi Goreng,Rice & Noodles,1,19.00,,19.00
7645,1345,58,London Fog,Tea,1,5.50,,5.50
7646,1346,34,Curry Mutton,Plant-Based Meat,1,22.00,Gluten Friendly,22.00
7647,1346,28,Ginger Beef,Plant-Based Meat,1,21.00,,21.00
7648,1346,47,Coconut Rice,Sides,1,3.00,,3.00
7649,1347,41,Bihun Goreng,Rice & Noodles,1,18.00,No Cilantro,18.00
7650,1347,12,Wonton Soup,Soups,1,18.00,No Cilantro,18.00
7651,1347,74,Extra Protein,Extras,1,5.00,,5.00
7652,1347,64,Sparkling Yuzu,Drinks,1,8.50,,8.50
7653,1348,31,Spicy Chicken,Plant-Based Meat,1,19.00,,19.00
7654,1348,14,Spicy Curry Noodle Soup,Soups,1,18.00,Less Spicy,18.00
7655,1348,79,Add Noodles (Soup),Extras,1,3.00,,3.00
7656,1348,9,Crispy Chicken Strips,Starters,1,13.00,,13.00
7657,1349,15,Padmanadi Vegetable Deluxe,Veggie & Tofu,1,19.00,Less Spicy,19.00
7658,1349,47,Coconut Rice,Sides,1,3.00,,3.00
7659,1349,14,Spicy Curry Noodle Soup,Soups,1,18.00,,18.00
7660,1349,75,Extra Tofu,Extras,1,4.00,,4.00
7661,1349,62,Iced Lychee,Drinks,1,7.50,,7.50
7662,1349,1,Vegetable Spring Rolls (3pc),Starters,1,6.00,,6.00
7663,1349,70,Panna Cotta,Desserts,1,9.00,,9.00
7664,1350,19,Savory Eggplant,Veggie & Tofu,1,18.00,,18.00
7665,1351,19,Savory Eggplant,Veggie & Tofu,1,18.00,No Mushrooms,18.00
7666,1351,62,Iced Lychee,Drinks,1,7.50,,7.50
7667,1351,26,Chili Tofu,Veggie & Tofu,1,19.00,Extra Spicy,19.00
7668,1351,53,Vegan Iced Coffee,Coffee,1,5.50,,5.50
7669,1352,22,Pan-Fried Broccoli & Cauliflower,Veggie & Tofu,1,18.00,Less Spicy,18.00
7670,1352,56,Organic Tea,Tea,1,3.50,,3.50
7671,1352,12,Wonton Soup,Soups,1,18.00,No Peanuts,18.00
7672,1352,49,Lunch Special,Lunch Special,1,18.00,Entree: Rendang,18.00
7673,1352,65,Iced Passion Fruit Green Tea,Drinks,1,7.00,,7.00
7674,1352,44,Lemongrass Vermicelli Bowl,Rice & Noodles,1,20.00,,20.00
7675,1352,49,Lunch Special,Lunch Special,1,18.00,Entree: Kung Pao Chicken,18.00
7676,1352,67,Raspberry Lime Italian Soda,Drinks,1,6.50,,6.50
7677,1352,4,Satay with Peanut Sauce (3pc),Starters,1,10.00,,10.00
7678,1352,2,Vegetable Spring Rolls (6pc),Starters,1,9.00,,9.00
7679,1352,73,Chocolate Mousse,Desserts,1,9.00,,9.00
7680,1352,72,Vegan Ice Cream,Desserts,1,7.00,,7.00
7681,1353,49,Lunch Special,Lunch Special,1,18.00,Entree: Ginger Beef,18.00
7682,1353,69,Cheesecake,Desserts,1,11.00,,11.00
7683,1354,49,Lunch Special,Lunch Special,1,18.00,Entree: Sweet & Sour Chicken,18.00
7684,1354,49,Lunch Special,Lunch Special,1,18.00,Entree: Chili Tofu,18.00
7685,1354,43,Singapore Noodle,Rice & Noodles,1,19.00,,19.00
7686,1354,56,Organic Tea,Tea,1,3.50,,3.50
7687,1354,72,Vegan Ice Cream,Desserts,1,7.00,,7.00
7688,1355,32,General Tao Chicken,Plant-Based Meat,1,21.00,No Peanuts,21.00
7689,1355,46,Jasmine Rice,Sides,1,2.75,,2.75
7690,1355,75,Extra Tofu,Extras,1,4.00,,4.00
7691,1355,1,Vegetable Spring Rolls (3pc),Starters,1,6.00,,6.00
7692,1356,45,Bali Buddha Bowl,Rice & Noodles,1,18.00,No Onion,18.00
7693,1356,50,Americano,Coffee,1,4.50,,4.50
7694,1356,20,Spicy Coconut Eggplant,Veggie & Tofu,1,18.00,No Mushrooms,18.00
7695,1356,46,Jasmine Rice,Sides,1,2.75,,2.75
7696,1356,33,Curry Chicken,Plant-Based Meat,1,22.00,Allergy: Nuts,22.00
7697,1356,47,Coconut Rice,Sides,1,3.00,,3.00
7698,1356,18,King Oyster Mushroom Gaylan,Veggie & Tofu,1,20.00,Extra Sauce,20.00
7699,1356,49,Lunch Special,Lunch Special,1,18.00,Entree: Chili Green Beans,18.00
7700,1356,56,Organic Tea,Tea,1,3.50,,3.50
7701,1356,49,Lunch Special,Lunch Special,1,18.00,Entree: Rendang,18.00
7702,1356,58,London Fog,Tea,1,5.50,,5.50
7703,1356,1,Vegetable Spring Rolls (3pc),Starters,1,6.00,,6.00
7704,1356,6,Gado Gado,Starters,1,14.00,,14.00
7705,1357,49,Lunch Special,Lunch Special,1,18.00,Entree: Sweet & Sour Nuggets,18.00
7706,1357,49,Lunch Special,Lunch Special,1,18.00,Entree: Curry Mutton,18.00
7707,1357,11,Fried Enoki Mushroom,Starters,1,16.00,,16.00
7708,1357,69,Cheesecake,Desserts,1,11.00,,11.00
7709,1358,45,Bali Buddha Bowl,Rice & Noodles,1,18.00,No Mushrooms,18.00
7710,1359,35,Sweet & Sour Shrimp,Plant-Based Meat,1,20.00,,20.00
7711,1359,58,London Fog,Tea,1,5.50,,5.50
7712,1359,35,Sweet & Sour Shrimp,Plant-Based Meat,1,20.00,No Mushrooms,20.00
7713,1359,38,Rendang,Plant-Based Meat,1,20.00,Extra Spicy,20.00
7714,1360,49,Lunch Special,Lunch Special,1,18.00,Entree: Teriyaki Chicken,18.00
7715,1360,68,Iced Blackberry Hibiscus Tea,Drinks,1,7.00,,7.00
7716,1360,49,Lunch Special,Lunch Special,1,18.00,Entree: Chili Tofu,18.00
7717,1361,49,Lunch Special,Lunch Special,1,18.00,Entree: Ginger Beef,18.00
7718,1361,68,Iced Blackberry Hibiscus Tea,Drinks,1,7.00,,7.00
7719,1361,37,Teriyaki Chicken,Plant-Based Meat,1,19.00,,19.00
7720,1361,51,Soy Latte,Coffee,1,5.50,,5.50
7721,1361,41,Bihun Goreng,Rice & Noodles,1,18.00,No Cilantro,18.00
7722,1361,49,Lunch Special,Lunch Special,1,18.00,Entree: Curry Mutton,18.00
7723,1361,53,Vegan Iced Coffee,Coffee,1,5.50,,5.50
7724,1361,70,Panna Cotta,Desserts,1,9.00,,9.00
7725,1361,70,Panna Cotta,Desserts,1,9.00,,9.00
7726,1362,21,Mapo Tofu,Veggie & Tofu,1,19.00,Extra Spicy,19.00
7727,1362,46,Jasmine Rice,Sides,1,2.75,,2.75
7728,1362,75,Extra Tofu,Extras,1,4.00,,4.00
7729,1362,53,Vegan Iced Coffee,Coffee,1,5.50,,5.50
7730,1362,33,Curry Chicken,Plant-Based Meat,1,22.00,Extra Spicy,22.00
7731,1362,66,Assorted Soft Drinks,Drinks,1,2.50,,2.50
7732,1362,11,Fried Enoki Mushroom,Starters,1,16.00,,16.00
7733,1363,49,Lunch Special,Lunch Special,1,18.00,Entree: Curry Mutton,18.00
7734,1363,62,Iced Lychee,Drinks,1,7.50,,7.50
7735,1363,39,Nasi Goreng,Rice & Noodles,1,18.00,,18.00
7736,1363,53,Vegan Iced Coffee,Coffee,1,5.50,,5.50
7737,1363,70,Panna Cotta,Desserts,1,9.00,,9.00
7738,1364,34,Curry Mutton,Plant-Based Meat,1,22.00,No Mushrooms,22.00
7739,1364,46,Jasmine Rice,Sides,1,2.75,,2.75
7740,1364,62,Iced Lychee,Drinks,1,7.50,,7.50
7741,1364,37,Teriyaki Chicken,Plant-Based Meat,1,19.00,,19.00
7742,1364,49,Lunch Special,Lunch Special,1,18.00,Entree: Sweet & Sour Chicken,18.00
7743,1364,62,Iced Lychee,Drinks,1,7.50,,7.50
7744,1365,37,Teriyaki Chicken,Plant-Based Meat,1,19.00,,19.00
7745,1365,50,Americano,Coffee,1,4.50,,4.50
7746,1365,14,Spicy Curry Noodle Soup,Soups,1,18.00,,18.00
7747,1365,56,Organic Tea,Tea,1,3.50,,3.50
7748,1365,28,Ginger Beef,Plant-Based Meat,1,21.00,,21.00
7749,1365,50,Americano,Coffee,1,4.50,,4.50
7750,1365,30,Sweet & Sour Chicken,Plant-Based Meat,1,19.00,,19.00
7751,1365,47,Coconut Rice,Sides,1,3.00,,3.00
7752,1365,15,Padmanadi Vegetable Deluxe,Veggie & Tofu,1,19.00,Gluten Friendly,19.00
7753,1365,47,Coconut Rice,Sides,1,3.00,,3.00
7754,1365,66,Assorted Soft Drinks,Drinks,1,2.50,,2.50
7755,1365,37,Teriyaki Chicken,Plant-Based Meat,1,19.00,Extra Spicy,19.00
7756,1365,47,Coconut Rice,Sides,1,3.00,,3.00
7757,1365,70,Panna Cotta,Desserts,1,9.00,,9.00
7758,1366,32,General Tao Chicken,Plant-Based Meat,1,21.00,,21.00
7759,1366,46,Jasmine Rice,Sides,1,2.75,,2.75
7760,1366,22,Pan-Fried Broccoli & Cauliflower,Veggie & Tofu,1,18.00,,18.00
7761,1366,46,Jasmine Rice,Sides,1,2.75,,2.75
7762,1366,62,Iced Lychee,Drinks,1,7.50,,7.50
7763,1366,39,Nasi Goreng,Rice & Noodles,1,18.00,No Mushrooms,18.00
7764,1366,67,Raspberry Lime Italian Soda,Drinks,1,6.50,,6.50
7765,1366,7,Roti Canai,Starters,1,13.00,,13.00
7766,1367,22,Pan-Fried Broccoli & Cauliflower,Veggie & Tofu,1,18.00,,18.00
7767,1367,69,Cheesecake,Desserts,1,11.00,,11.00
7768,1368,49,Lunch Special,Lunch Special,1,18.00,Entree: Curried Tofu w/ Vegetables,18.00
7769,1369,49,Lunch Special,Lunch Special,1,18.00,Entree: Kung Pao Chicken,18.00
7770,1369,49,Lunch Special,Lunch Special,1,18.00,Entree: Chili Green Beans,18.00
7771,1369,38,Rendang,Plant-Based Meat,1,20.00,No Cilantro,20.00
7772,1369,49,Lunch Special,Lunch Special,1,18.00,Entree: Chili Green Beans,18.00
7773,1369,55,Decaf Coffee,Coffee,1,4.50,,4.50
7774,1369,49,Lunch Special,Lunch Special,1,18.00,Entree: Sweet & Sour Nuggets,18.00
7775,1369,52,Soy Mocha,Coffee,1,6.00,,6.00
7776,1369,33,Curry Chicken,Plant-Based Meat,1,22.00,,22.00
7777,1369,46,Jasmine Rice,Sides,1,2.75,,2.75
7778,1369,60,Matcha Latte,Tea,1,6.50,,6.50
7779,1369,9,Crispy Chicken Strips,Starters,1,13.00,,13.00
7780,1369,8,Breaded Cauliflower Bites,Starters,1,13.00,,13.00
7781,1370,49,Lunch Special,Lunch Special,1,18.00,Entree: Kung Pao Chicken,18.00
7782,1370,77,Sub Coconut Rice (+1),Extras,1,1.00,,1.00
7783,1370,23,Curry Vegetables & Tofu,Veggie & Tofu,1,20.00,,20.00
7784,1370,56,Organic Tea,Tea,1,3.50,,3.50
7785,1371,20,Spicy Coconut Eggplant,Veggie & Tofu,1,18.00,Gluten Friendly,18.00
7786,1371,46,Jasmine Rice,Sides,1,2.75,,2.75
7787,1371,61,Iced Oat Strawberry Matcha,Tea,1,8.50,,8.50
7788,1371,49,Lunch Special,Lunch Special,1,18.00,Entree: Teriyaki Chicken,18.00
7789,1371,53,Vegan Iced Coffee,Coffee,1,5.50,,5.50
7790,1371,32,General Tao Chicken,Plant-Based Meat,1,21.00,,21.00
7791,1371,47,Coconut Rice,Sides,1,3.00,,3.00
7792,1371,68,Iced Blackberry Hibiscus Tea,Drinks,1,7.00,,7.00
7793,1371,7,Roti Canai,Starters,1,13.00,,13.00
7794,1372,34,Curry Mutton,Plant-Based Meat,1,22.00,No Cilantro,22.00
7795,1372,46,Jasmine Rice,Sides,1,2.75,,2.75
7796,1372,40,Bakmi Goreng,Rice & Noodles,1,19.00,,19.00
7797,1372,66,Assorted Soft Drinks,Drinks,1,2.50,,2.50
7798,1372,9,Crispy Chicken Strips,Starters,1,13.00,,13.00
7799,1373,49,Lunch Special,Lunch Special,1,18.00,Entree: Rendang,18.00
7800,1373,66,Assorted Soft Drinks,Drinks,1,2.50,,2.50
7801,1373,32,General Tao Chicken,Plant-Based Meat,1,21.00,Extra Sauce,21.00
7802,1373,57,Soy Chai Latte,Tea,1,5.50,,5.50
7803,1374,40,Bakmi Goreng,Rice & Noodles,1,19.00,No Peanuts,19.00
7804,1374,27,Kung Pao Chicken,Plant-Based Meat,1,20.00,,20.00
7805,1374,68,Iced Blackberry Hibiscus Tea,Drinks,1,7.00,,7.00
7806,1374,23,Curry Vegetables & Tofu,Veggie & Tofu,1,20.00,,20.00
7807,1374,76,Extra Veggies,Extras,1,4.00,,4.00
7808,1374,50,Americano,Coffee,1,4.50,,4.50
7809,1374,49,Lunch Special,Lunch Special,1,18.00,Entree: Rendang,18.00
7810,1374,53,Vegan Iced Coffee,Coffee,1,5.50,,5.50
7811,1374,32,General Tao Chicken,Plant-Based Meat,1,21.00,Gluten Friendly,21.00
7812,1374,48,Brown Rice,Sides,1,3.00,,3.00
7813,1374,62,Iced Lychee,Drinks,1,7.50,,7.50
7814,1375,49,Lunch Special,Lunch Special,1,18.00,Entree: Curried Tofu w/ Vegetables,18.00
7815,1375,58,London Fog,Tea,1,5.50,,5.50
7816,1375,49,Lunch Special,Lunch Special,1,18.00,Entree: Savory Eggplant,18.00
7817,1375,67,Raspberry Lime Italian Soda,Drinks,1,6.50,,6.50
7818,1375,2,Vegetable Spring Rolls (6pc),Starters,1,9.00,,9.00
7819,1376,19,Savory Eggplant,Veggie & Tofu,1,18.00,No Mushrooms,18.00
7820,1376,63,Iced Pineapple,Drinks,1,7.50,,7.50
7821,1376,39,Nasi Goreng,Rice & Noodles,1,18.00,,18.00
7822,1376,66,Assorted Soft Drinks,Drinks,1,2.50,,2.50
7823,1376,7,Roti Canai,Starters,1,13.00,,13.00
7824,1376,69,Cheesecake,Desserts,1,11.00,,11.00
7825,1377,38,Rendang,Plant-Based Meat,1,20.00,No Cilantro,20.00
7826,1377,51,Soy Latte,Coffee,1,5.50,,5.50
7827,1377,20,Spicy Coconut Eggplant,Veggie & Tofu,1,18.00,Sauce on Side,18.00
7828,1377,48,Brown Rice,Sides,1,3.00,,3.00
7829,1378,40,Bakmi Goreng,Rice & Noodles,1,19.00,Extra Spicy,19.00
7830,1378,62,Iced Lychee,Drinks,1,7.50,,7.50
7831,1378,49,Lunch Special,Lunch Special,1,18.00,Entree: Chili Tofu,18.00
7832,1378,49,Lunch Special,Lunch Special,1,18.00,Entree: Chili Green Beans,18.00
7833,1378,2,Vegetable Spring Rolls (6pc),Starters,1,9.00,,9.00
7834,1379,27,Kung Pao Chicken,Plant-Based Meat,1,20.00,No Onion,20.00
7835,1379,67,Raspberry Lime Italian Soda,Drinks,1,6.50,,6.50
7836,1379,49,Lunch Special,Lunch Special,1,18.00,Entree: Sweet & Sour Chicken,18.00
7837,1379,50,Americano,Coffee,1,4.50,,4.50
7838,1380,32,General Tao Chicken,Plant-Based Meat,1,21.00,Allergy: Nuts,21.00
7839,1380,48,Brown Rice,Sides,1,3.00,,3.00
7840,1380,2,Vegetable Spring Rolls (6pc),Starters,1,9.00,,9.00
7841,1381,49,Lunch Special,Lunch Special,1,18.00,Entree: Padmanadi Veg Deluxe,18.00
7842,1381,22,Pan-Fried Broccoli & Cauliflower,Veggie & Tofu,1,18.00,No Mushrooms,18.00
7843,1381,47,Coconut Rice,Sides,1,3.00,,3.00
7844,1381,67,Raspberry Lime Italian Soda,Drinks,1,6.50,,6.50
7845,1381,28,Ginger Beef,Plant-Based Meat,1,21.00,No Peanuts,21.00
7846,1381,53,Vegan Iced Coffee,Coffee,1,5.50,,5.50
7847,1381,49,Lunch Special,Lunch Special,1,18.00,Entree: Rendang,18.00
7848,1382,38,Rendang,Plant-Based Meat,1,20.00,,20.00
7849,1382,17,Spicy String Beans,Veggie & Tofu,1,19.00,,19.00
7850,1382,66,Assorted Soft Drinks,Drinks,1,2.50,,2.50
7851,1383,49,Lunch Special,Lunch Special,1,18.00,Entree: Curried Tofu w/ Vegetables,18.00
7852,1383,66,Assorted Soft Drinks,Drinks,1,2.50,,2.50
7853,1383,49,Lunch Special,Lunch Special,1,18.00,Entree: Rendang,18.00
7854,1383,78,Sub Brown Rice (+1),Extras,1,1.00,,1.00
7855,1384,16,Chili Green Beans,Veggie & Tofu,1,19.00,Sauce on Side,19.00
7856,1384,28,Ginger Beef,Plant-Based Meat,1,21.00,,21.00
7857,1384,54,Iced Brown Sugar Oat Latte,Coffee,1,6.50,,6.50
7858,1384,69,Cheesecake,Desserts,1,11.00,,11.00
7859,1385,49,Lunch Special,Lunch Special,1,18.00,Entree: Curried Tofu w/ Vegetables,18.00
7860,1385,49,Lunch Special,Lunch Special,1,18.00,Entree: Curry Mutton,18.00
7861,1385,50,Americano,Coffee,1,4.50,,4.50
7862,1385,49,Lunch Special,Lunch Special,1,18.00,Entree: Chili Tofu,18.00
7863,1385,38,Rendang,Plant-Based Meat,1,20.00,,20.00
7864,1385,46,Jasmine Rice,Sides,1,2.75,,2.75
7865,1385,76,Extra Veggies,Extras,1,4.00,,4.00
7866,1385,51,Soy Latte,Coffee,1,5.50,,5.50
7867,1385,23,Curry Vegetables & Tofu,Veggie & Tofu,1,20.00,Less Spicy,20.00
7868,1385,23,Curry Vegetables & Tofu,Veggie & Tofu,1,20.00,,20.00
7869,1385,46,Jasmine Rice,Sides,1,2.75,,2.75
7870,1385,4,Satay with Peanut Sauce (3pc),Starters,1,10.00,,10.00
7871,1386,28,Ginger Beef,Plant-Based Meat,1,21.00,,21.00
7872,1386,48,Brown Rice,Sides,1,3.00,,3.00
7873,1386,53,Vegan Iced Coffee,Coffee,1,5.50,,5.50
7874,1386,49,Lunch Special,Lunch Special,1,18.00,Entree: Padmanadi Veg Deluxe,18.00
7875,1386,50,Americano,Coffee,1,4.50,,4.50
7876,1386,7,Roti Canai,Starters,1,13.00,,13.00
7877,1387,33,Curry Chicken,Plant-Based Meat,1,22.00,,22.00
7878,1387,47,Coconut Rice,Sides,1,3.00,,3.00
7879,1387,76,Extra Veggies,Extras,1,4.00,,4.00
7880,1387,67,Raspberry Lime Italian Soda,Drinks,1,6.50,,6.50
7881,1387,39,Nasi Goreng,Rice & Noodles,1,18.00,,18.00
7882,1388,49,Lunch Special,Lunch Special,1,18.00,Entree: Curried Tofu w/ Vegetables,18.00
7883,1388,12,Wonton Soup,Soups,1,18.00,,18.00
7884,1388,26,Chili Tofu,Veggie & Tofu,1,19.00,,19.00
7885,1388,47,Coconut Rice,Sides,1,3.00,,3.00
7886,1388,2,Vegetable Spring Rolls (6pc),Starters,1,9.00,,9.00
7887,1389,30,Sweet & Sour Chicken,Plant-Based Meat,1,19.00,No Mushrooms,19.00
7888,1389,75,Extra Tofu,Extras,1,4.00,,4.00
7889,1389,68,Iced Blackberry Hibiscus Tea,Drinks,1,7.00,,7.00
7890,1389,49,Lunch Special,Lunch Special,1,18.00,Entree: Curry Mutton,18.00
7891,1389,58,London Fog,Tea,1,5.50,,5.50
7892,1390,27,Kung Pao Chicken,Plant-Based Meat,1,20.00,No Mushrooms,20.00
7893,1390,56,Organic Tea,Tea,1,3.50,,3.50
7894,1390,49,Lunch Special,Lunch Special,1,18.00,Entree: Kung Pao Chicken,18.00
7895,1390,9,Crispy Chicken Strips,Starters,1,13.00,,13.00
7896,1391,49,Lunch Special,Lunch Special,1,18.00,Entree: Curry Mutton,18.00
7897,1391,49,Lunch Special,Lunch Special,1,18.00,Entree: Chili Tofu,18.00
7898,1391,49,Lunch Special,Lunch Special,1,18.00,Entree: Rendang,18.00
7899,1391,77,Sub Coconut Rice (+1),Extras,1,1.00,,1.00
7900,1391,53,Vegan Iced Coffee,Coffee,1,5.50,,5.50
7901,1391,49,Lunch Special,Lunch Special,1,18.00,Entree: Curry Mutton,18.00
7902,1391,56,Organic Tea,Tea,1,3.50,,3.50
7903,1392,49,Lunch Special,Lunch Special,1,18.00,Entree: Savory Eggplant,18.00
7904,1392,54,Iced Brown Sugar Oat Latte,Coffee,1,6.50,,6.50
7905,1392,49,Lunch Special,Lunch Special,1,18.00,Entree: Teriyaki Chicken,18.00
7906,1392,66,Assorted Soft Drinks,Drinks,1,2.50,,2.50
7907,1392,44,Lemongrass Vermicelli Bowl,Rice & Noodles,1,20.00,Less Spicy,20.00
7908,1392,63,Iced Pineapple,Drinks,1,7.50,,7.50
7909,1392,49,Lunch Special,Lunch Special,1,18.00,Entree: Savory Eggplant,18.00
7910,1392,4,Satay with Peanut Sauce (3pc),Starters,1,10.00,,10.00
7911,1392,72,Vegan Ice Cream,Desserts,1,7.00,,7.00
7912,1393,23,Curry Vegetables & Tofu,Veggie & Tofu,1,20.00,,20.00
7913,1393,51,Soy Latte,Coffee,1,5.50,,5.50
7914,1393,30,Sweet & Sour Chicken,Plant-Based Meat,1,19.00,Allergy: Nuts,19.00
7915,1394,49,Lunch Special,Lunch Special,1,18.00,Entree: Kung Pao Chicken,18.00
7916,1394,78,Sub Brown Rice (+1),Extras,1,1.00,,1.00
7917,1394,28,Ginger Beef,Plant-Based Meat,1,21.00,No Onion,21.00
7918,1394,6,Gado Gado,Starters,1,14.00,,14.00
7919,1395,34,Curry Mutton,Plant-Based Meat,1,22.00,,22.00
7920,1395,47,Coconut Rice,Sides,1,3.00,,3.00
7921,1395,52,Soy Mocha,Coffee,1,6.00,,6.00
7922,1395,49,Lunch Special,Lunch Special,1,18.00,Entree: Spicy Nuggets,18.00
7923,1395,61,Iced Oat Strawberry Matcha,Tea,1,8.50,,8.50
7924,1396,49,Lunch Special,Lunch Special,1,18.00,Entree: Ginger Beef,18.00
7925,1396,4,Satay with Peanut Sauce (3pc),Starters,1,10.00,,10.00
7926,1397,49,Lunch Special,Lunch Special,1,18.00,Entree: Sweet & Sour Chicken,18.00
7927,1397,31,Spicy Chicken,Plant-Based Meat,1,19.00,No Mushrooms,19.00
7928,1397,46,Jasmine Rice,Sides,1,2.75,,2.75
7929,1397,63,Iced Pineapple,Drinks,1,7.50,,7.50
7930,1397,49,Lunch Special,Lunch Special,1,18.00,Entree: Chili Green Beans,18.00
7931,1397,14,Spicy Curry Noodle Soup,Soups,1,18.00,,18.00
7932,1397,60,Matcha Latte,Tea,1,6.50,,6.50
7933,1397,11,Fried Enoki Mushroom,Starters,1,16.00,,16.00
7934,1398,34,Curry Mutton,Plant-Based Meat,1,22.00,No Mushrooms,22.00
7935,1398,48,Brown Rice,Sides,1,3.00,,3.00
7936,1398,53,Vegan Iced Coffee,Coffee,1,5.50,,5.50
7937,1399,38,Rendang,Plant-Based Meat,1,20.00,,20.00
7938,1399,46,Jasmine Rice,Sides,1,2.75,,2.75
7939,1399,50,Americano,Coffee,1,4.50,,4.50
7940,1399,45,Bali Buddha Bowl,Rice & Noodles,1,18.00,,18.00
7941,1399,57,Soy Chai Latte,Tea,1,5.50,,5.50
7942,1400,38,Rendang,Plant-Based Meat,1,20.00,No Mushrooms,20.00
7943,1400,43,Singapore Noodle,Rice & Noodles,1,19.00,,19.00
7944,1401,35,Sweet & Sour Shrimp,Plant-Based Meat,1,20.00,Extra Sauce,20.00
7945,1401,67,Raspberry Lime Italian Soda,Drinks,1,6.50,,6.50
7946,1402,41,Bihun Goreng,Rice & Noodles,1,18.00,,18.00
7947,1402,75,Extra Tofu,Extras,1,4.00,,4.00
7948,1403,44,Lemongrass Vermicelli Bowl,Rice & Noodles,1,20.00,,20.00
7949,1403,50,Americano,Coffee,1,4.50,,4.50
7950,1403,20,Spicy Coconut Eggplant,Veggie & Tofu,1,18.00,,18.00
7951,1403,48,Brown Rice,Sides,1,3.00,,3.00
7952,1403,43,Singapore Noodle,Rice & Noodles,1,19.00,,19.00
7953,1403,60,Matcha Latte,Tea,1,6.50,,6.50
7954,1403,71,Fried Banana with Coconut Ice Cream,Desserts,1,13.00,,13.00
7955,1404,28,Ginger Beef,Plant-Based Meat,1,21.00,Allergy: Nuts,21.00
7956,1404,48,Brown Rice,Sides,1,3.00,,3.00
7957,1404,39,Nasi Goreng,Rice & Noodles,1,18.00,,18.00
7958,1404,74,Extra Protein,Extras,1,5.00,,5.00
7959,1404,66,Assorted Soft Drinks,Drinks,1,2.50,,2.50
7960,1404,13,Tom Yum Soup,Soups,1,18.00,No Onion,18.00
7961,1404,54,Iced Brown Sugar Oat Latte,Coffee,1,6.50,,6.50
7962,1405,32,General Tao Chicken,Plant-Based Meat,1,21.00,,21.00
7963,1405,46,Jasmine Rice,Sides,1,2.75,,2.75
7964,1405,53,Vegan Iced Coffee,Coffee,1,5.50,,5.50
7965,1405,40,Bakmi Goreng,Rice & Noodles,1,19.00,Less Spicy,19.00
7966,1405,63,Iced Pineapple,Drinks,1,7.50,,7.50
7967,1405,27,Kung Pao Chicken,Plant-Based Meat,1,20.00,,20.00
7968,1405,62,Iced Lychee,Drinks,1,7.50,,7.50
7969,1405,40,Bakmi Goreng,Rice & Noodles,1,19.00,Allergy: Nuts,19.00
7970,1405,56,Organic Tea,Tea,1,3.50,,3.50
7971,1405,9,Crispy Chicken Strips,Starters,1,13.00,,13.00
7972,1405,69,Cheesecake,Desserts,1,11.00,,11.00
7973,1405,71,Fried Banana with Coconut Ice Cream,Desserts,1,13.00,,13.00
7974,1406,20,Spicy Coconut Eggplant,Veggie & Tofu,1,18.00,Gluten Friendly,18.00
7975,1406,46,Jasmine Rice,Sides,1,2.75,,2.75
7976,1406,60,Matcha Latte,Tea,1,6.50,,6.50
7977,1406,9,Crispy Chicken Strips,Starters,1,13.00,,13.00
7978,1407,28,Ginger Beef,Plant-Based Meat,1,21.00,No Mushrooms,21.00
7979,1407,47,Coconut Rice,Sides,1,3.00,,3.00
7980,1407,43,Singapore Noodle,Rice & Noodles,1,19.00,No Onion,19.00
7981,1407,65,Iced Passion Fruit Green Tea,Drinks,1,7.00,,7.00
7982,1407,31,Spicy Chicken,Plant-Based Meat,1,19.00,,19.00
7983,1407,46,Jasmine Rice,Sides,1,2.75,,2.75
7984,1407,54,Iced Brown Sugar Oat Latte,Coffee,1,6.50,,6.50
7985,1408,25,Mushroom Tofu,Veggie & Tofu,1,19.00,,19.00
7986,1408,75,Extra Tofu,Extras,1,4.00,,4.00
7987,1408,51,Soy Latte,Coffee,1,5.50,,5.50
7988,1408,32,General Tao Chicken,Plant-Based Meat,1,21.00,,21.00
7989,1408,48,Brown Rice,Sides,1,3.00,,3.00
7990,1408,19,Savory Eggplant,Veggie & Tofu,1,18.00,,18.00
7991,1409,21,Mapo Tofu,Veggie & Tofu,1,19.00,,19.00
7992,1409,36,Spicy Shrimp,Plant-Based Meat,1,20.00,No Onion,20.00
7993,1409,24,Tempeh Pulau,Veggie & Tofu,1,20.00,,20.00
7994,1409,48,Brown Rice,Sides,1,3.00,,3.00
7995,1409,61,Iced Oat Strawberry Matcha,Tea,1,8.50,,8.50
7996,1409,26,Chili Tofu,Veggie & Tofu,1,19.00,,19.00
7997,1409,7,Roti Canai,Starters,1,13.00,,13.00
7998,1410,13,Tom Yum Soup,Soups,1,18.00,,18.00
7999,1410,79,Add Noodles (Soup),Extras,1,3.00,,3.00
8000,1410,64,Sparkling Yuzu,Drinks,1,8.50,,8.50
8001,1410,40,Bakmi Goreng,Rice & Noodles,1,19.00,,19.00
8002,1410,54,Iced Brown Sugar Oat Latte,Coffee,1,6.50,,6.50
8003,1410,1,Vegetable Spring Rolls (3pc),Starters,1,6.00,,6.00
8004,1411,41,Bihun Goreng,Rice & Noodles,1,18.00,Gluten Friendly,18.00
8005,1411,53,Vegan Iced Coffee,Coffee,1,5.50,,5.50
8006,1411,9,Crispy Chicken Strips,Starters,1,13.00,,13.00
8007,1412,24,Tempeh Pulau,Veggie & Tofu,1,20.00,,20.00
8008,1412,28,Ginger Beef,Plant-Based Meat,1,21.00,Extra Spicy,21.00
8009,1412,48,Brown Rice,Sides,1,3.00,,3.00
8010,1412,69,Cheesecake,Desserts,1,11.00,,11.00
8011,1413,16,Chili Green Beans,Veggie & Tofu,1,19.00,Gluten Friendly,19.00
8012,1413,41,Bihun Goreng,Rice & Noodles,1,18.00,Sauce on Side,18.00
8013,1413,66,Assorted Soft Drinks,Drinks,1,2.50,,2.50
8014,1414,25,Mushroom Tofu,Veggie & Tofu,1,19.00,,19.00
8015,1414,75,Extra Tofu,Extras,1,4.00,,4.00
8016,1414,34,Curry Mutton,Plant-Based Meat,1,22.00,No Peanuts,22.00
8017,1414,48,Brown Rice,Sides,1,3.00,,3.00
8018,1414,7,Roti Canai,Starters,1,13.00,,13.00
8019,1415,30,Sweet & Sour Chicken,Plant-Based Meat,1,19.00,No Cilantro,19.00
8020,1415,47,Coconut Rice,Sides,1,3.00,,3.00
8021,1415,26,Chili Tofu,Veggie & Tofu,1,19.00,,19.00
8022,1415,43,Singapore Noodle,Rice & Noodles,1,19.00,Gluten Friendly,19.00
8023,1415,63,Iced Pineapple,Drinks,1,7.50,,7.50
8024,1415,31,Spicy Chicken,Plant-Based Meat,1,19.00,Sauce on Side,19.00
8025,1415,48,Brown Rice,Sides,1,3.00,,3.00
8026,1415,40,Bakmi Goreng,Rice & Noodles,1,19.00,,19.00
8027,1415,64,Sparkling Yuzu,Drinks,1,8.50,,8.50
8028,1416,25,Mushroom Tofu,Veggie & Tofu,1,19.00,Extra Spicy,19.00
8029,1416,53,Vegan Iced Coffee,Coffee,1,5.50,,5.50
8030,1416,13,Tom Yum Soup,Soups,1,18.00,,18.00
8031,1416,79,Add Noodles (Soup),Extras,1,3.00,,3.00
8032,1416,22,Pan-Fried Broccoli & Cauliflower,Veggie & Tofu,1,18.00,,18.00
8033,1416,46,Jasmine Rice,Sides,1,2.75,,2.75
8034,1416,75,Extra Tofu,Extras,1,4.00,,4.00
8035,1416,54,Iced Brown Sugar Oat Latte,Coffee,1,6.50,,6.50
8036,1416,26,Chili Tofu,Veggie & Tofu,1,19.00,Sauce on Side,19.00
8037,1416,4,Satay with Peanut Sauce (3pc),Starters,1,10.00,,10.00
8038,1416,71,Fried Banana with Coconut Ice Cream,Desserts,1,13.00,,13.00
8039,1416,69,Cheesecake,Desserts,1,11.00,,11.00
8040,1417,40,Bakmi Goreng,Rice & Noodles,1,19.00,,19.00
8041,1417,61,Iced Oat Strawberry Matcha,Tea,1,8.50,,8.50
8042,1417,4,Satay with Peanut Sauce (3pc),Starters,1,10.00,,10.00
8043,1418,25,Mushroom Tofu,Veggie & Tofu,1,19.00,,19.00
8044,1418,46,Jasmine Rice,Sides,1,2.75,,2.75
8045,1418,37,Teriyaki Chicken,Plant-Based Meat,1,19.00,,19.00
8046,1418,43,Singapore Noodle,Rice & Noodles,1,19.00,,19.00
8047,1419,21,Mapo Tofu,Veggie & Tofu,1,19.00,Sauce on Side,19.00
8048,1419,47,Coconut Rice,Sides,1,3.00,,3.00
8049,1419,30,Sweet & Sour Chicken,Plant-Based Meat,1,19.00,Allergy: Nuts,19.00
8050,1419,39,Nasi Goreng,Rice & Noodles,1,18.00,Gluten Friendly,18.00
8051,1419,28,Ginger Beef,Plant-Based Meat,1,21.00,Sauce on Side,21.00
8052,1419,66,Assorted Soft Drinks,Drinks,1,2.50,,2.50
8053,1419,5,Deep Fried Tofu,Starters,1,13.00,,13.00
8054,1420,43,Singapore Noodle,Rice & Noodles,1,19.00,,19.00
8055,1420,59,Hot Chocolate,Tea,1,5.00,,5.00
8056,1420,30,Sweet & Sour Chicken,Plant-Based Meat,1,19.00,No Onion,19.00
8057,1420,46,Jasmine Rice,Sides,1,2.75,,2.75
8058,1420,59,Hot Chocolate,Tea,1,5.00,,5.00
8059,1420,32,General Tao Chicken,Plant-Based Meat,1,21.00,,21.00
8060,1420,46,Jasmine Rice,Sides,1,2.75,,2.75
8061,1420,55,Decaf Coffee,Coffee,1,4.50,,4.50
8062,1420,27,Kung Pao Chicken,Plant-Based Meat,1,20.00,Extra Sauce,20.00
8063,1420,48,Brown Rice,Sides,1,3.00,,3.00
8064,1420,2,Vegetable Spring Rolls (6pc),Starters,1,9.00,,9.00
8065,1420,2,Vegetable Spring Rolls (6pc),Starters,1,9.00,,9.00
8066,1421,34,Curry Mutton,Plant-Based Meat,1,22.00,,22.00
8067,1421,46,Jasmine Rice,Sides,1,2.75,,2.75
8068,1421,66,Assorted Soft Drinks,Drinks,1,2.50,,2.50
8069,1421,19,Savory Eggplant,Veggie & Tofu,1,18.00,,18.00
8070,1421,46,Jasmine Rice,Sides,1,2.75,,2.75
8071,1421,28,Ginger Beef,Plant-Based Meat,1,21.00,Extra Sauce,21.00
8072,1421,46,Jasmine Rice,Sides,1,2.75,,2.75
8073,1421,60,Matcha Latte,Tea,1,6.50,,6.50
8074,1421,1,Vegetable Spring Rolls (3pc),Starters,1,6.00,,6.00
8075,1422,16,Chili Green Beans,Veggie & Tofu,1,19.00,Sauce on Side,19.00
8076,1423,44,Lemongrass Vermicelli Bowl,Rice & Noodles,1,20.00,Sauce on Side,20.00
8077,1423,51,Soy Latte,Coffee,1,5.50,,5.50
8078,1423,21,Mapo Tofu,Veggie & Tofu,1,19.00,Sauce on Side,19.00
8079,1423,46,Jasmine Rice,Sides,1,2.75,,2.75
8080,1423,52,Soy Mocha,Coffee,1,6.00,,6.00
8081,1423,29,Dendeng,Plant-Based Meat,1,20.00,,20.00
8082,1423,28,Ginger Beef,Plant-Based Meat,1,21.00,,21.00
8083,1424,20,Spicy Coconut Eggplant,Veggie & Tofu,1,18.00,,18.00
8084,1424,48,Brown Rice,Sides,1,3.00,,3.00
8085,1424,66,Assorted Soft Drinks,Drinks,1,2.50,,2.50
8086,1424,14,Spicy Curry Noodle Soup,Soups,1,18.00,No Onion,18.00
8087,1424,51,Soy Latte,Coffee,1,5.50,,5.50
8088,1425,33,Curry Chicken,Plant-Based Meat,1,22.00,,22.00
8089,1425,74,Extra Protein,Extras,1,5.00,,5.00
8090,1425,31,Spicy Chicken,Plant-Based Meat,1,19.00,Allergy: Nuts,19.00
8091,1425,2,Vegetable Spring Rolls (6pc),Starters,1,9.00,,9.00
8092,1425,73,Chocolate Mousse,Desserts,1,9.00,,9.00
8093,1425,69,Cheesecake,Desserts,1,11.00,,11.00
8094,1426,32,General Tao Chicken,Plant-Based Meat,1,21.00,,21.00
8095,1426,47,Coconut Rice,Sides,1,3.00,,3.00
8096,1426,67,Raspberry Lime Italian Soda,Drinks,1,6.50,,6.50
8097,1426,33,Curry Chicken,Plant-Based Meat,1,22.00,No Onion,22.00
8098,1426,46,Jasmine Rice,Sides,1,2.75,,2.75
8099,1426,66,Assorted Soft Drinks,Drinks,1,2.50,,2.50
8100,1426,36,Spicy Shrimp,Plant-Based Meat,1,20.00,,20.00
8101,1426,46,Jasmine Rice,Sides,1,2.75,,2.75
8102,1426,52,Soy Mocha,Coffee,1,6.00,,6.00
8103,1426,21,Mapo Tofu,Veggie & Tofu,1,19.00,,19.00
8104,1426,46,Jasmine Rice,Sides,1,2.75,,2.75
8105,1426,71,Fried Banana with Coconut Ice Cream,Desserts,1,13.00,,13.00
8106,1427,32,General Tao Chicken,Plant-Based Meat,1,21.00,Sauce on Side,21.00
8107,1427,48,Brown Rice,Sides,1,3.00,,3.00
8108,1427,74,Extra Protein,Extras,1,5.00,,5.00
8109,1428,28,Ginger Beef,Plant-Based Meat,1,21.00,,21.00
8110,1428,47,Coconut Rice,Sides,1,3.00,,3.00
8111,1428,65,Iced Passion Fruit Green Tea,Drinks,1,7.00,,7.00
8112,1428,32,General Tao Chicken,Plant-Based Meat,1,21.00,,21.00
8113,1428,47,Coconut Rice,Sides,1,3.00,,3.00
8114,1428,62,Iced Lychee,Drinks,1,7.50,,7.50
8115,1428,34,Curry Mutton,Plant-Based Meat,1,22.00,No Peanuts,22.00
8116,1428,48,Brown Rice,Sides,1,3.00,,3.00
8117,1428,62,Iced Lychee,Drinks,1,7.50,,7.50
8118,1428,39,Nasi Goreng,Rice & Noodles,1,18.00,,18.00
8119,1428,76,Extra Veggies,Extras,1,4.00,,4.00
8120,1428,57,Soy Chai Latte,Tea,1,5.50,,5.50
8121,1428,5,Deep Fried Tofu,Starters,1,13.00,,13.00
8122,1429,27,Kung Pao Chicken,Plant-Based Meat,1,20.00,No Mushrooms,20.00
8123,1429,46,Jasmine Rice,Sides,1,2.75,,2.75
8124,1429,45,Bali Buddha Bowl,Rice & Noodles,1,18.00,,18.00
8125,1429,75,Extra Tofu,Extras,1,4.00,,4.00
8126,1429,57,Soy Chai Latte,Tea,1,5.50,,5.50
8127,1429,36,Spicy Shrimp,Plant-Based Meat,1,20.00,No Cilantro,20.00
8128,1429,59,Hot Chocolate,Tea,1,5.00,,5.00
8129,1429,70,Panna Cotta,Desserts,1,9.00,,9.00
8130,1429,71,Fried Banana with Coconut Ice Cream,Desserts,1,13.00,,13.00
8131,1430,37,Teriyaki Chicken,Plant-Based Meat,1,19.00,,19.00
8132,1430,46,Jasmine Rice,Sides,1,2.75,,2.75
8133,1430,50,Americano,Coffee,1,4.50,,4.50
8134,1430,23,Curry Vegetables & Tofu,Veggie & Tofu,1,20.00,,20.00
8135,1430,50,Americano,Coffee,1,4.50,,4.50
8136,1430,37,Teriyaki Chicken,Plant-Based Meat,1,19.00,No Mushrooms,19.00
8137,1430,66,Assorted Soft Drinks,Drinks,1,2.50,,2.50
8138,1430,24,Tempeh Pulau,Veggie & Tofu,1,20.00,,20.00
8139,1430,46,Jasmine Rice,Sides,1,2.75,,2.75
8140,1430,9,Crispy Chicken Strips,Starters,1,13.00,,13.00
8141,1431,42,Kwetiau Goreng,Rice & Noodles,1,19.00,,19.00
8142,1431,35,Sweet & Sour Shrimp,Plant-Based Meat,1,20.00,No Peanuts,20.00
8143,1431,48,Brown Rice,Sides,1,3.00,,3.00
8144,1431,53,Vegan Iced Coffee,Coffee,1,5.50,,5.50
8145,1431,10,Bean Curd Drumsticks,Starters,1,13.00,,13.00
8146,1432,27,Kung Pao Chicken,Plant-Based Meat,1,20.00,,20.00
8147,1432,66,Assorted Soft Drinks,Drinks,1,2.50,,2.50
8148,1432,1,Vegetable Spring Rolls (3pc),Starters,1,6.00,,6.00
8149,1433,12,Wonton Soup,Soups,1,18.00,,18.00
8150,1433,53,Vegan Iced Coffee,Coffee,1,5.50,,5.50
8151,1433,39,Nasi Goreng,Rice & Noodles,1,18.00,No Mushrooms,18.00
8152,1433,74,Extra Protein,Extras,1,5.00,,5.00
8153,1433,62,Iced Lychee,Drinks,1,7.50,,7.50
8154,1434,33,Curry Chicken,Plant-Based Meat,1,22.00,Less Spicy,22.00
8155,1434,46,Jasmine Rice,Sides,1,2.75,,2.75
8156,1434,68,Iced Blackberry Hibiscus Tea,Drinks,1,7.00,,7.00
8157,1434,26,Chili Tofu,Veggie & Tofu,1,19.00,,19.00
8158,1435,15,Padmanadi Vegetable Deluxe,Veggie & Tofu,1,19.00,Allergy: Nuts,19.00
8159,1435,46,Jasmine Rice,Sides,1,2.75,,2.75
8160,1436,12,Wonton Soup,Soups,1,18.00,,18.00
8161,1436,56,Organic Tea,Tea,1,3.50,,3.50
8162,1436,8,Breaded Cauliflower Bites,Starters,1,13.00,,13.00
8163,1437,42,Kwetiau Goreng,Rice & Noodles,1,19.00,Extra Sauce,19.00
8164,1437,59,Hot Chocolate,Tea,1,5.00,,5.00
8165,1437,43,Singapore Noodle,Rice & Noodles,1,19.00,,19.00
8166,1437,3,Satay with Peanut Sauce (1pc),Starters,1,3.00,,3.00
8167,1437,70,Panna Cotta,Desserts,1,9.00,,9.00
8168,1438,39,Nasi Goreng,Rice & Noodles,1,18.00,,18.00
8169,1438,74,Extra Protein,Extras,1,5.00,,5.00
8170,1438,50,Americano,Coffee,1,4.50,,4.50
8171,1438,16,Chili Green Beans,Veggie & Tofu,1,19.00,Extra Sauce,19.00
8172,1438,46,Jasmine Rice,Sides,1,2.75,,2.75
8173,1438,64,Sparkling Yuzu,Drinks,1,8.50,,8.50
8174,1439,38,Rendang,Plant-Based Meat,1,20.00,Extra Spicy,20.00
8175,1439,47,Coconut Rice,Sides,1,3.00,,3.00
8176,1439,53,Vegan Iced Coffee,Coffee,1,5.50,,5.50
8177,1439,23,Curry Vegetables & Tofu,Veggie & Tofu,1,20.00,No Peanuts,20.00
8178,1440,39,Nasi Goreng,Rice & Noodles,1,18.00,,18.00
8179,1440,58,London Fog,Tea,1,5.50,,5.50
8180,1440,28,Ginger Beef,Plant-Based Meat,1,21.00,,21.00
8181,1440,62,Iced Lychee,Drinks,1,7.50,,7.50
8182,1440,35,Sweet & Sour Shrimp,Plant-Based Meat,1,20.00,,20.00
8183,1440,44,Lemongrass Vermicelli Bowl,Rice & Noodles,1,20.00,,20.00
8184,1440,55,Decaf Coffee,Coffee,1,4.50,,4.50
8185,1440,9,Crispy Chicken Strips,Starters,1,13.00,,13.00
8186,1440,5,Deep Fried Tofu,Starters,1,13.00,,13.00
8187,1441,12,Wonton Soup,Soups,1,18.00,No Mushrooms,18.00
8188,1441,79,Add Noodles (Soup),Extras,1,3.00,,3.00
8189,1441,40,Bakmi Goreng,Rice & Noodles,1,19.00,,19.00
8190,1441,52,Soy Mocha,Coffee,1,6.00,,6.00
8191,1441,32,General Tao Chicken,Plant-Based Meat,1,21.00,Allergy: Nuts,21.00
8192,1441,51,Soy Latte,Coffee,1,5.50,,5.50
8193,1441,35,Sweet & Sour Shrimp,Plant-Based Meat,1,20.00,,20.00
8194,1441,48,Brown Rice,Sides,1,3.00,,3.00
8195,1441,73,Chocolate Mousse,Desserts,1,9.00,,9.00
8196,1442,37,Teriyaki Chicken,Plant-Based Meat,1,19.00,,19.00
8197,1442,66,Assorted Soft Drinks,Drinks,1,2.50,,2.50
8198,1442,31,Spicy Chicken,Plant-Based Meat,1,19.00,Sauce on Side,19.00
8199,1442,57,Soy Chai Latte,Tea,1,5.50,,5.50
8200,1442,72,Vegan Ice Cream,Desserts,1,7.00,,7.00
8201,1443,23,Curry Vegetables & Tofu,Veggie & Tofu,1,20.00,No Mushrooms,20.00
8202,1443,46,Jasmine Rice,Sides,1,2.75,,2.75
8203,1443,57,Soy Chai Latte,Tea,1,5.50,,5.50
8204,1443,13,Tom Yum Soup,Soups,1,18.00,,18.00
8205,1444,24,Tempeh Pulau,Veggie & Tofu,1,20.00,Less Spicy,20.00
8206,1444,52,Soy Mocha,Coffee,1,6.00,,6.00
8207,1444,35,Sweet & Sour Shrimp,Plant-Based Meat,1,20.00,Sauce on Side,20.00
8208,1444,62,Iced Lychee,Drinks,1,7.50,,7.50
8209,1444,4,Satay with Peanut Sauce (3pc),Starters,1,10.00,,10.00
8210,1445,33,Curry Chicken,Plant-Based Meat,1,22.00,,22.00
8211,1445,66,Assorted Soft Drinks,Drinks,1,2.50,,2.50
8212,1445,45,Bali Buddha Bowl,Rice & Noodles,1,18.00,,18.00
8213,1445,66,Assorted Soft Drinks,Drinks,1,2.50,,2.50
8214,1445,1,Vegetable Spring Rolls (3pc),Starters,1,6.00,,6.00
8215,1446,45,Bali Buddha Bowl,Rice & Noodles,1,18.00,,18.00
8216,1446,38,Rendang,Plant-Based Meat,1,20.00,Allergy: Nuts,20.00
8217,1446,47,Coconut Rice,Sides,1,3.00,,3.00
8218,1446,56,Organic Tea,Tea,1,3.50,,3.50
8219,1446,32,General Tao Chicken,Plant-Based Meat,1,21.00,No Onion,21.00
8220,1446,46,Jasmine Rice,Sides,1,2.75,,2.75
8221,1446,71,Fried Banana with Coconut Ice Cream,Desserts,1,13.00,,13.00
8222,1446,71,Fried Banana with Coconut Ice Cream,Desserts,1,13.00,,13.00
8223,1447,39,Nasi Goreng,Rice & Noodles,1,18.00,Allergy: Nuts,18.00
8224,1447,61,Iced Oat Strawberry Matcha,Tea,1,8.50,,8.50
8225,1447,17,Spicy String Beans,Veggie & Tofu,1,19.00,Extra Sauce,19.00
8226,1447,68,Iced Blackberry Hibiscus Tea,Drinks,1,7.00,,7.00
8227,1448,38,Rendang,Plant-Based Meat,1,20.00,Gluten Friendly,20.00
8228,1448,28,Ginger Beef,Plant-Based Meat,1,21.00,,21.00
8229,1449,22,Pan-Fried Broccoli & Cauliflower,Veggie & Tofu,1,18.00,,18.00
8230,1449,33,Curry Chicken,Plant-Based Meat,1,22.00,,22.00
8231,1449,46,Jasmine Rice,Sides,1,2.75,,2.75
8232,1449,17,Spicy String Beans,Veggie & Tofu,1,19.00,Allergy: Nuts,19.00
8233,1449,46,Jasmine Rice,Sides,1,2.75,,2.75
8234,1449,9,Crispy Chicken Strips,Starters,1,13.00,,13.00
8235,1450,18,King Oyster Mushroom Gaylan,Veggie & Tofu,1,20.00,Less Spicy,20.00
8236,1450,9,Crispy Chicken Strips,Starters,1,13.00,,13.00
8237,1451,15,Padmanadi Vegetable Deluxe,Veggie & Tofu,1,19.00,,19.00
8238,1451,30,Sweet & Sour Chicken,Plant-Based Meat,1,19.00,,19.00
8239,1451,24,Tempeh Pulau,Veggie & Tofu,1,20.00,,20.00
8240,1451,62,Iced Lychee,Drinks,1,7.50,,7.50
8241,1451,39,Nasi Goreng,Rice & Noodles,1,18.00,,18.00
8242,1451,60,Matcha Latte,Tea,1,6.50,,6.50
8243,1451,39,Nasi Goreng,Rice & Noodles,1,18.00,,18.00
8244,1451,66,Assorted Soft Drinks,Drinks,1,2.50,,2.50
8245,1451,6,Gado Gado,Starters,1,14.00,,14.00
8246,1452,30,Sweet & Sour Chicken,Plant-Based Meat,1,19.00,,19.00
8247,1452,54,Iced Brown Sugar Oat Latte,Coffee,1,6.50,,6.50
8248,1452,35,Sweet & Sour Shrimp,Plant-Based Meat,1,20.00,No Cilantro,20.00
8249,1452,47,Coconut Rice,Sides,1,3.00,,3.00
8250,1453,29,Dendeng,Plant-Based Meat,1,20.00,Sauce on Side,20.00
8251,1453,28,Ginger Beef,Plant-Based Meat,1,21.00,,21.00
8252,1454,33,Curry Chicken,Plant-Based Meat,1,22.00,No Peanuts,22.00
8253,1454,53,Vegan Iced Coffee,Coffee,1,5.50,,5.50
8254,1454,38,Rendang,Plant-Based Meat,1,20.00,,20.00
8255,1454,64,Sparkling Yuzu,Drinks,1,8.50,,8.50
8256,1454,33,Curry Chicken,Plant-Based Meat,1,22.00,,22.00
8257,1454,46,Jasmine Rice,Sides,1,2.75,,2.75
8258,1454,57,Soy Chai Latte,Tea,1,5.50,,5.50
8259,1454,35,Sweet & Sour Shrimp,Plant-Based Meat,1,20.00,Sauce on Side,20.00
8260,1454,47,Coconut Rice,Sides,1,3.00,,3.00
8261,1454,51,Soy Latte,Coffee,1,5.50,,5.50
8262,1454,7,Roti Canai,Starters,1,13.00,,13.00
8263,1454,71,Fried Banana with Coconut Ice Cream,Desserts,1,13.00,,13.00
8264,1454,72,Vegan Ice Cream,Desserts,1,7.00,,7.00
8265,1455,25,Mushroom Tofu,Veggie & Tofu,1,19.00,,19.00
8266,1455,74,Extra Protein,Extras,1,5.00,,5.00
8267,1455,65,Iced Passion Fruit Green Tea,Drinks,1,7.00,,7.00
8268,1455,44,Lemongrass Vermicelli Bowl,Rice & Noodles,1,20.00,No Cilantro,20.00
8269,1455,67,Raspberry Lime Italian Soda,Drinks,1,6.50,,6.50
8270,1455,32,General Tao Chicken,Plant-Based Meat,1,21.00,,21.00
8271,1455,2,Vegetable Spring Rolls (6pc),Starters,1,9.00,,9.00
8272,1456,22,Pan-Fried Broccoli & Cauliflower,Veggie & Tofu,1,18.00,,18.00
8273,1456,27,Kung Pao Chicken,Plant-Based Meat,1,20.00,,20.00
8274,1456,46,Jasmine Rice,Sides,1,2.75,,2.75
8275,1456,76,Extra Veggies,Extras,1,4.00,,4.00
8276,1456,51,Soy Latte,Coffee,1,5.50,,5.50
8277,1457,31,Spicy Chicken,Plant-Based Meat,1,19.00,,19.00
8278,1457,53,Vegan Iced Coffee,Coffee,1,5.50,,5.50
8279,1457,37,Teriyaki Chicken,Plant-Based Meat,1,19.00,No Peanuts,19.00
8280,1457,20,Spicy Coconut Eggplant,Veggie & Tofu,1,18.00,,18.00
8281,1457,47,Coconut Rice,Sides,1,3.00,,3.00
8282,1457,62,Iced Lychee,Drinks,1,7.50,,7.50
8283,1458,37,Teriyaki Chicken,Plant-Based Meat,1,19.00,,19.00
8284,1458,14,Spicy Curry Noodle Soup,Soups,1,18.00,Extra Sauce,18.00
8285,1458,15,Padmanadi Vegetable Deluxe,Veggie & Tofu,1,19.00,,19.00
8286,1458,38,Rendang,Plant-Based Meat,1,20.00,,20.00
8287,1458,46,Jasmine Rice,Sides,1,2.75,,2.75
8288,1459,28,Ginger Beef,Plant-Based Meat,1,21.00,No Cilantro,21.00
8289,1460,28,Ginger Beef,Plant-Based Meat,1,21.00,,21.00
8290,1460,47,Coconut Rice,Sides,1,3.00,,3.00
8291,1460,30,Sweet & Sour Chicken,Plant-Based Meat,1,19.00,,19.00
8292,1460,46,Jasmine Rice,Sides,1,2.75,,2.75
8293,1460,32,General Tao Chicken,Plant-Based Meat,1,21.00,No Cilantro,21.00
8294,1460,48,Brown Rice,Sides,1,3.00,,3.00
8295,1460,73,Chocolate Mousse,Desserts,1,9.00,,9.00
8296,1460,69,Cheesecake,Desserts,1,11.00,,11.00
8297,1461,18,King Oyster Mushroom Gaylan,Veggie & Tofu,1,20.00,Sauce on Side,20.00
8298,1461,46,Jasmine Rice,Sides,1,2.75,,2.75
8299,1461,33,Curry Chicken,Plant-Based Meat,1,22.00,Extra Spicy,22.00
8300,1461,46,Jasmine Rice,Sides,1,2.75,,2.75
8301,1461,50,Americano,Coffee,1,4.50,,4.50
8302,1461,33,Curry Chicken,Plant-Based Meat,1,22.00,Less Spicy,22.00
8303,1461,50,Americano,Coffee,1,4.50,,4.50
8304,1461,40,Bakmi Goreng,Rice & Noodles,1,19.00,,19.00
8305,1461,76,Extra Veggies,Extras,1,4.00,,4.00
8306,1461,60,Matcha Latte,Tea,1,6.50,,6.50
8307,1461,33,Curry Chicken,Plant-Based Meat,1,22.00,No Cilantro,22.00
8308,1461,47,Coconut Rice,Sides,1,3.00,,3.00
8309,1461,61,Iced Oat Strawberry Matcha,Tea,1,8.50,,8.50
8310,1462,23,Curry Vegetables & Tofu,Veggie & Tofu,1,20.00,,20.00
8311,1462,74,Extra Protein,Extras,1,5.00,,5.00
8312,1462,36,Spicy Shrimp,Plant-Based Meat,1,20.00,,20.00
8313,1462,47,Coconut Rice,Sides,1,3.00,,3.00
8314,1462,54,Iced Brown Sugar Oat Latte,Coffee,1,6.50,,6.50
8315,1462,33,Curry Chicken,Plant-Based Meat,1,22.00,,22.00
8316,1462,63,Iced Pineapple,Drinks,1,7.50,,7.50
8317,1462,7,Roti Canai,Starters,1,13.00,,13.00
8318,1463,18,King Oyster Mushroom Gaylan,Veggie & Tofu,1,20.00,,20.00
8319,1463,48,Brown Rice,Sides,1,3.00,,3.00
8320,1463,30,Sweet & Sour Chicken,Plant-Based Meat,1,19.00,,19.00
8321,1463,46,Jasmine Rice,Sides,1,2.75,,2.75
8322,1464,14,Spicy Curry Noodle Soup,Soups,1,18.00,,18.00
8323,1464,61,Iced Oat Strawberry Matcha,Tea,1,8.50,,8.50
8324,1464,33,Curry Chicken,Plant-Based Meat,1,22.00,,22.00
8325,1464,46,Jasmine Rice,Sides,1,2.75,,2.75
8326,1464,51,Soy Latte,Coffee,1,5.50,,5.50
8327,1464,43,Singapore Noodle,Rice & Noodles,1,19.00,No Mushrooms,19.00
8328,1464,56,Organic Tea,Tea,1,3.50,,3.50
8329,1464,16,Chili Green Beans,Veggie & Tofu,1,19.00,,19.00
8330,1464,10,Bean Curd Drumsticks,Starters,1,13.00,,13.00
8331,1465,38,Rendang,Plant-Based Meat,1,20.00,,20.00
8332,1465,47,Coconut Rice,Sides,1,3.00,,3.00
8333,1465,44,Lemongrass Vermicelli Bowl,Rice & Noodles,1,20.00,,20.00
8334,1465,53,Vegan Iced Coffee,Coffee,1,5.50,,5.50
8335,1466,26,Chili Tofu,Veggie & Tofu,1,19.00,,19.00
8336,1466,63,Iced Pineapple,Drinks,1,7.50,,7.50
8337,1466,12,Wonton Soup,Soups,1,18.00,,18.00
8338,1466,36,Spicy Shrimp,Plant-Based Meat,1,20.00,,20.00
8339,1466,46,Jasmine Rice,Sides,1,2.75,,2.75
8340,1466,28,Ginger Beef,Plant-Based Meat,1,21.00,,21.00
8341,1466,53,Vegan Iced Coffee,Coffee,1,5.50,,5.50
8342,1466,45,Bali Buddha Bowl,Rice & Noodles,1,18.00,,18.00
8343,1467,32,General Tao Chicken,Plant-Based Meat,1,21.00,,21.00
8344,1467,46,Jasmine Rice,Sides,1,2.75,,2.75
8345,1467,16,Chili Green Beans,Veggie & Tofu,1,19.00,,19.00
8346,1467,48,Brown Rice,Sides,1,3.00,,3.00
8347,1467,61,Iced Oat Strawberry Matcha,Tea,1,8.50,,8.50
8348,1467,9,Crispy Chicken Strips,Starters,1,13.00,,13.00
8349,1468,33,Curry Chicken,Plant-Based Meat,1,22.00,,22.00
8350,1468,67,Raspberry Lime Italian Soda,Drinks,1,6.50,,6.50
8351,1469,29,Dendeng,Plant-Based Meat,1,20.00,,20.00
8352,1469,47,Coconut Rice,Sides,1,3.00,,3.00
8353,1470,33,Curry Chicken,Plant-Based Meat,1,22.00,,22.00
8354,1470,63,Iced Pineapple,Drinks,1,7.50,,7.50
8355,1470,16,Chili Green Beans,Veggie & Tofu,1,19.00,,19.00
8356,1470,66,Assorted Soft Drinks,Drinks,1,2.50,,2.50
8357,1470,5,Deep Fried Tofu,Starters,1,13.00,,13.00
8358,1471,38,Rendang,Plant-Based Meat,1,20.00,Allergy: Nuts,20.00
8359,1471,46,Jasmine Rice,Sides,1,2.75,,2.75
8360,1471,38,Rendang,Plant-Based Meat,1,20.00,,20.00
8361,1471,48,Brown Rice,Sides,1,3.00,,3.00
8362,1471,44,Lemongrass Vermicelli Bowl,Rice & Noodles,1,20.00,,20.00
8363,1471,50,Americano,Coffee,1,4.50,,4.50
8364,1471,4,Satay with Peanut Sauce (3pc),Starters,1,10.00,,10.00
8365,1472,33,Curry Chicken,Plant-Based Meat,1,22.00,,22.00
8366,1472,46,Jasmine Rice,Sides,1,2.75,,2.75
8367,1472,74,Extra Protein,Extras,1,5.00,,5.00
8368,1472,31,Spicy Chicken,Plant-Based Meat,1,19.00,,19.00
8369,1472,48,Brown Rice,Sides,1,3.00,,3.00
8370,1472,66,Assorted Soft Drinks,Drinks,1,2.50,,2.50
8371,1473,28,Ginger Beef,Plant-Based Meat,1,21.00,Allergy: Nuts,21.00
8372,1473,47,Coconut Rice,Sides,1,3.00,,3.00
8373,1473,51,Soy Latte,Coffee,1,5.50,,5.50
8374,1474,31,Spicy Chicken,Plant-Based Meat,1,19.00,,19.00
8375,1474,28,Ginger Beef,Plant-Based Meat,1,21.00,No Onion,21.00
8376,1474,76,Extra Veggies,Extras,1,4.00,,4.00
8377,1474,34,Curry Mutton,Plant-Based Meat,1,22.00,,22.00
8378,1474,47,Coconut Rice,Sides,1,3.00,,3.00
8379,1474,34,Curry Mutton,Plant-Based Meat,1,22.00,Extra Sauce,22.00
8380,1474,47,Coconut Rice,Sides,1,3.00,,3.00
8381,1474,56,Organic Tea,Tea,1,3.50,,3.50
8382,1474,5,Deep Fried Tofu,Starters,1,13.00,,13.00
8383,1474,2,Vegetable Spring Rolls (6pc),Starters,1,9.00,,9.00
8384,1474,73,Chocolate Mousse,Desserts,1,9.00,,9.00
8385,1475,13,Tom Yum Soup,Soups,1,18.00,,18.00
8386,1475,63,Iced Pineapple,Drinks,1,7.50,,7.50
8387,1475,38,Rendang,Plant-Based Meat,1,20.00,Extra Sauce,20.00
8388,1475,48,Brown Rice,Sides,1,3.00,,3.00
8389,1475,28,Ginger Beef,Plant-Based Meat,1,21.00,,21.00
8390,1475,67,Raspberry Lime Italian Soda,Drinks,1,6.50,,6.50
8391,1475,72,Vegan Ice Cream,Desserts,1,7.00,,7.00
8392,1476,17,Spicy String Beans,Veggie & Tofu,1,19.00,Extra Sauce,19.00
8393,1476,75,Extra Tofu,Extras,1,4.00,,4.00
8394,1476,15,Padmanadi Vegetable Deluxe,Veggie & Tofu,1,19.00,,19.00
8395,1476,46,Jasmine Rice,Sides,1,2.75,,2.75
8396,1476,74,Extra Protein,Extras,1,5.00,,5.00
8397,1476,20,Spicy Coconut Eggplant,Veggie & Tofu,1,18.00,,18.00
8398,1476,46,Jasmine Rice,Sides,1,2.75,,2.75
8399,1476,60,Matcha Latte,Tea,1,6.50,,6.50
8400,1476,40,Bakmi Goreng,Rice & Noodles,1,19.00,Sauce on Side,19.00
8401,1476,51,Soy Latte,Coffee,1,5.50,,5.50
8402,1476,40,Bakmi Goreng,Rice & Noodles,1,19.00,No Onion,19.00
8403,1476,2,Vegetable Spring Rolls (6pc),Starters,1,9.00,,9.00
8404,1477,28,Ginger Beef,Plant-Based Meat,1,21.00,,21.00
8405,1477,30,Sweet & Sour Chicken,Plant-Based Meat,1,19.00,,19.00
8406,1477,53,Vegan Iced Coffee,Coffee,1,5.50,,5.50
8407,1477,18,King Oyster Mushroom Gaylan,Veggie & Tofu,1,20.00,,20.00
8408,1477,66,Assorted Soft Drinks,Drinks,1,2.50,,2.50
8409,1478,49,Lunch Special,Lunch Special,1,18.00,Entree: Padmanadi Veg Deluxe,18.00
8410,1478,26,Chili Tofu,Veggie & Tofu,1,19.00,No Cilantro,19.00
8411,1478,28,Ginger Beef,Plant-Based Meat,1,21.00,Allergy: Nuts,21.00
8412,1478,71,Fried Banana with Coconut Ice Cream,Desserts,1,13.00,,13.00
8413,1478,72,Vegan Ice Cream,Desserts,1,7.00,,7.00
8414,1479,21,Mapo Tofu,Veggie & Tofu,1,19.00,No Onion,19.00
8415,1479,49,Lunch Special,Lunch Special,1,18.00,Entree: Savory Eggplant,18.00
8416,1480,49,Lunch Special,Lunch Special,1,18.00,Entree: Padmanadi Veg Deluxe,18.00
8417,1480,49,Lunch Special,Lunch Special,1,18.00,Entree: Chili Green Beans,18.00
8418,1480,68,Iced Blackberry Hibiscus Tea,Drinks,1,7.00,,7.00
8419,1480,43,Singapore Noodle,Rice & Noodles,1,19.00,,19.00
8420,1480,57,Soy Chai Latte,Tea,1,5.50,,5.50
8421,1480,7,Roti Canai,Starters,1,13.00,,13.00
8422,1481,20,Spicy Coconut Eggplant,Veggie & Tofu,1,18.00,No Cilantro,18.00
8423,1481,53,Vegan Iced Coffee,Coffee,1,5.50,,5.50
8424,1481,29,Dendeng,Plant-Based Meat,1,20.00,,20.00
8425,1481,47,Coconut Rice,Sides,1,3.00,,3.00
8426,1481,66,Assorted Soft Drinks,Drinks,1,2.50,,2.50
8427,1481,49,Lunch Special,Lunch Special,1,18.00,Entree: Padmanadi Veg Deluxe,18.00
8428,1481,6,Gado Gado,Starters,1,14.00,,14.00
8429,1481,72,Vegan Ice Cream,Desserts,1,7.00,,7.00
8430,1482,49,Lunch Special,Lunch Special,1,18.00,Entree: Chili Green Beans,18.00
8431,1482,53,Vegan Iced Coffee,Coffee,1,5.50,,5.50
8432,1482,25,Mushroom Tofu,Veggie & Tofu,1,19.00,,19.00
8433,1482,46,Jasmine Rice,Sides,1,2.75,,2.75
8434,1482,73,Chocolate Mousse,Desserts,1,9.00,,9.00
8435,1482,73,Chocolate Mousse,Desserts,1,9.00,,9.00
8436,1483,39,Nasi Goreng,Rice & Noodles,1,18.00,,18.00
8437,1483,61,Iced Oat Strawberry Matcha,Tea,1,8.50,,8.50
8438,1483,49,Lunch Special,Lunch Special,1,18.00,Entree: Chili Tofu,18.00
8439,1483,49,Lunch Special,Lunch Special,1,18.00,Entree: Chili Tofu,18.00
8440,1483,62,Iced Lychee,Drinks,1,7.50,,7.50
8441,1483,16,Chili Green Beans,Veggie & Tofu,1,19.00,No Peanuts,19.00
8442,1483,47,Coconut Rice,Sides,1,3.00,,3.00
8443,1483,41,Bihun Goreng,Rice & Noodles,1,18.00,Less Spicy,18.00
8444,1484,49,Lunch Special,Lunch Special,1,18.00,Entree: Sweet & Sour Chicken,18.00
8445,1484,49,Lunch Special,Lunch Special,1,18.00,Entree: Padmanadi Veg Deluxe,18.00
8446,1484,71,Fried Banana with Coconut Ice Cream,Desserts,1,13.00,,13.00
8447,1484,71,Fried Banana with Coconut Ice Cream,Desserts,1,13.00,,13.00
8448,1485,49,Lunch Special,Lunch Special,1,18.00,Entree: Padmanadi Veg Deluxe,18.00
8449,1485,66,Assorted Soft Drinks,Drinks,1,2.50,,2.50
8450,1485,49,Lunch Special,Lunch Special,1,18.00,Entree: Kung Pao Chicken,18.00
8451,1485,60,Matcha Latte,Tea,1,6.50,,6.50
8452,1485,49,Lunch Special,Lunch Special,1,18.00,Entree: Curry Chicken,18.00
8453,1485,78,Sub Brown Rice (+1),Extras,1,1.00,,1.00
8454,1485,1,Vegetable Spring Rolls (3pc),Starters,1,6.00,,6.00
8455,1485,69,Cheesecake,Desserts,1,11.00,,11.00
8456,1486,15,Padmanadi Vegetable Deluxe,Veggie & Tofu,1,19.00,Extra Spicy,19.00
8457,1487,36,Spicy Shrimp,Plant-Based Meat,1,20.00,,20.00
8458,1487,21,Mapo Tofu,Veggie & Tofu,1,19.00,,19.00
8459,1487,47,Coconut Rice,Sides,1,3.00,,3.00
8460,1487,68,Iced Blackberry Hibiscus Tea,Drinks,1,7.00,,7.00
8461,1487,1,Vegetable Spring Rolls (3pc),Starters,1,6.00,,6.00
8462,1487,71,Fried Banana with Coconut Ice Cream,Desserts,1,13.00,,13.00
8463,1487,71,Fried Banana with Coconut Ice Cream,Desserts,1,13.00,,13.00
8464,1488,49,Lunch Special,Lunch Special,1,18.00,Entree: Teriyaki Chicken,18.00
8465,1488,57,Soy Chai Latte,Tea,1,5.50,,5.50
8466,1488,49,Lunch Special,Lunch Special,1,18.00,Entree: Curried Tofu w/ Vegetables,18.00
8467,1488,53,Vegan Iced Coffee,Coffee,1,5.50,,5.50
8468,1488,73,Chocolate Mousse,Desserts,1,9.00,,9.00
8469,1488,71,Fried Banana with Coconut Ice Cream,Desserts,1,13.00,,13.00
8470,1489,38,Rendang,Plant-Based Meat,1,20.00,,20.00
8471,1489,46,Jasmine Rice,Sides,1,2.75,,2.75
8472,1489,62,Iced Lychee,Drinks,1,7.50,,7.50
8473,1489,28,Ginger Beef,Plant-Based Meat,1,21.00,Allergy: Nuts,21.00
8474,1489,47,Coconut Rice,Sides,1,3.00,,3.00
8475,1489,66,Assorted Soft Drinks,Drinks,1,2.50,,2.50
8476,1489,49,Lunch Special,Lunch Special,1,18.00,Entree: Chili Tofu,18.00
8477,1490,28,Ginger Beef,Plant-Based Meat,1,21.00,,21.00
8478,1490,62,Iced Lychee,Drinks,1,7.50,,7.50
8479,1490,49,Lunch Special,Lunch Special,1,18.00,Entree: Savory Eggplant,18.00
8480,1490,49,Lunch Special,Lunch Special,1,18.00,Entree: Teriyaki Chicken,18.00
8481,1490,50,Americano,Coffee,1,4.50,,4.50
8482,1490,12,Wonton Soup,Soups,1,18.00,No Peanuts,18.00
8483,1490,79,Add Noodles (Soup),Extras,1,3.00,,3.00
8484,1490,66,Assorted Soft Drinks,Drinks,1,2.50,,2.50
8485,1490,2,Vegetable Spring Rolls (6pc),Starters,1,9.00,,9.00
8486,1491,49,Lunch Special,Lunch Special,1,18.00,Entree: Curried Tofu w/ Vegetables,18.00
8487,1491,49,Lunch Special,Lunch Special,1,18.00,Entree: Kung Pao Chicken,18.00
8488,1492,32,General Tao Chicken,Plant-Based Meat,1,21.00,Extra Spicy,21.00
8489,1492,67,Raspberry Lime Italian Soda,Drinks,1,6.50,,6.50
8490,1492,49,Lunch Special,Lunch Special,1,18.00,Entree: Sweet & Sour Nuggets,18.00
8491,1492,68,Iced Blackberry Hibiscus Tea,Drinks,1,7.00,,7.00
8492,1492,14,Spicy Curry Noodle Soup,Soups,1,18.00,Allergy: Nuts,18.00
8493,1492,36,Spicy Shrimp,Plant-Based Meat,1,20.00,No Peanuts,20.00
8494,1492,37,Teriyaki Chicken,Plant-Based Meat,1,19.00,Allergy: Nuts,19.00
8495,1492,48,Brown Rice,Sides,1,3.00,,3.00
8496,1492,57,Soy Chai Latte,Tea,1,5.50,,5.50
8497,1492,71,Fried Banana with Coconut Ice Cream,Desserts,1,13.00,,13.00
8498,1492,71,Fried Banana with Coconut Ice Cream,Desserts,1,13.00,,13.00
8499,1493,12,Wonton Soup,Soups,1,18.00,,18.00
8500,1493,40,Bakmi Goreng,Rice & Noodles,1,19.00,No Peanuts,19.00
8501,1493,65,Iced Passion Fruit Green Tea,Drinks,1,7.00,,7.00
8502,1493,29,Dendeng,Plant-Based Meat,1,20.00,Sauce on Side,20.00
8503,1493,48,Brown Rice,Sides,1,3.00,,3.00
8504,1493,73,Chocolate Mousse,Desserts,1,9.00,,9.00
8505,1493,69,Cheesecake,Desserts,1,11.00,,11.00
8506,1494,49,Lunch Special,Lunch Special,1,18.00,Entree: Kung Pao Chicken,18.00
8507,1494,70,Panna Cotta,Desserts,1,9.00,,9.00
8508,1495,32,General Tao Chicken,Plant-Based Meat,1,21.00,,21.00
8509,1495,46,Jasmine Rice,Sides,1,2.75,,2.75
8510,1495,29,Dendeng,Plant-Based Meat,1,20.00,Extra Sauce,20.00
8511,1495,65,Iced Passion Fruit Green Tea,Drinks,1,7.00,,7.00
8512,1495,45,Bali Buddha Bowl,Rice & Noodles,1,18.00,No Peanuts,18.00
8513,1495,58,London Fog,Tea,1,5.50,,5.50
8514,1495,9,Crispy Chicken Strips,Starters,1,13.00,,13.00
8515,1496,32,General Tao Chicken,Plant-Based Meat,1,21.00,Extra Sauce,21.00
8516,1496,46,Jasmine Rice,Sides,1,2.75,,2.75
8517,1496,65,Iced Passion Fruit Green Tea,Drinks,1,7.00,,7.00
8518,1497,38,Rendang,Plant-Based Meat,1,20.00,,20.00
8519,1498,34,Curry Mutton,Plant-Based Meat,1,22.00,,22.00
8520,1498,66,Assorted Soft Drinks,Drinks,1,2.50,,2.50
8521,1499,19,Savory Eggplant,Veggie & Tofu,1,18.00,,18.00
8522,1499,47,Coconut Rice,Sides,1,3.00,,3.00
8523,1499,53,Vegan Iced Coffee,Coffee,1,5.50,,5.50
8524,1499,18,King Oyster Mushroom Gaylan,Veggie & Tofu,1,20.00,,20.00
8525,1499,49,Lunch Special,Lunch Special,1,18.00,Entree: Curried Tofu w/ Vegetables,18.00
8526,1499,60,Matcha Latte,Tea,1,6.50,,6.50
8527,1499,49,Lunch Special,Lunch Special,1,18.00,Entree: Curried Tofu w/ Vegetables,18.00
8528,1499,58,London Fog,Tea,1,5.50,,5.50
8529,1500,49,Lunch Special,Lunch Special,1,18.00,Entree: Curry Chicken,18.00
8530,1500,65,Iced Passion Fruit Green Tea,Drinks,1,7.00,,7.00
8531,1500,49,Lunch Special,Lunch Special,1,18.00,Entree: Teriyaki Chicken,18.00
8532,1500,63,Iced Pineapple,Drinks,1,7.50,,7.50
8533,1501,27,Kung Pao Chicken,Plant-Based Meat,1,20.00,Extra Sauce,20.00
8534,1501,47,Coconut Rice,Sides,1,3.00,,3.00
8535,1501,75,Extra Tofu,Extras,1,4.00,,4.00
8536,1501,66,Assorted Soft Drinks,Drinks,1,2.50,,2.50
8537,1502,49,Lunch Special,Lunch Special,1,18.00,Entree: Curry Chicken,18.00
8538,1502,58,London Fog,Tea,1,5.50,,5.50
8539,1502,30,Sweet & Sour Chicken,Plant-Based Meat,1,19.00,,19.00
8540,1502,52,Soy Mocha,Coffee,1,6.00,,6.00
8541,1502,15,Padmanadi Vegetable Deluxe,Veggie & Tofu,1,19.00,,19.00
8542,1502,63,Iced Pineapple,Drinks,1,7.50,,7.50
8543,1502,49,Lunch Special,Lunch Special,1,18.00,Entree: Curried Tofu w/ Vegetables,18.00
8544,1502,2,Vegetable Spring Rolls (6pc),Starters,1,9.00,,9.00
8545,1503,25,Mushroom Tofu,Veggie & Tofu,1,19.00,No Cilantro,19.00
8546,1503,46,Jasmine Rice,Sides,1,2.75,,2.75
8547,1503,66,Assorted Soft Drinks,Drinks,1,2.50,,2.50
8548,1503,44,Lemongrass Vermicelli Bowl,Rice & Noodles,1,20.00,,20.00
8549,1503,50,Americano,Coffee,1,4.50,,4.50
8550,1503,38,Rendang,Plant-Based Meat,1,20.00,Allergy: Nuts,20.00
8551,1503,9,Crispy Chicken Strips,Starters,1,13.00,,13.00
8552,1504,49,Lunch Special,Lunch Special,1,18.00,Entree: Sweet & Sour Chicken,18.00
8553,1504,6,Gado Gado,Starters,1,14.00,,14.00
8554,1505,27,Kung Pao Chicken,Plant-Based Meat,1,20.00,Extra Sauce,20.00
8555,1505,46,Jasmine Rice,Sides,1,2.75,,2.75
8556,1505,65,Iced Passion Fruit Green Tea,Drinks,1,7.00,,7.00
8557,1505,69,Cheesecake,Desserts,1,11.00,,11.00
8558,1506,49,Lunch Special,Lunch Special,1,18.00,Entree: Kung Pao Chicken,18.00
8559,1507,26,Chili Tofu,Veggie & Tofu,1,19.00,,19.00
8560,1507,48,Brown Rice,Sides,1,3.00,,3.00
8561,1507,56,Organic Tea,Tea,1,3.50,,3.50
8562,1508,23,Curry Vegetables & Tofu,Veggie & Tofu,1,20.00,,20.00
8563,1508,46,Jasmine Rice,Sides,1,2.75,,2.75
8564,1508,66,Assorted Soft Drinks,Drinks,1,2.50,,2.50
8565,1508,27,Kung Pao Chicken,Plant-Based Meat,1,20.00,,20.00
8566,1508,66,Assorted Soft Drinks,Drinks,1,2.50,,2.50
8567,1508,37,Teriyaki Chicken,Plant-Based Meat,1,19.00,,19.00
8568,1508,48,Brown Rice,Sides,1,3.00,,3.00
8569,1508,53,Vegan Iced Coffee,Coffee,1,5.50,,5.50
8570,1509,13,Tom Yum Soup,Soups,1,18.00,Sauce on Side,18.00
8571,1509,54,Iced Brown Sugar Oat Latte,Coffee,1,6.50,,6.50
8572,1509,28,Ginger Beef,Plant-Based Meat,1,21.00,Extra Spicy,21.00
8573,1509,47,Coconut Rice,Sides,1,3.00,,3.00
8574,1509,58,London Fog,Tea,1,5.50,,5.50
8575,1509,14,Spicy Curry Noodle Soup,Soups,1,18.00,,18.00
8576,1509,65,Iced Passion Fruit Green Tea,Drinks,1,7.00,,7.00
8577,1509,41,Bihun Goreng,Rice & Noodles,1,18.00,Gluten Friendly,18.00
8578,1509,61,Iced Oat Strawberry Matcha,Tea,1,8.50,,8.50
8579,1510,37,Teriyaki Chicken,Plant-Based Meat,1,19.00,,19.00
8580,1510,76,Extra Veggies,Extras,1,4.00,,4.00
8581,1510,51,Soy Latte,Coffee,1,5.50,,5.50
8582,1510,43,Singapore Noodle,Rice & Noodles,1,19.00,,19.00
8583,1510,60,Matcha Latte,Tea,1,6.50,,6.50
8584,1510,36,Spicy Shrimp,Plant-Based Meat,1,20.00,No Mushrooms,20.00
8585,1510,46,Jasmine Rice,Sides,1,2.75,,2.75
8586,1511,39,Nasi Goreng,Rice & Noodles,1,18.00,,18.00
8587,1511,53,Vegan Iced Coffee,Coffee,1,5.50,,5.50
8588,1511,27,Kung Pao Chicken,Plant-Based Meat,1,20.00,No Onion,20.00
8589,1511,19,Savory Eggplant,Veggie & Tofu,1,18.00,Extra Spicy,18.00
8590,1511,47,Coconut Rice,Sides,1,3.00,,3.00
8591,1511,34,Curry Mutton,Plant-Based Meat,1,22.00,,22.00
8592,1511,66,Assorted Soft Drinks,Drinks,1,2.50,,2.50
8593,1511,39,Nasi Goreng,Rice & Noodles,1,18.00,Allergy: Nuts,18.00
8594,1511,76,Extra Veggies,Extras,1,4.00,,4.00
8595,1511,57,Soy Chai Latte,Tea,1,5.50,,5.50
8596,1511,22,Pan-Fried Broccoli & Cauliflower,Veggie & Tofu,1,18.00,,18.00
8597,1511,46,Jasmine Rice,Sides,1,2.75,,2.75
8598,1511,30,Sweet & Sour Chicken,Plant-Based Meat,1,19.00,,19.00
8599,1511,46,Jasmine Rice,Sides,1,2.75,,2.75
8600,1511,6,Gado Gado,Starters,1,14.00,,14.00
8601,1511,71,Fried Banana with Coconut Ice Cream,Desserts,1,13.00,,13.00
8602,1511,71,Fried Banana with Coconut Ice Cream,Desserts,1,13.00,,13.00
8603,1512,32,General Tao Chicken,Plant-Based Meat,1,21.00,,21.00
8604,1512,53,Vegan Iced Coffee,Coffee,1,5.50,,5.50
8605,1512,27,Kung Pao Chicken,Plant-Based Meat,1,20.00,,20.00
8606,1512,58,London Fog,Tea,1,5.50,,5.50
8607,1513,31,Spicy Chicken,Plant-Based Meat,1,19.00,,19.00
8608,1513,76,Extra Veggies,Extras,1,4.00,,4.00
8609,1513,28,Ginger Beef,Plant-Based Meat,1,21.00,No Onion,21.00
8610,1514,37,Teriyaki Chicken,Plant-Based Meat,1,19.00,,19.00
8611,1514,67,Raspberry Lime Italian Soda,Drinks,1,6.50,,6.50
8612,1514,3,Satay with Peanut Sauce (1pc),Starters,1,3.00,,3.00
8613,1515,28,Ginger Beef,Plant-Based Meat,1,21.00,,21.00
8614,1515,30,Sweet & Sour Chicken,Plant-Based Meat,1,19.00,,19.00
8615,1515,43,Singapore Noodle,Rice & Noodles,1,19.00,,19.00
8616,1515,53,Vegan Iced Coffee,Coffee,1,5.50,,5.50
8617,1515,7,Roti Canai,Starters,1,13.00,,13.00
8618,1516,30,Sweet & Sour Chicken,Plant-Based Meat,1,19.00,Gluten Friendly,19.00
8619,1516,47,Coconut Rice,Sides,1,3.00,,3.00
8620,1516,54,Iced Brown Sugar Oat Latte,Coffee,1,6.50,,6.50
8621,1516,28,Ginger Beef,Plant-Based Meat,1,21.00,Less Spicy,21.00
8622,1516,66,Assorted Soft Drinks,Drinks,1,2.50,,2.50
8623,1516,2,Vegetable Spring Rolls (6pc),Starters,1,9.00,,9.00
8624,1517,31,Spicy Chicken,Plant-Based Meat,1,19.00,,19.00
8625,1518,27,Kung Pao Chicken,Plant-Based Meat,1,20.00,,20.00
8626,1518,51,Soy Latte,Coffee,1,5.50,,5.50
8627,1518,4,Satay with Peanut Sauce (3pc),Starters,1,10.00,,10.00
8628,1519,44,Lemongrass Vermicelli Bowl,Rice & Noodles,1,20.00,,20.00
8629,1519,67,Raspberry Lime Italian Soda,Drinks,1,6.50,,6.50
8630,1519,45,Bali Buddha Bowl,Rice & Noodles,1,18.00,Gluten Friendly,18.00
8631,1519,8,Breaded Cauliflower Bites,Starters,1,13.00,,13.00
8632,1520,23,Curry Vegetables & Tofu,Veggie & Tofu,1,20.00,,20.00
8633,1520,48,Brown Rice,Sides,1,3.00,,3.00
8634,1520,43,Singapore Noodle,Rice & Noodles,1,19.00,,19.00
8635,1520,32,General Tao Chicken,Plant-Based Meat,1,21.00,,21.00
8636,1520,46,Jasmine Rice,Sides,1,2.75,,2.75
8637,1520,6,Gado Gado,Starters,1,14.00,,14.00
8638,1521,19,Savory Eggplant,Veggie & Tofu,1,18.00,,18.00
8639,1521,46,Jasmine Rice,Sides,1,2.75,,2.75
8640,1521,66,Assorted Soft Drinks,Drinks,1,2.50,,2.50
8641,1521,71,Fried Banana with Coconut Ice Cream,Desserts,1,13.00,,13.00
8642,1522,14,Spicy Curry Noodle Soup,Soups,1,18.00,No Cilantro,18.00
8643,1522,57,Soy Chai Latte,Tea,1,5.50,,5.50
8644,1522,31,Spicy Chicken,Plant-Based Meat,1,19.00,Sauce on Side,19.00
8645,1522,47,Coconut Rice,Sides,1,3.00,,3.00
8646,1522,51,Soy Latte,Coffee,1,5.50,,5.50
8647,1522,4,Satay with Peanut Sauce (3pc),Starters,1,10.00,,10.00
8648,1523,40,Bakmi Goreng,Rice & Noodles,1,19.00,,19.00
8649,1523,54,Iced Brown Sugar Oat Latte,Coffee,1,6.50,,6.50
8650,1524,27,Kung Pao Chicken,Plant-Based Meat,1,20.00,,20.00
8651,1524,48,Brown Rice,Sides,1,3.00,,3.00
8652,1524,50,Americano,Coffee,1,4.50,,4.50
8653,1525,32,General Tao Chicken,Plant-Based Meat,1,21.00,,21.00
8654,1525,48,Brown Rice,Sides,1,3.00,,3.00
8655,1525,31,Spicy Chicken,Plant-Based Meat,1,19.00,,19.00
8656,1525,46,Jasmine Rice,Sides,1,2.75,,2.75
8657,1525,51,Soy Latte,Coffee,1,5.50,,5.50
8658,1525,30,Sweet & Sour Chicken,Plant-Based Meat,1,19.00,,19.00
8659,1525,46,Jasmine Rice,Sides,1,2.75,,2.75
8660,1525,72,Vegan Ice Cream,Desserts,1,7.00,,7.00
8661,1526,38,Rendang,Plant-Based Meat,1,20.00,,20.00
8662,1526,27,Kung Pao Chicken,Plant-Based Meat,1,20.00,,20.00
8663,1526,62,Iced Lychee,Drinks,1,7.50,,7.50
8664,1527,33,Curry Chicken,Plant-Based Meat,1,22.00,No Cilantro,22.00
8665,1527,40,Bakmi Goreng,Rice & Noodles,1,19.00,No Peanuts,19.00
8666,1527,63,Iced Pineapple,Drinks,1,7.50,,7.50
8667,1528,21,Mapo Tofu,Veggie & Tofu,1,19.00,Allergy: Nuts,19.00
8668,1528,47,Coconut Rice,Sides,1,3.00,,3.00
8669,1528,68,Iced Blackberry Hibiscus Tea,Drinks,1,7.00,,7.00
8670,1528,26,Chili Tofu,Veggie & Tofu,1,19.00,No Mushrooms,19.00
8671,1528,52,Soy Mocha,Coffee,1,6.00,,6.00
8672,1528,20,Spicy Coconut Eggplant,Veggie & Tofu,1,18.00,Extra Spicy,18.00
8673,1528,50,Americano,Coffee,1,4.50,,4.50
8674,1528,5,Deep Fried Tofu,Starters,1,13.00,,13.00
8675,1529,28,Ginger Beef,Plant-Based Meat,1,21.00,,21.00
8676,1529,65,Iced Passion Fruit Green Tea,Drinks,1,7.00,,7.00
8677,1529,44,Lemongrass Vermicelli Bowl,Rice & Noodles,1,20.00,,20.00
8678,1529,76,Extra Veggies,Extras,1,4.00,,4.00
8679,1530,41,Bihun Goreng,Rice & Noodles,1,18.00,,18.00
8680,1530,35,Sweet & Sour Shrimp,Plant-Based Meat,1,20.00,Extra Sauce,20.00
8681,1530,46,Jasmine Rice,Sides,1,2.75,,2.75
8682,1530,69,Cheesecake,Desserts,1,11.00,,11.00
8683,1531,30,Sweet & Sour Chicken,Plant-Based Meat,1,19.00,Extra Sauce,19.00
8684,1531,65,Iced Passion Fruit Green Tea,Drinks,1,7.00,,7.00
8685,1532,22,Pan-Fried Broccoli & Cauliflower,Veggie & Tofu,1,18.00,,18.00
8686,1532,56,Organic Tea,Tea,1,3.50,,3.50
8687,1532,23,Curry Vegetables & Tofu,Veggie & Tofu,1,20.00,Extra Spicy,20.00
8688,1532,48,Brown Rice,Sides,1,3.00,,3.00
8689,1533,30,Sweet & Sour Chicken,Plant-Based Meat,1,19.00,Sauce on Side,19.00
8690,1533,46,Jasmine Rice,Sides,1,2.75,,2.75
8691,1533,51,Soy Latte,Coffee,1,5.50,,5.50
8692,1533,26,Chili Tofu,Veggie & Tofu,1,19.00,,19.00
8693,1533,47,Coconut Rice,Sides,1,3.00,,3.00
8694,1533,51,Soy Latte,Coffee,1,5.50,,5.50
8695,1533,69,Cheesecake,Desserts,1,11.00,,11.00
8696,1534,23,Curry Vegetables & Tofu,Veggie & Tofu,1,20.00,Less Spicy,20.00
8697,1534,62,Iced Lychee,Drinks,1,7.50,,7.50
8698,1534,27,Kung Pao Chicken,Plant-Based Meat,1,20.00,Allergy: Nuts,20.00
8699,1534,47,Coconut Rice,Sides,1,3.00,,3.00
8700,1535,43,Singapore Noodle,Rice & Noodles,1,19.00,,19.00
8701,1536,28,Ginger Beef,Plant-Based Meat,1,21.00,No Onion,21.00
8702,1536,46,Jasmine Rice,Sides,1,2.75,,2.75
8703,1536,53,Vegan Iced Coffee,Coffee,1,5.50,,5.50
8704,1536,28,Ginger Beef,Plant-Based Meat,1,21.00,,21.00
8705,1536,45,Bali Buddha Bowl,Rice & Noodles,1,18.00,,18.00
8706,1537,28,Ginger Beef,Plant-Based Meat,1,21.00,No Peanuts,21.00
8707,1537,48,Brown Rice,Sides,1,3.00,,3.00
8708,1537,25,Mushroom Tofu,Veggie & Tofu,1,19.00,,19.00
8709,1537,46,Jasmine Rice,Sides,1,2.75,,2.75
8710,1537,19,Savory Eggplant,Veggie & Tofu,1,18.00,,18.00
8711,1537,67,Raspberry Lime Italian Soda,Drinks,1,6.50,,6.50
8712,1537,2,Vegetable Spring Rolls (6pc),Starters,1,9.00,,9.00
8713,1537,69,Cheesecake,Desserts,1,11.00,,11.00
8714,1538,28,Ginger Beef,Plant-Based Meat,1,21.00,Less Spicy,21.00
8715,1538,46,Jasmine Rice,Sides,1,2.75,,2.75
8716,1538,14,Spicy Curry Noodle Soup,Soups,1,18.00,,18.00
8717,1538,28,Ginger Beef,Plant-Based Meat,1,21.00,,21.00
8718,1538,48,Brown Rice,Sides,1,3.00,,3.00
8719,1538,75,Extra Tofu,Extras,1,4.00,,4.00
8720,1538,26,Chili Tofu,Veggie & Tofu,1,19.00,,19.00
8721,1538,63,Iced Pineapple,Drinks,1,7.50,,7.50
8722,1538,2,Vegetable Spring Rolls (6pc),Starters,1,9.00,,9.00
8723,1538,11,Fried Enoki Mushroom,Starters,1,16.00,,16.00
8724,1539,25,Mushroom Tofu,Veggie & Tofu,1,19.00,,19.00
8725,1539,68,Iced Blackberry Hibiscus Tea,Drinks,1,7.00,,7.00
8726,1540,13,Tom Yum Soup,Soups,1,18.00,,18.00
8727,1540,79,Add Noodles (Soup),Extras,1,3.00,,3.00
8728,1540,75,Extra Tofu,Extras,1,4.00,,4.00
8729,1540,68,Iced Blackberry Hibiscus Tea,Drinks,1,7.00,,7.00
8730,1540,40,Bakmi Goreng,Rice & Noodles,1,19.00,No Peanuts,19.00
8731,1540,54,Iced Brown Sugar Oat Latte,Coffee,1,6.50,,6.50
8732,1541,27,Kung Pao Chicken,Plant-Based Meat,1,20.00,No Onion,20.00
8733,1541,54,Iced Brown Sugar Oat Latte,Coffee,1,6.50,,6.50
8734,1541,15,Padmanadi Vegetable Deluxe,Veggie & Tofu,1,19.00,Less Spicy,19.00
8735,1541,47,Coconut Rice,Sides,1,3.00,,3.00
8736,1541,34,Curry Mutton,Plant-Based Meat,1,22.00,,22.00
8737,1541,46,Jasmine Rice,Sides,1,2.75,,2.75
8738,1541,65,Iced Passion Fruit Green Tea,Drinks,1,7.00,,7.00
8739,1541,71,Fried Banana with Coconut Ice Cream,Desserts,1,13.00,,13.00
8740,1541,71,Fried Banana with Coconut Ice Cream,Desserts,1,13.00,,13.00
8741,1542,28,Ginger Beef,Plant-Based Meat,1,21.00,,21.00
8742,1542,46,Jasmine Rice,Sides,1,2.75,,2.75
8743,1542,39,Nasi Goreng,Rice & Noodles,1,18.00,Allergy: Nuts,18.00
8744,1542,27,Kung Pao Chicken,Plant-Based Meat,1,20.00,Gluten Friendly,20.00
8745,1542,46,Jasmine Rice,Sides,1,2.75,,2.75
8746,1542,76,Extra Veggies,Extras,1,4.00,,4.00
8747,1542,53,Vegan Iced Coffee,Coffee,1,5.50,,5.50
8748,1543,40,Bakmi Goreng,Rice & Noodles,1,19.00,Sauce on Side,19.00
8749,1543,66,Assorted Soft Drinks,Drinks,1,2.50,,2.50
8750,1544,37,Teriyaki Chicken,Plant-Based Meat,1,19.00,No Mushrooms,19.00
8751,1544,74,Extra Protein,Extras,1,5.00,,5.00
8752,1544,68,Iced Blackberry Hibiscus Tea,Drinks,1,7.00,,7.00
8753,1545,28,Ginger Beef,Plant-Based Meat,1,21.00,,21.00
8754,1545,41,Bihun Goreng,Rice & Noodles,1,18.00,No Cilantro,18.00
8755,1545,64,Sparkling Yuzu,Drinks,1,8.50,,8.50
8756,1545,17,Spicy String Beans,Veggie & Tofu,1,19.00,Allergy: Nuts,19.00
8757,1545,75,Extra Tofu,Extras,1,4.00,,4.00
8758,1545,67,Raspberry Lime Italian Soda,Drinks,1,6.50,,6.50
8759,1545,34,Curry Mutton,Plant-Based Meat,1,22.00,,22.00
8760,1545,57,Soy Chai Latte,Tea,1,5.50,,5.50
8761,1546,38,Rendang,Plant-Based Meat,1,20.00,,20.00
8762,1546,48,Brown Rice,Sides,1,3.00,,3.00
8763,1546,44,Lemongrass Vermicelli Bowl,Rice & Noodles,1,20.00,,20.00
8764,1546,52,Soy Mocha,Coffee,1,6.00,,6.00
8765,1546,13,Tom Yum Soup,Soups,1,18.00,Allergy: Nuts,18.00
8766,1546,79,Add Noodles (Soup),Extras,1,3.00,,3.00
8767,1546,70,Panna Cotta,Desserts,1,9.00,,9.00
8768,1547,33,Curry Chicken,Plant-Based Meat,1,22.00,No Mushrooms,22.00
8769,1547,31,Spicy Chicken,Plant-Based Meat,1,19.00,Extra Spicy,19.00
8770,1547,75,Extra Tofu,Extras,1,4.00,,4.00
8771,1547,66,Assorted Soft Drinks,Drinks,1,2.50,,2.50
8772,1547,28,Ginger Beef,Plant-Based Meat,1,21.00,,21.00
8773,1547,63,Iced Pineapple,Drinks,1,7.50,,7.50
8774,1547,19,Savory Eggplant,Veggie & Tofu,1,18.00,Less Spicy,18.00
8775,1547,67,Raspberry Lime Italian Soda,Drinks,1,6.50,,6.50
8776,1547,45,Bali Buddha Bowl,Rice & Noodles,1,18.00,,18.00
8777,1547,71,Fried Banana with Coconut Ice Cream,Desserts,1,13.00,,13.00
8778,1547,73,Chocolate Mousse,Desserts,1,9.00,,9.00
8779,1548,39,Nasi Goreng,Rice & Noodles,1,18.00,,18.00
8780,1548,60,Matcha Latte,Tea,1,6.50,,6.50
8781,1549,22,Pan-Fried Broccoli & Cauliflower,Veggie & Tofu,1,18.00,No Onion,18.00
8782,1549,54,Iced Brown Sugar Oat Latte,Coffee,1,6.50,,6.50
8783,1549,38,Rendang,Plant-Based Meat,1,20.00,No Cilantro,20.00
8784,1549,48,Brown Rice,Sides,1,3.00,,3.00
8785,1550,27,Kung Pao Chicken,Plant-Based Meat,1,20.00,,20.00
8786,1550,46,Jasmine Rice,Sides,1,2.75,,2.75
8787,1550,30,Sweet & Sour Chicken,Plant-Based Meat,1,19.00,No Cilantro,19.00
8788,1550,46,Jasmine Rice,Sides,1,2.75,,2.75
8789,1550,50,Americano,Coffee,1,4.50,,4.50
8790,1550,31,Spicy Chicken,Plant-Based Meat,1,19.00,Gluten Friendly,19.00
8791,1550,46,Jasmine Rice,Sides,1,2.75,,2.75
8792,1550,42,Kwetiau Goreng,Rice & Noodles,1,19.00,,19.00
8793,1550,70,Panna Cotta,Desserts,1,9.00,,9.00
8794,1551,22,Pan-Fried Broccoli & Cauliflower,Veggie & Tofu,1,18.00,,18.00
8795,1551,18,King Oyster Mushroom Gaylan,Veggie & Tofu,1,20.00,Gluten Friendly,20.00
8796,1551,46,Jasmine Rice,Sides,1,2.75,,2.75
8797,1551,64,Sparkling Yuzu,Drinks,1,8.50,,8.50
8798,1552,40,Bakmi Goreng,Rice & Noodles,1,19.00,,19.00
8799,1552,75,Extra Tofu,Extras,1,4.00,,4.00
8800,1552,32,General Tao Chicken,Plant-Based Meat,1,21.00,Allergy: Nuts,21.00
8801,1552,47,Coconut Rice,Sides,1,3.00,,3.00
8802,1552,76,Extra Veggies,Extras,1,4.00,,4.00
8803,1552,56,Organic Tea,Tea,1,3.50,,3.50
8804,1552,41,Bihun Goreng,Rice & Noodles,1,18.00,,18.00
8805,1552,56,Organic Tea,Tea,1,3.50,,3.50
8806,1552,1,Vegetable Spring Rolls (3pc),Starters,1,6.00,,6.00
8807,1553,31,Spicy Chicken,Plant-Based Meat,1,19.00,,19.00
8808,1553,47,Coconut Rice,Sides,1,3.00,,3.00
8809,1553,28,Ginger Beef,Plant-Based Meat,1,21.00,Less Spicy,21.00
8810,1553,46,Jasmine Rice,Sides,1,2.75,,2.75
8811,1553,56,Organic Tea,Tea,1,3.50,,3.50
8812,1553,1,Vegetable Spring Rolls (3pc),Starters,1,6.00,,6.00
8813,1554,31,Spicy Chicken,Plant-Based Meat,1,19.00,,19.00
8814,1554,46,Jasmine Rice,Sides,1,2.75,,2.75
8815,1554,16,Chili Green Beans,Veggie & Tofu,1,19.00,,19.00
8816,1554,47,Coconut Rice,Sides,1,3.00,,3.00
8817,1554,12,Wonton Soup,Soups,1,18.00,Allergy: Nuts,18.00
8818,1554,40,Bakmi Goreng,Rice & Noodles,1,19.00,,19.00
8819,1555,29,Dendeng,Plant-Based Meat,1,20.00,,20.00
8820,1555,46,Jasmine Rice,Sides,1,2.75,,2.75
8821,1555,57,Soy Chai Latte,Tea,1,5.50,,5.50
8822,1555,71,Fried Banana with Coconut Ice Cream,Desserts,1,13.00,,13.00
8823,1556,25,Mushroom Tofu,Veggie & Tofu,1,19.00,Sauce on Side,19.00
8824,1556,48,Brown Rice,Sides,1,3.00,,3.00
8825,1556,68,Iced Blackberry Hibiscus Tea,Drinks,1,7.00,,7.00
8826,1556,23,Curry Vegetables & Tofu,Veggie & Tofu,1,20.00,Less Spicy,20.00
8827,1556,67,Raspberry Lime Italian Soda,Drinks,1,6.50,,6.50
8828,1557,32,General Tao Chicken,Plant-Based Meat,1,21.00,,21.00
8829,1557,30,Sweet & Sour Chicken,Plant-Based Meat,1,19.00,,19.00
8830,1557,70,Panna Cotta,Desserts,1,9.00,,9.00
8831,1558,27,Kung Pao Chicken,Plant-Based Meat,1,20.00,No Mushrooms,20.00
8832,1558,46,Jasmine Rice,Sides,1,2.75,,2.75
8833,1558,66,Assorted Soft Drinks,Drinks,1,2.50,,2.50
8834,1559,30,Sweet & Sour Chicken,Plant-Based Meat,1,19.00,,19.00
8835,1559,50,Americano,Coffee,1,4.50,,4.50
8836,1559,73,Chocolate Mousse,Desserts,1,9.00,,9.00
8837,1560,15,Padmanadi Vegetable Deluxe,Veggie & Tofu,1,19.00,,19.00
8838,1560,47,Coconut Rice,Sides,1,3.00,,3.00
8839,1560,37,Teriyaki Chicken,Plant-Based Meat,1,19.00,No Cilantro,19.00
8840,1560,47,Coconut Rice,Sides,1,3.00,,3.00
8841,1560,62,Iced Lychee,Drinks,1,7.50,,7.50
8842,1561,37,Teriyaki Chicken,Plant-Based Meat,1,19.00,Extra Sauce,19.00
8843,1561,65,Iced Passion Fruit Green Tea,Drinks,1,7.00,,7.00
8844,1562,21,Mapo Tofu,Veggie & Tofu,1,19.00,,19.00
8845,1562,74,Extra Protein,Extras,1,5.00,,5.00
8846,1562,19,Savory Eggplant,Veggie & Tofu,1,18.00,Allergy: Nuts,18.00
8847,1562,48,Brown Rice,Sides,1,3.00,,3.00
8848,1562,64,Sparkling Yuzu,Drinks,1,8.50,,8.50
8849,1563,32,General Tao Chicken,Plant-Based Meat,1,21.00,No Cilantro,21.00
8850,1563,47,Coconut Rice,Sides,1,3.00,,3.00
8851,1563,66,Assorted Soft Drinks,Drinks,1,2.50,,2.50
8852,1564,29,Dendeng,Plant-Based Meat,1,20.00,,20.00
8853,1564,47,Coconut Rice,Sides,1,3.00,,3.00
8854,1564,56,Organic Tea,Tea,1,3.50,,3.50
8855,1564,30,Sweet & Sour Chicken,Plant-Based Meat,1,19.00,,19.00
8856,1564,66,Assorted Soft Drinks,Drinks,1,2.50,,2.50
8857,1564,23,Curry Vegetables & Tofu,Veggie & Tofu,1,20.00,,20.00
8858,1564,48,Brown Rice,Sides,1,3.00,,3.00
8859,1565,15,Padmanadi Vegetable Deluxe,Veggie & Tofu,1,19.00,Allergy: Nuts,19.00
8860,1565,47,Coconut Rice,Sides,1,3.00,,3.00
8861,1565,54,Iced Brown Sugar Oat Latte,Coffee,1,6.50,,6.50
8862,1565,41,Bihun Goreng,Rice & Noodles,1,18.00,,18.00
8863,1565,68,Iced Blackberry Hibiscus Tea,Drinks,1,7.00,,7.00
8864,1565,32,General Tao Chicken,Plant-Based Meat,1,21.00,Extra Spicy,21.00
8865,1565,47,Coconut Rice,Sides,1,3.00,,3.00
8866,1565,51,Soy Latte,Coffee,1,5.50,,5.50
8867,1565,12,Wonton Soup,Soups,1,18.00,,18.00
8868,1565,79,Add Noodles (Soup),Extras,1,3.00,,3.00
8869,1565,76,Extra Veggies,Extras,1,4.00,,4.00
8870,1565,6,Gado Gado,Starters,1,14.00,,14.00
8871,1566,33,Curry Chicken,Plant-Based Meat,1,22.00,Allergy: Nuts,22.00
8872,1566,47,Coconut Rice,Sides,1,3.00,,3.00
8873,1566,62,Iced Lychee,Drinks,1,7.50,,7.50
8874,1567,35,Sweet & Sour Shrimp,Plant-Based Meat,1,20.00,,20.00
8875,1567,55,Decaf Coffee,Coffee,1,4.50,,4.50
8876,1568,33,Curry Chicken,Plant-Based Meat,1,22.00,,22.00
8877,1568,50,Americano,Coffee,1,4.50,,4.50
8878,1568,22,Pan-Fried Broccoli & Cauliflower,Veggie & Tofu,1,18.00,,18.00
8879,1568,15,Padmanadi Vegetable Deluxe,Veggie & Tofu,1,19.00,,19.00
8880,1568,48,Brown Rice,Sides,1,3.00,,3.00
8881,1568,53,Vegan Iced Coffee,Coffee,1,5.50,,5.50
8882,1568,6,Gado Gado,Starters,1,14.00,,14.00
8883,1569,17,Spicy String Beans,Veggie & Tofu,1,19.00,Gluten Friendly,19.00
8884,1569,56,Organic Tea,Tea,1,3.50,,3.50
8885,1569,14,Spicy Curry Noodle Soup,Soups,1,18.00,,18.00
8886,1569,79,Add Noodles (Soup),Extras,1,3.00,,3.00
8887,1569,64,Sparkling Yuzu,Drinks,1,8.50,,8.50
8888,1569,22,Pan-Fried Broccoli & Cauliflower,Veggie & Tofu,1,18.00,No Mushrooms,18.00
8889,1569,46,Jasmine Rice,Sides,1,2.75,,2.75
8890,1569,8,Breaded Cauliflower Bites,Starters,1,13.00,,13.00
8891,1569,72,Vegan Ice Cream,Desserts,1,7.00,,7.00
8892,1569,72,Vegan Ice Cream,Desserts,1,7.00,,7.00
8893,1570,39,Nasi Goreng,Rice & Noodles,1,18.00,No Mushrooms,18.00
8894,1570,58,London Fog,Tea,1,5.50,,5.50
8895,1570,33,Curry Chicken,Plant-Based Meat,1,22.00,Sauce on Side,22.00
8896,1570,46,Jasmine Rice,Sides,1,2.75,,2.75
8897,1570,61,Iced Oat Strawberry Matcha,Tea,1,8.50,,8.50
8898,1570,21,Mapo Tofu,Veggie & Tofu,1,19.00,No Onion,19.00
8899,1570,47,Coconut Rice,Sides,1,3.00,,3.00
8900,1570,31,Spicy Chicken,Plant-Based Meat,1,19.00,,19.00
8901,1571,44,Lemongrass Vermicelli Bowl,Rice & Noodles,1,20.00,Allergy: Nuts,20.00
8902,1571,35,Sweet & Sour Shrimp,Plant-Based Meat,1,20.00,No Onion,20.00
8903,1571,65,Iced Passion Fruit Green Tea,Drinks,1,7.00,,7.00
8904,1572,26,Chili Tofu,Veggie & Tofu,1,19.00,No Onion,19.00
8905,1572,46,Jasmine Rice,Sides,1,2.75,,2.75
8906,1572,38,Rendang,Plant-Based Meat,1,20.00,,20.00
8907,1572,47,Coconut Rice,Sides,1,3.00,,3.00
8908,1572,36,Spicy Shrimp,Plant-Based Meat,1,20.00,,20.00
8909,1572,50,Americano,Coffee,1,4.50,,4.50
8910,1572,72,Vegan Ice Cream,Desserts,1,7.00,,7.00
8911,1573,26,Chili Tofu,Veggie & Tofu,1,19.00,Allergy: Nuts,19.00
8912,1573,53,Vegan Iced Coffee,Coffee,1,5.50,,5.50
8913,1574,39,Nasi Goreng,Rice & Noodles,1,18.00,,18.00
8914,1574,67,Raspberry Lime Italian Soda,Drinks,1,6.50,,6.50
8915,1574,43,Singapore Noodle,Rice & Noodles,1,19.00,No Mushrooms,19.00
8916,1574,30,Sweet & Sour Chicken,Plant-Based Meat,1,19.00,Extra Sauce,19.00
8917,1574,76,Extra Veggies,Extras,1,4.00,,4.00
8918,1574,8,Breaded Cauliflower Bites,Starters,1,13.00,,13.00
8919,1575,19,Savory Eggplant,Veggie & Tofu,1,18.00,Less Spicy,18.00
8920,1575,47,Coconut Rice,Sides,1,3.00,,3.00
8921,1575,44,Lemongrass Vermicelli Bowl,Rice & Noodles,1,20.00,,20.00
8922,1575,54,Iced Brown Sugar Oat Latte,Coffee,1,6.50,,6.50
8923,1575,37,Teriyaki Chicken,Plant-Based Meat,1,19.00,,19.00
8924,1575,51,Soy Latte,Coffee,1,5.50,,5.50
8925,1576,12,Wonton Soup,Soups,1,18.00,,18.00
8926,1576,34,Curry Mutton,Plant-Based Meat,1,22.00,Gluten Friendly,22.00
8927,1576,48,Brown Rice,Sides,1,3.00,,3.00
8928,1576,61,Iced Oat Strawberry Matcha,Tea,1,8.50,,8.50
8929,1576,13,Tom Yum Soup,Soups,1,18.00,No Mushrooms,18.00
8930,1576,66,Assorted Soft Drinks,Drinks,1,2.50,,2.50
8931,1576,24,Tempeh Pulau,Veggie & Tofu,1,20.00,Sauce on Side,20.00
8932,1576,46,Jasmine Rice,Sides,1,2.75,,2.75
8933,1576,56,Organic Tea,Tea,1,3.50,,3.50
8934,1576,15,Padmanadi Vegetable Deluxe,Veggie & Tofu,1,19.00,No Mushrooms,19.00
8935,1576,46,Jasmine Rice,Sides,1,2.75,,2.75
8936,1576,66,Assorted Soft Drinks,Drinks,1,2.50,,2.50
8937,1576,8,Breaded Cauliflower Bites,Starters,1,13.00,,13.00
8938,1577,32,General Tao Chicken,Plant-Based Meat,1,21.00,Extra Spicy,21.00
8939,1577,48,Brown Rice,Sides,1,3.00,,3.00
8940,1577,21,Mapo Tofu,Veggie & Tofu,1,19.00,Sauce on Side,19.00
8941,1577,46,Jasmine Rice,Sides,1,2.75,,2.75
8942,1577,61,Iced Oat Strawberry Matcha,Tea,1,8.50,,8.50
8943,1577,1,Vegetable Spring Rolls (3pc),Starters,1,6.00,,6.00
8944,1578,32,General Tao Chicken,Plant-Based Meat,1,21.00,No Peanuts,21.00
8945,1578,73,Chocolate Mousse,Desserts,1,9.00,,9.00
8946,1579,27,Kung Pao Chicken,Plant-Based Meat,1,20.00,,20.00
8947,1579,66,Assorted Soft Drinks,Drinks,1,2.50,,2.50
8948,1579,32,General Tao Chicken,Plant-Based Meat,1,21.00,Sauce on Side,21.00
8949,1579,46,Jasmine Rice,Sides,1,2.75,,2.75
8950,1579,52,Soy Mocha,Coffee,1,6.00,,6.00
8951,1579,32,General Tao Chicken,Plant-Based Meat,1,21.00,Extra Sauce,21.00
8952,1579,62,Iced Lychee,Drinks,1,7.50,,7.50
8953,1579,14,Spicy Curry Noodle Soup,Soups,1,18.00,,18.00
8954,1579,59,Hot Chocolate,Tea,1,5.00,,5.00
8955,1579,2,Vegetable Spring Rolls (6pc),Starters,1,9.00,,9.00
8956,1579,5,Deep Fried Tofu,Starters,1,13.00,,13.00
8957,1580,33,Curry Chicken,Plant-Based Meat,1,22.00,Sauce on Side,22.00
8958,1580,59,Hot Chocolate,Tea,1,5.00,,5.00
8959,1580,38,Rendang,Plant-Based Meat,1,20.00,,20.00
8960,1580,62,Iced Lychee,Drinks,1,7.50,,7.50
8961,1580,31,Spicy Chicken,Plant-Based Meat,1,19.00,Extra Sauce,19.00
8962,1580,46,Jasmine Rice,Sides,1,2.75,,2.75
8963,1580,45,Bali Buddha Bowl,Rice & Noodles,1,18.00,,18.00
8964,1581,40,Bakmi Goreng,Rice & Noodles,1,19.00,,19.00
8965,1581,54,Iced Brown Sugar Oat Latte,Coffee,1,6.50,,6.50
8966,1581,2,Vegetable Spring Rolls (6pc),Starters,1,9.00,,9.00
8967,1582,32,General Tao Chicken,Plant-Based Meat,1,21.00,,21.00
8968,1582,65,Iced Passion Fruit Green Tea,Drinks,1,7.00,,7.00
8969,1582,44,Lemongrass Vermicelli Bowl,Rice & Noodles,1,20.00,,20.00
8970,1582,60,Matcha Latte,Tea,1,6.50,,6.50
8971,1583,14,Spicy Curry Noodle Soup,Soups,1,18.00,,18.00
8972,1583,75,Extra Tofu,Extras,1,4.00,,4.00
8973,1583,66,Assorted Soft Drinks,Drinks,1,2.50,,2.50
8974,1584,31,Spicy Chicken,Plant-Based Meat,1,19.00,No Onion,19.00
8975,1584,47,Coconut Rice,Sides,1,3.00,,3.00
8976,1584,53,Vegan Iced Coffee,Coffee,1,5.50,,5.50
8977,1585,35,Sweet & Sour Shrimp,Plant-Based Meat,1,20.00,Sauce on Side,20.00
8978,1585,47,Coconut Rice,Sides,1,3.00,,3.00
8979,1585,66,Assorted Soft Drinks,Drinks,1,2.50,,2.50
8980,1585,30,Sweet & Sour Chicken,Plant-Based Meat,1,19.00,No Onion,19.00
8981,1585,46,Jasmine Rice,Sides,1,2.75,,2.75
8982,1585,29,Dendeng,Plant-Based Meat,1,20.00,No Cilantro,20.00
8983,1585,66,Assorted Soft Drinks,Drinks,1,2.50,,2.50
8984,1585,4,Satay with Peanut Sauce (3pc),Starters,1,10.00,,10.00
8985,1585,69,Cheesecake,Desserts,1,11.00,,11.00
8986,1585,71,Fried Banana with Coconut Ice Cream,Desserts,1,13.00,,13.00
8987,1586,49,Lunch Special,Lunch Special,1,18.00,Entree: Teriyaki Chicken,18.00
8988,1586,77,Sub Coconut Rice (+1),Extras,1,1.00,,1.00
8989,1586,49,Lunch Special,Lunch Special,1,18.00,Entree: Curried Tofu w/ Vegetables,18.00
8990,1586,63,Iced Pineapple,Drinks,1,7.50,,7.50
8991,1586,49,Lunch Special,Lunch Special,1,18.00,Entree: Chili Green Beans,18.00
8992,1586,49,Lunch Special,Lunch Special,1,18.00,Entree: Curry Mutton,18.00
8993,1586,65,Iced Passion Fruit Green Tea,Drinks,1,7.00,,7.00
8994,1586,34,Curry Mutton,Plant-Based Meat,1,22.00,,22.00
8995,1586,48,Brown Rice,Sides,1,3.00,,3.00
8996,1586,75,Extra Tofu,Extras,1,4.00,,4.00
8997,1586,54,Iced Brown Sugar Oat Latte,Coffee,1,6.50,,6.50
8998,1587,23,Curry Vegetables & Tofu,Veggie & Tofu,1,20.00,No Cilantro,20.00
8999,1587,54,Iced Brown Sugar Oat Latte,Coffee,1,6.50,,6.50
9000,1588,49,Lunch Special,Lunch Special,1,18.00,Entree: Sweet & Sour Chicken,18.00
9001,1589,25,Mushroom Tofu,Veggie & Tofu,1,19.00,,19.00
9002,1589,16,Chili Green Beans,Veggie & Tofu,1,19.00,Less Spicy,19.00
9003,1589,66,Assorted Soft Drinks,Drinks,1,2.50,,2.50
9004,1590,49,Lunch Special,Lunch Special,1,18.00,Entree: Rendang,18.00
9005,1590,65,Iced Passion Fruit Green Tea,Drinks,1,7.00,,7.00
9006,1590,49,Lunch Special,Lunch Special,1,18.00,Entree: Rendang,18.00
9007,1590,37,Teriyaki Chicken,Plant-Based Meat,1,19.00,Allergy: Nuts,19.00
9008,1590,47,Coconut Rice,Sides,1,3.00,,3.00
9009,1590,2,Vegetable Spring Rolls (6pc),Starters,1,9.00,,9.00
9010,1591,49,Lunch Special,Lunch Special,1,18.00,Entree: Rendang,18.00
9011,1592,32,General Tao Chicken,Plant-Based Meat,1,21.00,,21.00
9012,1592,56,Organic Tea,Tea,1,3.50,,3.50
9013,1593,36,Spicy Shrimp,Plant-Based Meat,1,20.00,Extra Sauce,20.00
9014,1593,64,Sparkling Yuzu,Drinks,1,8.50,,8.50
9015,1594,38,Rendang,Plant-Based Meat,1,20.00,,20.00
9016,1595,49,Lunch Special,Lunch Special,1,18.00,Entree: Savory Eggplant,18.00
9017,1595,49,Lunch Special,Lunch Special,1,18.00,Entree: Kung Pao Chicken,18.00
9018,1595,58,London Fog,Tea,1,5.50,,5.50
9019,1596,38,Rendang,Plant-Based Meat,1,20.00,No Mushrooms,20.00
9020,1596,46,Jasmine Rice,Sides,1,2.75,,2.75
9021,1596,50,Americano,Coffee,1,4.50,,4.50
9022,1596,49,Lunch Special,Lunch Special,1,18.00,Entree: Ginger Beef,18.00
9023,1596,60,Matcha Latte,Tea,1,6.50,,6.50
9024,1597,32,General Tao Chicken,Plant-Based Meat,1,21.00,,21.00
9025,1597,47,Coconut Rice,Sides,1,3.00,,3.00
9026,1598,43,Singapore Noodle,Rice & Noodles,1,19.00,,19.00
9027,1599,49,Lunch Special,Lunch Special,1,18.00,Entree: Padmanadi Veg Deluxe,18.00
9028,1599,56,Organic Tea,Tea,1,3.50,,3.50
9029,1599,49,Lunch Special,Lunch Special,1,18.00,Entree: Padmanadi Veg Deluxe,18.00
9030,1599,64,Sparkling Yuzu,Drinks,1,8.50,,8.50
9031,1599,49,Lunch Special,Lunch Special,1,18.00,Entree: Curry Chicken,18.00
9032,1599,51,Soy Latte,Coffee,1,5.50,,5.50
9033,1600,44,Lemongrass Vermicelli Bowl,Rice & Noodles,1,20.00,,20.00
9034,1600,49,Lunch Special,Lunch Special,1,18.00,Entree: Padmanadi Veg Deluxe,18.00
9035,1600,54,Iced Brown Sugar Oat Latte,Coffee,1,6.50,,6.50
9036,1600,49,Lunch Special,Lunch Special,1,18.00,Entree: Rendang,18.00
9037,1600,49,Lunch Special,Lunch Special,1,18.00,Entree: Curry Chicken,18.00
9038,1600,77,Sub Coconut Rice (+1),Extras,1,1.00,,1.00
9039,1600,53,Vegan Iced Coffee,Coffee,1,5.50,,5.50
9040,1601,43,Singapore Noodle,Rice & Noodles,1,19.00,Gluten Friendly,19.00
9041,1601,49,Lunch Special,Lunch Special,1,18.00,Entree: Chili Green Beans,18.00
9042,1601,66,Assorted Soft Drinks,Drinks,1,2.50,,2.50
9043,1601,33,Curry Chicken,Plant-Based Meat,1,22.00,,22.00
9044,1601,66,Assorted Soft Drinks,Drinks,1,2.50,,2.50
9045,1601,43,Singapore Noodle,Rice & Noodles,1,19.00,,19.00
9046,1601,75,Extra Tofu,Extras,1,4.00,,4.00
9047,1601,57,Soy Chai Latte,Tea,1,5.50,,5.50
9048,1601,49,Lunch Special,Lunch Special,1,18.00,Entree: Sweet & Sour Nuggets,18.00
9049,1601,62,Iced Lychee,Drinks,1,7.50,,7.50
9050,1601,72,Vegan Ice Cream,Desserts,1,7.00,,7.00
9051,1601,69,Cheesecake,Desserts,1,11.00,,11.00
9052,1602,26,Chili Tofu,Veggie & Tofu,1,19.00,,19.00
9053,1602,50,Americano,Coffee,1,4.50,,4.50
9054,1602,18,King Oyster Mushroom Gaylan,Veggie & Tofu,1,20.00,,20.00
9055,1602,46,Jasmine Rice,Sides,1,2.75,,2.75
9056,1602,60,Matcha Latte,Tea,1,6.50,,6.50
9057,1602,69,Cheesecake,Desserts,1,11.00,,11.00
9058,1603,24,Tempeh Pulau,Veggie & Tofu,1,20.00,,20.00
9059,1603,47,Coconut Rice,Sides,1,3.00,,3.00
9060,1603,51,Soy Latte,Coffee,1,5.50,,5.50
9061,1603,26,Chili Tofu,Veggie & Tofu,1,19.00,,19.00
9062,1603,47,Coconut Rice,Sides,1,3.00,,3.00
9063,1603,54,Iced Brown Sugar Oat Latte,Coffee,1,6.50,,6.50
9064,1603,1,Vegetable Spring Rolls (3pc),Starters,1,6.00,,6.00
9065,1603,72,Vegan Ice Cream,Desserts,1,7.00,,7.00
9066,1604,49,Lunch Special,Lunch Special,1,18.00,Entree: Sweet & Sour Nuggets,18.00
9067,1604,55,Decaf Coffee,Coffee,1,4.50,,4.50
9068,1604,37,Teriyaki Chicken,Plant-Based Meat,1,19.00,No Onion,19.00
9069,1605,49,Lunch Special,Lunch Special,1,18.00,Entree: Curry Mutton,18.00
9070,1605,35,Sweet & Sour Shrimp,Plant-Based Meat,1,20.00,,20.00
9071,1605,26,Chili Tofu,Veggie & Tofu,1,19.00,,19.00
9072,1605,46,Jasmine Rice,Sides,1,2.75,,2.75
9073,1605,66,Assorted Soft Drinks,Drinks,1,2.50,,2.50
9074,1606,49,Lunch Special,Lunch Special,1,18.00,Entree: Curry Chicken,18.00
9075,1606,32,General Tao Chicken,Plant-Based Meat,1,21.00,No Mushrooms,21.00
9076,1606,32,General Tao Chicken,Plant-Based Meat,1,21.00,Gluten Friendly,21.00
9077,1606,55,Decaf Coffee,Coffee,1,4.50,,4.50
9078,1606,44,Lemongrass Vermicelli Bowl,Rice & Noodles,1,20.00,Sauce on Side,20.00
9079,1606,62,Iced Lychee,Drinks,1,7.50,,7.50
9080,1606,1,Vegetable Spring Rolls (3pc),Starters,1,6.00,,6.00
9081,1606,1,Vegetable Spring Rolls (3pc),Starters,1,6.00,,6.00
9082,1607,38,Rendang,Plant-Based Meat,1,20.00,,20.00
9083,1607,14,Spicy Curry Noodle Soup,Soups,1,18.00,Gluten Friendly,18.00
9084,1607,36,Spicy Shrimp,Plant-Based Meat,1,20.00,,20.00
9085,1607,57,Soy Chai Latte,Tea,1,5.50,,5.50
9086,1608,49,Lunch Special,Lunch Special,1,18.00,Entree: Chili Green Beans,18.00
9087,1608,49,Lunch Special,Lunch Special,1,18.00,Entree: Chili Green Beans,18.00
9088,1608,50,Americano,Coffee,1,4.50,,4.50
9089,1608,49,Lunch Special,Lunch Special,1,18.00,Entree: Padmanadi Veg Deluxe,18.00
9090,1608,77,Sub Coconut Rice (+1),Extras,1,1.00,,1.00
9091,1608,39,Nasi Goreng,Rice & Noodles,1,18.00,Allergy: Nuts,18.00
9092,1608,49,Lunch Special,Lunch Special,1,18.00,Entree: Chili Tofu,18.00
9093,1608,49,Lunch Special,Lunch Special,1,18.00,Entree: Ginger Beef,18.00
9094,1608,5,Deep Fried Tofu,Starters,1,13.00,,13.00
9095,1608,71,Fried Banana with Coconut Ice Cream,Desserts,1,13.00,,13.00
9096,1609,49,Lunch Special,Lunch Special,1,18.00,Entree: Padmanadi Veg Deluxe,18.00
9097,1609,77,Sub Coconut Rice (+1),Extras,1,1.00,,1.00
9098,1609,50,Americano,Coffee,1,4.50,,4.50
9099,1610,22,Pan-Fried Broccoli & Cauliflower,Veggie & Tofu,1,18.00,Gluten Friendly,18.00
9100,1610,59,Hot Chocolate,Tea,1,5.00,,5.00
9101,1610,23,Curry Vegetables & Tofu,Veggie & Tofu,1,20.00,,20.00
9102,1610,63,Iced Pineapple,Drinks,1,7.50,,7.50
9103,1611,49,Lunch Special,Lunch Special,1,18.00,Entree: Chili Tofu,18.00
9104,1611,66,Assorted Soft Drinks,Drinks,1,2.50,,2.50
9105,1611,49,Lunch Special,Lunch Special,1,18.00,Entree: Savory Eggplant,18.00
9106,1611,18,King Oyster Mushroom Gaylan,Veggie & Tofu,1,20.00,No Cilantro,20.00
9107,1611,49,Lunch Special,Lunch Special,1,18.00,Entree: Rendang,18.00
9108,1612,32,General Tao Chicken,Plant-Based Meat,1,21.00,,21.00
9109,1612,47,Coconut Rice,Sides,1,3.00,,3.00
9110,1612,29,Dendeng,Plant-Based Meat,1,20.00,Extra Sauce,20.00
9111,1612,67,Raspberry Lime Italian Soda,Drinks,1,6.50,,6.50
9112,1612,70,Panna Cotta,Desserts,1,9.00,,9.00
9113,1613,28,Ginger Beef,Plant-Based Meat,1,21.00,,21.00
9114,1613,47,Coconut Rice,Sides,1,3.00,,3.00
9115,1613,60,Matcha Latte,Tea,1,6.50,,6.50
9116,1613,39,Nasi Goreng,Rice & Noodles,1,18.00,,18.00
9117,1613,55,Decaf Coffee,Coffee,1,4.50,,4.50
9118,1614,40,Bakmi Goreng,Rice & Noodles,1,19.00,,19.00
9119,1614,30,Sweet & Sour Chicken,Plant-Based Meat,1,19.00,,19.00
9120,1614,46,Jasmine Rice,Sides,1,2.75,,2.75
9121,1614,63,Iced Pineapple,Drinks,1,7.50,,7.50
9122,1614,40,Bakmi Goreng,Rice & Noodles,1,19.00,,19.00
9123,1614,37,Teriyaki Chicken,Plant-Based Meat,1,19.00,,19.00
9124,1615,14,Spicy Curry Noodle Soup,Soups,1,18.00,,18.00
9125,1615,79,Add Noodles (Soup),Extras,1,3.00,,3.00
9126,1615,61,Iced Oat Strawberry Matcha,Tea,1,8.50,,8.50
9127,1615,33,Curry Chicken,Plant-Based Meat,1,22.00,,22.00
9128,1615,46,Jasmine Rice,Sides,1,2.75,,2.75
9129,1615,8,Breaded Cauliflower Bites,Starters,1,13.00,,13.00
9130,1616,28,Ginger Beef,Plant-Based Meat,1,21.00,,21.00
9131,1616,28,Ginger Beef,Plant-Based Meat,1,21.00,,21.00
9132,1616,48,Brown Rice,Sides,1,3.00,,3.00
9133,1616,32,General Tao Chicken,Plant-Based Meat,1,21.00,,21.00
9134,1616,48,Brown Rice,Sides,1,3.00,,3.00
9135,1616,59,Hot Chocolate,Tea,1,5.00,,5.00
9136,1616,12,Wonton Soup,Soups,1,18.00,No Cilantro,18.00
9137,1616,63,Iced Pineapple,Drinks,1,7.50,,7.50
9138,1617,16,Chili Green Beans,Veggie & Tofu,1,19.00,,19.00
9139,1617,65,Iced Passion Fruit Green Tea,Drinks,1,7.00,,7.00
9140,1617,17,Spicy String Beans,Veggie & Tofu,1,19.00,,19.00
9141,1617,66,Assorted Soft Drinks,Drinks,1,2.50,,2.50
9142,1617,29,Dendeng,Plant-Based Meat,1,20.00,,20.00
9143,1617,47,Coconut Rice,Sides,1,3.00,,3.00
9144,1617,54,Iced Brown Sugar Oat Latte,Coffee,1,6.50,,6.50
9145,1617,33,Curry Chicken,Plant-Based Meat,1,22.00,,22.00
9146,1617,57,Soy Chai Latte,Tea,1,5.50,,5.50
9147,1617,23,Curry Vegetables & Tofu,Veggie & Tofu,1,20.00,No Peanuts,20.00
9148,1617,60,Matcha Latte,Tea,1,6.50,,6.50
9149,1618,28,Ginger Beef,Plant-Based Meat,1,21.00,Less Spicy,21.00
9150,1618,46,Jasmine Rice,Sides,1,2.75,,2.75
9151,1618,45,Bali Buddha Bowl,Rice & Noodles,1,18.00,,18.00
9152,1618,44,Lemongrass Vermicelli Bowl,Rice & Noodles,1,20.00,,20.00
9153,1618,23,Curry Vegetables & Tofu,Veggie & Tofu,1,20.00,,20.00
9154,1618,46,Jasmine Rice,Sides,1,2.75,,2.75
9155,1618,50,Americano,Coffee,1,4.50,,4.50
9156,1618,1,Vegetable Spring Rolls (3pc),Starters,1,6.00,,6.00
9157,1619,14,Spicy Curry Noodle Soup,Soups,1,18.00,Extra Spicy,18.00
9158,1619,79,Add Noodles (Soup),Extras,1,3.00,,3.00
9159,1619,51,Soy Latte,Coffee,1,5.50,,5.50
9160,1619,17,Spicy String Beans,Veggie & Tofu,1,19.00,,19.00
9161,1619,46,Jasmine Rice,Sides,1,2.75,,2.75
9162,1619,75,Extra Tofu,Extras,1,4.00,,4.00
9163,1619,54,Iced Brown Sugar Oat Latte,Coffee,1,6.50,,6.50
9164,1619,39,Nasi Goreng,Rice & Noodles,1,18.00,,18.00
9165,1619,6,Gado Gado,Starters,1,14.00,,14.00
9166,1619,72,Vegan Ice Cream,Desserts,1,7.00,,7.00
9167,1620,18,King Oyster Mushroom Gaylan,Veggie & Tofu,1,20.00,,20.00
9168,1620,24,Tempeh Pulau,Veggie & Tofu,1,20.00,No Peanuts,20.00
9169,1620,61,Iced Oat Strawberry Matcha,Tea,1,8.50,,8.50
9170,1620,24,Tempeh Pulau,Veggie & Tofu,1,20.00,,20.00
9171,1620,74,Extra Protein,Extras,1,5.00,,5.00
9172,1620,19,Savory Eggplant,Veggie & Tofu,1,18.00,,18.00
9173,1620,5,Deep Fried Tofu,Starters,1,13.00,,13.00
9174,1620,73,Chocolate Mousse,Desserts,1,9.00,,9.00
9175,1621,34,Curry Mutton,Plant-Based Meat,1,22.00,,22.00
9176,1621,46,Jasmine Rice,Sides,1,2.75,,2.75
9177,1621,76,Extra Veggies,Extras,1,4.00,,4.00
9178,1621,60,Matcha Latte,Tea,1,6.50,,6.50
9179,1621,45,Bali Buddha Bowl,Rice & Noodles,1,18.00,,18.00
9180,1621,56,Organic Tea,Tea,1,3.50,,3.50
9181,1621,24,Tempeh Pulau,Veggie & Tofu,1,20.00,,20.00
9182,1621,76,Extra Veggies,Extras,1,4.00,,4.00
9183,1621,14,Spicy Curry Noodle Soup,Soups,1,18.00,Allergy: Nuts,18.00
9184,1621,50,Americano,Coffee,1,4.50,,4.50
9185,1621,28,Ginger Beef,Plant-Based Meat,1,21.00,,21.00
9186,1621,47,Coconut Rice,Sides,1,3.00,,3.00
9187,1621,50,Americano,Coffee,1,4.50,,4.50
9188,1622,31,Spicy Chicken,Plant-Based Meat,1,19.00,,19.00
9189,1622,55,Decaf Coffee,Coffee,1,4.50,,4.50
9190,1622,44,Lemongrass Vermicelli Bowl,Rice & Noodles,1,20.00,No Mushrooms,20.00
9191,1622,51,Soy Latte,Coffee,1,5.50,,5.50
9192,1623,43,Singapore Noodle,Rice & Noodles,1,19.00,Extra Spicy,19.00
9193,1623,28,Ginger Beef,Plant-Based Meat,1,21.00,Less Spicy,21.00
9194,1623,46,Jasmine Rice,Sides,1,2.75,,2.75
9195,1623,44,Lemongrass Vermicelli Bowl,Rice & Noodles,1,20.00,No Onion,20.00
9196,1623,61,Iced Oat Strawberry Matcha,Tea,1,8.50,,8.50
9197,1623,45,Bali Buddha Bowl,Rice & Noodles,1,18.00,Gluten Friendly,18.00
9198,1623,74,Extra Protein,Extras,1,5.00,,5.00
9199,1623,60,Matcha Latte,Tea,1,6.50,,6.50
9200,1623,6,Gado Gado,Starters,1,14.00,,14.00
9201,1623,72,Vegan Ice Cream,Desserts,1,7.00,,7.00
9202,1624,36,Spicy Shrimp,Plant-Based Meat,1,20.00,Gluten Friendly,20.00
9203,1624,46,Jasmine Rice,Sides,1,2.75,,2.75
9204,1624,54,Iced Brown Sugar Oat Latte,Coffee,1,6.50,,6.50
9205,1624,38,Rendang,Plant-Based Meat,1,20.00,,20.00
9206,1624,35,Sweet & Sour Shrimp,Plant-Based Meat,1,20.00,Extra Spicy,20.00
9207,1624,46,Jasmine Rice,Sides,1,2.75,,2.75
9208,1624,50,Americano,Coffee,1,4.50,,4.50
9209,1624,26,Chili Tofu,Veggie & Tofu,1,19.00,Allergy: Nuts,19.00
9210,1624,47,Coconut Rice,Sides,1,3.00,,3.00
9211,1624,52,Soy Mocha,Coffee,1,6.00,,6.00
9212,1625,15,Padmanadi Vegetable Deluxe,Veggie & Tofu,1,19.00,,19.00
9213,1625,61,Iced Oat Strawberry Matcha,Tea,1,8.50,,8.50
9214,1625,31,Spicy Chicken,Plant-Based Meat,1,19.00,Extra Sauce,19.00
9215,1625,66,Assorted Soft Drinks,Drinks,1,2.50,,2.50
9216,1625,28,Ginger Beef,Plant-Based Meat,1,21.00,Less Spicy,21.00
9217,1625,55,Decaf Coffee,Coffee,1,4.50,,4.50
9218,1625,11,Fried Enoki Mushroom,Starters,1,16.00,,16.00
9219,1626,17,Spicy String Beans,Veggie & Tofu,1,19.00,No Cilantro,19.00
9220,1626,66,Assorted Soft Drinks,Drinks,1,2.50,,2.50
9221,1627,44,Lemongrass Vermicelli Bowl,Rice & Noodles,1,20.00,Extra Sauce,20.00
9222,1628,12,Wonton Soup,Soups,1,18.00,Extra Sauce,18.00
9223,1628,79,Add Noodles (Soup),Extras,1,3.00,,3.00
9224,1628,63,Iced Pineapple,Drinks,1,7.50,,7.50
9225,1629,23,Curry Vegetables & Tofu,Veggie & Tofu,1,20.00,No Cilantro,20.00
9226,1629,66,Assorted Soft Drinks,Drinks,1,2.50,,2.50
9227,1629,35,Sweet & Sour Shrimp,Plant-Based Meat,1,20.00,Extra Spicy,20.00
9228,1629,59,Hot Chocolate,Tea,1,5.00,,5.00
9229,1629,29,Dendeng,Plant-Based Meat,1,20.00,Extra Spicy,20.00
9230,1629,76,Extra Veggies,Extras,1,4.00,,4.00
9231,1629,60,Matcha Latte,Tea,1,6.50,,6.50
9232,1629,38,Rendang,Plant-Based Meat,1,20.00,,20.00
9233,1629,46,Jasmine Rice,Sides,1,2.75,,2.75
9234,1629,11,Fried Enoki Mushroom,Starters,1,16.00,,16.00
9235,1630,28,Ginger Beef,Plant-Based Meat,1,21.00,,21.00
9236,1630,46,Jasmine Rice,Sides,1,2.75,,2.75
9237,1630,57,Soy Chai Latte,Tea,1,5.50,,5.50
9238,1630,13,Tom Yum Soup,Soups,1,18.00,No Mushrooms,18.00
9239,1630,70,Panna Cotta,Desserts,1,9.00,,9.00
9240,1631,35,Sweet & Sour Shrimp,Plant-Based Meat,1,20.00,,20.00
9241,1631,53,Vegan Iced Coffee,Coffee,1,5.50,,5.50
9242,1631,31,Spicy Chicken,Plant-Based Meat,1,19.00,,19.00
9243,1631,46,Jasmine Rice,Sides,1,2.75,,2.75
9244,1631,65,Iced Passion Fruit Green Tea,Drinks,1,7.00,,7.00
9245,1631,33,Curry Chicken,Plant-Based Meat,1,22.00,,22.00
9246,1631,27,Kung Pao Chicken,Plant-Based Meat,1,20.00,,20.00
9247,1631,54,Iced Brown Sugar Oat Latte,Coffee,1,6.50,,6.50
9248,1631,71,Fried Banana with Coconut Ice Cream,Desserts,1,13.00,,13.00
9249,1632,45,Bali Buddha Bowl,Rice & Noodles,1,18.00,No Cilantro,18.00
9250,1632,64,Sparkling Yuzu,Drinks,1,8.50,,8.50
9251,1632,33,Curry Chicken,Plant-Based Meat,1,22.00,,22.00
9252,1632,61,Iced Oat Strawberry Matcha,Tea,1,8.50,,8.50
9253,1632,39,Nasi Goreng,Rice & Noodles,1,18.00,,18.00
9254,1632,14,Spicy Curry Noodle Soup,Soups,1,18.00,Gluten Friendly,18.00
9255,1632,70,Panna Cotta,Desserts,1,9.00,,9.00
9256,1633,33,Curry Chicken,Plant-Based Meat,1,22.00,,22.00
9257,1633,46,Jasmine Rice,Sides,1,2.75,,2.75
9258,1633,51,Soy Latte,Coffee,1,5.50,,5.50
9259,1633,23,Curry Vegetables & Tofu,Veggie & Tofu,1,20.00,,20.00
9260,1633,51,Soy Latte,Coffee,1,5.50,,5.50
9261,1633,33,Curry Chicken,Plant-Based Meat,1,22.00,Allergy: Nuts,22.00
9262,1633,72,Vegan Ice Cream,Desserts,1,7.00,,7.00
9263,1634,36,Spicy Shrimp,Plant-Based Meat,1,20.00,Extra Spicy,20.00
9264,1634,46,Jasmine Rice,Sides,1,2.75,,2.75
9265,1634,56,Organic Tea,Tea,1,3.50,,3.50
9266,1634,24,Tempeh Pulau,Veggie & Tofu,1,20.00,No Onion,20.00
9267,1634,27,Kung Pao Chicken,Plant-Based Meat,1,20.00,,20.00
9268,1634,39,Nasi Goreng,Rice & Noodles,1,18.00,No Onion,18.00
9269,1634,65,Iced Passion Fruit Green Tea,Drinks,1,7.00,,7.00
9270,1635,22,Pan-Fried Broccoli & Cauliflower,Veggie & Tofu,1,18.00,Extra Spicy,18.00
9271,1635,46,Jasmine Rice,Sides,1,2.75,,2.75
9272,1635,65,Iced Passion Fruit Green Tea,Drinks,1,7.00,,7.00
9273,1635,43,Singapore Noodle,Rice & Noodles,1,19.00,,19.00
9274,1635,35,Sweet & Sour Shrimp,Plant-Based Meat,1,20.00,,20.00
9275,1635,46,Jasmine Rice,Sides,1,2.75,,2.75
9276,1636,41,Bihun Goreng,Rice & Noodles,1,18.00,,18.00
9277,1636,29,Dendeng,Plant-Based Meat,1,20.00,Less Spicy,20.00
9278,1636,48,Brown Rice,Sides,1,3.00,,3.00
9279,1636,36,Spicy Shrimp,Plant-Based Meat,1,20.00,,20.00
9280,1636,51,Soy Latte,Coffee,1,5.50,,5.50
9281,1636,27,Kung Pao Chicken,Plant-Based Meat,1,20.00,,20.00
9282,1636,74,Extra Protein,Extras,1,5.00,,5.00
9283,1636,39,Nasi Goreng,Rice & Noodles,1,18.00,,18.00
9284,1636,66,Assorted Soft Drinks,Drinks,1,2.50,,2.50
9285,1637,15,Padmanadi Vegetable Deluxe,Veggie & Tofu,1,19.00,,19.00
9286,1637,63,Iced Pineapple,Drinks,1,7.50,,7.50
9287,1638,30,Sweet & Sour Chicken,Plant-Based Meat,1,19.00,Sauce on Side,19.00
9288,1638,56,Organic Tea,Tea,1,3.50,,3.50
9289,1638,29,Dendeng,Plant-Based Meat,1,20.00,Allergy: Nuts,20.00
9290,1638,71,Fried Banana with Coconut Ice Cream,Desserts,1,13.00,,13.00
9291,1639,31,Spicy Chicken,Plant-Based Meat,1,19.00,,19.00
9292,1639,52,Soy Mocha,Coffee,1,6.00,,6.00
9293,1639,23,Curry Vegetables & Tofu,Veggie & Tofu,1,20.00,,20.00
9294,1639,53,Vegan Iced Coffee,Coffee,1,5.50,,5.50
9295,1639,28,Ginger Beef,Plant-Based Meat,1,21.00,,21.00
9296,1639,48,Brown Rice,Sides,1,3.00,,3.00
9297,1639,62,Iced Lychee,Drinks,1,7.50,,7.50
9298,1639,31,Spicy Chicken,Plant-Based Meat,1,19.00,,19.00
9299,1639,74,Extra Protein,Extras,1,5.00,,5.00
9300,1639,6,Gado Gado,Starters,1,14.00,,14.00
9301,1639,71,Fried Banana with Coconut Ice Cream,Desserts,1,13.00,,13.00
9302,1639,72,Vegan Ice Cream,Desserts,1,7.00,,7.00
9303,1640,33,Curry Chicken,Plant-Based Meat,1,22.00,Gluten Friendly,22.00
9304,1640,74,Extra Protein,Extras,1,5.00,,5.00
9305,1640,65,Iced Passion Fruit Green Tea,Drinks,1,7.00,,7.00
9306,1640,25,Mushroom Tofu,Veggie & Tofu,1,19.00,No Cilantro,19.00
9307,1640,59,Hot Chocolate,Tea,1,5.00,,5.00
9308,1641,37,Teriyaki Chicken,Plant-Based Meat,1,19.00,Extra Sauce,19.00
9309,1641,56,Organic Tea,Tea,1,3.50,,3.50
9310,1641,26,Chili Tofu,Veggie & Tofu,1,19.00,,19.00
9311,1641,46,Jasmine Rice,Sides,1,2.75,,2.75
9312,1641,75,Extra Tofu,Extras,1,4.00,,4.00
9313,1641,66,Assorted Soft Drinks,Drinks,1,2.50,,2.50
9314,1641,28,Ginger Beef,Plant-Based Meat,1,21.00,,21.00
9315,1641,57,Soy Chai Latte,Tea,1,5.50,,5.50
9316,1641,69,Cheesecake,Desserts,1,11.00,,11.00
9317,1642,33,Curry Chicken,Plant-Based Meat,1,22.00,,22.00
9318,1642,50,Americano,Coffee,1,4.50,,4.50
9319,1643,32,General Tao Chicken,Plant-Based Meat,1,21.00,Extra Sauce,21.00
9320,1643,65,Iced Passion Fruit Green Tea,Drinks,1,7.00,,7.00
9321,1643,12,Wonton Soup,Soups,1,18.00,,18.00
9322,1643,58,London Fog,Tea,1,5.50,,5.50
9323,1643,2,Vegetable Spring Rolls (6pc),Starters,1,9.00,,9.00
9324,1644,37,Teriyaki Chicken,Plant-Based Meat,1,19.00,,19.00
9325,1644,46,Jasmine Rice,Sides,1,2.75,,2.75
9326,1644,65,Iced Passion Fruit Green Tea,Drinks,1,7.00,,7.00
9327,1644,39,Nasi Goreng,Rice & Noodles,1,18.00,,18.00
9328,1645,37,Teriyaki Chicken,Plant-Based Meat,1,19.00,No Cilantro,19.00
9329,1645,46,Jasmine Rice,Sides,1,2.75,,2.75
9330,1645,52,Soy Mocha,Coffee,1,6.00,,6.00
9331,1645,11,Fried Enoki Mushroom,Starters,1,16.00,,16.00
9332,1646,32,General Tao Chicken,Plant-Based Meat,1,21.00,,21.00
9333,1646,47,Coconut Rice,Sides,1,3.00,,3.00
9334,1646,15,Padmanadi Vegetable Deluxe,Veggie & Tofu,1,19.00,Gluten Friendly,19.00
9335,1646,75,Extra Tofu,Extras,1,4.00,,4.00
9336,1646,61,Iced Oat Strawberry Matcha,Tea,1,8.50,,8.50
9337,1646,30,Sweet & Sour Chicken,Plant-Based Meat,1,19.00,,19.00
9338,1646,47,Coconut Rice,Sides,1,3.00,,3.00
9339,1646,76,Extra Veggies,Extras,1,4.00,,4.00
9340,1646,51,Soy Latte,Coffee,1,5.50,,5.50
9341,1646,8,Breaded Cauliflower Bites,Starters,1,13.00,,13.00
9342,1647,26,Chili Tofu,Veggie & Tofu,1,19.00,,19.00
9343,1647,56,Organic Tea,Tea,1,3.50,,3.50
9344,1647,18,King Oyster Mushroom Gaylan,Veggie & Tofu,1,20.00,Gluten Friendly,20.00
9345,1647,76,Extra Veggies,Extras,1,4.00,,4.00
9346,1647,53,Vegan Iced Coffee,Coffee,1,5.50,,5.50
9347,1647,33,Curry Chicken,Plant-Based Meat,1,22.00,No Mushrooms,22.00
9348,1647,48,Brown Rice,Sides,1,3.00,,3.00
9349,1647,25,Mushroom Tofu,Veggie & Tofu,1,19.00,,19.00
9350,1647,46,Jasmine Rice,Sides,1,2.75,,2.75
9351,1647,74,Extra Protein,Extras,1,5.00,,5.00
9352,1647,66,Assorted Soft Drinks,Drinks,1,2.50,,2.50
9353,1648,31,Spicy Chicken,Plant-Based Meat,1,19.00,No Peanuts,19.00
9354,1648,66,Assorted Soft Drinks,Drinks,1,2.50,,2.50
9355,1648,14,Spicy Curry Noodle Soup,Soups,1,18.00,No Cilantro,18.00
9356,1648,79,Add Noodles (Soup),Extras,1,3.00,,3.00
9357,1648,51,Soy Latte,Coffee,1,5.50,,5.50
9358,1648,34,Curry Mutton,Plant-Based Meat,1,22.00,Gluten Friendly,22.00
9359,1648,53,Vegan Iced Coffee,Coffee,1,5.50,,5.50
9360,1648,45,Bali Buddha Bowl,Rice & Noodles,1,18.00,,18.00
9361,1648,68,Iced Blackberry Hibiscus Tea,Drinks,1,7.00,,7.00
9362,1648,16,Chili Green Beans,Veggie & Tofu,1,19.00,Extra Sauce,19.00
9363,1648,47,Coconut Rice,Sides,1,3.00,,3.00
9364,1648,66,Assorted Soft Drinks,Drinks,1,2.50,,2.50
9365,1648,28,Ginger Beef,Plant-Based Meat,1,21.00,,21.00
9366,1648,74,Extra Protein,Extras,1,5.00,,5.00
9367,1648,1,Vegetable Spring Rolls (3pc),Starters,1,6.00,,6.00
9368,1649,43,Singapore Noodle,Rice & Noodles,1,19.00,Gluten Friendly,19.00
9369,1649,31,Spicy Chicken,Plant-Based Meat,1,19.00,Less Spicy,19.00
9370,1649,47,Coconut Rice,Sides,1,3.00,,3.00
9371,1649,65,Iced Passion Fruit Green Tea,Drinks,1,7.00,,7.00
9372,1649,15,Padmanadi Vegetable Deluxe,Veggie & Tofu,1,19.00,No Mushrooms,19.00
9373,1649,46,Jasmine Rice,Sides,1,2.75,,2.75
9374,1649,61,Iced Oat Strawberry Matcha,Tea,1,8.50,,8.50
9375,1650,37,Teriyaki Chicken,Plant-Based Meat,1,19.00,,19.00
9376,1650,46,Jasmine Rice,Sides,1,2.75,,2.75
9377,1650,54,Iced Brown Sugar Oat Latte,Coffee,1,6.50,,6.50
9378,1651,31,Spicy Chicken,Plant-Based Meat,1,19.00,,19.00
9379,1651,46,Jasmine Rice,Sides,1,2.75,,2.75
9380,1651,58,London Fog,Tea,1,5.50,,5.50
9381,1651,29,Dendeng,Plant-Based Meat,1,20.00,,20.00
9382,1651,48,Brown Rice,Sides,1,3.00,,3.00
9383,1651,27,Kung Pao Chicken,Plant-Based Meat,1,20.00,Gluten Friendly,20.00
9384,1651,47,Coconut Rice,Sides,1,3.00,,3.00
9385,1651,63,Iced Pineapple,Drinks,1,7.50,,7.50
9386,1651,2,Vegetable Spring Rolls (6pc),Starters,1,9.00,,9.00
9387,1652,45,Bali Buddha Bowl,Rice & Noodles,1,18.00,,18.00
9388,1652,54,Iced Brown Sugar Oat Latte,Coffee,1,6.50,,6.50
9389,1652,37,Teriyaki Chicken,Plant-Based Meat,1,19.00,,19.00
9390,1652,64,Sparkling Yuzu,Drinks,1,8.50,,8.50
9391,1652,10,Bean Curd Drumsticks,Starters,1,13.00,,13.00
9392,1653,26,Chili Tofu,Veggie & Tofu,1,19.00,No Onion,19.00
9393,1653,50,Americano,Coffee,1,4.50,,4.50
9394,1653,12,Wonton Soup,Soups,1,18.00,Sauce on Side,18.00
9395,1653,79,Add Noodles (Soup),Extras,1,3.00,,3.00
9396,1653,50,Americano,Coffee,1,4.50,,4.50
9397,1653,39,Nasi Goreng,Rice & Noodles,1,18.00,,18.00
9398,1653,63,Iced Pineapple,Drinks,1,7.50,,7.50
9399,1653,6,Gado Gado,Starters,1,14.00,,14.00
9400,1653,71,Fried Banana with Coconut Ice Cream,Desserts,1,13.00,,13.00
9401,1653,72,Vegan Ice Cream,Desserts,1,7.00,,7.00
9402,1654,38,Rendang,Plant-Based Meat,1,20.00,Less Spicy,20.00
9403,1654,48,Brown Rice,Sides,1,3.00,,3.00
9404,1654,49,Lunch Special,Lunch Special,1,18.00,Entree: Ginger Beef,18.00
9405,1654,52,Soy Mocha,Coffee,1,6.00,,6.00
9406,1654,35,Sweet & Sour Shrimp,Plant-Based Meat,1,20.00,,20.00
9407,1654,46,Jasmine Rice,Sides,1,2.75,,2.75
9408,1654,50,Americano,Coffee,1,4.50,,4.50
9409,1654,4,Satay with Peanut Sauce (3pc),Starters,1,10.00,,10.00
9410,1655,39,Nasi Goreng,Rice & Noodles,1,18.00,,18.00
9411,1655,32,General Tao Chicken,Plant-Based Meat,1,21.00,No Cilantro,21.00
9412,1655,47,Coconut Rice,Sides,1,3.00,,3.00
9413,1655,49,Lunch Special,Lunch Special,1,18.00,Entree: Spicy Nuggets,18.00
9414,1655,53,Vegan Iced Coffee,Coffee,1,5.50,,5.50
9415,1655,11,Fried Enoki Mushroom,Starters,1,16.00,,16.00
9416,1655,72,Vegan Ice Cream,Desserts,1,7.00,,7.00
9417,1655,71,Fried Banana with Coconut Ice Cream,Desserts,1,13.00,,13.00
9418,1656,45,Bali Buddha Bowl,Rice & Noodles,1,18.00,Sauce on Side,18.00
9419,1656,74,Extra Protein,Extras,1,5.00,,5.00
9420,1656,66,Assorted Soft Drinks,Drinks,1,2.50,,2.50
9421,1656,4,Satay with Peanut Sauce (3pc),Starters,1,10.00,,10.00
9422,1657,28,Ginger Beef,Plant-Based Meat,1,21.00,Sauce on Side,21.00
9423,1657,30,Sweet & Sour Chicken,Plant-Based Meat,1,19.00,,19.00
9424,1658,35,Sweet & Sour Shrimp,Plant-Based Meat,1,20.00,,20.00
9425,1658,64,Sparkling Yuzu,Drinks,1,8.50,,8.50
9426,1658,12,Wonton Soup,Soups,1,18.00,,18.00
9427,1658,79,Add Noodles (Soup),Extras,1,3.00,,3.00
9428,1658,14,Spicy Curry Noodle Soup,Soups,1,18.00,Extra Sauce,18.00
9429,1658,66,Assorted Soft Drinks,Drinks,1,2.50,,2.50
9430,1659,39,Nasi Goreng,Rice & Noodles,1,18.00,Allergy: Nuts,18.00
9431,1659,65,Iced Passion Fruit Green Tea,Drinks,1,7.00,,7.00
9432,1659,49,Lunch Special,Lunch Special,1,18.00,Entree: Curry Chicken,18.00
9433,1659,49,Lunch Special,Lunch Special,1,18.00,Entree: Teriyaki Chicken,18.00
9434,1659,7,Roti Canai,Starters,1,13.00,,13.00
9435,1660,33,Curry Chicken,Plant-Based Meat,1,22.00,Allergy: Nuts,22.00
9436,1660,47,Coconut Rice,Sides,1,3.00,,3.00
9437,1660,44,Lemongrass Vermicelli Bowl,Rice & Noodles,1,20.00,,20.00
9438,1660,56,Organic Tea,Tea,1,3.50,,3.50
9439,1660,49,Lunch Special,Lunch Special,1,18.00,Entree: Kung Pao Chicken,18.00
9440,1660,19,Savory Eggplant,Veggie & Tofu,1,18.00,,18.00
9441,1660,76,Extra Veggies,Extras,1,4.00,,4.00
9442,1660,60,Matcha Latte,Tea,1,6.50,,6.50
9443,1660,9,Crispy Chicken Strips,Starters,1,13.00,,13.00
9444,1660,2,Vegetable Spring Rolls (6pc),Starters,1,9.00,,9.00
9445,1661,15,Padmanadi Vegetable Deluxe,Veggie & Tofu,1,19.00,,19.00
9446,1662,14,Spicy Curry Noodle Soup,Soups,1,18.00,,18.00
9447,1662,65,Iced Passion Fruit Green Tea,Drinks,1,7.00,,7.00
9448,1663,49,Lunch Special,Lunch Special,1,18.00,Entree: Curry Chicken,18.00
9449,1663,78,Sub Brown Rice (+1),Extras,1,1.00,,1.00
9450,1663,49,Lunch Special,Lunch Special,1,18.00,Entree: Chili Green Beans,18.00
9451,1663,30,Sweet & Sour Chicken,Plant-Based Meat,1,19.00,Sauce on Side,19.00
9452,1663,41,Bihun Goreng,Rice & Noodles,1,18.00,Extra Spicy,18.00
9453,1663,1,Vegetable Spring Rolls (3pc),Starters,1,6.00,,6.00
9454,1664,44,Lemongrass Vermicelli Bowl,Rice & Noodles,1,20.00,,20.00
9455,1664,50,Americano,Coffee,1,4.50,,4.50
9456,1664,49,Lunch Special,Lunch Special,1,18.00,Entree: Spicy Nuggets,18.00
9457,1665,26,Chili Tofu,Veggie & Tofu,1,19.00,Extra Spicy,19.00
9458,1665,47,Coconut Rice,Sides,1,3.00,,3.00
9459,1665,49,Lunch Special,Lunch Special,1,18.00,Entree: Padmanadi Veg Deluxe,18.00
9460,1665,59,Hot Chocolate,Tea,1,5.00,,5.00
9461,1665,37,Teriyaki Chicken,Plant-Based Meat,1,19.00,Less Spicy,19.00
9462,1665,62,Iced Lychee,Drinks,1,7.50,,7.50
9463,1666,34,Curry Mutton,Plant-Based Meat,1,22.00,,22.00
9464,1666,47,Coconut Rice,Sides,1,3.00,,3.00
9465,1666,76,Extra Veggies,Extras,1,4.00,,4.00
9466,1666,51,Soy Latte,Coffee,1,5.50,,5.50
9467,1666,44,Lemongrass Vermicelli Bowl,Rice & Noodles,1,20.00,No Peanuts,20.00
9468,1666,61,Iced Oat Strawberry Matcha,Tea,1,8.50,,8.50
9469,1667,24,Tempeh Pulau,Veggie & Tofu,1,20.00,,20.00
9470,1667,49,Lunch Special,Lunch Special,1,18.00,Entree: Curry Chicken,18.00
9471,1668,20,Spicy Coconut Eggplant,Veggie & Tofu,1,18.00,,18.00
9472,1668,76,Extra Veggies,Extras,1,4.00,,4.00
9473,1668,49,Lunch Special,Lunch Special,1,18.00,Entree: Chili Green Beans,18.00
9474,1668,56,Organic Tea,Tea,1,3.50,,3.50
9475,1668,37,Teriyaki Chicken,Plant-Based Meat,1,19.00,,19.00
9476,1668,47,Coconut Rice,Sides,1,3.00,,3.00
9477,1668,66,Assorted Soft Drinks,Drinks,1,2.50,,2.50
9478,1668,7,Roti Canai,Starters,1,13.00,,13.00
9479,1668,69,Cheesecake,Desserts,1,11.00,,11.00
9480,1669,49,Lunch Special,Lunch Special,1,18.00,Entree: Curry Chicken,18.00
9481,1669,37,Teriyaki Chicken,Plant-Based Meat,1,19.00,No Mushrooms,19.00
9482,1669,66,Assorted Soft Drinks,Drinks,1,2.50,,2.50
9483,1669,49,Lunch Special,Lunch Special,1,18.00,Entree: Chili Tofu,18.00
9484,1669,63,Iced Pineapple,Drinks,1,7.50,,7.50
9485,1669,7,Roti Canai,Starters,1,13.00,,13.00
9486,1670,26,Chili Tofu,Veggie & Tofu,1,19.00,,19.00
9487,1670,47,Coconut Rice,Sides,1,3.00,,3.00
9488,1670,60,Matcha Latte,Tea,1,6.50,,6.50
9489,1670,28,Ginger Beef,Plant-Based Meat,1,21.00,,21.00
9490,1670,47,Coconut Rice,Sides,1,3.00,,3.00
9491,1670,2,Vegetable Spring Rolls (6pc),Starters,1,9.00,,9.00
9492,1671,26,Chili Tofu,Veggie & Tofu,1,19.00,,19.00
9493,1671,54,Iced Brown Sugar Oat Latte,Coffee,1,6.50,,6.50
9494,1671,49,Lunch Special,Lunch Special,1,18.00,Entree: Ginger Beef,18.00
9495,1671,39,Nasi Goreng,Rice & Noodles,1,18.00,,18.00
9496,1672,49,Lunch Special,Lunch Special,1,18.00,Entree: Sweet & Sour Chicken,18.00
9497,1673,20,Spicy Coconut Eggplant,Veggie & Tofu,1,18.00,Allergy: Nuts,18.00
9498,1673,47,Coconut Rice,Sides,1,3.00,,3.00
9499,1673,31,Spicy Chicken,Plant-Based Meat,1,19.00,,19.00
9500,1673,51,Soy Latte,Coffee,1,5.50,,5.50
9501,1673,33,Curry Chicken,Plant-Based Meat,1,22.00,No Mushrooms,22.00
9502,1673,52,Soy Mocha,Coffee,1,6.00,,6.00
9503,1674,49,Lunch Special,Lunch Special,1,18.00,Entree: Curry Mutton,18.00
9504,1674,51,Soy Latte,Coffee,1,5.50,,5.50
9505,1674,27,Kung Pao Chicken,Plant-Based Meat,1,20.00,,20.00
9506,1674,26,Chili Tofu,Veggie & Tofu,1,19.00,,19.00
9507,1674,72,Vegan Ice Cream,Desserts,1,7.00,,7.00
9508,1675,49,Lunch Special,Lunch Special,1,18.00,Entree: Curry Chicken,18.00
9509,1675,61,Iced Oat Strawberry Matcha,Tea,1,8.50,,8.50
9510,1675,49,Lunch Special,Lunch Special,1,18.00,Entree: Savory Eggplant,18.00
9511,1675,78,Sub Brown Rice (+1),Extras,1,1.00,,1.00
9512,1676,44,Lemongrass Vermicelli Bowl,Rice & Noodles,1,20.00,Allergy: Nuts,20.00
9513,1676,26,Chili Tofu,Veggie & Tofu,1,19.00,,19.00
9514,1676,51,Soy Latte,Coffee,1,5.50,,5.50
9515,1677,15,Padmanadi Vegetable Deluxe,Veggie & Tofu,1,19.00,Extra Spicy,19.00
9516,1677,46,Jasmine Rice,Sides,1,2.75,,2.75
9517,1677,28,Ginger Beef,Plant-Based Meat,1,21.00,No Peanuts,21.00
9518,1677,46,Jasmine Rice,Sides,1,2.75,,2.75
9519,1677,57,Soy Chai Latte,Tea,1,5.50,,5.50
9520,1677,30,Sweet & Sour Chicken,Plant-Based Meat,1,19.00,,19.00
9521,1678,45,Bali Buddha Bowl,Rice & Noodles,1,18.00,,18.00
9522,1678,34,Curry Mutton,Plant-Based Meat,1,22.00,,22.00
9523,1678,36,Spicy Shrimp,Plant-Based Meat,1,20.00,No Peanuts,20.00
9524,1678,59,Hot Chocolate,Tea,1,5.00,,5.00
9525,1678,39,Nasi Goreng,Rice & Noodles,1,18.00,,18.00
9526,1679,45,Bali Buddha Bowl,Rice & Noodles,1,18.00,Gluten Friendly,18.00
9527,1679,16,Chili Green Beans,Veggie & Tofu,1,19.00,,19.00
9528,1679,47,Coconut Rice,Sides,1,3.00,,3.00
9529,1679,54,Iced Brown Sugar Oat Latte,Coffee,1,6.50,,6.50
9530,1680,49,Lunch Special,Lunch Special,1,18.00,Entree: Chili Tofu,18.00
9531,1680,66,Assorted Soft Drinks,Drinks,1,2.50,,2.50
9532,1680,12,Wonton Soup,Soups,1,18.00,,18.00
9533,1680,29,Dendeng,Plant-Based Meat,1,20.00,,20.00
9534,1681,31,Spicy Chicken,Plant-Based Meat,1,19.00,No Mushrooms,19.00
9535,1681,46,Jasmine Rice,Sides,1,2.75,,2.75
9536,1681,61,Iced Oat Strawberry Matcha,Tea,1,8.50,,8.50
9537,1681,13,Tom Yum Soup,Soups,1,18.00,Less Spicy,18.00
9538,1681,6,Gado Gado,Starters,1,14.00,,14.00
9539,1682,28,Ginger Beef,Plant-Based Meat,1,21.00,No Peanuts,21.00
9540,1682,66,Assorted Soft Drinks,Drinks,1,2.50,,2.50
9541,1682,39,Nasi Goreng,Rice & Noodles,1,18.00,,18.00
9542,1682,59,Hot Chocolate,Tea,1,5.00,,5.00
9543,1682,25,Mushroom Tofu,Veggie & Tofu,1,19.00,,19.00
9544,1682,62,Iced Lychee,Drinks,1,7.50,,7.50
9545,1682,4,Satay with Peanut Sauce (3pc),Starters,1,10.00,,10.00
9546,1683,21,Mapo Tofu,Veggie & Tofu,1,19.00,,19.00
9547,1683,60,Matcha Latte,Tea,1,6.50,,6.50
9548,1683,33,Curry Chicken,Plant-Based Meat,1,22.00,,22.00
9549,1683,56,Organic Tea,Tea,1,3.50,,3.50
9550,1683,69,Cheesecake,Desserts,1,11.00,,11.00
9551,1684,32,General Tao Chicken,Plant-Based Meat,1,21.00,No Onion,21.00
9552,1684,53,Vegan Iced Coffee,Coffee,1,5.50,,5.50
9553,1684,21,Mapo Tofu,Veggie & Tofu,1,19.00,,19.00
9554,1684,47,Coconut Rice,Sides,1,3.00,,3.00
9555,1685,12,Wonton Soup,Soups,1,18.00,,18.00
9556,1685,21,Mapo Tofu,Veggie & Tofu,1,19.00,,19.00
9557,1685,48,Brown Rice,Sides,1,3.00,,3.00
9558,1685,39,Nasi Goreng,Rice & Noodles,1,18.00,,18.00
9559,1685,59,Hot Chocolate,Tea,1,5.00,,5.00
9560,1685,23,Curry Vegetables & Tofu,Veggie & Tofu,1,20.00,No Onion,20.00
9561,1686,27,Kung Pao Chicken,Plant-Based Meat,1,20.00,,20.00
9562,1686,59,Hot Chocolate,Tea,1,5.00,,5.00
9563,1686,24,Tempeh Pulau,Veggie & Tofu,1,20.00,Less Spicy,20.00
9564,1686,51,Soy Latte,Coffee,1,5.50,,5.50
9565,1686,36,Spicy Shrimp,Plant-Based Meat,1,20.00,Extra Sauce,20.00
9566,1686,47,Coconut Rice,Sides,1,3.00,,3.00
9567,1686,64,Sparkling Yuzu,Drinks,1,8.50,,8.50
9568,1686,24,Tempeh Pulau,Veggie & Tofu,1,20.00,Sauce on Side,20.00
9569,1686,10,Bean Curd Drumsticks,Starters,1,13.00,,13.00
9570,1686,69,Cheesecake,Desserts,1,11.00,,11.00
9571,1687,35,Sweet & Sour Shrimp,Plant-Based Meat,1,20.00,No Peanuts,20.00
9572,1687,46,Jasmine Rice,Sides,1,2.75,,2.75
9573,1687,35,Sweet & Sour Shrimp,Plant-Based Meat,1,20.00,Gluten Friendly,20.00
9574,1687,66,Assorted Soft Drinks,Drinks,1,2.50,,2.50
9575,1687,7,Roti Canai,Starters,1,13.00,,13.00
9576,1688,17,Spicy String Beans,Veggie & Tofu,1,19.00,Extra Sauce,19.00
9577,1688,46,Jasmine Rice,Sides,1,2.75,,2.75
9578,1688,19,Savory Eggplant,Veggie & Tofu,1,18.00,No Cilantro,18.00
9579,1688,48,Brown Rice,Sides,1,3.00,,3.00
9580,1688,52,Soy Mocha,Coffee,1,6.00,,6.00
9581,1688,21,Mapo Tofu,Veggie & Tofu,1,19.00,Allergy: Nuts,19.00
9582,1688,47,Coconut Rice,Sides,1,3.00,,3.00
9583,1688,55,Decaf Coffee,Coffee,1,4.50,,4.50
9584,1688,37,Teriyaki Chicken,Plant-Based Meat,1,19.00,,19.00
9585,1688,46,Jasmine Rice,Sides,1,2.75,,2.75
9586,1688,76,Extra Veggies,Extras,1,4.00,,4.00
9587,1688,63,Iced Pineapple,Drinks,1,7.50,,7.50
9588,1688,11,Fried Enoki Mushroom,Starters,1,16.00,,16.00
9589,1689,22,Pan-Fried Broccoli & Cauliflower,Veggie & Tofu,1,18.00,,18.00
9590,1689,46,Jasmine Rice,Sides,1,2.75,,2.75
9591,1689,63,Iced Pineapple,Drinks,1,7.50,,7.50
9592,1689,33,Curry Chicken,Plant-Based Meat,1,22.00,Sauce on Side,22.00
9593,1689,45,Bali Buddha Bowl,Rice & Noodles,1,18.00,Allergy: Nuts,18.00
9594,1689,54,Iced Brown Sugar Oat Latte,Coffee,1,6.50,,6.50
9595,1689,28,Ginger Beef,Plant-Based Meat,1,21.00,,21.00
9596,1689,65,Iced Passion Fruit Green Tea,Drinks,1,7.00,,7.00
9597,1689,13,Tom Yum Soup,Soups,1,18.00,No Peanuts,18.00
9598,1689,50,Americano,Coffee,1,4.50,,4.50
9599,1689,33,Curry Chicken,Plant-Based Meat,1,22.00,,22.00
9600,1689,46,Jasmine Rice,Sides,1,2.75,,2.75
9601,1689,66,Assorted Soft Drinks,Drinks,1,2.50,,2.50
9602,1690,26,Chili Tofu,Veggie & Tofu,1,19.00,,19.00
9603,1690,60,Matcha Latte,Tea,1,6.50,,6.50
9604,1690,22,Pan-Fried Broccoli & Cauliflower,Veggie & Tofu,1,18.00,Extra Spicy,18.00
9605,1690,46,Jasmine Rice,Sides,1,2.75,,2.75
9606,1690,74,Extra Protein,Extras,1,5.00,,5.00
9607,1690,34,Curry Mutton,Plant-Based Meat,1,22.00,,22.00
9608,1690,46,Jasmine Rice,Sides,1,2.75,,2.75
9609,1690,60,Matcha Latte,Tea,1,6.50,,6.50
9610,1690,39,Nasi Goreng,Rice & Noodles,1,18.00,Gluten Friendly,18.00
9611,1690,58,London Fog,Tea,1,5.50,,5.50
9612,1690,8,Breaded Cauliflower Bites,Starters,1,13.00,,13.00
9613,1691,32,General Tao Chicken,Plant-Based Meat,1,21.00,,21.00
9614,1691,46,Jasmine Rice,Sides,1,2.75,,2.75
9615,1691,66,Assorted Soft Drinks,Drinks,1,2.50,,2.50
9616,1691,33,Curry Chicken,Plant-Based Meat,1,22.00,,22.00
9617,1691,47,Coconut Rice,Sides,1,3.00,,3.00
9618,1691,57,Soy Chai Latte,Tea,1,5.50,,5.50
9619,1691,27,Kung Pao Chicken,Plant-Based Meat,1,20.00,,20.00
9620,1691,57,Soy Chai Latte,Tea,1,5.50,,5.50
9621,1691,41,Bihun Goreng,Rice & Noodles,1,18.00,Allergy: Nuts,18.00
9622,1691,53,Vegan Iced Coffee,Coffee,1,5.50,,5.50
9623,1692,36,Spicy Shrimp,Plant-Based Meat,1,20.00,,20.00
9624,1692,68,Iced Blackberry Hibiscus Tea,Drinks,1,7.00,,7.00
9625,1692,18,King Oyster Mushroom Gaylan,Veggie & Tofu,1,20.00,,20.00
9626,1692,46,Jasmine Rice,Sides,1,2.75,,2.75
9627,1692,50,Americano,Coffee,1,4.50,,4.50
9628,1692,23,Curry Vegetables & Tofu,Veggie & Tofu,1,20.00,,20.00
9629,1692,48,Brown Rice,Sides,1,3.00,,3.00
9630,1692,53,Vegan Iced Coffee,Coffee,1,5.50,,5.50
9631,1692,28,Ginger Beef,Plant-Based Meat,1,21.00,Sauce on Side,21.00
9632,1692,46,Jasmine Rice,Sides,1,2.75,,2.75
9633,1692,9,Crispy Chicken Strips,Starters,1,13.00,,13.00
9634,1692,70,Panna Cotta,Desserts,1,9.00,,9.00
9635,1692,73,Chocolate Mousse,Desserts,1,9.00,,9.00
9636,1693,37,Teriyaki Chicken,Plant-Based Meat,1,19.00,Allergy: Nuts,19.00
9637,1693,66,Assorted Soft Drinks,Drinks,1,2.50,,2.50
9638,1693,70,Panna Cotta,Desserts,1,9.00,,9.00
9639,1694,12,Wonton Soup,Soups,1,18.00,Allergy: Nuts,18.00
9640,1694,63,Iced Pineapple,Drinks,1,7.50,,7.50
9641,1694,29,Dendeng,Plant-Based Meat,1,20.00,,20.00
9642,1694,47,Coconut Rice,Sides,1,3.00,,3.00
9643,1694,28,Ginger Beef,Plant-Based Meat,1,21.00,No Cilantro,21.00
9644,1694,33,Curry Chicken,Plant-Based Meat,1,22.00,No Cilantro,22.00
9645,1694,46,Jasmine Rice,Sides,1,2.75,,2.75
9646,1694,62,Iced Lychee,Drinks,1,7.50,,7.50
9647,1694,5,Deep Fried Tofu,Starters,1,13.00,,13.00
9648,1695,22,Pan-Fried Broccoli & Cauliflower,Veggie & Tofu,1,18.00,Less Spicy,18.00
9649,1695,48,Brown Rice,Sides,1,3.00,,3.00
9650,1695,45,Bali Buddha Bowl,Rice & Noodles,1,18.00,,18.00
9651,1695,62,Iced Lychee,Drinks,1,7.50,,7.50
9652,1695,16,Chili Green Beans,Veggie & Tofu,1,19.00,Allergy: Nuts,19.00
9653,1695,48,Brown Rice,Sides,1,3.00,,3.00
9654,1695,7,Roti Canai,Starters,1,13.00,,13.00
9655,1696,41,Bihun Goreng,Rice & Noodles,1,18.00,,18.00
9656,1696,50,Americano,Coffee,1,4.50,,4.50
9657,1696,28,Ginger Beef,Plant-Based Meat,1,21.00,Allergy: Nuts,21.00
9658,1696,61,Iced Oat Strawberry Matcha,Tea,1,8.50,,8.50
9659,1696,69,Cheesecake,Desserts,1,11.00,,11.00
9660,1696,72,Vegan Ice Cream,Desserts,1,7.00,,7.00
9661,1697,33,Curry Chicken,Plant-Based Meat,1,22.00,Extra Sauce,22.00
9662,1697,51,Soy Latte,Coffee,1,5.50,,5.50
9663,1697,34,Curry Mutton,Plant-Based Meat,1,22.00,,22.00
9664,1697,46,Jasmine Rice,Sides,1,2.75,,2.75
9665,1697,8,Breaded Cauliflower Bites,Starters,1,13.00,,13.00
9666,1698,21,Mapo Tofu,Veggie & Tofu,1,19.00,,19.00
9667,1698,47,Coconut Rice,Sides,1,3.00,,3.00
9668,1698,62,Iced Lychee,Drinks,1,7.50,,7.50
9669,1698,27,Kung Pao Chicken,Plant-Based Meat,1,20.00,No Peanuts,20.00
9670,1698,51,Soy Latte,Coffee,1,5.50,,5.50
9671,1698,15,Padmanadi Vegetable Deluxe,Veggie & Tofu,1,19.00,Gluten Friendly,19.00
9672,1698,76,Extra Veggies,Extras,1,4.00,,4.00
9673,1699,39,Nasi Goreng,Rice & Noodles,1,18.00,No Cilantro,18.00
9674,1699,51,Soy Latte,Coffee,1,5.50,,5.50
9675,1699,14,Spicy Curry Noodle Soup,Soups,1,18.00,,18.00
9676,1699,76,Extra Veggies,Extras,1,4.00,,4.00
9677,1699,66,Assorted Soft Drinks,Drinks,1,2.50,,2.50
9678,1699,11,Fried Enoki Mushroom,Starters,1,16.00,,16.00
9679,1700,41,Bihun Goreng,Rice & Noodles,1,18.00,No Mushrooms,18.00
9680,1700,57,Soy Chai Latte,Tea,1,5.50,,5.50
9681,1700,32,General Tao Chicken,Plant-Based Meat,1,21.00,No Onion,21.00
9682,1700,46,Jasmine Rice,Sides,1,2.75,,2.75
9683,1700,72,Vegan Ice Cream,Desserts,1,7.00,,7.00
9684,1700,69,Cheesecake,Desserts,1,11.00,,11.00
9685,1701,32,General Tao Chicken,Plant-Based Meat,1,21.00,Extra Spicy,21.00
9686,1701,53,Vegan Iced Coffee,Coffee,1,5.50,,5.50
9687,1702,33,Curry Chicken,Plant-Based Meat,1,22.00,Gluten Friendly,22.00
9688,1702,46,Jasmine Rice,Sides,1,2.75,,2.75
9689,1702,32,General Tao Chicken,Plant-Based Meat,1,21.00,,21.00
9690,1702,46,Jasmine Rice,Sides,1,2.75,,2.75
9691,1702,68,Iced Blackberry Hibiscus Tea,Drinks,1,7.00,,7.00
9692,1702,44,Lemongrass Vermicelli Bowl,Rice & Noodles,1,20.00,,20.00
9693,1702,60,Matcha Latte,Tea,1,6.50,,6.50
9694,1702,10,Bean Curd Drumsticks,Starters,1,13.00,,13.00
9695,1702,71,Fried Banana with Coconut Ice Cream,Desserts,1,13.00,,13.00
9696,1703,28,Ginger Beef,Plant-Based Meat,1,21.00,Less Spicy,21.00
9697,1703,57,Soy Chai Latte,Tea,1,5.50,,5.50
9698,1703,18,King Oyster Mushroom Gaylan,Veggie & Tofu,1,20.00,,20.00
9699,1703,48,Brown Rice,Sides,1,3.00,,3.00
9700,1703,39,Nasi Goreng,Rice & Noodles,1,18.00,,18.00
9701,1703,35,Sweet & Sour Shrimp,Plant-Based Meat,1,20.00,,20.00
9702,1703,46,Jasmine Rice,Sides,1,2.75,,2.75
9703,1703,2,Vegetable Spring Rolls (6pc),Starters,1,9.00,,9.00
9704,1703,69,Cheesecake,Desserts,1,11.00,,11.00
9705,1703,69,Cheesecake,Desserts,1,11.00,,11.00
9706,1704,14,Spicy Curry Noodle Soup,Soups,1,18.00,,18.00
9707,1704,66,Assorted Soft Drinks,Drinks,1,2.50,,2.50
9708,1704,30,Sweet & Sour Chicken,Plant-Based Meat,1,19.00,,19.00
9709,1704,48,Brown Rice,Sides,1,3.00,,3.00
9710,1704,53,Vegan Iced Coffee,Coffee,1,5.50,,5.50
9711,1704,69,Cheesecake,Desserts,1,11.00,,11.00
9712,1704,70,Panna Cotta,Desserts,1,9.00,,9.00
9713,1705,28,Ginger Beef,Plant-Based Meat,1,21.00,,21.00
9714,1705,47,Coconut Rice,Sides,1,3.00,,3.00
9715,1706,34,Curry Mutton,Plant-Based Meat,1,22.00,,22.00
9716,1706,66,Assorted Soft Drinks,Drinks,1,2.50,,2.50
9717,1706,33,Curry Chicken,Plant-Based Meat,1,22.00,,22.00
9718,1706,47,Coconut Rice,Sides,1,3.00,,3.00
9719,1706,37,Teriyaki Chicken,Plant-Based Meat,1,19.00,,19.00
9720,1706,46,Jasmine Rice,Sides,1,2.75,,2.75
9721,1706,63,Iced Pineapple,Drinks,1,7.50,,7.50
9722,1706,32,General Tao Chicken,Plant-Based Meat,1,21.00,No Peanuts,21.00
9723,1706,62,Iced Lychee,Drinks,1,7.50,,7.50
9724,1707,15,Padmanadi Vegetable Deluxe,Veggie & Tofu,1,19.00,,19.00
9725,1707,48,Brown Rice,Sides,1,3.00,,3.00
9726,1707,67,Raspberry Lime Italian Soda,Drinks,1,6.50,,6.50
9727,1707,4,Satay with Peanut Sauce (3pc),Starters,1,10.00,,10.00
9728,1707,69,Cheesecake,Desserts,1,11.00,,11.00
9729,1708,30,Sweet & Sour Chicken,Plant-Based Meat,1,19.00,,19.00
9730,1708,58,London Fog,Tea,1,5.50,,5.50
9731,1708,28,Ginger Beef,Plant-Based Meat,1,21.00,Gluten Friendly,21.00
9732,1708,47,Coconut Rice,Sides,1,3.00,,3.00
9733,1708,39,Nasi Goreng,Rice & Noodles,1,18.00,Extra Spicy,18.00
9734,1708,62,Iced Lychee,Drinks,1,7.50,,7.50
9735,1708,1,Vegetable Spring Rolls (3pc),Starters,1,6.00,,6.00
9736,1709,33,Curry Chicken,Plant-Based Meat,1,22.00,Allergy: Nuts,22.00
9737,1709,48,Brown Rice,Sides,1,3.00,,3.00
9738,1709,67,Raspberry Lime Italian Soda,Drinks,1,6.50,,6.50
9739,1710,19,Savory Eggplant,Veggie & Tofu,1,18.00,,18.00
9740,1710,54,Iced Brown Sugar Oat Latte,Coffee,1,6.50,,6.50
9741,1710,14,Spicy Curry Noodle Soup,Soups,1,18.00,Less Spicy,18.00
9742,1710,57,Soy Chai Latte,Tea,1,5.50,,5.50
9743,1710,34,Curry Mutton,Plant-Based Meat,1,22.00,,22.00
9744,1710,72,Vegan Ice Cream,Desserts,1,7.00,,7.00
9745,1710,69,Cheesecake,Desserts,1,11.00,,11.00
9746,1711,39,Nasi Goreng,Rice & Noodles,1,18.00,,18.00
9747,1711,58,London Fog,Tea,1,5.50,,5.50
9748,1711,43,Singapore Noodle,Rice & Noodles,1,19.00,,19.00
9749,1711,59,Hot Chocolate,Tea,1,5.00,,5.00
9750,1712,26,Chili Tofu,Veggie & Tofu,1,19.00,,19.00
9751,1712,47,Coconut Rice,Sides,1,3.00,,3.00
9752,1712,21,Mapo Tofu,Veggie & Tofu,1,19.00,,19.00
9753,1712,46,Jasmine Rice,Sides,1,2.75,,2.75
9754,1712,35,Sweet & Sour Shrimp,Plant-Based Meat,1,20.00,,20.00
9755,1712,47,Coconut Rice,Sides,1,3.00,,3.00
9756,1713,12,Wonton Soup,Soups,1,18.00,Extra Spicy,18.00
9757,1713,64,Sparkling Yuzu,Drinks,1,8.50,,8.50
9758,1713,24,Tempeh Pulau,Veggie & Tofu,1,20.00,,20.00
9759,1713,53,Vegan Iced Coffee,Coffee,1,5.50,,5.50
9760,1713,37,Teriyaki Chicken,Plant-Based Meat,1,19.00,,19.00
9761,1713,75,Extra Tofu,Extras,1,4.00,,4.00
9762,1713,12,Wonton Soup,Soups,1,18.00,,18.00
9763,1713,79,Add Noodles (Soup),Extras,1,3.00,,3.00
9764,1713,63,Iced Pineapple,Drinks,1,7.50,,7.50
9765,1713,5,Deep Fried Tofu,Starters,1,13.00,,13.00
9766,1713,1,Vegetable Spring Rolls (3pc),Starters,1,6.00,,6.00
9767,1714,31,Spicy Chicken,Plant-Based Meat,1,19.00,,19.00
9768,1714,46,Jasmine Rice,Sides,1,2.75,,2.75
9769,1714,66,Assorted Soft Drinks,Drinks,1,2.50,,2.50
9770,1714,36,Spicy Shrimp,Plant-Based Meat,1,20.00,,20.00
9771,1714,46,Jasmine Rice,Sides,1,2.75,,2.75
9772,1714,54,Iced Brown Sugar Oat Latte,Coffee,1,6.50,,6.50
9773,1714,23,Curry Vegetables & Tofu,Veggie & Tofu,1,20.00,,20.00
9774,1714,47,Coconut Rice,Sides,1,3.00,,3.00
9775,1714,27,Kung Pao Chicken,Plant-Based Meat,1,20.00,,20.00
9776,1714,46,Jasmine Rice,Sides,1,2.75,,2.75
9777,1715,22,Pan-Fried Broccoli & Cauliflower,Veggie & Tofu,1,18.00,No Mushrooms,18.00
9778,1715,38,Rendang,Plant-Based Meat,1,20.00,,20.00
9779,1716,16,Chili Green Beans,Veggie & Tofu,1,19.00,,19.00
9780,1716,46,Jasmine Rice,Sides,1,2.75,,2.75
9781,1716,51,Soy Latte,Coffee,1,5.50,,5.50
9782,1716,14,Spicy Curry Noodle Soup,Soups,1,18.00,Gluten Friendly,18.00
9783,1716,8,Breaded Cauliflower Bites,Starters,1,13.00,,13.00
9784,1717,23,Curry Vegetables & Tofu,Veggie & Tofu,1,20.00,,20.00
9785,1717,68,Iced Blackberry Hibiscus Tea,Drinks,1,7.00,,7.00
9786,1718,39,Nasi Goreng,Rice & Noodles,1,18.00,No Onion,18.00
9787,1718,51,Soy Latte,Coffee,1,5.50,,5.50
9788,1718,43,Singapore Noodle,Rice & Noodles,1,19.00,,19.00
9789,1718,50,Americano,Coffee,1,4.50,,4.50
9790,1718,39,Nasi Goreng,Rice & Noodles,1,18.00,,18.00
9791,1718,64,Sparkling Yuzu,Drinks,1,8.50,,8.50
9792,1718,30,Sweet & Sour Chicken,Plant-Based Meat,1,19.00,Extra Sauce,19.00
9793,1718,48,Brown Rice,Sides,1,3.00,,3.00
9794,1718,60,Matcha Latte,Tea,1,6.50,,6.50
9795,1718,3,Satay with Peanut Sauce (1pc),Starters,1,3.00,,3.00
9796,1718,2,Vegetable Spring Rolls (6pc),Starters,1,9.00,,9.00
9797,1718,72,Vegan Ice Cream,Desserts,1,7.00,,7.00
9798,1719,22,Pan-Fried Broccoli & Cauliflower,Veggie & Tofu,1,18.00,Allergy: Nuts,18.00
9799,1719,28,Ginger Beef,Plant-Based Meat,1,21.00,,21.00
9800,1719,54,Iced Brown Sugar Oat Latte,Coffee,1,6.50,,6.50
9801,1719,26,Chili Tofu,Veggie & Tofu,1,19.00,Less Spicy,19.00
9802,1719,10,Bean Curd Drumsticks,Starters,1,13.00,,13.00
9803,1720,45,Bali Buddha Bowl,Rice & Noodles,1,18.00,,18.00
9804,1720,61,Iced Oat Strawberry Matcha,Tea,1,8.50,,8.50
9805,1720,40,Bakmi Goreng,Rice & Noodles,1,19.00,No Mushrooms,19.00
9806,1721,37,Teriyaki Chicken,Plant-Based Meat,1,19.00,Sauce on Side,19.00
9807,1721,2,Vegetable Spring Rolls (6pc),Starters,1,9.00,,9.00
9808,1722,33,Curry Chicken,Plant-Based Meat,1,22.00,,22.00
9809,1722,48,Brown Rice,Sides,1,3.00,,3.00
9810,1722,62,Iced Lychee,Drinks,1,7.50,,7.50
9811,1722,34,Curry Mutton,Plant-Based Meat,1,22.00,,22.00
9812,1722,46,Jasmine Rice,Sides,1,2.75,,2.75
9813,1722,2,Vegetable Spring Rolls (6pc),Starters,1,9.00,,9.00
9814,1722,69,Cheesecake,Desserts,1,11.00,,11.00
9815,1722,72,Vegan Ice Cream,Desserts,1,7.00,,7.00
9816,1723,29,Dendeng,Plant-Based Meat,1,20.00,,20.00
9817,1723,52,Soy Mocha,Coffee,1,6.00,,6.00
9818,1723,49,Lunch Special,Lunch Special,1,18.00,Entree: Curry Chicken,18.00
9819,1723,6,Gado Gado,Starters,1,14.00,,14.00
9820,1724,27,Kung Pao Chicken,Plant-Based Meat,1,20.00,Extra Sauce,20.00
9821,1724,47,Coconut Rice,Sides,1,3.00,,3.00
9822,1724,59,Hot Chocolate,Tea,1,5.00,,5.00
9823,1724,26,Chili Tofu,Veggie & Tofu,1,19.00,,19.00
9824,1724,67,Raspberry Lime Italian Soda,Drinks,1,6.50,,6.50
9825,1724,33,Curry Chicken,Plant-Based Meat,1,22.00,,22.00
9826,1724,49,Lunch Special,Lunch Special,1,18.00,Entree: Curried Tofu w/ Vegetables,18.00
9827,1725,49,Lunch Special,Lunch Special,1,18.00,Entree: Sweet & Sour Chicken,18.00
9828,1725,27,Kung Pao Chicken,Plant-Based Meat,1,20.00,,20.00
9829,1725,54,Iced Brown Sugar Oat Latte,Coffee,1,6.50,,6.50
9830,1725,45,Bali Buddha Bowl,Rice & Noodles,1,18.00,,18.00
9831,1725,67,Raspberry Lime Italian Soda,Drinks,1,6.50,,6.50
9832,1725,10,Bean Curd Drumsticks,Starters,1,13.00,,13.00
9833,1726,29,Dendeng,Plant-Based Meat,1,20.00,Extra Sauce,20.00
9834,1726,47,Coconut Rice,Sides,1,3.00,,3.00
9835,1726,54,Iced Brown Sugar Oat Latte,Coffee,1,6.50,,6.50
9836,1727,17,Spicy String Beans,Veggie & Tofu,1,19.00,No Peanuts,19.00
9837,1727,18,King Oyster Mushroom Gaylan,Veggie & Tofu,1,20.00,Less Spicy,20.00
9838,1728,49,Lunch Special,Lunch Special,1,18.00,Entree: Spicy Nuggets,18.00
9839,1728,64,Sparkling Yuzu,Drinks,1,8.50,,8.50
9840,1728,30,Sweet & Sour Chicken,Plant-Based Meat,1,19.00,No Cilantro,19.00
9841,1728,46,Jasmine Rice,Sides,1,2.75,,2.75
9842,1728,75,Extra Tofu,Extras,1,4.00,,4.00
9843,1728,49,Lunch Special,Lunch Special,1,18.00,Entree: Curried Tofu w/ Vegetables,18.00
9844,1728,58,London Fog,Tea,1,5.50,,5.50
9845,1728,8,Breaded Cauliflower Bites,Starters,1,13.00,,13.00
9846,1729,34,Curry Mutton,Plant-Based Meat,1,22.00,,22.00
9847,1729,46,Jasmine Rice,Sides,1,2.75,,2.75
9848,1729,53,Vegan Iced Coffee,Coffee,1,5.50,,5.50
9849,1730,49,Lunch Special,Lunch Special,1,18.00,Entree: Chili Tofu,18.00
9850,1730,60,Matcha Latte,Tea,1,6.50,,6.50
9851,1730,14,Spicy Curry Noodle Soup,Soups,1,18.00,,18.00
9852,1730,79,Add Noodles (Soup),Extras,1,3.00,,3.00
9853,1731,49,Lunch Special,Lunch Special,1,18.00,Entree: Curry Mutton,18.00
9854,1731,49,Lunch Special,Lunch Special,1,18.00,Entree: Teriyaki Chicken,18.00
9855,1731,67,Raspberry Lime Italian Soda,Drinks,1,6.50,,6.50
9856,1732,49,Lunch Special,Lunch Special,1,18.00,Entree: Chili Green Beans,18.00
9857,1732,61,Iced Oat Strawberry Matcha,Tea,1,8.50,,8.50
9858,1732,49,Lunch Special,Lunch Special,1,18.00,Entree: Sweet & Sour Chicken,18.00
9859,1732,34,Curry Mutton,Plant-Based Meat,1,22.00,,22.00
9860,1732,58,London Fog,Tea,1,5.50,,5.50
9861,1733,49,Lunch Special,Lunch Special,1,18.00,Entree: Curry Chicken,18.00
9862,1733,52,Soy Mocha,Coffee,1,6.00,,6.00
9863,1734,21,Mapo Tofu,Veggie & Tofu,1,19.00,Extra Spicy,19.00
9864,1734,33,Curry Chicken,Plant-Based Meat,1,22.00,Extra Spicy,22.00
9865,1734,42,Kwetiau Goreng,Rice & Noodles,1,19.00,Extra Spicy,19.00
9866,1734,76,Extra Veggies,Extras,1,4.00,,4.00
9867,1734,49,Lunch Special,Lunch Special,1,18.00,Entree: Rendang,18.00
9868,1734,68,Iced Blackberry Hibiscus Tea,Drinks,1,7.00,,7.00
9869,1735,32,General Tao Chicken,Plant-Based Meat,1,21.00,Extra Sauce,21.00
9870,1735,33,Curry Chicken,Plant-Based Meat,1,22.00,Sauce on Side,22.00
9871,1735,60,Matcha Latte,Tea,1,6.50,,6.50
9872,1736,28,Ginger Beef,Plant-Based Meat,1,21.00,,21.00
9873,1736,75,Extra Tofu,Extras,1,4.00,,4.00
9874,1736,66,Assorted Soft Drinks,Drinks,1,2.50,,2.50
9875,1736,33,Curry Chicken,Plant-Based Meat,1,22.00,No Onion,22.00
9876,1736,47,Coconut Rice,Sides,1,3.00,,3.00
9877,1736,53,Vegan Iced Coffee,Coffee,1,5.50,,5.50
9878,1736,7,Roti Canai,Starters,1,13.00,,13.00
9879,1737,33,Curry Chicken,Plant-Based Meat,1,22.00,Allergy: Nuts,22.00
9880,1737,48,Brown Rice,Sides,1,3.00,,3.00
9881,1737,64,Sparkling Yuzu,Drinks,1,8.50,,8.50
9882,1737,49,Lunch Special,Lunch Special,1,18.00,Entree: Curry Mutton,18.00
9883,1737,51,Soy Latte,Coffee,1,5.50,,5.50
9884,1737,2,Vegetable Spring Rolls (6pc),Starters,1,9.00,,9.00
9885,1737,70,Panna Cotta,Desserts,1,9.00,,9.00
9886,1738,41,Bihun Goreng,Rice & Noodles,1,18.00,No Onion,18.00
9887,1738,57,Soy Chai Latte,Tea,1,5.50,,5.50
9888,1738,49,Lunch Special,Lunch Special,1,18.00,Entree: Sweet & Sour Nuggets,18.00
9889,1739,44,Lemongrass Vermicelli Bowl,Rice & Noodles,1,20.00,,20.00
9890,1739,63,Iced Pineapple,Drinks,1,7.50,,7.50
9891,1740,20,Spicy Coconut Eggplant,Veggie & Tofu,1,18.00,,18.00
9892,1740,75,Extra Tofu,Extras,1,4.00,,4.00
9893,1740,66,Assorted Soft Drinks,Drinks,1,2.50,,2.50
9894,1740,49,Lunch Special,Lunch Special,1,18.00,Entree: Chili Tofu,18.00
9895,1741,45,Bali Buddha Bowl,Rice & Noodles,1,18.00,Extra Spicy,18.00
9896,1741,65,Iced Passion Fruit Green Tea,Drinks,1,7.00,,7.00
9897,1741,39,Nasi Goreng,Rice & Noodles,1,18.00,,18.00
9898,1741,31,Spicy Chicken,Plant-Based Meat,1,19.00,,19.00
9899,1741,47,Coconut Rice,Sides,1,3.00,,3.00
9900,1741,32,General Tao Chicken,Plant-Based Meat,1,21.00,,21.00
9901,1741,48,Brown Rice,Sides,1,3.00,,3.00
9902,1741,39,Nasi Goreng,Rice & Noodles,1,18.00,,18.00
9903,1741,58,London Fog,Tea,1,5.50,,5.50
9904,1741,10,Bean Curd Drumsticks,Starters,1,13.00,,13.00
9905,1742,37,Teriyaki Chicken,Plant-Based Meat,1,19.00,,19.00
9906,1742,15,Padmanadi Vegetable Deluxe,Veggie & Tofu,1,19.00,Extra Sauce,19.00
9907,1742,48,Brown Rice,Sides,1,3.00,,3.00
9908,1742,52,Soy Mocha,Coffee,1,6.00,,6.00
9909,1742,17,Spicy String Beans,Veggie & Tofu,1,19.00,Less Spicy,19.00
9910,1743,34,Curry Mutton,Plant-Based Meat,1,22.00,,22.00
9911,1743,70,Panna Cotta,Desserts,1,9.00,,9.00
9912,1744,45,Bali Buddha Bowl,Rice & Noodles,1,18.00,,18.00
9913,1744,74,Extra Protein,Extras,1,5.00,,5.00
9914,1744,54,Iced Brown Sugar Oat Latte,Coffee,1,6.50,,6.50
9915,1744,39,Nasi Goreng,Rice & Noodles,1,18.00,,18.00
9916,1745,25,Mushroom Tofu,Veggie & Tofu,1,19.00,,19.00
9917,1745,42,Kwetiau Goreng,Rice & Noodles,1,19.00,,19.00
9918,1745,43,Singapore Noodle,Rice & Noodles,1,19.00,,19.00
9919,1745,52,Soy Mocha,Coffee,1,6.00,,6.00
9920,1745,5,Deep Fried Tofu,Starters,1,13.00,,13.00
9921,1746,38,Rendang,Plant-Based Meat,1,20.00,,20.00
9922,1747,24,Tempeh Pulau,Veggie & Tofu,1,20.00,No Cilantro,20.00
9923,1747,46,Jasmine Rice,Sides,1,2.75,,2.75
9924,1747,60,Matcha Latte,Tea,1,6.50,,6.50
9925,1747,2,Vegetable Spring Rolls (6pc),Starters,1,9.00,,9.00
9926,1748,15,Padmanadi Vegetable Deluxe,Veggie & Tofu,1,19.00,,19.00
9927,1748,76,Extra Veggies,Extras,1,4.00,,4.00
9928,1748,64,Sparkling Yuzu,Drinks,1,8.50,,8.50
9929,1748,14,Spicy Curry Noodle Soup,Soups,1,18.00,Extra Spicy,18.00
9930,1748,62,Iced Lychee,Drinks,1,7.50,,7.50
9931,1748,73,Chocolate Mousse,Desserts,1,9.00,,9.00
9932,1748,73,Chocolate Mousse,Desserts,1,9.00,,9.00
9933,1749,20,Spicy Coconut Eggplant,Veggie & Tofu,1,18.00,,18.00
9934,1749,48,Brown Rice,Sides,1,3.00,,3.00
9935,1749,39,Nasi Goreng,Rice & Noodles,1,18.00,No Mushrooms,18.00
9936,1749,51,Soy Latte,Coffee,1,5.50,,5.50
9937,1749,29,Dendeng,Plant-Based Meat,1,20.00,,20.00
9938,1749,48,Brown Rice,Sides,1,3.00,,3.00
9939,1749,65,Iced Passion Fruit Green Tea,Drinks,1,7.00,,7.00
9940,1749,28,Ginger Beef,Plant-Based Meat,1,21.00,,21.00
9941,1749,60,Matcha Latte,Tea,1,6.50,,6.50
9942,1749,2,Vegetable Spring Rolls (6pc),Starters,1,9.00,,9.00
9943,1749,2,Vegetable Spring Rolls (6pc),Starters,1,9.00,,9.00
9944,1750,28,Ginger Beef,Plant-Based Meat,1,21.00,,21.00
9945,1750,46,Jasmine Rice,Sides,1,2.75,,2.75
9946,1750,63,Iced Pineapple,Drinks,1,7.50,,7.50
9947,1750,69,Cheesecake,Desserts,1,11.00,,11.00
9948,1751,32,General Tao Chicken,Plant-Based Meat,1,21.00,Less Spicy,21.00
9949,1751,48,Brown Rice,Sides,1,3.00,,3.00
9950,1751,39,Nasi Goreng,Rice & Noodles,1,18.00,No Peanuts,18.00
9951,1751,13,Tom Yum Soup,Soups,1,18.00,,18.00
9952,1752,39,Nasi Goreng,Rice & Noodles,1,18.00,No Mushrooms,18.00
9953,1752,50,Americano,Coffee,1,4.50,,4.50
9954,1752,44,Lemongrass Vermicelli Bowl,Rice & Noodles,1,20.00,,20.00
9955,1752,50,Americano,Coffee,1,4.50,,4.50
9956,1752,8,Breaded Cauliflower Bites,Starters,1,13.00,,13.00
9957,1753,12,Wonton Soup,Soups,1,18.00,No Onion,18.00
9958,1753,45,Bali Buddha Bowl,Rice & Noodles,1,18.00,,18.00
9959,1753,56,Organic Tea,Tea,1,3.50,,3.50
9960,1754,12,Wonton Soup,Soups,1,18.00,,18.00
9961,1754,24,Tempeh Pulau,Veggie & Tofu,1,20.00,,20.00
9962,1754,47,Coconut Rice,Sides,1,3.00,,3.00
9963,1754,76,Extra Veggies,Extras,1,4.00,,4.00
9964,1754,60,Matcha Latte,Tea,1,6.50,,6.50
9965,1754,27,Kung Pao Chicken,Plant-Based Meat,1,20.00,Gluten Friendly,20.00
9966,1754,76,Extra Veggies,Extras,1,4.00,,4.00
9967,1754,66,Assorted Soft Drinks,Drinks,1,2.50,,2.50
9968,1754,29,Dendeng,Plant-Based Meat,1,20.00,No Cilantro,20.00
9969,1754,47,Coconut Rice,Sides,1,3.00,,3.00
9970,1754,67,Raspberry Lime Italian Soda,Drinks,1,6.50,,6.50
9971,1754,1,Vegetable Spring Rolls (3pc),Starters,1,6.00,,6.00
9972,1754,4,Satay with Peanut Sauce (3pc),Starters,1,10.00,,10.00
9973,1754,70,Panna Cotta,Desserts,1,9.00,,9.00
9974,1755,25,Mushroom Tofu,Veggie & Tofu,1,19.00,No Cilantro,19.00
9975,1755,66,Assorted Soft Drinks,Drinks,1,2.50,,2.50
9976,1755,18,King Oyster Mushroom Gaylan,Veggie & Tofu,1,20.00,,20.00
9977,1755,46,Jasmine Rice,Sides,1,2.75,,2.75
9978,1755,59,Hot Chocolate,Tea,1,5.00,,5.00
9979,1755,15,Padmanadi Vegetable Deluxe,Veggie & Tofu,1,19.00,No Mushrooms,19.00
9980,1755,19,Savory Eggplant,Veggie & Tofu,1,18.00,Sauce on Side,18.00
9981,1755,48,Brown Rice,Sides,1,3.00,,3.00
9982,1755,29,Dendeng,Plant-Based Meat,1,20.00,,20.00
9983,1755,1,Vegetable Spring Rolls (3pc),Starters,1,6.00,,6.00
9984,1755,2,Vegetable Spring Rolls (6pc),Starters,1,9.00,,9.00
9985,1756,44,Lemongrass Vermicelli Bowl,Rice & Noodles,1,20.00,,20.00
9986,1756,56,Organic Tea,Tea,1,3.50,,3.50
9987,1756,29,Dendeng,Plant-Based Meat,1,20.00,No Cilantro,20.00
9988,1756,46,Jasmine Rice,Sides,1,2.75,,2.75
9989,1756,53,Vegan Iced Coffee,Coffee,1,5.50,,5.50
9990,1756,13,Tom Yum Soup,Soups,1,18.00,,18.00
9991,1756,61,Iced Oat Strawberry Matcha,Tea,1,8.50,,8.50
9992,1756,12,Wonton Soup,Soups,1,18.00,No Peanuts,18.00
9993,1756,66,Assorted Soft Drinks,Drinks,1,2.50,,2.50
9994,1757,16,Chili Green Beans,Veggie & Tofu,1,19.00,No Onion,19.00
9995,1757,47,Coconut Rice,Sides,1,3.00,,3.00
9996,1757,66,Assorted Soft Drinks,Drinks,1,2.50,,2.50
9997,1757,39,Nasi Goreng,Rice & Noodles,1,18.00,No Peanuts,18.00
9998,1757,56,Organic Tea,Tea,1,3.50,,3.50
9999,1757,69,Cheesecake,Desserts,1,11.00,,11.00
10000,1758,35,Sweet & Sour Shrimp,Plant-Based Meat,1,20.00,,20.00
10001,1758,53,Vegan Iced Coffee,Coffee,1,5.50,,5.50
10002,1759,36,Spicy Shrimp,Plant-Based Meat,1,20.00,,20.00
10003,1759,33,Curry Chicken,Plant-Based Meat,1,22.00,Less Spicy,22.00
10004,1759,46,Jasmine Rice,Sides,1,2.75,,2.75
10005,1759,28,Ginger Beef,Plant-Based Meat,1,21.00,,21.00
10006,1759,75,Extra Tofu,Extras,1,4.00,,4.00
10007,1759,40,Bakmi Goreng,Rice & Noodles,1,19.00,Sauce on Side,19.00
10008,1759,30,Sweet & Sour Chicken,Plant-Based Meat,1,19.00,,19.00
10009,1759,48,Brown Rice,Sides,1,3.00,,3.00
10010,1759,62,Iced Lychee,Drinks,1,7.50,,7.50
10011,1759,40,Bakmi Goreng,Rice & Noodles,1,19.00,No Cilantro,19.00
10012,1759,51,Soy Latte,Coffee,1,5.50,,5.50
10013,1759,23,Curry Vegetables & Tofu,Veggie & Tofu,1,20.00,,20.00
10014,1759,60,Matcha Latte,Tea,1,6.50,,6.50
10015,1760,36,Spicy Shrimp,Plant-Based Meat,1,20.00,,20.00
10016,1760,32,General Tao Chicken,Plant-Based Meat,1,21.00,,21.00
10017,1760,1,Vegetable Spring Rolls (3pc),Starters,1,6.00,,6.00
10018,1761,40,Bakmi Goreng,Rice & Noodles,1,19.00,,19.00
10019,1761,54,Iced Brown Sugar Oat Latte,Coffee,1,6.50,,6.50
10020,1761,28,Ginger Beef,Plant-Based Meat,1,21.00,,21.00
10021,1761,47,Coconut Rice,Sides,1,3.00,,3.00
10022,1761,51,Soy Latte,Coffee,1,5.50,,5.50
10023,1761,44,Lemongrass Vermicelli Bowl,Rice & Noodles,1,20.00,Gluten Friendly,20.00
10024,1761,66,Assorted Soft Drinks,Drinks,1,2.50,,2.50
10025,1761,72,Vegan Ice Cream,Desserts,1,7.00,,7.00
10026,1761,72,Vegan Ice Cream,Desserts,1,7.00,,7.00
10027,1762,28,Ginger Beef,Plant-Based Meat,1,21.00,,21.00
10028,1762,53,Vegan Iced Coffee,Coffee,1,5.50,,5.50
10029,1762,29,Dendeng,Plant-Based Meat,1,20.00,Extra Sauce,20.00
10030,1762,46,Jasmine Rice,Sides,1,2.75,,2.75
10031,1762,53,Vegan Iced Coffee,Coffee,1,5.50,,5.50
10032,1762,11,Fried Enoki Mushroom,Starters,1,16.00,,16.00
10033,1763,19,Savory Eggplant,Veggie & Tofu,1,18.00,No Onion,18.00
10034,1763,38,Rendang,Plant-Based Meat,1,20.00,No Mushrooms,20.00
10035,1763,66,Assorted Soft Drinks,Drinks,1,2.50,,2.50
10036,1764,17,Spicy String Beans,Veggie & Tofu,1,19.00,,19.00
10037,1764,48,Brown Rice,Sides,1,3.00,,3.00
10038,1764,66,Assorted Soft Drinks,Drinks,1,2.50,,2.50
10039,1764,38,Rendang,Plant-Based Meat,1,20.00,,20.00
10040,1764,51,Soy Latte,Coffee,1,5.50,,5.50
10041,1764,28,Ginger Beef,Plant-Based Meat,1,21.00,,21.00
10042,1764,46,Jasmine Rice,Sides,1,2.75,,2.75
10043,1764,52,Soy Mocha,Coffee,1,6.00,,6.00
10044,1764,28,Ginger Beef,Plant-Based Meat,1,21.00,No Onion,21.00
10045,1764,45,Bali Buddha Bowl,Rice & Noodles,1,18.00,,18.00
10046,1764,45,Bali Buddha Bowl,Rice & Noodles,1,18.00,No Peanuts,18.00
10047,1764,61,Iced Oat Strawberry Matcha,Tea,1,8.50,,8.50
10048,1764,41,Bihun Goreng,Rice & Noodles,1,18.00,,18.00
10049,1764,54,Iced Brown Sugar Oat Latte,Coffee,1,6.50,,6.50
10050,1764,39,Nasi Goreng,Rice & Noodles,1,18.00,,18.00
10051,1764,72,Vegan Ice Cream,Desserts,1,7.00,,7.00
10052,1764,69,Cheesecake,Desserts,1,11.00,,11.00
10053,1765,23,Curry Vegetables & Tofu,Veggie & Tofu,1,20.00,Less Spicy,20.00
10054,1765,58,London Fog,Tea,1,5.50,,5.50
10055,1765,28,Ginger Beef,Plant-Based Meat,1,21.00,,21.00
10056,1765,48,Brown Rice,Sides,1,3.00,,3.00
10057,1765,61,Iced Oat Strawberry Matcha,Tea,1,8.50,,8.50
10058,1766,15,Padmanadi Vegetable Deluxe,Veggie & Tofu,1,19.00,No Mushrooms,19.00
10059,1766,46,Jasmine Rice,Sides,1,2.75,,2.75
10060,1766,57,Soy Chai Latte,Tea,1,5.50,,5.50
10061,1766,27,Kung Pao Chicken,Plant-Based Meat,1,20.00,,20.00
10062,1767,27,Kung Pao Chicken,Plant-Based Meat,1,20.00,Extra Sauce,20.00
10063,1767,60,Matcha Latte,Tea,1,6.50,,6.50
10064,1768,32,General Tao Chicken,Plant-Based Meat,1,21.00,,21.00
10065,1768,66,Assorted Soft Drinks,Drinks,1,2.50,,2.50
10066,1768,25,Mushroom Tofu,Veggie & Tofu,1,19.00,,19.00
10067,1769,31,Spicy Chicken,Plant-Based Meat,1,19.00,,19.00
10068,1769,28,Ginger Beef,Plant-Based Meat,1,21.00,No Peanuts,21.00
10069,1769,46,Jasmine Rice,Sides,1,2.75,,2.75
10070,1770,37,Teriyaki Chicken,Plant-Based Meat,1,19.00,,19.00
10071,1770,46,Jasmine Rice,Sides,1,2.75,,2.75
10072,1770,15,Padmanadi Vegetable Deluxe,Veggie & Tofu,1,19.00,,19.00
10073,1770,47,Coconut Rice,Sides,1,3.00,,3.00
10074,1770,42,Kwetiau Goreng,Rice & Noodles,1,19.00,Allergy: Nuts,19.00
10075,1770,23,Curry Vegetables & Tofu,Veggie & Tofu,1,20.00,No Cilantro,20.00
10076,1770,50,Americano,Coffee,1,4.50,,4.50
10077,1770,1,Vegetable Spring Rolls (3pc),Starters,1,6.00,,6.00
10078,1770,5,Deep Fried Tofu,Starters,1,13.00,,13.00
10079,1771,27,Kung Pao Chicken,Plant-Based Meat,1,20.00,No Peanuts,20.00
10080,1771,47,Coconut Rice,Sides,1,3.00,,3.00
10081,1771,15,Padmanadi Vegetable Deluxe,Veggie & Tofu,1,19.00,No Cilantro,19.00
10082,1772,15,Padmanadi Vegetable Deluxe,Veggie & Tofu,1,19.00,,19.00
10083,1772,61,Iced Oat Strawberry Matcha,Tea,1,8.50,,8.50
10084,1772,41,Bihun Goreng,Rice & Noodles,1,18.00,Extra Sauce,18.00
10085,1772,34,Curry Mutton,Plant-Based Meat,1,22.00,,22.00
10086,1772,46,Jasmine Rice,Sides,1,2.75,,2.75
10087,1773,23,Curry Vegetables & Tofu,Veggie & Tofu,1,20.00,,20.00
10088,1773,13,Tom Yum Soup,Soups,1,18.00,,18.00
10089,1773,79,Add Noodles (Soup),Extras,1,3.00,,3.00
10090,1773,53,Vegan Iced Coffee,Coffee,1,5.50,,5.50
10091,1773,11,Fried Enoki Mushroom,Starters,1,16.00,,16.00
10092,1774,23,Curry Vegetables & Tofu,Veggie & Tofu,1,20.00,,20.00
10093,1774,46,Jasmine Rice,Sides,1,2.75,,2.75
10094,1775,44,Lemongrass Vermicelli Bowl,Rice & Noodles,1,20.00,Less Spicy,20.00
10095,1775,51,Soy Latte,Coffee,1,5.50,,5.50
10096,1775,30,Sweet & Sour Chicken,Plant-Based Meat,1,19.00,No Onion,19.00
10097,1775,58,London Fog,Tea,1,5.50,,5.50
10098,1776,14,Spicy Curry Noodle Soup,Soups,1,18.00,,18.00
10099,1776,35,Sweet & Sour Shrimp,Plant-Based Meat,1,20.00,Sauce on Side,20.00
10100,1776,46,Jasmine Rice,Sides,1,2.75,,2.75
10101,1776,1,Vegetable Spring Rolls (3pc),Starters,1,6.00,,6.00
10102,1777,20,Spicy Coconut Eggplant,Veggie & Tofu,1,18.00,,18.00
10103,1777,53,Vegan Iced Coffee,Coffee,1,5.50,,5.50
10104,1777,32,General Tao Chicken,Plant-Based Meat,1,21.00,,21.00
10105,1777,61,Iced Oat Strawberry Matcha,Tea,1,8.50,,8.50
10106,1777,39,Nasi Goreng,Rice & Noodles,1,18.00,,18.00
10107,1777,44,Lemongrass Vermicelli Bowl,Rice & Noodles,1,20.00,Extra Spicy,20.00
10108,1777,44,Lemongrass Vermicelli Bowl,Rice & Noodles,1,20.00,,20.00
10109,1777,62,Iced Lychee,Drinks,1,7.50,,7.50
10110,1777,5,Deep Fried Tofu,Starters,1,13.00,,13.00
10111,1778,32,General Tao Chicken,Plant-Based Meat,1,21.00,Gluten Friendly,21.00
10112,1778,51,Soy Latte,Coffee,1,5.50,,5.50
10113,1778,25,Mushroom Tofu,Veggie & Tofu,1,19.00,,19.00
10114,1778,46,Jasmine Rice,Sides,1,2.75,,2.75
10115,1778,62,Iced Lychee,Drinks,1,7.50,,7.50
10116,1778,34,Curry Mutton,Plant-Based Meat,1,22.00,,22.00
10117,1778,46,Jasmine Rice,Sides,1,2.75,,2.75
10118,1778,66,Assorted Soft Drinks,Drinks,1,2.50,,2.50
10119,1779,29,Dendeng,Plant-Based Meat,1,20.00,,20.00
10120,1779,48,Brown Rice,Sides,1,3.00,,3.00
10121,1779,67,Raspberry Lime Italian Soda,Drinks,1,6.50,,6.50
10122,1780,33,Curry Chicken,Plant-Based Meat,1,22.00,Gluten Friendly,22.00
10123,1780,32,General Tao Chicken,Plant-Based Meat,1,21.00,Sauce on Side,21.00
10124,1780,46,Jasmine Rice,Sides,1,2.75,,2.75
10125,1780,57,Soy Chai Latte,Tea,1,5.50,,5.50
10126,1780,22,Pan-Fried Broccoli & Cauliflower,Veggie & Tofu,1,18.00,,18.00
10127,1780,46,Jasmine Rice,Sides,1,2.75,,2.75
10128,1780,2,Vegetable Spring Rolls (6pc),Starters,1,9.00,,9.00
10129,1780,73,Chocolate Mousse,Desserts,1,9.00,,9.00
10130,1781,35,Sweet & Sour Shrimp,Plant-Based Meat,1,20.00,Sauce on Side,20.00
10131,1781,48,Brown Rice,Sides,1,3.00,,3.00
10132,1781,60,Matcha Latte,Tea,1,6.50,,6.50
10133,1781,29,Dendeng,Plant-Based Meat,1,20.00,,20.00
10134,1781,40,Bakmi Goreng,Rice & Noodles,1,19.00,Gluten Friendly,19.00
10135,1781,59,Hot Chocolate,Tea,1,5.00,,5.00
10136,1782,39,Nasi Goreng,Rice & Noodles,1,18.00,,18.00
10137,1782,74,Extra Protein,Extras,1,5.00,,5.00
10138,1782,61,Iced Oat Strawberry Matcha,Tea,1,8.50,,8.50
10139,1783,25,Mushroom Tofu,Veggie & Tofu,1,19.00,,19.00
10140,1783,46,Jasmine Rice,Sides,1,2.75,,2.75
10141,1783,32,General Tao Chicken,Plant-Based Meat,1,21.00,Extra Sauce,21.00
10142,1783,53,Vegan Iced Coffee,Coffee,1,5.50,,5.50
10143,1783,1,Vegetable Spring Rolls (3pc),Starters,1,6.00,,6.00
10144,1783,72,Vegan Ice Cream,Desserts,1,7.00,,7.00
10145,1783,73,Chocolate Mousse,Desserts,1,9.00,,9.00
10146,1784,35,Sweet & Sour Shrimp,Plant-Based Meat,1,20.00,Allergy: Nuts,20.00
10147,1784,46,Jasmine Rice,Sides,1,2.75,,2.75
10148,1784,50,Americano,Coffee,1,4.50,,4.50
10149,1784,15,Padmanadi Vegetable Deluxe,Veggie & Tofu,1,19.00,,19.00
10150,1784,53,Vegan Iced Coffee,Coffee,1,5.50,,5.50
10151,1784,70,Panna Cotta,Desserts,1,9.00,,9.00
10152,1784,72,Vegan Ice Cream,Desserts,1,7.00,,7.00
10153,1785,19,Savory Eggplant,Veggie & Tofu,1,18.00,,18.00
10154,1785,46,Jasmine Rice,Sides,1,2.75,,2.75
10155,1786,35,Sweet & Sour Shrimp,Plant-Based Meat,1,20.00,,20.00
10156,1786,74,Extra Protein,Extras,1,5.00,,5.00
10157,1786,65,Iced Passion Fruit Green Tea,Drinks,1,7.00,,7.00
10158,1786,7,Roti Canai,Starters,1,13.00,,13.00
10159,1787,45,Bali Buddha Bowl,Rice & Noodles,1,18.00,Extra Sauce,18.00
10160,1787,59,Hot Chocolate,Tea,1,5.00,,5.00
10161,1787,26,Chili Tofu,Veggie & Tofu,1,19.00,,19.00
10162,1787,30,Sweet & Sour Chicken,Plant-Based Meat,1,19.00,,19.00
10163,1787,60,Matcha Latte,Tea,1,6.50,,6.50
10164,1787,9,Crispy Chicken Strips,Starters,1,13.00,,13.00
10165,1788,40,Bakmi Goreng,Rice & Noodles,1,19.00,No Mushrooms,19.00
10166,1788,24,Tempeh Pulau,Veggie & Tofu,1,20.00,Sauce on Side,20.00
10167,1788,46,Jasmine Rice,Sides,1,2.75,,2.75
10168,1788,64,Sparkling Yuzu,Drinks,1,8.50,,8.50
10169,1788,33,Curry Chicken,Plant-Based Meat,1,22.00,,22.00
10170,1788,12,Wonton Soup,Soups,1,18.00,,18.00
10171,1788,60,Matcha Latte,Tea,1,6.50,,6.50
10172,1788,9,Crispy Chicken Strips,Starters,1,13.00,,13.00
10173,1788,3,Satay with Peanut Sauce (1pc),Starters,1,3.00,,3.00
10174,1789,33,Curry Chicken,Plant-Based Meat,1,22.00,Extra Sauce,22.00
10175,1789,63,Iced Pineapple,Drinks,1,7.50,,7.50
10176,1790,23,Curry Vegetables & Tofu,Veggie & Tofu,1,20.00,,20.00
10177,1791,23,Curry Vegetables & Tofu,Veggie & Tofu,1,20.00,,20.00
10178,1791,27,Kung Pao Chicken,Plant-Based Meat,1,20.00,,20.00
10179,1792,29,Dendeng,Plant-Based Meat,1,20.00,Extra Sauce,20.00
10180,1792,60,Matcha Latte,Tea,1,6.50,,6.50
10181,1792,13,Tom Yum Soup,Soups,1,18.00,Allergy: Nuts,18.00
10182,1792,12,Wonton Soup,Soups,1,18.00,Allergy: Nuts,18.00
10183,1792,59,Hot Chocolate,Tea,1,5.00,,5.00
10184,1793,13,Tom Yum Soup,Soups,1,18.00,No Cilantro,18.00
10185,1793,33,Curry Chicken,Plant-Based Meat,1,22.00,Allergy: Nuts,22.00
10186,1793,60,Matcha Latte,Tea,1,6.50,,6.50
10187,1794,39,Nasi Goreng,Rice & Noodles,1,18.00,,18.00
10188,1794,66,Assorted Soft Drinks,Drinks,1,2.50,,2.50
10189,1794,28,Ginger Beef,Plant-Based Meat,1,21.00,Extra Spicy,21.00
10190,1794,47,Coconut Rice,Sides,1,3.00,,3.00
10191,1794,3,Satay with Peanut Sauce (1pc),Starters,1,3.00,,3.00
10192,1794,70,Panna Cotta,Desserts,1,9.00,,9.00
10193,1795,21,Mapo Tofu,Veggie & Tofu,1,19.00,,19.00
10194,1796,49,Lunch Special,Lunch Special,1,18.00,Entree: Sweet & Sour Chicken,18.00
10195,1796,56,Organic Tea,Tea,1,3.50,,3.50
10196,1796,37,Teriyaki Chicken,Plant-Based Meat,1,19.00,,19.00
10197,1796,66,Assorted Soft Drinks,Drinks,1,2.50,,2.50
10198,1796,72,Vegan Ice Cream,Desserts,1,7.00,,7.00
10199,1797,45,Bali Buddha Bowl,Rice & Noodles,1,18.00,,18.00
10200,1797,49,Lunch Special,Lunch Special,1,18.00,Entree: Ginger Beef,18.00
10201,1797,65,Iced Passion Fruit Green Tea,Drinks,1,7.00,,7.00
10202,1797,49,Lunch Special,Lunch Special,1,18.00,Entree: Curry Mutton,18.00
10203,1797,65,Iced Passion Fruit Green Tea,Drinks,1,7.00,,7.00
10204,1797,9,Crispy Chicken Strips,Starters,1,13.00,,13.00
10205,1797,70,Panna Cotta,Desserts,1,9.00,,9.00
10206,1798,19,Savory Eggplant,Veggie & Tofu,1,18.00,No Onion,18.00
10207,1798,51,Soy Latte,Coffee,1,5.50,,5.50
10208,1798,19,Savory Eggplant,Veggie & Tofu,1,18.00,Allergy: Nuts,18.00
10209,1798,47,Coconut Rice,Sides,1,3.00,,3.00
10210,1798,34,Curry Mutton,Plant-Based Meat,1,22.00,No Onion,22.00
10211,1798,61,Iced Oat Strawberry Matcha,Tea,1,8.50,,8.50
10212,1798,26,Chili Tofu,Veggie & Tofu,1,19.00,No Cilantro,19.00
10213,1798,66,Assorted Soft Drinks,Drinks,1,2.50,,2.50
10214,1798,32,General Tao Chicken,Plant-Based Meat,1,21.00,,21.00
10215,1798,46,Jasmine Rice,Sides,1,2.75,,2.75
10216,1798,74,Extra Protein,Extras,1,5.00,,5.00
10217,1798,60,Matcha Latte,Tea,1,6.50,,6.50
10218,1799,26,Chili Tofu,Veggie & Tofu,1,19.00,,19.00
10219,1799,63,Iced Pineapple,Drinks,1,7.50,,7.50
10220,1799,11,Fried Enoki Mushroom,Starters,1,16.00,,16.00
10221,1800,45,Bali Buddha Bowl,Rice & Noodles,1,18.00,,18.00
10222,1800,64,Sparkling Yuzu,Drinks,1,8.50,,8.50
10223,1800,9,Crispy Chicken Strips,Starters,1,13.00,,13.00
10224,1801,49,Lunch Special,Lunch Special,1,18.00,Entree: Kung Pao Chicken,18.00
10225,1801,49,Lunch Special,Lunch Special,1,18.00,Entree: Curry Chicken,18.00
10226,1801,49,Lunch Special,Lunch Special,1,18.00,Entree: Sweet & Sour Chicken,18.00
10227,1801,52,Soy Mocha,Coffee,1,6.00,,6.00
10228,1801,2,Vegetable Spring Rolls (6pc),Starters,1,9.00,,9.00
10229,1802,33,Curry Chicken,Plant-Based Meat,1,22.00,,22.00
10230,1802,46,Jasmine Rice,Sides,1,2.75,,2.75
10231,1802,62,Iced Lychee,Drinks,1,7.50,,7.50
10232,1802,32,General Tao Chicken,Plant-Based Meat,1,21.00,No Cilantro,21.00
10233,1802,66,Assorted Soft Drinks,Drinks,1,2.50,,2.50
10234,1803,21,Mapo Tofu,Veggie & Tofu,1,19.00,,19.00
10235,1803,48,Brown Rice,Sides,1,3.00,,3.00
10236,1803,56,Organic Tea,Tea,1,3.50,,3.50
10237,1803,49,Lunch Special,Lunch Special,1,18.00,Entree: Ginger Beef,18.00
10238,1803,6,Gado Gado,Starters,1,14.00,,14.00
10239,1804,49,Lunch Special,Lunch Special,1,18.00,Entree: Spicy Nuggets,18.00
10240,1804,49,Lunch Special,Lunch Special,1,18.00,Entree: Padmanadi Veg Deluxe,18.00
10241,1804,66,Assorted Soft Drinks,Drinks,1,2.50,,2.50
10242,1804,49,Lunch Special,Lunch Special,1,18.00,Entree: Teriyaki Chicken,18.00
10243,1805,14,Spicy Curry Noodle Soup,Soups,1,18.00,,18.00
10244,1805,44,Lemongrass Vermicelli Bowl,Rice & Noodles,1,20.00,,20.00
10245,1806,33,Curry Chicken,Plant-Based Meat,1,22.00,,22.00
10246,1806,61,Iced Oat Strawberry Matcha,Tea,1,8.50,,8.50
10247,1806,40,Bakmi Goreng,Rice & Noodles,1,19.00,,19.00
10248,1806,53,Vegan Iced Coffee,Coffee,1,5.50,,5.50
10249,1806,35,Sweet & Sour Shrimp,Plant-Based Meat,1,20.00,,20.00
10250,1806,38,Rendang,Plant-Based Meat,1,20.00,,20.00
10251,1806,46,Jasmine Rice,Sides,1,2.75,,2.75
10252,1806,61,Iced Oat Strawberry Matcha,Tea,1,8.50,,8.50
10253,1806,49,Lunch Special,Lunch Special,1,18.00,Entree: Padmanadi Veg Deluxe,18.00
10254,1806,66,Assorted Soft Drinks,Drinks,1,2.50,,2.50
10255,1807,40,Bakmi Goreng,Rice & Noodles,1,19.00,,19.00
10256,1807,63,Iced Pineapple,Drinks,1,7.50,,7.50
10257,1807,33,Curry Chicken,Plant-Based Meat,1,22.00,,22.00
10258,1807,33,Curry Chicken,Plant-Based Meat,1,22.00,,22.00
10259,1807,48,Brown Rice,Sides,1,3.00,,3.00
10260,1807,66,Assorted Soft Drinks,Drinks,1,2.50,,2.50
10261,1807,33,Curry Chicken,Plant-Based Meat,1,22.00,No Mushrooms,22.00
10262,1807,22,Pan-Fried Broccoli & Cauliflower,Veggie & Tofu,1,18.00,Allergy: Nuts,18.00
10263,1807,47,Coconut Rice,Sides,1,3.00,,3.00
10264,1807,57,Soy Chai Latte,Tea,1,5.50,,5.50
10265,1807,10,Bean Curd Drumsticks,Starters,1,13.00,,13.00
10266,1808,49,Lunch Special,Lunch Special,1,18.00,Entree: Spicy Nuggets,18.00
10267,1808,25,Mushroom Tofu,Veggie & Tofu,1,19.00,No Cilantro,19.00
10268,1808,46,Jasmine Rice,Sides,1,2.75,,2.75
10269,1808,53,Vegan Iced Coffee,Coffee,1,5.50,,5.50
10270,1808,44,Lemongrass Vermicelli Bowl,Rice & Noodles,1,20.00,Extra Spicy,20.00
10271,1808,68,Iced Blackberry Hibiscus Tea,Drinks,1,7.00,,7.00
10272,1808,49,Lunch Special,Lunch Special,1,18.00,Entree: Rendang,18.00
10273,1808,49,Lunch Special,Lunch Special,1,18.00,Entree: Savory Eggplant,18.00
10274,1808,12,Wonton Soup,Soups,1,18.00,No Cilantro,18.00
10275,1808,49,Lunch Special,Lunch Special,1,18.00,Entree: Curried Tofu w/ Vegetables,18.00
10276,1808,78,Sub Brown Rice (+1),Extras,1,1.00,,1.00
10277,1808,69,Cheesecake,Desserts,1,11.00,,11.00
10278,1808,72,Vegan Ice Cream,Desserts,1,7.00,,7.00
10279,1809,31,Spicy Chicken,Plant-Based Meat,1,19.00,,19.00
10280,1809,46,Jasmine Rice,Sides,1,2.75,,2.75
10281,1809,57,Soy Chai Latte,Tea,1,5.50,,5.50
10282,1809,22,Pan-Fried Broccoli & Cauliflower,Veggie & Tofu,1,18.00,Less Spicy,18.00
10283,1809,54,Iced Brown Sugar Oat Latte,Coffee,1,6.50,,6.50
10284,1809,14,Spicy Curry Noodle Soup,Soups,1,18.00,No Cilantro,18.00
10285,1809,63,Iced Pineapple,Drinks,1,7.50,,7.50
10286,1809,8,Breaded Cauliflower Bites,Starters,1,13.00,,13.00
10287,1810,49,Lunch Special,Lunch Special,1,18.00,Entree: Spicy Nuggets,18.00
10288,1810,60,Matcha Latte,Tea,1,6.50,,6.50
10289,1810,27,Kung Pao Chicken,Plant-Based Meat,1,20.00,,20.00
10290,1810,46,Jasmine Rice,Sides,1,2.75,,2.75
10291,1810,66,Assorted Soft Drinks,Drinks,1,2.50,,2.50
10292,1810,25,Mushroom Tofu,Veggie & Tofu,1,19.00,No Onion,19.00
10293,1810,48,Brown Rice,Sides,1,3.00,,3.00
10294,1811,37,Teriyaki Chicken,Plant-Based Meat,1,19.00,No Peanuts,19.00
10295,1811,46,Jasmine Rice,Sides,1,2.75,,2.75
10296,1811,74,Extra Protein,Extras,1,5.00,,5.00
10297,1811,57,Soy Chai Latte,Tea,1,5.50,,5.50
10298,1811,70,Panna Cotta,Desserts,1,9.00,,9.00
10299,1812,49,Lunch Special,Lunch Special,1,18.00,Entree: Teriyaki Chicken,18.00
10300,1812,53,Vegan Iced Coffee,Coffee,1,5.50,,5.50
10301,1812,41,Bihun Goreng,Rice & Noodles,1,18.00,Sauce on Side,18.00
10302,1813,31,Spicy Chicken,Plant-Based Meat,1,19.00,,19.00
10303,1813,46,Jasmine Rice,Sides,1,2.75,,2.75
10304,1813,55,Decaf Coffee,Coffee,1,4.50,,4.50
10305,1813,43,Singapore Noodle,Rice & Noodles,1,19.00,,19.00
10306,1813,2,Vegetable Spring Rolls (6pc),Starters,1,9.00,,9.00
10307,1814,28,Ginger Beef,Plant-Based Meat,1,21.00,No Peanuts,21.00
10308,1814,46,Jasmine Rice,Sides,1,2.75,,2.75
10309,1814,49,Lunch Special,Lunch Special,1,18.00,Entree: Sweet & Sour Nuggets,18.00
10310,1814,1,Vegetable Spring Rolls (3pc),Starters,1,6.00,,6.00
10311,1815,49,Lunch Special,Lunch Special,1,18.00,Entree: Curry Mutton,18.00
10312,1815,28,Ginger Beef,Plant-Based Meat,1,21.00,No Peanuts,21.00
10313,1815,23,Curry Vegetables & Tofu,Veggie & Tofu,1,20.00,No Mushrooms,20.00
10314,1815,50,Americano,Coffee,1,4.50,,4.50
10315,1815,4,Satay with Peanut Sauce (3pc),Starters,1,10.00,,10.00
10316,1815,71,Fried Banana with Coconut Ice Cream,Desserts,1,13.00,,13.00
10317,1816,49,Lunch Special,Lunch Special,1,18.00,Entree: Spicy Nuggets,18.00
10318,1816,63,Iced Pineapple,Drinks,1,7.50,,7.50
10319,1816,36,Spicy Shrimp,Plant-Based Meat,1,20.00,Allergy: Nuts,20.00
10320,1816,46,Jasmine Rice,Sides,1,2.75,,2.75
10321,1816,75,Extra Tofu,Extras,1,4.00,,4.00
10322,1816,58,London Fog,Tea,1,5.50,,5.50
10323,1816,69,Cheesecake,Desserts,1,11.00,,11.00
10324,1816,69,Cheesecake,Desserts,1,11.00,,11.00
10325,1817,49,Lunch Special,Lunch Special,1,18.00,Entree: Chili Tofu,18.00
10326,1818,13,Tom Yum Soup,Soups,1,18.00,,18.00
10327,1818,74,Extra Protein,Extras,1,5.00,,5.00
10328,1819,49,Lunch Special,Lunch Special,1,18.00,Entree: Spicy Nuggets,18.00
10329,1819,66,Assorted Soft Drinks,Drinks,1,2.50,,2.50
10330,1819,36,Spicy Shrimp,Plant-Based Meat,1,20.00,Extra Sauce,20.00
10331,1819,53,Vegan Iced Coffee,Coffee,1,5.50,,5.50
10332,1819,9,Crispy Chicken Strips,Starters,1,13.00,,13.00
10333,1820,33,Curry Chicken,Plant-Based Meat,1,22.00,,22.00
10334,1820,58,London Fog,Tea,1,5.50,,5.50
10335,1820,16,Chili Green Beans,Veggie & Tofu,1,19.00,,19.00
10336,1820,45,Bali Buddha Bowl,Rice & Noodles,1,18.00,No Onion,18.00
10337,1821,27,Kung Pao Chicken,Plant-Based Meat,1,20.00,,20.00
10338,1821,46,Jasmine Rice,Sides,1,2.75,,2.75
10339,1821,31,Spicy Chicken,Plant-Based Meat,1,19.00,,19.00
10340,1821,75,Extra Tofu,Extras,1,4.00,,4.00
10341,1821,5,Deep Fried Tofu,Starters,1,13.00,,13.00
10342,1821,69,Cheesecake,Desserts,1,11.00,,11.00
10343,1822,18,King Oyster Mushroom Gaylan,Veggie & Tofu,1,20.00,,20.00
10344,1823,21,Mapo Tofu,Veggie & Tofu,1,19.00,,19.00
10345,1823,46,Jasmine Rice,Sides,1,2.75,,2.75
10346,1823,20,Spicy Coconut Eggplant,Veggie & Tofu,1,18.00,,18.00
10347,1823,48,Brown Rice,Sides,1,3.00,,3.00
10348,1823,75,Extra Tofu,Extras,1,4.00,,4.00
10349,1823,66,Assorted Soft Drinks,Drinks,1,2.50,,2.50
10350,1824,45,Bali Buddha Bowl,Rice & Noodles,1,18.00,,18.00
10351,1824,74,Extra Protein,Extras,1,5.00,,5.00
10352,1824,51,Soy Latte,Coffee,1,5.50,,5.50
10353,1824,14,Spicy Curry Noodle Soup,Soups,1,18.00,,18.00
10354,1824,54,Iced Brown Sugar Oat Latte,Coffee,1,6.50,,6.50
10355,1824,1,Vegetable Spring Rolls (3pc),Starters,1,6.00,,6.00
10356,1825,18,King Oyster Mushroom Gaylan,Veggie & Tofu,1,20.00,,20.00
10357,1825,46,Jasmine Rice,Sides,1,2.75,,2.75
10358,1825,70,Panna Cotta,Desserts,1,9.00,,9.00
10359,1826,32,General Tao Chicken,Plant-Based Meat,1,21.00,,21.00
10360,1826,46,Jasmine Rice,Sides,1,2.75,,2.75
10361,1826,62,Iced Lychee,Drinks,1,7.50,,7.50
10362,1826,18,King Oyster Mushroom Gaylan,Veggie & Tofu,1,20.00,,20.00
10363,1826,54,Iced Brown Sugar Oat Latte,Coffee,1,6.50,,6.50
10364,1827,40,Bakmi Goreng,Rice & Noodles,1,19.00,,19.00
10365,1827,28,Ginger Beef,Plant-Based Meat,1,21.00,,21.00
10366,1827,46,Jasmine Rice,Sides,1,2.75,,2.75
10367,1827,51,Soy Latte,Coffee,1,5.50,,5.50
10368,1828,22,Pan-Fried Broccoli & Cauliflower,Veggie & Tofu,1,18.00,,18.00
10369,1828,50,Americano,Coffee,1,4.50,,4.50
10370,1828,12,Wonton Soup,Soups,1,18.00,No Cilantro,18.00
10371,1828,74,Extra Protein,Extras,1,5.00,,5.00
10372,1828,66,Assorted Soft Drinks,Drinks,1,2.50,,2.50
10373,1828,17,Spicy String Beans,Veggie & Tofu,1,19.00,,19.00
10374,1828,48,Brown Rice,Sides,1,3.00,,3.00
10375,1828,76,Extra Veggies,Extras,1,4.00,,4.00
10376,1828,67,Raspberry Lime Italian Soda,Drinks,1,6.50,,6.50
10377,1828,45,Bali Buddha Bowl,Rice & Noodles,1,18.00,,18.00
10378,1828,62,Iced Lychee,Drinks,1,7.50,,7.50
10379,1828,42,Kwetiau Goreng,Rice & Noodles,1,19.00,,19.00
10380,1828,57,Soy Chai Latte,Tea,1,5.50,,5.50
10381,1829,27,Kung Pao Chicken,Plant-Based Meat,1,20.00,No Mushrooms,20.00
10382,1830,44,Lemongrass Vermicelli Bowl,Rice & Noodles,1,20.00,,20.00
10383,1830,57,Soy Chai Latte,Tea,1,5.50,,5.50
10384,1830,30,Sweet & Sour Chicken,Plant-Based Meat,1,19.00,Extra Spicy,19.00
10385,1830,46,Jasmine Rice,Sides,1,2.75,,2.75
10386,1830,60,Matcha Latte,Tea,1,6.50,,6.50
10387,1830,42,Kwetiau Goreng,Rice & Noodles,1,19.00,No Mushrooms,19.00
10388,1830,66,Assorted Soft Drinks,Drinks,1,2.50,,2.50
10389,1831,42,Kwetiau Goreng,Rice & Noodles,1,19.00,,19.00
10390,1831,38,Rendang,Plant-Based Meat,1,20.00,Allergy: Nuts,20.00
10391,1831,68,Iced Blackberry Hibiscus Tea,Drinks,1,7.00,,7.00
10392,1832,41,Bihun Goreng,Rice & Noodles,1,18.00,Sauce on Side,18.00
10393,1832,64,Sparkling Yuzu,Drinks,1,8.50,,8.50
10394,1832,18,King Oyster Mushroom Gaylan,Veggie & Tofu,1,20.00,No Peanuts,20.00
10395,1832,2,Vegetable Spring Rolls (6pc),Starters,1,9.00,,9.00
10396,1833,28,Ginger Beef,Plant-Based Meat,1,21.00,No Mushrooms,21.00
10397,1833,46,Jasmine Rice,Sides,1,2.75,,2.75
10398,1833,63,Iced Pineapple,Drinks,1,7.50,,7.50
10399,1833,43,Singapore Noodle,Rice & Noodles,1,19.00,,19.00
10400,1833,44,Lemongrass Vermicelli Bowl,Rice & Noodles,1,20.00,Less Spicy,20.00
10401,1833,58,London Fog,Tea,1,5.50,,5.50
10402,1833,45,Bali Buddha Bowl,Rice & Noodles,1,18.00,No Onion,18.00
10403,1833,54,Iced Brown Sugar Oat Latte,Coffee,1,6.50,,6.50
10404,1833,20,Spicy Coconut Eggplant,Veggie & Tofu,1,18.00,,18.00
10405,1833,14,Spicy Curry Noodle Soup,Soups,1,18.00,No Peanuts,18.00
10406,1833,53,Vegan Iced Coffee,Coffee,1,5.50,,5.50
10407,1833,33,Curry Chicken,Plant-Based Meat,1,22.00,,22.00
10408,1833,59,Hot Chocolate,Tea,1,5.00,,5.00
10409,1833,44,Lemongrass Vermicelli Bowl,Rice & Noodles,1,20.00,No Onion,20.00
10410,1833,74,Extra Protein,Extras,1,5.00,,5.00
10411,1833,60,Matcha Latte,Tea,1,6.50,,6.50
10412,1833,7,Roti Canai,Starters,1,13.00,,13.00
10413,1833,8,Breaded Cauliflower Bites,Starters,1,13.00,,13.00
10414,1834,18,King Oyster Mushroom Gaylan,Veggie & Tofu,1,20.00,Extra Spicy,20.00
10415,1834,46,Jasmine Rice,Sides,1,2.75,,2.75
10416,1835,33,Curry Chicken,Plant-Based Meat,1,22.00,,22.00
10417,1835,28,Ginger Beef,Plant-Based Meat,1,21.00,Sauce on Side,21.00
10418,1835,48,Brown Rice,Sides,1,3.00,,3.00
10419,1835,75,Extra Tofu,Extras,1,4.00,,4.00
10420,1835,64,Sparkling Yuzu,Drinks,1,8.50,,8.50
10421,1835,34,Curry Mutton,Plant-Based Meat,1,22.00,,22.00
10422,1835,14,Spicy Curry Noodle Soup,Soups,1,18.00,,18.00
10423,1835,67,Raspberry Lime Italian Soda,Drinks,1,6.50,,6.50
10424,1835,18,King Oyster Mushroom Gaylan,Veggie & Tofu,1,20.00,,20.00
10425,1835,47,Coconut Rice,Sides,1,3.00,,3.00
10426,1836,29,Dendeng,Plant-Based Meat,1,20.00,Sauce on Side,20.00
10427,1836,48,Brown Rice,Sides,1,3.00,,3.00
10428,1836,40,Bakmi Goreng,Rice & Noodles,1,19.00,Extra Sauce,19.00
10429,1836,22,Pan-Fried Broccoli & Cauliflower,Veggie & Tofu,1,18.00,,18.00
10430,1836,47,Coconut Rice,Sides,1,3.00,,3.00
10431,1837,26,Chili Tofu,Veggie & Tofu,1,19.00,,19.00
10432,1837,62,Iced Lychee,Drinks,1,7.50,,7.50
10433,1837,11,Fried Enoki Mushroom,Starters,1,16.00,,16.00
10434,1837,70,Panna Cotta,Desserts,1,9.00,,9.00
10435,1838,37,Teriyaki Chicken,Plant-Based Meat,1,19.00,,19.00
10436,1838,53,Vegan Iced Coffee,Coffee,1,5.50,,5.50
10437,1838,16,Chili Green Beans,Veggie & Tofu,1,19.00,Less Spicy,19.00
10438,1838,51,Soy Latte,Coffee,1,5.50,,5.50
10439,1838,72,Vegan Ice Cream,Desserts,1,7.00,,7.00
10440,1839,35,Sweet & Sour Shrimp,Plant-Based Meat,1,20.00,,20.00
10441,1839,46,Jasmine Rice,Sides,1,2.75,,2.75
10442,1839,57,Soy Chai Latte,Tea,1,5.50,,5.50
10443,1839,21,Mapo Tofu,Veggie & Tofu,1,19.00,,19.00
10444,1839,46,Jasmine Rice,Sides,1,2.75,,2.75
10445,1839,39,Nasi Goreng,Rice & Noodles,1,18.00,Gluten Friendly,18.00
10446,1839,53,Vegan Iced Coffee,Coffee,1,5.50,,5.50
10447,1839,24,Tempeh Pulau,Veggie & Tofu,1,20.00,,20.00
10448,1839,57,Soy Chai Latte,Tea,1,5.50,,5.50
10449,1839,10,Bean Curd Drumsticks,Starters,1,13.00,,13.00
10450,1839,69,Cheesecake,Desserts,1,11.00,,11.00
10451,1840,37,Teriyaki Chicken,Plant-Based Meat,1,19.00,,19.00
10452,1840,46,Jasmine Rice,Sides,1,2.75,,2.75
10453,1840,37,Teriyaki Chicken,Plant-Based Meat,1,19.00,,19.00
10454,1840,51,Soy Latte,Coffee,1,5.50,,5.50
10455,1840,4,Satay with Peanut Sauce (3pc),Starters,1,10.00,,10.00
10456,1840,69,Cheesecake,Desserts,1,11.00,,11.00
10457,1840,70,Panna Cotta,Desserts,1,9.00,,9.00
10458,1841,12,Wonton Soup,Soups,1,18.00,,18.00
10459,1841,51,Soy Latte,Coffee,1,5.50,,5.50
10460,1841,21,Mapo Tofu,Veggie & Tofu,1,19.00,Allergy: Nuts,19.00
10461,1841,67,Raspberry Lime Italian Soda,Drinks,1,6.50,,6.50
10462,1841,33,Curry Chicken,Plant-Based Meat,1,22.00,Extra Sauce,22.00
10463,1841,67,Raspberry Lime Italian Soda,Drinks,1,6.50,,6.50
10464,1842,15,Padmanadi Vegetable Deluxe,Veggie & Tofu,1,19.00,No Mushrooms,19.00
10465,1842,33,Curry Chicken,Plant-Based Meat,1,22.00,,22.00
10466,1842,31,Spicy Chicken,Plant-Based Meat,1,19.00,,19.00
10467,1842,53,Vegan Iced Coffee,Coffee,1,5.50,,5.50
10468,1842,70,Panna Cotta,Desserts,1,9.00,,9.00
10469,1843,39,Nasi Goreng,Rice & Noodles,1,18.00,Allergy: Nuts,18.00
10470,1843,15,Padmanadi Vegetable Deluxe,Veggie & Tofu,1,19.00,Sauce on Side,19.00
10471,1843,48,Brown Rice,Sides,1,3.00,,3.00
10472,1843,27,Kung Pao Chicken,Plant-Based Meat,1,20.00,Less Spicy,20.00
10473,1843,57,Soy Chai Latte,Tea,1,5.50,,5.50
10474,1843,71,Fried Banana with Coconut Ice Cream,Desserts,1,13.00,,13.00
10475,1844,41,Bihun Goreng,Rice & Noodles,1,18.00,Less Spicy,18.00
10476,1844,57,Soy Chai Latte,Tea,1,5.50,,5.50
10477,1844,69,Cheesecake,Desserts,1,11.00,,11.00
10478,1845,39,Nasi Goreng,Rice & Noodles,1,18.00,,18.00
10479,1845,66,Assorted Soft Drinks,Drinks,1,2.50,,2.50
10480,1845,30,Sweet & Sour Chicken,Plant-Based Meat,1,19.00,,19.00
10481,1845,33,Curry Chicken,Plant-Based Meat,1,22.00,Gluten Friendly,22.00
10482,1846,45,Bali Buddha Bowl,Rice & Noodles,1,18.00,Sauce on Side,18.00
10483,1846,64,Sparkling Yuzu,Drinks,1,8.50,,8.50
10484,1847,29,Dendeng,Plant-Based Meat,1,20.00,No Peanuts,20.00
10485,1847,28,Ginger Beef,Plant-Based Meat,1,21.00,,21.00
10486,1847,57,Soy Chai Latte,Tea,1,5.50,,5.50
10487,1847,71,Fried Banana with Coconut Ice Cream,Desserts,1,13.00,,13.00
10488,1848,27,Kung Pao Chicken,Plant-Based Meat,1,20.00,Allergy: Nuts,20.00
10489,1848,48,Brown Rice,Sides,1,3.00,,3.00
10490,1848,65,Iced Passion Fruit Green Tea,Drinks,1,7.00,,7.00
10491,1848,33,Curry Chicken,Plant-Based Meat,1,22.00,No Mushrooms,22.00
10492,1848,58,London Fog,Tea,1,5.50,,5.50
10493,1849,35,Sweet & Sour Shrimp,Plant-Based Meat,1,20.00,,20.00
10494,1849,34,Curry Mutton,Plant-Based Meat,1,22.00,Allergy: Nuts,22.00
10495,1849,48,Brown Rice,Sides,1,3.00,,3.00
10496,1849,66,Assorted Soft Drinks,Drinks,1,2.50,,2.50
10497,1849,25,Mushroom Tofu,Veggie & Tofu,1,19.00,No Peanuts,19.00
10498,1849,48,Brown Rice,Sides,1,3.00,,3.00
10499,1849,23,Curry Vegetables & Tofu,Veggie & Tofu,1,20.00,Allergy: Nuts,20.00
10500,1849,46,Jasmine Rice,Sides,1,2.75,,2.75
10501,1849,66,Assorted Soft Drinks,Drinks,1,2.50,,2.50
10502,1849,2,Vegetable Spring Rolls (6pc),Starters,1,9.00,,9.00
10503,1849,71,Fried Banana with Coconut Ice Cream,Desserts,1,13.00,,13.00
10504,1850,12,Wonton Soup,Soups,1,18.00,Extra Sauce,18.00
10505,1850,79,Add Noodles (Soup),Extras,1,3.00,,3.00
10506,1850,28,Ginger Beef,Plant-Based Meat,1,21.00,,21.00
10507,1850,59,Hot Chocolate,Tea,1,5.00,,5.00
10508,1850,28,Ginger Beef,Plant-Based Meat,1,21.00,,21.00
10509,1850,46,Jasmine Rice,Sides,1,2.75,,2.75
10510,1850,63,Iced Pineapple,Drinks,1,7.50,,7.50
10511,1851,14,Spicy Curry Noodle Soup,Soups,1,18.00,,18.00
10512,1851,79,Add Noodles (Soup),Extras,1,3.00,,3.00
10513,1851,21,Mapo Tofu,Veggie & Tofu,1,19.00,,19.00
10514,1851,46,Jasmine Rice,Sides,1,2.75,,2.75
10515,1851,60,Matcha Latte,Tea,1,6.50,,6.50
10516,1851,36,Spicy Shrimp,Plant-Based Meat,1,20.00,,20.00
10517,1851,47,Coconut Rice,Sides,1,3.00,,3.00
10518,1851,66,Assorted Soft Drinks,Drinks,1,2.50,,2.50
10519,1851,4,Satay with Peanut Sauce (3pc),Starters,1,10.00,,10.00
10520,1851,71,Fried Banana with Coconut Ice Cream,Desserts,1,13.00,,13.00
10521,1852,35,Sweet & Sour Shrimp,Plant-Based Meat,1,20.00,,20.00
10522,1852,48,Brown Rice,Sides,1,3.00,,3.00
10523,1852,8,Breaded Cauliflower Bites,Starters,1,13.00,,13.00
10524,1853,24,Tempeh Pulau,Veggie & Tofu,1,20.00,,20.00
10525,1853,46,Jasmine Rice,Sides,1,2.75,,2.75
10526,1853,32,General Tao Chicken,Plant-Based Meat,1,21.00,Allergy: Nuts,21.00
10527,1853,48,Brown Rice,Sides,1,3.00,,3.00
10528,1853,25,Mushroom Tofu,Veggie & Tofu,1,19.00,Allergy: Nuts,19.00
10529,1853,9,Crispy Chicken Strips,Starters,1,13.00,,13.00
10530,1854,32,General Tao Chicken,Plant-Based Meat,1,21.00,,21.00
10531,1854,62,Iced Lychee,Drinks,1,7.50,,7.50
10532,1854,23,Curry Vegetables & Tofu,Veggie & Tofu,1,20.00,,20.00
10533,1854,66,Assorted Soft Drinks,Drinks,1,2.50,,2.50
10534,1855,27,Kung Pao Chicken,Plant-Based Meat,1,20.00,No Mushrooms,20.00
10535,1855,46,Jasmine Rice,Sides,1,2.75,,2.75
10536,1855,59,Hot Chocolate,Tea,1,5.00,,5.00
10537,1855,28,Ginger Beef,Plant-Based Meat,1,21.00,,21.00
10538,1855,46,Jasmine Rice,Sides,1,2.75,,2.75
10539,1855,74,Extra Protein,Extras,1,5.00,,5.00
10540,1855,43,Singapore Noodle,Rice & Noodles,1,19.00,No Peanuts,19.00
10541,1855,67,Raspberry Lime Italian Soda,Drinks,1,6.50,,6.50
10542,1855,2,Vegetable Spring Rolls (6pc),Starters,1,9.00,,9.00
10543,1856,30,Sweet & Sour Chicken,Plant-Based Meat,1,19.00,,19.00
10544,1856,20,Spicy Coconut Eggplant,Veggie & Tofu,1,18.00,,18.00
10545,1856,46,Jasmine Rice,Sides,1,2.75,,2.75
10546,1856,60,Matcha Latte,Tea,1,6.50,,6.50
10547,1857,29,Dendeng,Plant-Based Meat,1,20.00,Less Spicy,20.00
10548,1857,46,Jasmine Rice,Sides,1,2.75,,2.75
10549,1857,61,Iced Oat Strawberry Matcha,Tea,1,8.50,,8.50
10550,1857,28,Ginger Beef,Plant-Based Meat,1,21.00,,21.00
10551,1857,69,Cheesecake,Desserts,1,11.00,,11.00
10552,1857,70,Panna Cotta,Desserts,1,9.00,,9.00
10553,1858,36,Spicy Shrimp,Plant-Based Meat,1,20.00,,20.00
10554,1859,17,Spicy String Beans,Veggie & Tofu,1,19.00,,19.00
10555,1859,46,Jasmine Rice,Sides,1,2.75,,2.75
10556,1859,35,Sweet & Sour Shrimp,Plant-Based Meat,1,20.00,,20.00
10557,1860,35,Sweet & Sour Shrimp,Plant-Based Meat,1,20.00,Allergy: Nuts,20.00
10558,1860,66,Assorted Soft Drinks,Drinks,1,2.50,,2.50
10559,1860,39,Nasi Goreng,Rice & Noodles,1,18.00,,18.00
10560,1860,53,Vegan Iced Coffee,Coffee,1,5.50,,5.50
10561,1860,71,Fried Banana with Coconut Ice Cream,Desserts,1,13.00,,13.00
10562,1860,72,Vegan Ice Cream,Desserts,1,7.00,,7.00
10563,1861,40,Bakmi Goreng,Rice & Noodles,1,19.00,No Cilantro,19.00
10564,1861,14,Spicy Curry Noodle Soup,Soups,1,18.00,Gluten Friendly,18.00
10565,1861,51,Soy Latte,Coffee,1,5.50,,5.50
10566,1861,1,Vegetable Spring Rolls (3pc),Starters,1,6.00,,6.00
10567,1862,30,Sweet & Sour Chicken,Plant-Based Meat,1,19.00,No Peanuts,19.00
10568,1862,66,Assorted Soft Drinks,Drinks,1,2.50,,2.50
10569,1862,26,Chili Tofu,Veggie & Tofu,1,19.00,,19.00
10570,1863,23,Curry Vegetables & Tofu,Veggie & Tofu,1,20.00,Sauce on Side,20.00
10571,1863,48,Brown Rice,Sides,1,3.00,,3.00
10572,1863,65,Iced Passion Fruit Green Tea,Drinks,1,7.00,,7.00
10573,1863,32,General Tao Chicken,Plant-Based Meat,1,21.00,,21.00
10574,1863,32,General Tao Chicken,Plant-Based Meat,1,21.00,Less Spicy,21.00
10575,1863,28,Ginger Beef,Plant-Based Meat,1,21.00,Gluten Friendly,21.00
10576,1863,50,Americano,Coffee,1,4.50,,4.50
10577,1863,2,Vegetable Spring Rolls (6pc),Starters,1,9.00,,9.00
10578,1864,30,Sweet & Sour Chicken,Plant-Based Meat,1,19.00,,19.00
10579,1864,60,Matcha Latte,Tea,1,6.50,,6.50
10580,1864,28,Ginger Beef,Plant-Based Meat,1,21.00,,21.00
10581,1864,57,Soy Chai Latte,Tea,1,5.50,,5.50
10582,1865,28,Ginger Beef,Plant-Based Meat,1,21.00,Allergy: Nuts,21.00
10583,1865,55,Decaf Coffee,Coffee,1,4.50,,4.50
10584,1865,22,Pan-Fried Broccoli & Cauliflower,Veggie & Tofu,1,18.00,,18.00
10585,1865,47,Coconut Rice,Sides,1,3.00,,3.00
10586,1865,76,Extra Veggies,Extras,1,4.00,,4.00
10587,1866,28,Ginger Beef,Plant-Based Meat,1,21.00,,21.00
10588,1866,47,Coconut Rice,Sides,1,3.00,,3.00
10589,1866,60,Matcha Latte,Tea,1,6.50,,6.50
10590,1866,15,Padmanadi Vegetable Deluxe,Veggie & Tofu,1,19.00,Gluten Friendly,19.00
10591,1866,73,Chocolate Mousse,Desserts,1,9.00,,9.00
10592,1867,30,Sweet & Sour Chicken,Plant-Based Meat,1,19.00,,19.00
10593,1867,68,Iced Blackberry Hibiscus Tea,Drinks,1,7.00,,7.00
10594,1867,26,Chili Tofu,Veggie & Tofu,1,19.00,Extra Spicy,19.00
10595,1867,41,Bihun Goreng,Rice & Noodles,1,18.00,Allergy: Nuts,18.00
10596,1867,60,Matcha Latte,Tea,1,6.50,,6.50
10597,1867,7,Roti Canai,Starters,1,13.00,,13.00
10598,1868,39,Nasi Goreng,Rice & Noodles,1,18.00,Gluten Friendly,18.00
10599,1868,58,London Fog,Tea,1,5.50,,5.50
10600,1869,44,Lemongrass Vermicelli Bowl,Rice & Noodles,1,20.00,,20.00
10601,1869,50,Americano,Coffee,1,4.50,,4.50
10602,1869,17,Spicy String Beans,Veggie & Tofu,1,19.00,No Peanuts,19.00
10603,1869,39,Nasi Goreng,Rice & Noodles,1,18.00,,18.00
10604,1869,8,Breaded Cauliflower Bites,Starters,1,13.00,,13.00
10605,1869,71,Fried Banana with Coconut Ice Cream,Desserts,1,13.00,,13.00
10606,1870,33,Curry Chicken,Plant-Based Meat,1,22.00,Less Spicy,22.00
10607,1870,57,Soy Chai Latte,Tea,1,5.50,,5.50
10608,1870,45,Bali Buddha Bowl,Rice & Noodles,1,18.00,,18.00
10609,1870,76,Extra Veggies,Extras,1,4.00,,4.00
10610,1870,62,Iced Lychee,Drinks,1,7.50,,7.50
10611,1870,7,Roti Canai,Starters,1,13.00,,13.00
10612,1871,24,Tempeh Pulau,Veggie & Tofu,1,20.00,,20.00
10613,1871,46,Jasmine Rice,Sides,1,2.75,,2.75
10614,1871,59,Hot Chocolate,Tea,1,5.00,,5.00
10615,1872,28,Ginger Beef,Plant-Based Meat,1,21.00,Less Spicy,21.00
10616,1872,46,Jasmine Rice,Sides,1,2.75,,2.75
10617,1873,12,Wonton Soup,Soups,1,18.00,No Cilantro,18.00
10618,1873,67,Raspberry Lime Italian Soda,Drinks,1,6.50,,6.50
10619,1874,19,Savory Eggplant,Veggie & Tofu,1,18.00,No Cilantro,18.00
10620,1874,46,Jasmine Rice,Sides,1,2.75,,2.75
10621,1874,60,Matcha Latte,Tea,1,6.50,,6.50
10622,1874,25,Mushroom Tofu,Veggie & Tofu,1,19.00,Allergy: Nuts,19.00
10623,1874,46,Jasmine Rice,Sides,1,2.75,,2.75
10624,1874,67,Raspberry Lime Italian Soda,Drinks,1,6.50,,6.50
10625,1875,12,Wonton Soup,Soups,1,18.00,,18.00
10626,1875,33,Curry Chicken,Plant-Based Meat,1,22.00,,22.00
10627,1875,53,Vegan Iced Coffee,Coffee,1,5.50,,5.50
10628,1876,18,King Oyster Mushroom Gaylan,Veggie & Tofu,1,20.00,,20.00
10629,1876,48,Brown Rice,Sides,1,3.00,,3.00
10630,1876,67,Raspberry Lime Italian Soda,Drinks,1,6.50,,6.50
10631,1876,38,Rendang,Plant-Based Meat,1,20.00,,20.00
10632,1876,68,Iced Blackberry Hibiscus Tea,Drinks,1,7.00,,7.00
10633,1876,42,Kwetiau Goreng,Rice & Noodles,1,19.00,Extra Sauce,19.00
10634,1876,51,Soy Latte,Coffee,1,5.50,,5.50
10635,1876,15,Padmanadi Vegetable Deluxe,Veggie & Tofu,1,19.00,,19.00
10636,1876,48,Brown Rice,Sides,1,3.00,,3.00
10637,1876,2,Vegetable Spring Rolls (6pc),Starters,1,9.00,,9.00
10638,1876,69,Cheesecake,Desserts,1,11.00,,11.00
10639,1876,71,Fried Banana with Coconut Ice Cream,Desserts,1,13.00,,13.00
10640,1877,27,Kung Pao Chicken,Plant-Based Meat,1,20.00,No Mushrooms,20.00
10641,1877,75,Extra Tofu,Extras,1,4.00,,4.00
10642,1877,34,Curry Mutton,Plant-Based Meat,1,22.00,,22.00
10643,1877,46,Jasmine Rice,Sides,1,2.75,,2.75
10644,1877,66,Assorted Soft Drinks,Drinks,1,2.50,,2.50
10645,1877,1,Vegetable Spring Rolls (3pc),Starters,1,6.00,,6.00
10646,1878,37,Teriyaki Chicken,Plant-Based Meat,1,19.00,,19.00
10647,1879,49,Lunch Special,Lunch Special,1,18.00,Entree: Curried Tofu w/ Vegetables,18.00
10648,1879,49,Lunch Special,Lunch Special,1,18.00,Entree: Kung Pao Chicken,18.00
10649,1879,8,Breaded Cauliflower Bites,Starters,1,13.00,,13.00
10650,1880,27,Kung Pao Chicken,Plant-Based Meat,1,20.00,No Cilantro,20.00
10651,1880,48,Brown Rice,Sides,1,3.00,,3.00
10652,1880,56,Organic Tea,Tea,1,3.50,,3.50
10653,1880,19,Savory Eggplant,Veggie & Tofu,1,18.00,,18.00
10654,1880,46,Jasmine Rice,Sides,1,2.75,,2.75
10655,1880,66,Assorted Soft Drinks,Drinks,1,2.50,,2.50
10656,1880,49,Lunch Special,Lunch Special,1,18.00,Entree: Rendang,18.00
10657,1880,10,Bean Curd Drumsticks,Starters,1,13.00,,13.00
10658,1881,49,Lunch Special,Lunch Special,1,18.00,Entree: Curry Chicken,18.00
10659,1881,49,Lunch Special,Lunch Special,1,18.00,Entree: Curry Mutton,18.00
10660,1881,49,Lunch Special,Lunch Special,1,18.00,Entree: Sweet & Sour Nuggets,18.00
10661,1881,60,Matcha Latte,Tea,1,6.50,,6.50
10662,1881,31,Spicy Chicken,Plant-Based Meat,1,19.00,,19.00
10663,1881,47,Coconut Rice,Sides,1,3.00,,3.00
10664,1881,52,Soy Mocha,Coffee,1,6.00,,6.00
10665,1881,1,Vegetable Spring Rolls (3pc),Starters,1,6.00,,6.00
10666,1881,8,Breaded Cauliflower Bites,Starters,1,13.00,,13.00
10667,1881,69,Cheesecake,Desserts,1,11.00,,11.00
10668,1882,49,Lunch Special,Lunch Special,1,18.00,Entree: Curried Tofu w/ Vegetables,18.00
10669,1882,54,Iced Brown Sugar Oat Latte,Coffee,1,6.50,,6.50
10670,1882,28,Ginger Beef,Plant-Based Meat,1,21.00,No Onion,21.00
10671,1882,48,Brown Rice,Sides,1,3.00,,3.00
10672,1882,61,Iced Oat Strawberry Matcha,Tea,1,8.50,,8.50
10673,1882,27,Kung Pao Chicken,Plant-Based Meat,1,20.00,No Onion,20.00
10674,1882,47,Coconut Rice,Sides,1,3.00,,3.00
10675,1882,9,Crispy Chicken Strips,Starters,1,13.00,,13.00
10676,1883,49,Lunch Special,Lunch Special,1,18.00,Entree: Sweet & Sour Nuggets,18.00
10677,1883,14,Spicy Curry Noodle Soup,Soups,1,18.00,,18.00
10678,1883,71,Fried Banana with Coconut Ice Cream,Desserts,1,13.00,,13.00
10679,1883,70,Panna Cotta,Desserts,1,9.00,,9.00
10680,1884,49,Lunch Special,Lunch Special,1,18.00,Entree: Teriyaki Chicken,18.00
10681,1884,78,Sub Brown Rice (+1),Extras,1,1.00,,1.00
10682,1884,27,Kung Pao Chicken,Plant-Based Meat,1,20.00,,20.00
10683,1884,48,Brown Rice,Sides,1,3.00,,3.00
10684,1884,49,Lunch Special,Lunch Special,1,18.00,Entree: Padmanadi Veg Deluxe,18.00
10685,1884,26,Chili Tofu,Veggie & Tofu,1,19.00,No Onion,19.00
10686,1884,46,Jasmine Rice,Sides,1,2.75,,2.75
10687,1884,66,Assorted Soft Drinks,Drinks,1,2.50,,2.50
10688,1885,49,Lunch Special,Lunch Special,1,18.00,Entree: Teriyaki Chicken,18.00
10689,1885,62,Iced Lychee,Drinks,1,7.50,,7.50
10690,1885,8,Breaded Cauliflower Bites,Starters,1,13.00,,13.00
10691,1886,40,Bakmi Goreng,Rice & Noodles,1,19.00,Extra Sauce,19.00
10692,1886,49,Lunch Special,Lunch Special,1,18.00,Entree: Curry Mutton,18.00
10693,1886,51,Soy Latte,Coffee,1,5.50,,5.50
10694,1887,31,Spicy Chicken,Plant-Based Meat,1,19.00,No Cilantro,19.00
10695,1887,58,London Fog,Tea,1,5.50,,5.50
10696,1887,49,Lunch Special,Lunch Special,1,18.00,Entree: Chili Tofu,18.00
10697,1887,78,Sub Brown Rice (+1),Extras,1,1.00,,1.00
10698,1887,64,Sparkling Yuzu,Drinks,1,8.50,,8.50
10699,1887,49,Lunch Special,Lunch Special,1,18.00,Entree: Savory Eggplant,18.00
10700,1887,16,Chili Green Beans,Veggie & Tofu,1,19.00,Sauce on Side,19.00
10701,1887,46,Jasmine Rice,Sides,1,2.75,,2.75
10702,1888,28,Ginger Beef,Plant-Based Meat,1,21.00,No Peanuts,21.00
10703,1888,46,Jasmine Rice,Sides,1,2.75,,2.75
10704,1888,50,Americano,Coffee,1,4.50,,4.50
10705,1888,49,Lunch Special,Lunch Special,1,18.00,Entree: Sweet & Sour Chicken,18.00
10706,1888,53,Vegan Iced Coffee,Coffee,1,5.50,,5.50
10707,1889,27,Kung Pao Chicken,Plant-Based Meat,1,20.00,,20.00
10708,1889,54,Iced Brown Sugar Oat Latte,Coffee,1,6.50,,6.50
10709,1890,35,Sweet & Sour Shrimp,Plant-Based Meat,1,20.00,Allergy: Nuts,20.00
10710,1890,46,Jasmine Rice,Sides,1,2.75,,2.75
10711,1890,23,Curry Vegetables & Tofu,Veggie & Tofu,1,20.00,Extra Spicy,20.00
10712,1890,66,Assorted Soft Drinks,Drinks,1,2.50,,2.50
10713,1890,49,Lunch Special,Lunch Special,1,18.00,Entree: Sweet & Sour Nuggets,18.00
10714,1890,16,Chili Green Beans,Veggie & Tofu,1,19.00,Less Spicy,19.00
10715,1890,66,Assorted Soft Drinks,Drinks,1,2.50,,2.50
10716,1890,9,Crispy Chicken Strips,Starters,1,13.00,,13.00
10717,1891,39,Nasi Goreng,Rice & Noodles,1,18.00,Extra Sauce,18.00
10718,1891,31,Spicy Chicken,Plant-Based Meat,1,19.00,No Cilantro,19.00
10719,1891,46,Jasmine Rice,Sides,1,2.75,,2.75
10720,1891,54,Iced Brown Sugar Oat Latte,Coffee,1,6.50,,6.50
10721,1891,73,Chocolate Mousse,Desserts,1,9.00,,9.00
10722,1891,71,Fried Banana with Coconut Ice Cream,Desserts,1,13.00,,13.00
10723,1892,42,Kwetiau Goreng,Rice & Noodles,1,19.00,Allergy: Nuts,19.00
10724,1892,63,Iced Pineapple,Drinks,1,7.50,,7.50
10725,1892,49,Lunch Special,Lunch Special,1,18.00,Entree: Curried Tofu w/ Vegetables,18.00
10726,1892,78,Sub Brown Rice (+1),Extras,1,1.00,,1.00
10727,1892,64,Sparkling Yuzu,Drinks,1,8.50,,8.50
10728,1893,19,Savory Eggplant,Veggie & Tofu,1,18.00,Extra Spicy,18.00
10729,1893,47,Coconut Rice,Sides,1,3.00,,3.00
10730,1893,50,Americano,Coffee,1,4.50,,4.50
10731,1893,29,Dendeng,Plant-Based Meat,1,20.00,,20.00
10732,1893,60,Matcha Latte,Tea,1,6.50,,6.50
10733,1894,28,Ginger Beef,Plant-Based Meat,1,21.00,Extra Sauce,21.00
10734,1894,49,Lunch Special,Lunch Special,1,18.00,Entree: Chili Green Beans,18.00
10735,1894,78,Sub Brown Rice (+1),Extras,1,1.00,,1.00
10736,1894,52,Soy Mocha,Coffee,1,6.00,,6.00
10737,1895,28,Ginger Beef,Plant-Based Meat,1,21.00,,21.00
10738,1895,46,Jasmine Rice,Sides,1,2.75,,2.75
10739,1896,49,Lunch Special,Lunch Special,1,18.00,Entree: Spicy Nuggets,18.00
10740,1896,25,Mushroom Tofu,Veggie & Tofu,1,19.00,Allergy: Nuts,19.00
10741,1896,66,Assorted Soft Drinks,Drinks,1,2.50,,2.50
10742,1896,49,Lunch Special,Lunch Special,1,18.00,Entree: Rendang,18.00
10743,1897,49,Lunch Special,Lunch Special,1,18.00,Entree: Teriyaki Chicken,18.00
10744,1897,25,Mushroom Tofu,Veggie & Tofu,1,19.00,,19.00
10745,1897,46,Jasmine Rice,Sides,1,2.75,,2.75
10746,1897,66,Assorted Soft Drinks,Drinks,1,2.50,,2.50
10747,1897,49,Lunch Special,Lunch Special,1,18.00,Entree: Rendang,18.00
10748,1897,53,Vegan Iced Coffee,Coffee,1,5.50,,5.50
10749,1897,36,Spicy Shrimp,Plant-Based Meat,1,20.00,,20.00
10750,1898,22,Pan-Fried Broccoli & Cauliflower,Veggie & Tofu,1,18.00,Extra Sauce,18.00
10751,1898,27,Kung Pao Chicken,Plant-Based Meat,1,20.00,,20.00
10752,1898,47,Coconut Rice,Sides,1,3.00,,3.00
10753,1898,50,Americano,Coffee,1,4.50,,4.50
10754,1898,39,Nasi Goreng,Rice & Noodles,1,18.00,No Onion,18.00
10755,1898,66,Assorted Soft Drinks,Drinks,1,2.50,,2.50
10756,1898,49,Lunch Special,Lunch Special,1,18.00,Entree: Sweet & Sour Nuggets,18.00
10757,1898,78,Sub Brown Rice (+1),Extras,1,1.00,,1.00
10758,1898,16,Chili Green Beans,Veggie & Tofu,1,19.00,,19.00
10759,1898,46,Jasmine Rice,Sides,1,2.75,,2.75
10760,1898,44,Lemongrass Vermicelli Bowl,Rice & Noodles,1,20.00,,20.00
10761,1898,67,Raspberry Lime Italian Soda,Drinks,1,6.50,,6.50
10762,1898,2,Vegetable Spring Rolls (6pc),Starters,1,9.00,,9.00
10763,1898,71,Fried Banana with Coconut Ice Cream,Desserts,1,13.00,,13.00
10764,1899,43,Singapore Noodle,Rice & Noodles,1,19.00,No Peanuts,19.00
10765,1899,66,Assorted Soft Drinks,Drinks,1,2.50,,2.50
10766,1900,33,Curry Chicken,Plant-Based Meat,1,22.00,,22.00
10767,1900,46,Jasmine Rice,Sides,1,2.75,,2.75
10768,1900,32,General Tao Chicken,Plant-Based Meat,1,21.00,Less Spicy,21.00
10769,1900,46,Jasmine Rice,Sides,1,2.75,,2.75
10770,1900,49,Lunch Special,Lunch Special,1,18.00,Entree: Chili Tofu,18.00
10771,1900,62,Iced Lychee,Drinks,1,7.50,,7.50
10772,1900,49,Lunch Special,Lunch Special,1,18.00,Entree: Curry Chicken,18.00
10773,1900,63,Iced Pineapple,Drinks,1,7.50,,7.50
10774,1901,30,Sweet & Sour Chicken,Plant-Based Meat,1,19.00,Gluten Friendly,19.00
10775,1901,48,Brown Rice,Sides,1,3.00,,3.00
10776,1901,60,Matcha Latte,Tea,1,6.50,,6.50
10777,1901,37,Teriyaki Chicken,Plant-Based Meat,1,19.00,Less Spicy,19.00
10778,1901,50,Americano,Coffee,1,4.50,,4.50
10779,1902,28,Ginger Beef,Plant-Based Meat,1,21.00,Extra Spicy,21.00
10780,1902,50,Americano,Coffee,1,4.50,,4.50
10781,1902,10,Bean Curd Drumsticks,Starters,1,13.00,,13.00
10782,1903,18,King Oyster Mushroom Gaylan,Veggie & Tofu,1,20.00,Allergy: Nuts,20.00
10783,1903,47,Coconut Rice,Sides,1,3.00,,3.00
10784,1903,33,Curry Chicken,Plant-Based Meat,1,22.00,,22.00
10785,1903,48,Brown Rice,Sides,1,3.00,,3.00
10786,1903,56,Organic Tea,Tea,1,3.50,,3.50
10787,1903,10,Bean Curd Drumsticks,Starters,1,13.00,,13.00
10788,1903,73,Chocolate Mousse,Desserts,1,9.00,,9.00
10789,1903,69,Cheesecake,Desserts,1,11.00,,11.00
10790,1904,49,Lunch Special,Lunch Special,1,18.00,Entree: Chili Tofu,18.00
10791,1904,41,Bihun Goreng,Rice & Noodles,1,18.00,,18.00
10792,1904,58,London Fog,Tea,1,5.50,,5.50
10793,1904,11,Fried Enoki Mushroom,Starters,1,16.00,,16.00
10794,1905,49,Lunch Special,Lunch Special,1,18.00,Entree: Teriyaki Chicken,18.00
10795,1905,53,Vegan Iced Coffee,Coffee,1,5.50,,5.50
10796,1906,49,Lunch Special,Lunch Special,1,18.00,Entree: Sweet & Sour Chicken,18.00
10797,1906,68,Iced Blackberry Hibiscus Tea,Drinks,1,7.00,,7.00
10798,1906,49,Lunch Special,Lunch Special,1,18.00,Entree: Chili Green Beans,18.00
10799,1906,64,Sparkling Yuzu,Drinks,1,8.50,,8.50
10800,1906,12,Wonton Soup,Soups,1,18.00,Less Spicy,18.00
10801,1906,63,Iced Pineapple,Drinks,1,7.50,,7.50
10802,1906,49,Lunch Special,Lunch Special,1,18.00,Entree: Padmanadi Veg Deluxe,18.00
10803,1906,66,Assorted Soft Drinks,Drinks,1,2.50,,2.50
10804,1906,9,Crispy Chicken Strips,Starters,1,13.00,,13.00
10805,1906,2,Vegetable Spring Rolls (6pc),Starters,1,9.00,,9.00
10806,1907,33,Curry Chicken,Plant-Based Meat,1,22.00,,22.00
10807,1907,49,Lunch Special,Lunch Special,1,18.00,Entree: Rendang,18.00
10808,1907,66,Assorted Soft Drinks,Drinks,1,2.50,,2.50
10809,1907,35,Sweet & Sour Shrimp,Plant-Based Meat,1,20.00,,20.00
10810,1907,47,Coconut Rice,Sides,1,3.00,,3.00
10811,1907,71,Fried Banana with Coconut Ice Cream,Desserts,1,13.00,,13.00
10812,1908,36,Spicy Shrimp,Plant-Based Meat,1,20.00,,20.00
10813,1908,62,Iced Lychee,Drinks,1,7.50,,7.50
10814,1908,28,Ginger Beef,Plant-Based Meat,1,21.00,No Cilantro,21.00
10815,1908,61,Iced Oat Strawberry Matcha,Tea,1,8.50,,8.50
10816,1909,49,Lunch Special,Lunch Special,1,18.00,Entree: Sweet & Sour Nuggets,18.00
10817,1909,61,Iced Oat Strawberry Matcha,Tea,1,8.50,,8.50
10818,1909,49,Lunch Special,Lunch Special,1,18.00,Entree: Teriyaki Chicken,18.00
10819,1909,54,Iced Brown Sugar Oat Latte,Coffee,1,6.50,,6.50
10820,1909,49,Lunch Special,Lunch Special,1,18.00,Entree: Rendang,18.00
10821,1909,51,Soy Latte,Coffee,1,5.50,,5.50
10822,1909,11,Fried Enoki Mushroom,Starters,1,16.00,,16.00
10823,1909,69,Cheesecake,Desserts,1,11.00,,11.00
10824,1910,30,Sweet & Sour Chicken,Plant-Based Meat,1,19.00,,19.00
10825,1910,46,Jasmine Rice,Sides,1,2.75,,2.75
10826,1910,24,Tempeh Pulau,Veggie & Tofu,1,20.00,No Onion,20.00
10827,1910,46,Jasmine Rice,Sides,1,2.75,,2.75
10828,1910,76,Extra Veggies,Extras,1,4.00,,4.00
10829,1910,20,Spicy Coconut Eggplant,Veggie & Tofu,1,18.00,,18.00
10830,1910,47,Coconut Rice,Sides,1,3.00,,3.00
10831,1910,62,Iced Lychee,Drinks,1,7.50,,7.50
10832,1910,8,Breaded Cauliflower Bites,Starters,1,13.00,,13.00
10833,1910,72,Vegan Ice Cream,Desserts,1,7.00,,7.00
10834,1910,71,Fried Banana with Coconut Ice Cream,Desserts,1,13.00,,13.00
10835,1911,32,General Tao Chicken,Plant-Based Meat,1,21.00,,21.00
10836,1911,46,Jasmine Rice,Sides,1,2.75,,2.75
10837,1911,53,Vegan Iced Coffee,Coffee,1,5.50,,5.50
10838,1911,26,Chili Tofu,Veggie & Tofu,1,19.00,,19.00
10839,1911,46,Jasmine Rice,Sides,1,2.75,,2.75
10840,1911,59,Hot Chocolate,Tea,1,5.00,,5.00
10841,1911,49,Lunch Special,Lunch Special,1,18.00,Entree: Curry Chicken,18.00
10842,1911,78,Sub Brown Rice (+1),Extras,1,1.00,,1.00
10843,1911,51,Soy Latte,Coffee,1,5.50,,5.50
10844,1912,49,Lunch Special,Lunch Special,1,18.00,Entree: Padmanadi Veg Deluxe,18.00
10845,1912,64,Sparkling Yuzu,Drinks,1,8.50,,8.50
10846,1912,13,Tom Yum Soup,Soups,1,18.00,Sauce on Side,18.00
10847,1912,66,Assorted Soft Drinks,Drinks,1,2.50,,2.50
10848,1912,73,Chocolate Mousse,Desserts,1,9.00,,9.00
10849,1913,49,Lunch Special,Lunch Special,1,18.00,Entree: Chili Tofu,18.00
10850,1913,49,Lunch Special,Lunch Special,1,18.00,Entree: Chili Tofu,18.00
10851,1913,11,Fried Enoki Mushroom,Starters,1,16.00,,16.00
10852,1913,73,Chocolate Mousse,Desserts,1,9.00,,9.00
10853,1914,35,Sweet & Sour Shrimp,Plant-Based Meat,1,20.00,Extra Sauce,20.00
10854,1914,46,Jasmine Rice,Sides,1,2.75,,2.75
10855,1914,39,Nasi Goreng,Rice & Noodles,1,18.00,No Cilantro,18.00
10856,1914,66,Assorted Soft Drinks,Drinks,1,2.50,,2.50
10857,1915,33,Curry Chicken,Plant-Based Meat,1,22.00,No Onion,22.00
10858,1915,44,Lemongrass Vermicelli Bowl,Rice & Noodles,1,20.00,,20.00
10859,1915,74,Extra Protein,Extras,1,5.00,,5.00
10860,1915,43,Singapore Noodle,Rice & Noodles,1,19.00,,19.00
10861,1915,49,Lunch Special,Lunch Special,1,18.00,Entree: Chili Tofu,18.00
10862,1915,2,Vegetable Spring Rolls (6pc),Starters,1,9.00,,9.00
10863,1916,29,Dendeng,Plant-Based Meat,1,20.00,Allergy: Nuts,20.00
10864,1917,17,Spicy String Beans,Veggie & Tofu,1,19.00,Extra Spicy,19.00
10865,1917,47,Coconut Rice,Sides,1,3.00,,3.00
10866,1917,74,Extra Protein,Extras,1,5.00,,5.00
10867,1917,52,Soy Mocha,Coffee,1,6.00,,6.00
10868,1917,31,Spicy Chicken,Plant-Based Meat,1,19.00,Extra Spicy,19.00
10869,1917,48,Brown Rice,Sides,1,3.00,,3.00
10870,1917,58,London Fog,Tea,1,5.50,,5.50
10871,1917,49,Lunch Special,Lunch Special,1,18.00,Entree: Chili Green Beans,18.00
10872,1917,50,Americano,Coffee,1,4.50,,4.50
10873,1917,71,Fried Banana with Coconut Ice Cream,Desserts,1,13.00,,13.00
10874,1918,49,Lunch Special,Lunch Special,1,18.00,Entree: Sweet & Sour Chicken,18.00
10875,1918,66,Assorted Soft Drinks,Drinks,1,2.50,,2.50
10876,1918,49,Lunch Special,Lunch Special,1,18.00,Entree: Curry Mutton,18.00
10877,1918,78,Sub Brown Rice (+1),Extras,1,1.00,,1.00
10878,1918,42,Kwetiau Goreng,Rice & Noodles,1,19.00,Sauce on Side,19.00
10879,1918,49,Lunch Special,Lunch Special,1,18.00,Entree: Spicy Nuggets,18.00
10880,1918,78,Sub Brown Rice (+1),Extras,1,1.00,,1.00
10881,1918,8,Breaded Cauliflower Bites,Starters,1,13.00,,13.00
10882,1919,36,Spicy Shrimp,Plant-Based Meat,1,20.00,,20.00
10883,1919,48,Brown Rice,Sides,1,3.00,,3.00
10884,1919,57,Soy Chai Latte,Tea,1,5.50,,5.50
10885,1919,28,Ginger Beef,Plant-Based Meat,1,21.00,No Cilantro,21.00
10886,1919,47,Coconut Rice,Sides,1,3.00,,3.00
10887,1920,32,General Tao Chicken,Plant-Based Meat,1,21.00,Less Spicy,21.00
10888,1920,50,Americano,Coffee,1,4.50,,4.50
10889,1920,33,Curry Chicken,Plant-Based Meat,1,22.00,,22.00
10890,1921,12,Wonton Soup,Soups,1,18.00,Allergy: Nuts,18.00
10891,1921,79,Add Noodles (Soup),Extras,1,3.00,,3.00
10892,1921,52,Soy Mocha,Coffee,1,6.00,,6.00
10893,1921,28,Ginger Beef,Plant-Based Meat,1,21.00,Less Spicy,21.00
10894,1921,46,Jasmine Rice,Sides,1,2.75,,2.75
10895,1921,56,Organic Tea,Tea,1,3.50,,3.50
10896,1921,29,Dendeng,Plant-Based Meat,1,20.00,,20.00
10897,1921,48,Brown Rice,Sides,1,3.00,,3.00
10898,1921,39,Nasi Goreng,Rice & Noodles,1,18.00,Gluten Friendly,18.00
10899,1921,71,Fried Banana with Coconut Ice Cream,Desserts,1,13.00,,13.00
10900,1922,12,Wonton Soup,Soups,1,18.00,,18.00
10901,1922,79,Add Noodles (Soup),Extras,1,3.00,,3.00
10902,1922,65,Iced Passion Fruit Green Tea,Drinks,1,7.00,,7.00
10903,1922,15,Padmanadi Vegetable Deluxe,Veggie & Tofu,1,19.00,,19.00
10904,1922,74,Extra Protein,Extras,1,5.00,,5.00
10905,1922,63,Iced Pineapple,Drinks,1,7.50,,7.50
10906,1923,38,Rendang,Plant-Based Meat,1,20.00,,20.00
10907,1923,74,Extra Protein,Extras,1,5.00,,5.00
10908,1923,31,Spicy Chicken,Plant-Based Meat,1,19.00,,19.00
10909,1923,46,Jasmine Rice,Sides,1,2.75,,2.75
10910,1923,50,Americano,Coffee,1,4.50,,4.50
10911,1923,13,Tom Yum Soup,Soups,1,18.00,No Peanuts,18.00
10912,1923,60,Matcha Latte,Tea,1,6.50,,6.50
10913,1923,30,Sweet & Sour Chicken,Plant-Based Meat,1,19.00,Sauce on Side,19.00
10914,1923,58,London Fog,Tea,1,5.50,,5.50
10915,1923,71,Fried Banana with Coconut Ice Cream,Desserts,1,13.00,,13.00
10916,1924,14,Spicy Curry Noodle Soup,Soups,1,18.00,,18.00
10917,1924,31,Spicy Chicken,Plant-Based Meat,1,19.00,,19.00
10918,1924,47,Coconut Rice,Sides,1,3.00,,3.00
10919,1924,54,Iced Brown Sugar Oat Latte,Coffee,1,6.50,,6.50
10920,1925,27,Kung Pao Chicken,Plant-Based Meat,1,20.00,,20.00
10921,1925,1,Vegetable Spring Rolls (3pc),Starters,1,6.00,,6.00
10922,1925,70,Panna Cotta,Desserts,1,9.00,,9.00
10923,1926,20,Spicy Coconut Eggplant,Veggie & Tofu,1,18.00,No Mushrooms,18.00
10924,1926,50,Americano,Coffee,1,4.50,,4.50
10925,1926,14,Spicy Curry Noodle Soup,Soups,1,18.00,,18.00
10926,1926,79,Add Noodles (Soup),Extras,1,3.00,,3.00
10927,1926,51,Soy Latte,Coffee,1,5.50,,5.50
10928,1927,33,Curry Chicken,Plant-Based Meat,1,22.00,,22.00
10929,1927,63,Iced Pineapple,Drinks,1,7.50,,7.50
10930,1927,28,Ginger Beef,Plant-Based Meat,1,21.00,,21.00
10931,1927,46,Jasmine Rice,Sides,1,2.75,,2.75
10932,1927,62,Iced Lychee,Drinks,1,7.50,,7.50
10933,1927,69,Cheesecake,Desserts,1,11.00,,11.00
10934,1928,18,King Oyster Mushroom Gaylan,Veggie & Tofu,1,20.00,,20.00
10935,1929,31,Spicy Chicken,Plant-Based Meat,1,19.00,,19.00
10936,1929,46,Jasmine Rice,Sides,1,2.75,,2.75
10937,1929,53,Vegan Iced Coffee,Coffee,1,5.50,,5.50
10938,1929,12,Wonton Soup,Soups,1,18.00,Gluten Friendly,18.00
10939,1929,59,Hot Chocolate,Tea,1,5.00,,5.00
10940,1929,5,Deep Fried Tofu,Starters,1,13.00,,13.00
10941,1929,72,Vegan Ice Cream,Desserts,1,7.00,,7.00
10942,1930,39,Nasi Goreng,Rice & Noodles,1,18.00,,18.00
10943,1930,51,Soy Latte,Coffee,1,5.50,,5.50
10944,1930,36,Spicy Shrimp,Plant-Based Meat,1,20.00,Extra Sauce,20.00
10945,1930,47,Coconut Rice,Sides,1,3.00,,3.00
10946,1930,62,Iced Lychee,Drinks,1,7.50,,7.50
10947,1930,73,Chocolate Mousse,Desserts,1,9.00,,9.00
10948,1930,70,Panna Cotta,Desserts,1,9.00,,9.00
10949,1931,39,Nasi Goreng,Rice & Noodles,1,18.00,Extra Sauce,18.00
10950,1931,55,Decaf Coffee,Coffee,1,4.50,,4.50
10951,1931,26,Chili Tofu,Veggie & Tofu,1,19.00,,19.00
10952,1931,46,Jasmine Rice,Sides,1,2.75,,2.75
10953,1931,54,Iced Brown Sugar Oat Latte,Coffee,1,6.50,,6.50
10954,1931,73,Chocolate Mousse,Desserts,1,9.00,,9.00
10955,1931,73,Chocolate Mousse,Desserts,1,9.00,,9.00
10956,1932,35,Sweet & Sour Shrimp,Plant-Based Meat,1,20.00,,20.00
10957,1932,46,Jasmine Rice,Sides,1,2.75,,2.75
10958,1932,60,Matcha Latte,Tea,1,6.50,,6.50
10959,1932,27,Kung Pao Chicken,Plant-Based Meat,1,20.00,,20.00
10960,1932,51,Soy Latte,Coffee,1,5.50,,5.50
10961,1932,7,Roti Canai,Starters,1,13.00,,13.00
10962,1933,33,Curry Chicken,Plant-Based Meat,1,22.00,Less Spicy,22.00
10963,1933,61,Iced Oat Strawberry Matcha,Tea,1,8.50,,8.50
10964,1934,40,Bakmi Goreng,Rice & Noodles,1,19.00,Less Spicy,19.00
10965,1934,63,Iced Pineapple,Drinks,1,7.50,,7.50
10966,1935,44,Lemongrass Vermicelli Bowl,Rice & Noodles,1,20.00,No Onion,20.00
10967,1935,65,Iced Passion Fruit Green Tea,Drinks,1,7.00,,7.00
10968,1935,15,Padmanadi Vegetable Deluxe,Veggie & Tofu,1,19.00,,19.00
10969,1935,48,Brown Rice,Sides,1,3.00,,3.00
10970,1935,71,Fried Banana with Coconut Ice Cream,Desserts,1,13.00,,13.00
10971,1935,70,Panna Cotta,Desserts,1,9.00,,9.00
10972,1936,23,Curry Vegetables & Tofu,Veggie & Tofu,1,20.00,No Mushrooms,20.00
10973,1936,48,Brown Rice,Sides,1,3.00,,3.00
10974,1936,21,Mapo Tofu,Veggie & Tofu,1,19.00,No Onion,19.00
10975,1936,65,Iced Passion Fruit Green Tea,Drinks,1,7.00,,7.00
10976,1936,7,Roti Canai,Starters,1,13.00,,13.00
10977,1937,44,Lemongrass Vermicelli Bowl,Rice & Noodles,1,20.00,,20.00
10978,1937,56,Organic Tea,Tea,1,3.50,,3.50
10979,1937,37,Teriyaki Chicken,Plant-Based Meat,1,19.00,,19.00
10980,1937,46,Jasmine Rice,Sides,1,2.75,,2.75
10981,1937,57,Soy Chai Latte,Tea,1,5.50,,5.50
10982,1937,31,Spicy Chicken,Plant-Based Meat,1,19.00,Extra Sauce,19.00
10983,1937,53,Vegan Iced Coffee,Coffee,1,5.50,,5.50
10984,1937,12,Wonton Soup,Soups,1,18.00,,18.00
10985,1937,79,Add Noodles (Soup),Extras,1,3.00,,3.00
10986,1937,75,Extra Tofu,Extras,1,4.00,,4.00
10987,1937,57,Soy Chai Latte,Tea,1,5.50,,5.50
10988,1937,2,Vegetable Spring Rolls (6pc),Starters,1,9.00,,9.00
10989,1937,73,Chocolate Mousse,Desserts,1,9.00,,9.00
10990,1938,30,Sweet & Sour Chicken,Plant-Based Meat,1,19.00,,19.00
10991,1938,47,Coconut Rice,Sides,1,3.00,,3.00
10992,1938,54,Iced Brown Sugar Oat Latte,Coffee,1,6.50,,6.50
10993,1938,43,Singapore Noodle,Rice & Noodles,1,19.00,,19.00
10994,1938,57,Soy Chai Latte,Tea,1,5.50,,5.50
10995,1938,28,Ginger Beef,Plant-Based Meat,1,21.00,,21.00
10996,1938,47,Coconut Rice,Sides,1,3.00,,3.00
10997,1938,68,Iced Blackberry Hibiscus Tea,Drinks,1,7.00,,7.00
10998,1938,11,Fried Enoki Mushroom,Starters,1,16.00,,16.00
10999,1938,69,Cheesecake,Desserts,1,11.00,,11.00
11000,1938,71,Fried Banana with Coconut Ice Cream,Desserts,1,13.00,,13.00
11001,1939,29,Dendeng,Plant-Based Meat,1,20.00,No Peanuts,20.00
11002,1939,57,Soy Chai Latte,Tea,1,5.50,,5.50
11003,1939,13,Tom Yum Soup,Soups,1,18.00,,18.00
11004,1939,67,Raspberry Lime Italian Soda,Drinks,1,6.50,,6.50
11005,1939,27,Kung Pao Chicken,Plant-Based Meat,1,20.00,Extra Spicy,20.00
11006,1939,65,Iced Passion Fruit Green Tea,Drinks,1,7.00,,7.00
11007,1939,26,Chili Tofu,Veggie & Tofu,1,19.00,,19.00
11008,1939,2,Vegetable Spring Rolls (6pc),Starters,1,9.00,,9.00
11009,1939,8,Breaded Cauliflower Bites,Starters,1,13.00,,13.00
11010,1940,26,Chili Tofu,Veggie & Tofu,1,19.00,Extra Sauce,19.00
11011,1940,63,Iced Pineapple,Drinks,1,7.50,,7.50
11012,1940,20,Spicy Coconut Eggplant,Veggie & Tofu,1,18.00,Extra Spicy,18.00
11013,1940,57,Soy Chai Latte,Tea,1,5.50,,5.50
11014,1940,69,Cheesecake,Desserts,1,11.00,,11.00
11015,1941,15,Padmanadi Vegetable Deluxe,Veggie & Tofu,1,19.00,,19.00
11016,1941,46,Jasmine Rice,Sides,1,2.75,,2.75
11017,1941,75,Extra Tofu,Extras,1,4.00,,4.00
11018,1941,6,Gado Gado,Starters,1,14.00,,14.00
11019,1942,28,Ginger Beef,Plant-Based Meat,1,21.00,,21.00
11020,1942,66,Assorted Soft Drinks,Drinks,1,2.50,,2.50
11021,1942,28,Ginger Beef,Plant-Based Meat,1,21.00,,21.00
11022,1942,46,Jasmine Rice,Sides,1,2.75,,2.75
11023,1942,66,Assorted Soft Drinks,Drinks,1,2.50,,2.50
11024,1942,33,Curry Chicken,Plant-Based Meat,1,22.00,Extra Spicy,22.00
11025,1942,46,Jasmine Rice,Sides,1,2.75,,2.75
11026,1942,7,Roti Canai,Starters,1,13.00,,13.00
11027,1942,71,Fried Banana with Coconut Ice Cream,Desserts,1,13.00,,13.00
11028,1943,32,General Tao Chicken,Plant-Based Meat,1,21.00,Extra Spicy,21.00
11029,1943,30,Sweet & Sour Chicken,Plant-Based Meat,1,19.00,,19.00
11030,1943,46,Jasmine Rice,Sides,1,2.75,,2.75
11031,1943,52,Soy Mocha,Coffee,1,6.00,,6.00
11032,1944,24,Tempeh Pulau,Veggie & Tofu,1,20.00,,20.00
11033,1944,46,Jasmine Rice,Sides,1,2.75,,2.75
11034,1944,25,Mushroom Tofu,Veggie & Tofu,1,19.00,Less Spicy,19.00
11035,1944,48,Brown Rice,Sides,1,3.00,,3.00
11036,1944,60,Matcha Latte,Tea,1,6.50,,6.50
11037,1945,33,Curry Chicken,Plant-Based Meat,1,22.00,,22.00
11038,1945,57,Soy Chai Latte,Tea,1,5.50,,5.50
11039,1945,32,General Tao Chicken,Plant-Based Meat,1,21.00,,21.00
11040,1945,36,Spicy Shrimp,Plant-Based Meat,1,20.00,,20.00
11041,1945,26,Chili Tofu,Veggie & Tofu,1,19.00,Allergy: Nuts,19.00
11042,1945,47,Coconut Rice,Sides,1,3.00,,3.00
11043,1945,62,Iced Lychee,Drinks,1,7.50,,7.50
11044,1945,38,Rendang,Plant-Based Meat,1,20.00,No Onion,20.00
11045,1945,66,Assorted Soft Drinks,Drinks,1,2.50,,2.50
11046,1945,2,Vegetable Spring Rolls (6pc),Starters,1,9.00,,9.00
11047,1946,18,King Oyster Mushroom Gaylan,Veggie & Tofu,1,20.00,,20.00
11048,1946,47,Coconut Rice,Sides,1,3.00,,3.00
11049,1946,31,Spicy Chicken,Plant-Based Meat,1,19.00,,19.00
11050,1946,47,Coconut Rice,Sides,1,3.00,,3.00
11051,1947,36,Spicy Shrimp,Plant-Based Meat,1,20.00,,20.00
11052,1947,29,Dendeng,Plant-Based Meat,1,20.00,Gluten Friendly,20.00
11053,1947,72,Vegan Ice Cream,Desserts,1,7.00,,7.00
11054,1948,30,Sweet & Sour Chicken,Plant-Based Meat,1,19.00,,19.00
11055,1948,46,Jasmine Rice,Sides,1,2.75,,2.75
11056,1948,76,Extra Veggies,Extras,1,4.00,,4.00
11057,1948,66,Assorted Soft Drinks,Drinks,1,2.50,,2.50
11058,1948,33,Curry Chicken,Plant-Based Meat,1,22.00,Extra Sauce,22.00
11059,1948,57,Soy Chai Latte,Tea,1,5.50,,5.50
11060,1948,9,Crispy Chicken Strips,Starters,1,13.00,,13.00
11061,1948,70,Panna Cotta,Desserts,1,9.00,,9.00
11062,1948,69,Cheesecake,Desserts,1,11.00,,11.00
11063,1949,30,Sweet & Sour Chicken,Plant-Based Meat,1,19.00,Less Spicy,19.00
11064,1949,32,General Tao Chicken,Plant-Based Meat,1,21.00,,21.00
11065,1949,47,Coconut Rice,Sides,1,3.00,,3.00
11066,1949,50,Americano,Coffee,1,4.50,,4.50
11067,1949,1,Vegetable Spring Rolls (3pc),Starters,1,6.00,,6.00
11068,1950,14,Spicy Curry Noodle Soup,Soups,1,18.00,Less Spicy,18.00
11069,1950,30,Sweet & Sour Chicken,Plant-Based Meat,1,19.00,Extra Sauce,19.00
11070,1950,47,Coconut Rice,Sides,1,3.00,,3.00
11071,1950,53,Vegan Iced Coffee,Coffee,1,5.50,,5.50
11072,1951,38,Rendang,Plant-Based Meat,1,20.00,,20.00
11073,1951,26,Chili Tofu,Veggie & Tofu,1,19.00,,19.00
11074,1951,24,Tempeh Pulau,Veggie & Tofu,1,20.00,,20.00
11075,1951,46,Jasmine Rice,Sides,1,2.75,,2.75
11076,1951,53,Vegan Iced Coffee,Coffee,1,5.50,,5.50
11077,1951,2,Vegetable Spring Rolls (6pc),Starters,1,9.00,,9.00
11078,1951,73,Chocolate Mousse,Desserts,1,9.00,,9.00
11079,1952,24,Tempeh Pulau,Veggie & Tofu,1,20.00,,20.00
11080,1952,63,Iced Pineapple,Drinks,1,7.50,,7.50
11081,1952,24,Tempeh Pulau,Veggie & Tofu,1,20.00,,20.00
11082,1952,59,Hot Chocolate,Tea,1,5.00,,5.00
11083,1952,38,Rendang,Plant-Based Meat,1,20.00,Gluten Friendly,20.00
11084,1952,46,Jasmine Rice,Sides,1,2.75,,2.75
11085,1952,57,Soy Chai Latte,Tea,1,5.50,,5.50
11086,1952,15,Padmanadi Vegetable Deluxe,Veggie & Tofu,1,19.00,Less Spicy,19.00
11087,1952,66,Assorted Soft Drinks,Drinks,1,2.50,,2.50
11088,1952,9,Crispy Chicken Strips,Starters,1,13.00,,13.00
11089,1953,41,Bihun Goreng,Rice & Noodles,1,18.00,Gluten Friendly,18.00
11090,1953,51,Soy Latte,Coffee,1,5.50,,5.50
11091,1954,44,Lemongrass Vermicelli Bowl,Rice & Noodles,1,20.00,No Peanuts,20.00
11092,1954,61,Iced Oat Strawberry Matcha,Tea,1,8.50,,8.50
11093,1954,23,Curry Vegetables & Tofu,Veggie & Tofu,1,20.00,,20.00
11094,1954,66,Assorted Soft Drinks,Drinks,1,2.50,,2.50
11095,1954,31,Spicy Chicken,Plant-Based Meat,1,19.00,,19.00
11096,1954,46,Jasmine Rice,Sides,1,2.75,,2.75
11097,1954,40,Bakmi Goreng,Rice & Noodles,1,19.00,,19.00
11098,1955,32,General Tao Chicken,Plant-Based Meat,1,21.00,No Peanuts,21.00
11099,1955,48,Brown Rice,Sides,1,3.00,,3.00
11100,1955,76,Extra Veggies,Extras,1,4.00,,4.00
11101,1955,53,Vegan Iced Coffee,Coffee,1,5.50,,5.50
11102,1955,37,Teriyaki Chicken,Plant-Based Meat,1,19.00,No Mushrooms,19.00
11103,1955,46,Jasmine Rice,Sides,1,2.75,,2.75
11104,1955,68,Iced Blackberry Hibiscus Tea,Drinks,1,7.00,,7.00
11105,1955,39,Nasi Goreng,Rice & Noodles,1,18.00,Extra Sauce,18.00
11106,1955,66,Assorted Soft Drinks,Drinks,1,2.50,,2.50
11107,1955,27,Kung Pao Chicken,Plant-Based Meat,1,20.00,No Cilantro,20.00
11108,1955,47,Coconut Rice,Sides,1,3.00,,3.00
11109,1955,67,Raspberry Lime Italian Soda,Drinks,1,6.50,,6.50
11110,1956,45,Bali Buddha Bowl,Rice & Noodles,1,18.00,,18.00
11111,1956,74,Extra Protein,Extras,1,5.00,,5.00
11112,1956,64,Sparkling Yuzu,Drinks,1,8.50,,8.50
11113,1956,38,Rendang,Plant-Based Meat,1,20.00,,20.00
11114,1956,46,Jasmine Rice,Sides,1,2.75,,2.75
11115,1956,76,Extra Veggies,Extras,1,4.00,,4.00
11116,1956,60,Matcha Latte,Tea,1,6.50,,6.50
11117,1957,40,Bakmi Goreng,Rice & Noodles,1,19.00,Allergy: Nuts,19.00
11118,1957,62,Iced Lychee,Drinks,1,7.50,,7.50
11119,1957,43,Singapore Noodle,Rice & Noodles,1,19.00,No Cilantro,19.00
11120,1958,23,Curry Vegetables & Tofu,Veggie & Tofu,1,20.00,,20.00
11121,1958,47,Coconut Rice,Sides,1,3.00,,3.00
11122,1959,18,King Oyster Mushroom Gaylan,Veggie & Tofu,1,20.00,No Peanuts,20.00
11123,1960,32,General Tao Chicken,Plant-Based Meat,1,21.00,,21.00
11124,1960,62,Iced Lychee,Drinks,1,7.50,,7.50
11125,1960,42,Kwetiau Goreng,Rice & Noodles,1,19.00,,19.00
11126,1961,33,Curry Chicken,Plant-Based Meat,1,22.00,Extra Spicy,22.00
11127,1961,46,Jasmine Rice,Sides,1,2.75,,2.75
11128,1961,66,Assorted Soft Drinks,Drinks,1,2.50,,2.50
11129,1962,32,General Tao Chicken,Plant-Based Meat,1,21.00,No Onion,21.00
11130,1962,47,Coconut Rice,Sides,1,3.00,,3.00
11131,1962,73,Chocolate Mousse,Desserts,1,9.00,,9.00
11132,1963,21,Mapo Tofu,Veggie & Tofu,1,19.00,Less Spicy,19.00
11133,1963,62,Iced Lychee,Drinks,1,7.50,,7.50
11134,1963,33,Curry Chicken,Plant-Based Meat,1,22.00,Allergy: Nuts,22.00
11135,1963,48,Brown Rice,Sides,1,3.00,,3.00
11136,1963,65,Iced Passion Fruit Green Tea,Drinks,1,7.00,,7.00
11137,1964,36,Spicy Shrimp,Plant-Based Meat,1,20.00,,20.00
11138,1964,47,Coconut Rice,Sides,1,3.00,,3.00
11139,1964,45,Bali Buddha Bowl,Rice & Noodles,1,18.00,No Peanuts,18.00
11140,1964,12,Wonton Soup,Soups,1,18.00,Allergy: Nuts,18.00
11141,1964,52,Soy Mocha,Coffee,1,6.00,,6.00
11142,1964,23,Curry Vegetables & Tofu,Veggie & Tofu,1,20.00,,20.00
11143,1964,48,Brown Rice,Sides,1,3.00,,3.00
11144,1964,68,Iced Blackberry Hibiscus Tea,Drinks,1,7.00,,7.00
11145,1965,21,Mapo Tofu,Veggie & Tofu,1,19.00,,19.00
11146,1966,44,Lemongrass Vermicelli Bowl,Rice & Noodles,1,20.00,Extra Sauce,20.00
11147,1967,33,Curry Chicken,Plant-Based Meat,1,22.00,,22.00
11148,1967,39,Nasi Goreng,Rice & Noodles,1,18.00,,18.00
11149,1967,53,Vegan Iced Coffee,Coffee,1,5.50,,5.50
11150,1967,40,Bakmi Goreng,Rice & Noodles,1,19.00,,19.00
11151,1968,19,Savory Eggplant,Veggie & Tofu,1,18.00,,18.00
11152,1968,43,Singapore Noodle,Rice & Noodles,1,19.00,Sauce on Side,19.00
11153,1969,35,Sweet & Sour Shrimp,Plant-Based Meat,1,20.00,,20.00
11154,1969,35,Sweet & Sour Shrimp,Plant-Based Meat,1,20.00,Sauce on Side,20.00
11155,1969,46,Jasmine Rice,Sides,1,2.75,,2.75
11156,1969,71,Fried Banana with Coconut Ice Cream,Desserts,1,13.00,,13.00
11157,1970,27,Kung Pao Chicken,Plant-Based Meat,1,20.00,,20.00
11158,1970,46,Jasmine Rice,Sides,1,2.75,,2.75
11159,1970,33,Curry Chicken,Plant-Based Meat,1,22.00,No Peanuts,22.00
11160,1970,48,Brown Rice,Sides,1,3.00,,3.00
11161,1970,50,Americano,Coffee,1,4.50,,4.50
11162,1970,37,Teriyaki Chicken,Plant-Based Meat,1,19.00,,19.00
11163,1970,75,Extra Tofu,Extras,1,4.00,,4.00
11164,1970,58,London Fog,Tea,1,5.50,,5.50
11165,1970,9,Crispy Chicken Strips,Starters,1,13.00,,13.00
11166,1970,73,Chocolate Mousse,Desserts,1,9.00,,9.00
11167,1971,33,Curry Chicken,Plant-Based Meat,1,22.00,Less Spicy,22.00
11168,1971,46,Jasmine Rice,Sides,1,2.75,,2.75
11169,1971,68,Iced Blackberry Hibiscus Tea,Drinks,1,7.00,,7.00
11170,1971,23,Curry Vegetables & Tofu,Veggie & Tofu,1,20.00,No Cilantro,20.00
11171,1971,47,Coconut Rice,Sides,1,3.00,,3.00
11172,1971,66,Assorted Soft Drinks,Drinks,1,2.50,,2.50
11173,1971,31,Spicy Chicken,Plant-Based Meat,1,19.00,,19.00
11174,1971,66,Assorted Soft Drinks,Drinks,1,2.50,,2.50
11175,1971,10,Bean Curd Drumsticks,Starters,1,13.00,,13.00
11176,1971,73,Chocolate Mousse,Desserts,1,9.00,,9.00
11177,1972,33,Curry Chicken,Plant-Based Meat,1,22.00,,22.00
11178,1972,66,Assorted Soft Drinks,Drinks,1,2.50,,2.50
11179,1972,33,Curry Chicken,Plant-Based Meat,1,22.00,No Onion,22.00
11180,1972,57,Soy Chai Latte,Tea,1,5.50,,5.50
11181,1972,15,Padmanadi Vegetable Deluxe,Veggie & Tofu,1,19.00,,19.00
11182,1972,48,Brown Rice,Sides,1,3.00,,3.00
11183,1973,22,Pan-Fried Broccoli & Cauliflower,Veggie & Tofu,1,18.00,,18.00
11184,1973,46,Jasmine Rice,Sides,1,2.75,,2.75
11185,1973,66,Assorted Soft Drinks,Drinks,1,2.50,,2.50
11186,1973,28,Ginger Beef,Plant-Based Meat,1,21.00,Less Spicy,21.00
11187,1973,47,Coconut Rice,Sides,1,3.00,,3.00
11188,1973,37,Teriyaki Chicken,Plant-Based Meat,1,19.00,Allergy: Nuts,19.00
11189,1973,46,Jasmine Rice,Sides,1,2.75,,2.75
11190,1974,33,Curry Chicken,Plant-Based Meat,1,22.00,Gluten Friendly,22.00
11191,1974,47,Coconut Rice,Sides,1,3.00,,3.00
11192,1974,38,Rendang,Plant-Based Meat,1,20.00,,20.00
11193,1974,28,Ginger Beef,Plant-Based Meat,1,21.00,,21.00
11194,1974,76,Extra Veggies,Extras,1,4.00,,4.00
11195,1974,67,Raspberry Lime Italian Soda,Drinks,1,6.50,,6.50
11196,1975,32,General Tao Chicken,Plant-Based Meat,1,21.00,No Mushrooms,21.00
11197,1975,27,Kung Pao Chicken,Plant-Based Meat,1,20.00,,20.00
11198,1975,46,Jasmine Rice,Sides,1,2.75,,2.75
11199,1975,74,Extra Protein,Extras,1,5.00,,5.00
11200,1976,29,Dendeng,Plant-Based Meat,1,20.00,Gluten Friendly,20.00
11201,1976,46,Jasmine Rice,Sides,1,2.75,,2.75
11202,1976,60,Matcha Latte,Tea,1,6.50,,6.50
11203,1976,37,Teriyaki Chicken,Plant-Based Meat,1,19.00,,19.00
11204,1976,67,Raspberry Lime Italian Soda,Drinks,1,6.50,,6.50
11205,1976,6,Gado Gado,Starters,1,14.00,,14.00
11206,1976,71,Fried Banana with Coconut Ice Cream,Desserts,1,13.00,,13.00
11207,1976,71,Fried Banana with Coconut Ice Cream,Desserts,1,13.00,,13.00
11208,1977,37,Teriyaki Chicken,Plant-Based Meat,1,19.00,,19.00
11209,1977,48,Brown Rice,Sides,1,3.00,,3.00
11210,1977,52,Soy Mocha,Coffee,1,6.00,,6.00
11211,1977,31,Spicy Chicken,Plant-Based Meat,1,19.00,,19.00
11212,1977,47,Coconut Rice,Sides,1,3.00,,3.00
11213,1977,60,Matcha Latte,Tea,1,6.50,,6.50
11214,1977,16,Chili Green Beans,Veggie & Tofu,1,19.00,,19.00
11215,1977,50,Americano,Coffee,1,4.50,,4.50
11216,1977,39,Nasi Goreng,Rice & Noodles,1,18.00,,18.00
11217,1977,33,Curry Chicken,Plant-Based Meat,1,22.00,,22.00
11218,1977,54,Iced Brown Sugar Oat Latte,Coffee,1,6.50,,6.50
11219,1978,37,Teriyaki Chicken,Plant-Based Meat,1,19.00,Gluten Friendly,19.00
11220,1978,47,Coconut Rice,Sides,1,3.00,,3.00
11221,1978,41,Bihun Goreng,Rice & Noodles,1,18.00,,18.00
11222,1978,75,Extra Tofu,Extras,1,4.00,,4.00
11223,1978,61,Iced Oat Strawberry Matcha,Tea,1,8.50,,8.50
11224,1978,19,Savory Eggplant,Veggie & Tofu,1,18.00,,18.00
11225,1978,59,Hot Chocolate,Tea,1,5.00,,5.00
11226,1978,27,Kung Pao Chicken,Plant-Based Meat,1,20.00,,20.00
11227,1978,40,Bakmi Goreng,Rice & Noodles,1,19.00,No Mushrooms,19.00
11228,1978,53,Vegan Iced Coffee,Coffee,1,5.50,,5.50
11229,1978,69,Cheesecake,Desserts,1,11.00,,11.00
11230,1979,28,Ginger Beef,Plant-Based Meat,1,21.00,No Cilantro,21.00
11231,1979,46,Jasmine Rice,Sides,1,2.75,,2.75
11232,1979,61,Iced Oat Strawberry Matcha,Tea,1,8.50,,8.50
11233,1979,28,Ginger Beef,Plant-Based Meat,1,21.00,,21.00
11234,1979,62,Iced Lychee,Drinks,1,7.50,,7.50
11235,1979,34,Curry Mutton,Plant-Based Meat,1,22.00,,22.00
11236,1979,75,Extra Tofu,Extras,1,4.00,,4.00
11237,1979,58,London Fog,Tea,1,5.50,,5.50
11238,1979,69,Cheesecake,Desserts,1,11.00,,11.00
11239,1979,69,Cheesecake,Desserts,1,11.00,,11.00
11240,1980,28,Ginger Beef,Plant-Based Meat,1,21.00,Extra Spicy,21.00
11241,1980,46,Jasmine Rice,Sides,1,2.75,,2.75
11242,1980,28,Ginger Beef,Plant-Based Meat,1,21.00,,21.00
11243,1980,48,Brown Rice,Sides,1,3.00,,3.00
11244,1980,62,Iced Lychee,Drinks,1,7.50,,7.50
11245,1980,27,Kung Pao Chicken,Plant-Based Meat,1,20.00,,20.00
11246,1980,63,Iced Pineapple,Drinks,1,7.50,,7.50
11247,1980,34,Curry Mutton,Plant-Based Meat,1,22.00,,22.00
11248,1980,48,Brown Rice,Sides,1,3.00,,3.00
11249,1980,29,Dendeng,Plant-Based Meat,1,20.00,,20.00
11250,1980,61,Iced Oat Strawberry Matcha,Tea,1,8.50,,8.50
11251,1980,11,Fried Enoki Mushroom,Starters,1,16.00,,16.00
11252,1980,10,Bean Curd Drumsticks,Starters,1,13.00,,13.00
11253,1980,70,Panna Cotta,Desserts,1,9.00,,9.00
11254,1981,21,Mapo Tofu,Veggie & Tofu,1,19.00,Gluten Friendly,19.00
11255,1981,48,Brown Rice,Sides,1,3.00,,3.00
11256,1981,65,Iced Passion Fruit Green Tea,Drinks,1,7.00,,7.00
11257,1981,14,Spicy Curry Noodle Soup,Soups,1,18.00,Extra Spicy,18.00
11258,1981,64,Sparkling Yuzu,Drinks,1,8.50,,8.50
11259,1981,44,Lemongrass Vermicelli Bowl,Rice & Noodles,1,20.00,Extra Spicy,20.00
11260,1981,64,Sparkling Yuzu,Drinks,1,8.50,,8.50
11261,1981,23,Curry Vegetables & Tofu,Veggie & Tofu,1,20.00,,20.00
11262,1981,48,Brown Rice,Sides,1,3.00,,3.00
11263,1981,9,Crispy Chicken Strips,Starters,1,13.00,,13.00
11264,1981,69,Cheesecake,Desserts,1,11.00,,11.00
11265,1981,73,Chocolate Mousse,Desserts,1,9.00,,9.00
11266,1982,20,Spicy Coconut Eggplant,Veggie & Tofu,1,18.00,No Peanuts,18.00
11267,1982,47,Coconut Rice,Sides,1,3.00,,3.00
11268,1982,44,Lemongrass Vermicelli Bowl,Rice & Noodles,1,20.00,Gluten Friendly,20.00
11269,1982,53,Vegan Iced Coffee,Coffee,1,5.50,,5.50
11270,1983,27,Kung Pao Chicken,Plant-Based Meat,1,20.00,,20.00
11271,1983,47,Coconut Rice,Sides,1,3.00,,3.00
11272,1983,60,Matcha Latte,Tea,1,6.50,,6.50
11273,1983,33,Curry Chicken,Plant-Based Meat,1,22.00,,22.00
11274,1983,47,Coconut Rice,Sides,1,3.00,,3.00
11275,1983,50,Americano,Coffee,1,4.50,,4.50
11276,1983,34,Curry Mutton,Plant-Based Meat,1,22.00,,22.00
11277,1983,76,Extra Veggies,Extras,1,4.00,,4.00
11278,1984,28,Ginger Beef,Plant-Based Meat,1,21.00,No Peanuts,21.00
11279,1984,51,Soy Latte,Coffee,1,5.50,,5.50
11280,1984,13,Tom Yum Soup,Soups,1,18.00,Extra Spicy,18.00
11281,1984,1,Vegetable Spring Rolls (3pc),Starters,1,6.00,,6.00
11282,1984,71,Fried Banana with Coconut Ice Cream,Desserts,1,13.00,,13.00
11283,1985,43,Singapore Noodle,Rice & Noodles,1,19.00,No Cilantro,19.00
11284,1985,57,Soy Chai Latte,Tea,1,5.50,,5.50
11285,1985,31,Spicy Chicken,Plant-Based Meat,1,19.00,,19.00
11286,1985,46,Jasmine Rice,Sides,1,2.75,,2.75
11287,1985,37,Teriyaki Chicken,Plant-Based Meat,1,19.00,,19.00
11288,1985,46,Jasmine Rice,Sides,1,2.75,,2.75
11289,1985,66,Assorted Soft Drinks,Drinks,1,2.50,,2.50
11290,1985,9,Crispy Chicken Strips,Starters,1,13.00,,13.00
11291,1986,29,Dendeng,Plant-Based Meat,1,20.00,,20.00
11292,1986,46,Jasmine Rice,Sides,1,2.75,,2.75
11293,1986,61,Iced Oat Strawberry Matcha,Tea,1,8.50,,8.50
11294,1986,44,Lemongrass Vermicelli Bowl,Rice & Noodles,1,20.00,No Onion,20.00
11295,1986,70,Panna Cotta,Desserts,1,9.00,,9.00
11296,1986,73,Chocolate Mousse,Desserts,1,9.00,,9.00
11297,1987,33,Curry Chicken,Plant-Based Meat,1,22.00,,22.00
11298,1988,41,Bihun Goreng,Rice & Noodles,1,18.00,,18.00
11299,1988,54,Iced Brown Sugar Oat Latte,Coffee,1,6.50,,6.50
11300,1988,33,Curry Chicken,Plant-Based Meat,1,22.00,,22.00
11301,1988,46,Jasmine Rice,Sides,1,2.75,,2.75
11302,1989,27,Kung Pao Chicken,Plant-Based Meat,1,20.00,Extra Spicy,20.00
11303,1989,47,Coconut Rice,Sides,1,3.00,,3.00
11304,1989,38,Rendang,Plant-Based Meat,1,20.00,,20.00
11305,1989,47,Coconut Rice,Sides,1,3.00,,3.00
11306,1990,35,Sweet & Sour Shrimp,Plant-Based Meat,1,20.00,,20.00
11307,1990,52,Soy Mocha,Coffee,1,6.00,,6.00
11308,1990,14,Spicy Curry Noodle Soup,Soups,1,18.00,,18.00
11309,1990,79,Add Noodles (Soup),Extras,1,3.00,,3.00
11310,1990,74,Extra Protein,Extras,1,5.00,,5.00
11311,1990,64,Sparkling Yuzu,Drinks,1,8.50,,8.50
11312,1991,40,Bakmi Goreng,Rice & Noodles,1,19.00,No Cilantro,19.00
11313,1991,44,Lemongrass Vermicelli Bowl,Rice & Noodles,1,20.00,,20.00
11314,1991,54,Iced Brown Sugar Oat Latte,Coffee,1,6.50,,6.50
11315,1992,49,Lunch Special,Lunch Special,1,18.00,Entree: Curried Tofu w/ Vegetables,18.00
11316,1992,49,Lunch Special,Lunch Special,1,18.00,Entree: Curry Chicken,18.00
11317,1992,59,Hot Chocolate,Tea,1,5.00,,5.00
11318,1992,73,Chocolate Mousse,Desserts,1,9.00,,9.00
11319,1993,49,Lunch Special,Lunch Special,1,18.00,Entree: Kung Pao Chicken,18.00
11320,1993,53,Vegan Iced Coffee,Coffee,1,5.50,,5.50
11321,1993,34,Curry Mutton,Plant-Based Meat,1,22.00,,22.00
11322,1994,49,Lunch Special,Lunch Special,1,18.00,Entree: Curry Mutton,18.00
11323,1994,66,Assorted Soft Drinks,Drinks,1,2.50,,2.50
11324,1994,49,Lunch Special,Lunch Special,1,18.00,Entree: Kung Pao Chicken,18.00
11325,1994,59,Hot Chocolate,Tea,1,5.00,,5.00
11326,1994,49,Lunch Special,Lunch Special,1,18.00,Entree: Teriyaki Chicken,18.00
11327,1995,49,Lunch Special,Lunch Special,1,18.00,Entree: Curry Chicken,18.00
11328,1995,68,Iced Blackberry Hibiscus Tea,Drinks,1,7.00,,7.00
11329,1995,49,Lunch Special,Lunch Special,1,18.00,Entree: Curry Chicken,18.00
11330,1995,68,Iced Blackberry Hibiscus Tea,Drinks,1,7.00,,7.00
11331,1995,10,Bean Curd Drumsticks,Starters,1,13.00,,13.00
11332,1995,71,Fried Banana with Coconut Ice Cream,Desserts,1,13.00,,13.00
11333,1995,72,Vegan Ice Cream,Desserts,1,7.00,,7.00
11334,1996,49,Lunch Special,Lunch Special,1,18.00,Entree: Spicy Nuggets,18.00
11335,1996,41,Bihun Goreng,Rice & Noodles,1,18.00,No Cilantro,18.00
11336,1996,58,London Fog,Tea,1,5.50,,5.50
11337,1996,49,Lunch Special,Lunch Special,1,18.00,Entree: Chili Green Beans,18.00
11338,1997,39,Nasi Goreng,Rice & Noodles,1,18.00,,18.00
11339,1997,76,Extra Veggies,Extras,1,4.00,,4.00
11340,1997,23,Curry Vegetables & Tofu,Veggie & Tofu,1,20.00,,20.00
11341,1997,46,Jasmine Rice,Sides,1,2.75,,2.75
11342,1997,62,Iced Lychee,Drinks,1,7.50,,7.50
11343,1998,31,Spicy Chicken,Plant-Based Meat,1,19.00,,19.00
11344,1998,47,Coconut Rice,Sides,1,3.00,,3.00
11345,1998,44,Lemongrass Vermicelli Bowl,Rice & Noodles,1,20.00,,20.00
11346,1998,76,Extra Veggies,Extras,1,4.00,,4.00
11347,1998,66,Assorted Soft Drinks,Drinks,1,2.50,,2.50
11348,1999,49,Lunch Special,Lunch Special,1,18.00,Entree: Teriyaki Chicken,18.00
11349,1999,63,Iced Pineapple,Drinks,1,7.50,,7.50
11350,1999,38,Rendang,Plant-Based Meat,1,20.00,,20.00
11351,1999,47,Coconut Rice,Sides,1,3.00,,3.00
11352,1999,50,Americano,Coffee,1,4.50,,4.50
11353,1999,38,Rendang,Plant-Based Meat,1,20.00,,20.00
11354,1999,46,Jasmine Rice,Sides,1,2.75,,2.75
11355,1999,37,Teriyaki Chicken,Plant-Based Meat,1,19.00,Sauce on Side,19.00
11356,1999,48,Brown Rice,Sides,1,3.00,,3.00
11357,1999,44,Lemongrass Vermicelli Bowl,Rice & Noodles,1,20.00,,20.00
11358,1999,2,Vegetable Spring Rolls (6pc),Starters,1,9.00,,9.00
11359,1999,73,Chocolate Mousse,Desserts,1,9.00,,9.00
11360,2000,18,King Oyster Mushroom Gaylan,Veggie & Tofu,1,20.00,,20.00
11361,2001,25,Mushroom Tofu,Veggie & Tofu,1,19.00,,19.00
11362,2001,66,Assorted Soft Drinks,Drinks,1,2.50,,2.50
11363,2001,26,Chili Tofu,Veggie & Tofu,1,19.00,Less Spicy,19.00
11364,2001,48,Brown Rice,Sides,1,3.00,,3.00
11365,2001,54,Iced Brown Sugar Oat Latte,Coffee,1,6.50,,6.50
11366,2002,12,Wonton Soup,Soups,1,18.00,Sauce on Side,18.00
11367,2002,49,Lunch Special,Lunch Special,1,18.00,Entree: Teriyaki Chicken,18.00
11368,2002,68,Iced Blackberry Hibiscus Tea,Drinks,1,7.00,,7.00
11369,2002,49,Lunch Special,Lunch Special,1,18.00,Entree: Padmanadi Veg Deluxe,18.00
11370,2002,60,Matcha Latte,Tea,1,6.50,,6.50
11371,2002,27,Kung Pao Chicken,Plant-Based Meat,1,20.00,,20.00
11372,2002,65,Iced Passion Fruit Green Tea,Drinks,1,7.00,,7.00
11373,2002,49,Lunch Special,Lunch Special,1,18.00,Entree: Curried Tofu w/ Vegetables,18.00
11374,2003,15,Padmanadi Vegetable Deluxe,Veggie & Tofu,1,19.00,Extra Sauce,19.00
11375,2003,47,Coconut Rice,Sides,1,3.00,,3.00
11376,2003,62,Iced Lychee,Drinks,1,7.50,,7.50
11377,2003,30,Sweet & Sour Chicken,Plant-Based Meat,1,19.00,,19.00
11378,2003,46,Jasmine Rice,Sides,1,2.75,,2.75
11379,2003,53,Vegan Iced Coffee,Coffee,1,5.50,,5.50
11380,2003,49,Lunch Special,Lunch Special,1,18.00,Entree: Padmanadi Veg Deluxe,18.00
11381,2003,63,Iced Pineapple,Drinks,1,7.50,,7.50
11382,2003,44,Lemongrass Vermicelli Bowl,Rice & Noodles,1,20.00,,20.00
11383,2003,59,Hot Chocolate,Tea,1,5.00,,5.00
11384,2004,49,Lunch Special,Lunch Special,1,18.00,Entree: Savory Eggplant,18.00
11385,2004,49,Lunch Special,Lunch Special,1,18.00,Entree: Curry Chicken,18.00
11386,2004,77,Sub Coconut Rice (+1),Extras,1,1.00,,1.00
11387,2004,71,Fried Banana with Coconut Ice Cream,Desserts,1,13.00,,13.00
11388,2005,49,Lunch Special,Lunch Special,1,18.00,Entree: Sweet & Sour Nuggets,18.00
11389,2006,38,Rendang,Plant-Based Meat,1,20.00,Extra Spicy,20.00
11390,2006,47,Coconut Rice,Sides,1,3.00,,3.00
11391,2006,50,Americano,Coffee,1,4.50,,4.50
11392,2006,43,Singapore Noodle,Rice & Noodles,1,19.00,Extra Sauce,19.00
11393,2006,6,Gado Gado,Starters,1,14.00,,14.00
11394,2006,72,Vegan Ice Cream,Desserts,1,7.00,,7.00
11395,2006,73,Chocolate Mousse,Desserts,1,9.00,,9.00
11396,2007,14,Spicy Curry Noodle Soup,Soups,1,18.00,No Peanuts,18.00
11397,2007,52,Soy Mocha,Coffee,1,6.00,,6.00
11398,2008,29,Dendeng,Plant-Based Meat,1,20.00,No Mushrooms,20.00
11399,2008,49,Lunch Special,Lunch Special,1,18.00,Entree: Kung Pao Chicken,18.00
11400,2008,64,Sparkling Yuzu,Drinks,1,8.50,,8.50
11401,2008,8,Breaded Cauliflower Bites,Starters,1,13.00,,13.00
11402,2009,49,Lunch Special,Lunch Special,1,18.00,Entree: Chili Green Beans,18.00
11403,2009,78,Sub Brown Rice (+1),Extras,1,1.00,,1.00
11404,2009,66,Assorted Soft Drinks,Drinks,1,2.50,,2.50
11405,2009,5,Deep Fried Tofu,Starters,1,13.00,,13.00
11406,2009,72,Vegan Ice Cream,Desserts,1,7.00,,7.00
11407,2010,39,Nasi Goreng,Rice & Noodles,1,18.00,No Cilantro,18.00
11408,2010,56,Organic Tea,Tea,1,3.50,,3.50
11409,2010,49,Lunch Special,Lunch Special,1,18.00,Entree: Teriyaki Chicken,18.00
11410,2010,78,Sub Brown Rice (+1),Extras,1,1.00,,1.00
11411,2010,63,Iced Pineapple,Drinks,1,7.50,,7.50
11412,2010,32,General Tao Chicken,Plant-Based Meat,1,21.00,,21.00
11413,2010,56,Organic Tea,Tea,1,3.50,,3.50
11414,2010,33,Curry Chicken,Plant-Based Meat,1,22.00,Allergy: Nuts,22.00
11415,2010,48,Brown Rice,Sides,1,3.00,,3.00
11416,2010,49,Lunch Special,Lunch Special,1,18.00,Entree: Curry Chicken,18.00
11417,2010,44,Lemongrass Vermicelli Bowl,Rice & Noodles,1,20.00,Extra Sauce,20.00
11418,2010,56,Organic Tea,Tea,1,3.50,,3.50
11419,2010,49,Lunch Special,Lunch Special,1,18.00,Entree: Sweet & Sour Chicken,18.00
11420,2010,28,Ginger Beef,Plant-Based Meat,1,21.00,No Onion,21.00
11421,2010,47,Coconut Rice,Sides,1,3.00,,3.00
11422,2011,29,Dendeng,Plant-Based Meat,1,20.00,,20.00
11423,2011,66,Assorted Soft Drinks,Drinks,1,2.50,,2.50
11424,2011,49,Lunch Special,Lunch Special,1,18.00,Entree: Teriyaki Chicken,18.00
11425,2011,78,Sub Brown Rice (+1),Extras,1,1.00,,1.00
11426,2011,49,Lunch Special,Lunch Special,1,18.00,Entree: Sweet & Sour Chicken,18.00
11427,2011,60,Matcha Latte,Tea,1,6.50,,6.50
11428,2011,70,Panna Cotta,Desserts,1,9.00,,9.00
11429,2011,71,Fried Banana with Coconut Ice Cream,Desserts,1,13.00,,13.00
11430,2012,49,Lunch Special,Lunch Special,1,18.00,Entree: Chili Tofu,18.00
11431,2012,49,Lunch Special,Lunch Special,1,18.00,Entree: Padmanadi Veg Deluxe,18.00
11432,2012,23,Curry Vegetables & Tofu,Veggie & Tofu,1,20.00,No Mushrooms,20.00
11433,2012,34,Curry Mutton,Plant-Based Meat,1,22.00,,22.00
11434,2012,66,Assorted Soft Drinks,Drinks,1,2.50,,2.50
11435,2013,33,Curry Chicken,Plant-Based Meat,1,22.00,,22.00
11436,2014,49,Lunch Special,Lunch Special,1,18.00,Entree: Rendang,18.00
11437,2014,54,Iced Brown Sugar Oat Latte,Coffee,1,6.50,,6.50
11438,2015,12,Wonton Soup,Soups,1,18.00,Extra Sauce,18.00
11439,2015,79,Add Noodles (Soup),Extras,1,3.00,,3.00
11440,2015,66,Assorted Soft Drinks,Drinks,1,2.50,,2.50
11441,2015,49,Lunch Special,Lunch Special,1,18.00,Entree: Curried Tofu w/ Vegetables,18.00
11442,2015,53,Vegan Iced Coffee,Coffee,1,5.50,,5.50
11443,2016,26,Chili Tofu,Veggie & Tofu,1,19.00,,19.00
11444,2016,46,Jasmine Rice,Sides,1,2.75,,2.75
11445,2016,76,Extra Veggies,Extras,1,4.00,,4.00
11446,2016,49,Lunch Special,Lunch Special,1,18.00,Entree: Chili Tofu,18.00
11447,2016,77,Sub Coconut Rice (+1),Extras,1,1.00,,1.00
11448,2016,66,Assorted Soft Drinks,Drinks,1,2.50,,2.50
11449,2016,6,Gado Gado,Starters,1,14.00,,14.00
11450,2017,49,Lunch Special,Lunch Special,1,18.00,Entree: Rendang,18.00
11451,2017,77,Sub Coconut Rice (+1),Extras,1,1.00,,1.00
11452,2017,49,Lunch Special,Lunch Special,1,18.00,Entree: Padmanadi Veg Deluxe,18.00
11453,2017,62,Iced Lychee,Drinks,1,7.50,,7.50
11454,2017,11,Fried Enoki Mushroom,Starters,1,16.00,,16.00
11455,2017,73,Chocolate Mousse,Desserts,1,9.00,,9.00
11456,2017,69,Cheesecake,Desserts,1,11.00,,11.00
11457,2018,49,Lunch Special,Lunch Special,1,18.00,Entree: Sweet & Sour Nuggets,18.00
11458,2018,56,Organic Tea,Tea,1,3.50,,3.50
11459,2018,49,Lunch Special,Lunch Special,1,18.00,Entree: Ginger Beef,18.00
11460,2018,30,Sweet & Sour Chicken,Plant-Based Meat,1,19.00,Allergy: Nuts,19.00
11461,2018,46,Jasmine Rice,Sides,1,2.75,,2.75
11462,2018,49,Lunch Special,Lunch Special,1,18.00,Entree: Kung Pao Chicken,18.00
11463,2018,77,Sub Coconut Rice (+1),Extras,1,1.00,,1.00
11464,2018,67,Raspberry Lime Italian Soda,Drinks,1,6.50,,6.50
11465,2019,49,Lunch Special,Lunch Special,1,18.00,Entree: Curry Chicken,18.00
11466,2019,66,Assorted Soft Drinks,Drinks,1,2.50,,2.50
11467,2019,18,King Oyster Mushroom Gaylan,Veggie & Tofu,1,20.00,Sauce on Side,20.00
11468,2019,46,Jasmine Rice,Sides,1,2.75,,2.75
11469,2019,1,Vegetable Spring Rolls (3pc),Starters,1,6.00,,6.00
11470,2020,49,Lunch Special,Lunch Special,1,18.00,Entree: Padmanadi Veg Deluxe,18.00
11471,2020,60,Matcha Latte,Tea,1,6.50,,6.50
11472,2020,26,Chili Tofu,Veggie & Tofu,1,19.00,,19.00
11473,2020,31,Spicy Chicken,Plant-Based Meat,1,19.00,,19.00
11474,2020,48,Brown Rice,Sides,1,3.00,,3.00
11475,2020,56,Organic Tea,Tea,1,3.50,,3.50
11476,2020,7,Roti Canai,Starters,1,13.00,,13.00
11477,2021,28,Ginger Beef,Plant-Based Meat,1,21.00,Extra Sauce,21.00
11478,2021,46,Jasmine Rice,Sides,1,2.75,,2.75
11479,2021,31,Spicy Chicken,Plant-Based Meat,1,19.00,Sauce on Side,19.00
11480,2021,66,Assorted Soft Drinks,Drinks,1,2.50,,2.50
11481,2021,69,Cheesecake,Desserts,1,11.00,,11.00
11482,2022,19,Savory Eggplant,Veggie & Tofu,1,18.00,,18.00
11483,2022,48,Brown Rice,Sides,1,3.00,,3.00
11484,2022,68,Iced Blackberry Hibiscus Tea,Drinks,1,7.00,,7.00
11485,2023,12,Wonton Soup,Soups,1,18.00,No Cilantro,18.00
11486,2023,79,Add Noodles (Soup),Extras,1,3.00,,3.00
11487,2023,60,Matcha Latte,Tea,1,6.50,,6.50
11488,2023,49,Lunch Special,Lunch Special,1,18.00,Entree: Sweet & Sour Nuggets,18.00
11489,2023,57,Soy Chai Latte,Tea,1,5.50,,5.50
11490,2023,33,Curry Chicken,Plant-Based Meat,1,22.00,,22.00
11491,2023,47,Coconut Rice,Sides,1,3.00,,3.00
11492,2023,71,Fried Banana with Coconut Ice Cream,Desserts,1,13.00,,13.00
11493,2023,70,Panna Cotta,Desserts,1,9.00,,9.00
11494,2024,27,Kung Pao Chicken,Plant-Based Meat,1,20.00,Gluten Friendly,20.00
11495,2024,47,Coconut Rice,Sides,1,3.00,,3.00
11496,2024,56,Organic Tea,Tea,1,3.50,,3.50
11497,2024,33,Curry Chicken,Plant-Based Meat,1,22.00,,22.00
11498,2024,46,Jasmine Rice,Sides,1,2.75,,2.75
11499,2025,39,Nasi Goreng,Rice & Noodles,1,18.00,,18.00
11500,2025,49,Lunch Special,Lunch Special,1,18.00,Entree: Curry Chicken,18.00
11501,2025,53,Vegan Iced Coffee,Coffee,1,5.50,,5.50
11502,2026,49,Lunch Special,Lunch Special,1,18.00,Entree: Curry Mutton,18.00
11503,2026,24,Tempeh Pulau,Veggie & Tofu,1,20.00,,20.00
11504,2026,47,Coconut Rice,Sides,1,3.00,,3.00
11505,2026,60,Matcha Latte,Tea,1,6.50,,6.50
11506,2026,69,Cheesecake,Desserts,1,11.00,,11.00
11507,2026,69,Cheesecake,Desserts,1,11.00,,11.00
11508,2027,49,Lunch Special,Lunch Special,1,18.00,Entree: Curried Tofu w/ Vegetables,18.00
11509,2027,77,Sub Coconut Rice (+1),Extras,1,1.00,,1.00
11510,2027,67,Raspberry Lime Italian Soda,Drinks,1,6.50,,6.50
11511,2027,33,Curry Chicken,Plant-Based Meat,1,22.00,Extra Spicy,22.00
11512,2027,52,Soy Mocha,Coffee,1,6.00,,6.00
11513,2027,49,Lunch Special,Lunch Special,1,18.00,Entree: Ginger Beef,18.00
11514,2027,68,Iced Blackberry Hibiscus Tea,Drinks,1,7.00,,7.00
11515,2028,44,Lemongrass Vermicelli Bowl,Rice & Noodles,1,20.00,Allergy: Nuts,20.00
11516,2028,54,Iced Brown Sugar Oat Latte,Coffee,1,6.50,,6.50
11517,2028,49,Lunch Special,Lunch Special,1,18.00,Entree: Sweet & Sour Nuggets,18.00
11518,2028,49,Lunch Special,Lunch Special,1,18.00,Entree: Kung Pao Chicken,18.00
11519,2028,54,Iced Brown Sugar Oat Latte,Coffee,1,6.50,,6.50
11520,2028,31,Spicy Chicken,Plant-Based Meat,1,19.00,,19.00
11521,2028,47,Coconut Rice,Sides,1,3.00,,3.00
11522,2028,52,Soy Mocha,Coffee,1,6.00,,6.00
11523,2028,3,Satay with Peanut Sauce (1pc),Starters,1,3.00,,3.00
11524,2028,70,Panna Cotta,Desserts,1,9.00,,9.00
11525,2029,39,Nasi Goreng,Rice & Noodles,1,18.00,,18.00
11526,2029,66,Assorted Soft Drinks,Drinks,1,2.50,,2.50
11527,2030,49,Lunch Special,Lunch Special,1,18.00,Entree: Curried Tofu w/ Vegetables,18.00
11528,2030,51,Soy Latte,Coffee,1,5.50,,5.50
11529,2031,49,Lunch Special,Lunch Special,1,18.00,Entree: Savory Eggplant,18.00
11530,2031,78,Sub Brown Rice (+1),Extras,1,1.00,,1.00
11531,2032,33,Curry Chicken,Plant-Based Meat,1,22.00,Gluten Friendly,22.00
11532,2032,15,Padmanadi Vegetable Deluxe,Veggie & Tofu,1,19.00,,19.00
11533,2032,46,Jasmine Rice,Sides,1,2.75,,2.75
11534,2032,74,Extra Protein,Extras,1,5.00,,5.00
11535,2032,66,Assorted Soft Drinks,Drinks,1,2.50,,2.50
11536,2033,49,Lunch Special,Lunch Special,1,18.00,Entree: Sweet & Sour Nuggets,18.00
11537,2033,65,Iced Passion Fruit Green Tea,Drinks,1,7.00,,7.00
11538,2033,35,Sweet & Sour Shrimp,Plant-Based Meat,1,20.00,,20.00
11539,2033,46,Jasmine Rice,Sides,1,2.75,,2.75
11540,2033,49,Lunch Special,Lunch Special,1,18.00,Entree: Chili Tofu,18.00
11541,2033,10,Bean Curd Drumsticks,Starters,1,13.00,,13.00
11542,2033,71,Fried Banana with Coconut Ice Cream,Desserts,1,13.00,,13.00
11543,2034,49,Lunch Special,Lunch Special,1,18.00,Entree: Chili Green Beans,18.00
11544,2034,60,Matcha Latte,Tea,1,6.50,,6.50
11545,2034,15,Padmanadi Vegetable Deluxe,Veggie & Tofu,1,19.00,Allergy: Nuts,19.00
11546,2034,47,Coconut Rice,Sides,1,3.00,,3.00
11547,2034,67,Raspberry Lime Italian Soda,Drinks,1,6.50,,6.50
11548,2035,18,King Oyster Mushroom Gaylan,Veggie & Tofu,1,20.00,,20.00
11549,2035,34,Curry Mutton,Plant-Based Meat,1,22.00,,22.00
11550,2035,49,Lunch Special,Lunch Special,1,18.00,Entree: Chili Tofu,18.00
11551,2035,6,Gado Gado,Starters,1,14.00,,14.00
11552,2036,34,Curry Mutton,Plant-Based Meat,1,22.00,Allergy: Nuts,22.00
11553,2036,60,Matcha Latte,Tea,1,6.50,,6.50
11554,2036,49,Lunch Special,Lunch Special,1,18.00,Entree: Padmanadi Veg Deluxe,18.00
11555,2036,66,Assorted Soft Drinks,Drinks,1,2.50,,2.50
11556,2036,49,Lunch Special,Lunch Special,1,18.00,Entree: Curry Chicken,18.00
11557,2036,55,Decaf Coffee,Coffee,1,4.50,,4.50
11558,2036,6,Gado Gado,Starters,1,14.00,,14.00
11559,2037,49,Lunch Special,Lunch Special,1,18.00,Entree: Curry Mutton,18.00
11560,2037,51,Soy Latte,Coffee,1,5.50,,5.50
11561,2037,32,General Tao Chicken,Plant-Based Meat,1,21.00,,21.00
11562,2037,60,Matcha Latte,Tea,1,6.50,,6.50
11563,2037,13,Tom Yum Soup,Soups,1,18.00,,18.00
11564,2037,79,Add Noodles (Soup),Extras,1,3.00,,3.00
11565,2037,49,Lunch Special,Lunch Special,1,18.00,Entree: Ginger Beef,18.00
11566,2037,66,Assorted Soft Drinks,Drinks,1,2.50,,2.50
11567,2038,16,Chili Green Beans,Veggie & Tofu,1,19.00,,19.00
11568,2038,24,Tempeh Pulau,Veggie & Tofu,1,20.00,Less Spicy,20.00
11569,2038,66,Assorted Soft Drinks,Drinks,1,2.50,,2.50
11570,2038,45,Bali Buddha Bowl,Rice & Noodles,1,18.00,,18.00
11571,2038,66,Assorted Soft Drinks,Drinks,1,2.50,,2.50
11572,2038,1,Vegetable Spring Rolls (3pc),Starters,1,6.00,,6.00
11573,2039,24,Tempeh Pulau,Veggie & Tofu,1,20.00,,20.00
11574,2039,47,Coconut Rice,Sides,1,3.00,,3.00
11575,2039,49,Lunch Special,Lunch Special,1,18.00,Entree: Padmanadi Veg Deluxe,18.00
11576,2039,20,Spicy Coconut Eggplant,Veggie & Tofu,1,18.00,,18.00
11577,2039,47,Coconut Rice,Sides,1,3.00,,3.00
11578,2039,68,Iced Blackberry Hibiscus Tea,Drinks,1,7.00,,7.00
11579,2039,39,Nasi Goreng,Rice & Noodles,1,18.00,,18.00
11580,2040,36,Spicy Shrimp,Plant-Based Meat,1,20.00,No Onion,20.00
11581,2040,63,Iced Pineapple,Drinks,1,7.50,,7.50
11582,2040,18,King Oyster Mushroom Gaylan,Veggie & Tofu,1,20.00,Gluten Friendly,20.00
11583,2040,46,Jasmine Rice,Sides,1,2.75,,2.75
11584,2040,66,Assorted Soft Drinks,Drinks,1,2.50,,2.50
11585,2040,72,Vegan Ice Cream,Desserts,1,7.00,,7.00
11586,2040,69,Cheesecake,Desserts,1,11.00,,11.00
11587,2041,45,Bali Buddha Bowl,Rice & Noodles,1,18.00,,18.00
11588,2041,67,Raspberry Lime Italian Soda,Drinks,1,6.50,,6.50
11589,2041,15,Padmanadi Vegetable Deluxe,Veggie & Tofu,1,19.00,,19.00
11590,2041,66,Assorted Soft Drinks,Drinks,1,2.50,,2.50
11591,2041,12,Wonton Soup,Soups,1,18.00,,18.00
11592,2041,53,Vegan Iced Coffee,Coffee,1,5.50,,5.50
11593,2042,15,Padmanadi Vegetable Deluxe,Veggie & Tofu,1,19.00,Allergy: Nuts,19.00
11594,2042,56,Organic Tea,Tea,1,3.50,,3.50
11595,2042,28,Ginger Beef,Plant-Based Meat,1,21.00,,21.00
11596,2042,48,Brown Rice,Sides,1,3.00,,3.00
11597,2043,14,Spicy Curry Noodle Soup,Soups,1,18.00,Extra Sauce,18.00
11598,2043,79,Add Noodles (Soup),Extras,1,3.00,,3.00
11599,2043,60,Matcha Latte,Tea,1,6.50,,6.50
11600,2043,31,Spicy Chicken,Plant-Based Meat,1,19.00,,19.00
11601,2043,48,Brown Rice,Sides,1,3.00,,3.00
11602,2044,28,Ginger Beef,Plant-Based Meat,1,21.00,,21.00
11603,2044,6,Gado Gado,Starters,1,14.00,,14.00
11604,2045,16,Chili Green Beans,Veggie & Tofu,1,19.00,Extra Spicy,19.00
11605,2045,46,Jasmine Rice,Sides,1,2.75,,2.75
11606,2045,53,Vegan Iced Coffee,Coffee,1,5.50,,5.50
11607,2045,38,Rendang,Plant-Based Meat,1,20.00,,20.00
11608,2045,46,Jasmine Rice,Sides,1,2.75,,2.75
11609,2046,45,Bali Buddha Bowl,Rice & Noodles,1,18.00,,18.00
11610,2046,41,Bihun Goreng,Rice & Noodles,1,18.00,Extra Sauce,18.00
11611,2046,65,Iced Passion Fruit Green Tea,Drinks,1,7.00,,7.00
11612,2047,44,Lemongrass Vermicelli Bowl,Rice & Noodles,1,20.00,No Cilantro,20.00
11613,2047,74,Extra Protein,Extras,1,5.00,,5.00
11614,2047,51,Soy Latte,Coffee,1,5.50,,5.50
11615,2047,29,Dendeng,Plant-Based Meat,1,20.00,No Peanuts,20.00
11616,2048,27,Kung Pao Chicken,Plant-Based Meat,1,20.00,,20.00
11617,2048,48,Brown Rice,Sides,1,3.00,,3.00
11618,2048,53,Vegan Iced Coffee,Coffee,1,5.50,,5.50
11619,2048,43,Singapore Noodle,Rice & Noodles,1,19.00,,19.00
11620,2048,18,King Oyster Mushroom Gaylan,Veggie & Tofu,1,20.00,,20.00
11621,2048,46,Jasmine Rice,Sides,1,2.75,,2.75
11622,2048,71,Fried Banana with Coconut Ice Cream,Desserts,1,13.00,,13.00
11623,2049,23,Curry Vegetables & Tofu,Veggie & Tofu,1,20.00,,20.00
11624,2049,60,Matcha Latte,Tea,1,6.50,,6.50
11625,2049,29,Dendeng,Plant-Based Meat,1,20.00,,20.00
11626,2049,51,Soy Latte,Coffee,1,5.50,,5.50
11627,2049,45,Bali Buddha Bowl,Rice & Noodles,1,18.00,,18.00
11628,2049,57,Soy Chai Latte,Tea,1,5.50,,5.50
11629,2049,33,Curry Chicken,Plant-Based Meat,1,22.00,No Peanuts,22.00
11630,2050,27,Kung Pao Chicken,Plant-Based Meat,1,20.00,,20.00
11631,2050,47,Coconut Rice,Sides,1,3.00,,3.00
11632,2050,27,Kung Pao Chicken,Plant-Based Meat,1,20.00,,20.00
11633,2050,50,Americano,Coffee,1,4.50,,4.50
11634,2050,7,Roti Canai,Starters,1,13.00,,13.00
11635,2051,31,Spicy Chicken,Plant-Based Meat,1,19.00,,19.00
11636,2051,46,Jasmine Rice,Sides,1,2.75,,2.75
11637,2051,51,Soy Latte,Coffee,1,5.50,,5.50
11638,2051,25,Mushroom Tofu,Veggie & Tofu,1,19.00,,19.00
11639,2051,46,Jasmine Rice,Sides,1,2.75,,2.75
11640,2051,61,Iced Oat Strawberry Matcha,Tea,1,8.50,,8.50
11641,2051,72,Vegan Ice Cream,Desserts,1,7.00,,7.00
11642,2052,45,Bali Buddha Bowl,Rice & Noodles,1,18.00,,18.00
11643,2052,60,Matcha Latte,Tea,1,6.50,,6.50
11644,2052,13,Tom Yum Soup,Soups,1,18.00,No Cilantro,18.00
11645,2052,62,Iced Lychee,Drinks,1,7.50,,7.50
11646,2052,43,Singapore Noodle,Rice & Noodles,1,19.00,No Peanuts,19.00
11647,2052,65,Iced Passion Fruit Green Tea,Drinks,1,7.00,,7.00
11648,2052,21,Mapo Tofu,Veggie & Tofu,1,19.00,,19.00
11649,2052,60,Matcha Latte,Tea,1,6.50,,6.50
11650,2052,11,Fried Enoki Mushroom,Starters,1,16.00,,16.00
11651,2052,6,Gado Gado,Starters,1,14.00,,14.00
11652,2053,42,Kwetiau Goreng,Rice & Noodles,1,19.00,Allergy: Nuts,19.00
11653,2053,33,Curry Chicken,Plant-Based Meat,1,22.00,No Mushrooms,22.00
11654,2053,46,Jasmine Rice,Sides,1,2.75,,2.75
11655,2053,53,Vegan Iced Coffee,Coffee,1,5.50,,5.50
11656,2053,19,Savory Eggplant,Veggie & Tofu,1,18.00,No Cilantro,18.00
11657,2053,47,Coconut Rice,Sides,1,3.00,,3.00
11658,2053,38,Rendang,Plant-Based Meat,1,20.00,,20.00
11659,2053,66,Assorted Soft Drinks,Drinks,1,2.50,,2.50
11660,2053,40,Bakmi Goreng,Rice & Noodles,1,19.00,,19.00
11661,2053,63,Iced Pineapple,Drinks,1,7.50,,7.50
11662,2053,4,Satay with Peanut Sauce (3pc),Starters,1,10.00,,10.00
11663,2053,7,Roti Canai,Starters,1,13.00,,13.00
11664,2054,13,Tom Yum Soup,Soups,1,18.00,,18.00
11665,2054,50,Americano,Coffee,1,4.50,,4.50
11666,2055,28,Ginger Beef,Plant-Based Meat,1,21.00,,21.00
11667,2056,32,General Tao Chicken,Plant-Based Meat,1,21.00,,21.00
11668,2056,46,Jasmine Rice,Sides,1,2.75,,2.75
11669,2056,52,Soy Mocha,Coffee,1,6.00,,6.00
11670,2056,69,Cheesecake,Desserts,1,11.00,,11.00
11671,2057,43,Singapore Noodle,Rice & Noodles,1,19.00,Less Spicy,19.00
11672,2057,36,Spicy Shrimp,Plant-Based Meat,1,20.00,No Mushrooms,20.00
11673,2057,7,Roti Canai,Starters,1,13.00,,13.00
11674,2058,32,General Tao Chicken,Plant-Based Meat,1,21.00,,21.00
11675,2058,48,Brown Rice,Sides,1,3.00,,3.00
11676,2058,20,Spicy Coconut Eggplant,Veggie & Tofu,1,18.00,Extra Sauce,18.00
11677,2058,66,Assorted Soft Drinks,Drinks,1,2.50,,2.50
11678,2058,38,Rendang,Plant-Based Meat,1,20.00,No Mushrooms,20.00
11679,2058,51,Soy Latte,Coffee,1,5.50,,5.50
11680,2059,45,Bali Buddha Bowl,Rice & Noodles,1,18.00,,18.00
11681,2059,65,Iced Passion Fruit Green Tea,Drinks,1,7.00,,7.00
11682,2060,23,Curry Vegetables & Tofu,Veggie & Tofu,1,20.00,Extra Sauce,20.00
11683,2060,16,Chili Green Beans,Veggie & Tofu,1,19.00,,19.00
11684,2060,51,Soy Latte,Coffee,1,5.50,,5.50
11685,2061,38,Rendang,Plant-Based Meat,1,20.00,No Peanuts,20.00
11686,2061,46,Jasmine Rice,Sides,1,2.75,,2.75
11687,2061,62,Iced Lychee,Drinks,1,7.50,,7.50
11688,2061,24,Tempeh Pulau,Veggie & Tofu,1,20.00,,20.00
11689,2062,34,Curry Mutton,Plant-Based Meat,1,22.00,,22.00
11690,2062,46,Jasmine Rice,Sides,1,2.75,,2.75
11691,2062,60,Matcha Latte,Tea,1,6.50,,6.50
11692,2062,16,Chili Green Beans,Veggie & Tofu,1,19.00,,19.00
11693,2062,46,Jasmine Rice,Sides,1,2.75,,2.75
11694,2062,51,Soy Latte,Coffee,1,5.50,,5.50
11695,2062,15,Padmanadi Vegetable Deluxe,Veggie & Tofu,1,19.00,No Cilantro,19.00
11696,2062,71,Fried Banana with Coconut Ice Cream,Desserts,1,13.00,,13.00
11697,2063,44,Lemongrass Vermicelli Bowl,Rice & Noodles,1,20.00,,20.00
11698,2063,51,Soy Latte,Coffee,1,5.50,,5.50
11699,2063,31,Spicy Chicken,Plant-Based Meat,1,19.00,,19.00
11700,2063,61,Iced Oat Strawberry Matcha,Tea,1,8.50,,8.50
11701,2064,40,Bakmi Goreng,Rice & Noodles,1,19.00,Allergy: Nuts,19.00
11702,2064,66,Assorted Soft Drinks,Drinks,1,2.50,,2.50
11703,2064,27,Kung Pao Chicken,Plant-Based Meat,1,20.00,,20.00
11704,2064,48,Brown Rice,Sides,1,3.00,,3.00
11705,2064,34,Curry Mutton,Plant-Based Meat,1,22.00,,22.00
11706,2064,63,Iced Pineapple,Drinks,1,7.50,,7.50
11707,2064,5,Deep Fried Tofu,Starters,1,13.00,,13.00
11708,2065,30,Sweet & Sour Chicken,Plant-Based Meat,1,19.00,,19.00
11709,2065,46,Jasmine Rice,Sides,1,2.75,,2.75
11710,2065,67,Raspberry Lime Italian Soda,Drinks,1,6.50,,6.50
11711,2065,2,Vegetable Spring Rolls (6pc),Starters,1,9.00,,9.00
11712,2066,33,Curry Chicken,Plant-Based Meat,1,22.00,,22.00
11713,2066,54,Iced Brown Sugar Oat Latte,Coffee,1,6.50,,6.50
11714,2066,33,Curry Chicken,Plant-Based Meat,1,22.00,Sauce on Side,22.00
11715,2066,47,Coconut Rice,Sides,1,3.00,,3.00
11716,2066,1,Vegetable Spring Rolls (3pc),Starters,1,6.00,,6.00
11717,2066,72,Vegan Ice Cream,Desserts,1,7.00,,7.00
11718,2066,73,Chocolate Mousse,Desserts,1,9.00,,9.00
11719,2067,27,Kung Pao Chicken,Plant-Based Meat,1,20.00,Extra Spicy,20.00
11720,2067,56,Organic Tea,Tea,1,3.50,,3.50
11721,2068,30,Sweet & Sour Chicken,Plant-Based Meat,1,19.00,No Peanuts,19.00
11722,2068,48,Brown Rice,Sides,1,3.00,,3.00
11723,2068,44,Lemongrass Vermicelli Bowl,Rice & Noodles,1,20.00,,20.00
11724,2068,52,Soy Mocha,Coffee,1,6.00,,6.00
11725,2068,39,Nasi Goreng,Rice & Noodles,1,18.00,No Mushrooms,18.00
11726,2068,65,Iced Passion Fruit Green Tea,Drinks,1,7.00,,7.00
11727,2069,33,Curry Chicken,Plant-Based Meat,1,22.00,No Onion,22.00
11728,2069,47,Coconut Rice,Sides,1,3.00,,3.00
11729,2069,26,Chili Tofu,Veggie & Tofu,1,19.00,,19.00
11730,2070,41,Bihun Goreng,Rice & Noodles,1,18.00,No Cilantro,18.00
11731,2070,67,Raspberry Lime Italian Soda,Drinks,1,6.50,,6.50
11732,2070,37,Teriyaki Chicken,Plant-Based Meat,1,19.00,No Mushrooms,19.00
11733,2070,75,Extra Tofu,Extras,1,4.00,,4.00
11734,2070,60,Matcha Latte,Tea,1,6.50,,6.50
11735,2070,73,Chocolate Mousse,Desserts,1,9.00,,9.00
11736,2071,33,Curry Chicken,Plant-Based Meat,1,22.00,Sauce on Side,22.00
11737,2071,46,Jasmine Rice,Sides,1,2.75,,2.75
11738,2071,38,Rendang,Plant-Based Meat,1,20.00,No Onion,20.00
11739,2071,47,Coconut Rice,Sides,1,3.00,,3.00
11740,2071,1,Vegetable Spring Rolls (3pc),Starters,1,6.00,,6.00
11741,2072,23,Curry Vegetables & Tofu,Veggie & Tofu,1,20.00,,20.00
11742,2072,24,Tempeh Pulau,Veggie & Tofu,1,20.00,,20.00
11743,2072,53,Vegan Iced Coffee,Coffee,1,5.50,,5.50
11744,2072,26,Chili Tofu,Veggie & Tofu,1,19.00,Extra Sauce,19.00
11745,2072,47,Coconut Rice,Sides,1,3.00,,3.00
11746,2072,63,Iced Pineapple,Drinks,1,7.50,,7.50
11747,2072,4,Satay with Peanut Sauce (3pc),Starters,1,10.00,,10.00
11748,2073,13,Tom Yum Soup,Soups,1,18.00,,18.00
11749,2073,79,Add Noodles (Soup),Extras,1,3.00,,3.00
11750,2073,58,London Fog,Tea,1,5.50,,5.50
11751,2073,12,Wonton Soup,Soups,1,18.00,Allergy: Nuts,18.00
11752,2073,79,Add Noodles (Soup),Extras,1,3.00,,3.00
11753,2073,66,Assorted Soft Drinks,Drinks,1,2.50,,2.50
11754,2074,32,General Tao Chicken,Plant-Based Meat,1,21.00,Sauce on Side,21.00
11755,2074,46,Jasmine Rice,Sides,1,2.75,,2.75
11756,2074,63,Iced Pineapple,Drinks,1,7.50,,7.50
11757,2074,20,Spicy Coconut Eggplant,Veggie & Tofu,1,18.00,,18.00
11758,2074,47,Coconut Rice,Sides,1,3.00,,3.00
11759,2074,51,Soy Latte,Coffee,1,5.50,,5.50
11760,2074,14,Spicy Curry Noodle Soup,Soups,1,18.00,,18.00
11761,2074,79,Add Noodles (Soup),Extras,1,3.00,,3.00
11762,2074,65,Iced Passion Fruit Green Tea,Drinks,1,7.00,,7.00
11763,2075,31,Spicy Chicken,Plant-Based Meat,1,19.00,,19.00
11764,2075,65,Iced Passion Fruit Green Tea,Drinks,1,7.00,,7.00
11765,2075,29,Dendeng,Plant-Based Meat,1,20.00,Extra Sauce,20.00
11766,2075,46,Jasmine Rice,Sides,1,2.75,,2.75
11767,2075,40,Bakmi Goreng,Rice & Noodles,1,19.00,,19.00
11768,2075,66,Assorted Soft Drinks,Drinks,1,2.50,,2.50
11769,2075,33,Curry Chicken,Plant-Based Meat,1,22.00,,22.00
11770,2075,53,Vegan Iced Coffee,Coffee,1,5.50,,5.50
11771,2075,4,Satay with Peanut Sauce (3pc),Starters,1,10.00,,10.00
11772,2075,8,Breaded Cauliflower Bites,Starters,1,13.00,,13.00
11773,2076,30,Sweet & Sour Chicken,Plant-Based Meat,1,19.00,No Onion,19.00
11774,2076,26,Chili Tofu,Veggie & Tofu,1,19.00,,19.00
11775,2077,26,Chili Tofu,Veggie & Tofu,1,19.00,No Mushrooms,19.00
11776,2077,46,Jasmine Rice,Sides,1,2.75,,2.75
11777,2077,44,Lemongrass Vermicelli Bowl,Rice & Noodles,1,20.00,,20.00
11778,2077,68,Iced Blackberry Hibiscus Tea,Drinks,1,7.00,,7.00
11779,2077,37,Teriyaki Chicken,Plant-Based Meat,1,19.00,No Onion,19.00
11780,2077,66,Assorted Soft Drinks,Drinks,1,2.50,,2.50
11781,2077,71,Fried Banana with Coconut Ice Cream,Desserts,1,13.00,,13.00
11782,2077,69,Cheesecake,Desserts,1,11.00,,11.00
11783,2078,38,Rendang,Plant-Based Meat,1,20.00,,20.00
11784,2078,62,Iced Lychee,Drinks,1,7.50,,7.50
11785,2078,31,Spicy Chicken,Plant-Based Meat,1,19.00,,19.00
11786,2078,48,Brown Rice,Sides,1,3.00,,3.00
11787,2078,74,Extra Protein,Extras,1,5.00,,5.00
11788,2078,9,Crispy Chicken Strips,Starters,1,13.00,,13.00
11789,2079,27,Kung Pao Chicken,Plant-Based Meat,1,20.00,,20.00
11790,2079,50,Americano,Coffee,1,4.50,,4.50
11791,2079,43,Singapore Noodle,Rice & Noodles,1,19.00,Extra Spicy,19.00
11792,2079,33,Curry Chicken,Plant-Based Meat,1,22.00,No Mushrooms,22.00
11793,2079,2,Vegetable Spring Rolls (6pc),Starters,1,9.00,,9.00
11794,2079,71,Fried Banana with Coconut Ice Cream,Desserts,1,13.00,,13.00
11795,2079,72,Vegan Ice Cream,Desserts,1,7.00,,7.00
11796,2080,27,Kung Pao Chicken,Plant-Based Meat,1,20.00,,20.00
11797,2080,46,Jasmine Rice,Sides,1,2.75,,2.75
11798,2080,63,Iced Pineapple,Drinks,1,7.50,,7.50
11799,2080,26,Chili Tofu,Veggie & Tofu,1,19.00,,19.00
11800,2080,47,Coconut Rice,Sides,1,3.00,,3.00
11801,2080,50,Americano,Coffee,1,4.50,,4.50
11802,2080,42,Kwetiau Goreng,Rice & Noodles,1,19.00,,19.00
11803,2080,74,Extra Protein,Extras,1,5.00,,5.00
11804,2080,28,Ginger Beef,Plant-Based Meat,1,21.00,Extra Sauce,21.00
11805,2080,47,Coconut Rice,Sides,1,3.00,,3.00
11806,2080,14,Spicy Curry Noodle Soup,Soups,1,18.00,,18.00
11807,2080,55,Decaf Coffee,Coffee,1,4.50,,4.50
11808,2080,16,Chili Green Beans,Veggie & Tofu,1,19.00,,19.00
11809,2080,47,Coconut Rice,Sides,1,3.00,,3.00
11810,2080,66,Assorted Soft Drinks,Drinks,1,2.50,,2.50
11811,2080,28,Ginger Beef,Plant-Based Meat,1,21.00,,21.00
11812,2080,46,Jasmine Rice,Sides,1,2.75,,2.75
11813,2080,66,Assorted Soft Drinks,Drinks,1,2.50,,2.50
11814,2080,14,Spicy Curry Noodle Soup,Soups,1,18.00,Extra Spicy,18.00
11815,2080,5,Deep Fried Tofu,Starters,1,13.00,,13.00
11816,2081,15,Padmanadi Vegetable Deluxe,Veggie & Tofu,1,19.00,,19.00
11817,2081,47,Coconut Rice,Sides,1,3.00,,3.00
11818,2081,69,Cheesecake,Desserts,1,11.00,,11.00
11819,2082,15,Padmanadi Vegetable Deluxe,Veggie & Tofu,1,19.00,,19.00
11820,2082,54,Iced Brown Sugar Oat Latte,Coffee,1,6.50,,6.50
11821,2082,43,Singapore Noodle,Rice & Noodles,1,19.00,No Mushrooms,19.00
11822,2082,53,Vegan Iced Coffee,Coffee,1,5.50,,5.50
11823,2083,35,Sweet & Sour Shrimp,Plant-Based Meat,1,20.00,,20.00
11824,2083,46,Jasmine Rice,Sides,1,2.75,,2.75
11825,2083,39,Nasi Goreng,Rice & Noodles,1,18.00,,18.00
11826,2083,76,Extra Veggies,Extras,1,4.00,,4.00
11827,2083,39,Nasi Goreng,Rice & Noodles,1,18.00,No Mushrooms,18.00
11828,2083,52,Soy Mocha,Coffee,1,6.00,,6.00
11829,2084,43,Singapore Noodle,Rice & Noodles,1,19.00,,19.00
11830,2084,68,Iced Blackberry Hibiscus Tea,Drinks,1,7.00,,7.00
11831,2085,25,Mushroom Tofu,Veggie & Tofu,1,19.00,,19.00
11832,2085,47,Coconut Rice,Sides,1,3.00,,3.00
11833,2085,57,Soy Chai Latte,Tea,1,5.50,,5.50
11834,2086,41,Bihun Goreng,Rice & Noodles,1,18.00,Sauce on Side,18.00
11835,2086,76,Extra Veggies,Extras,1,4.00,,4.00
11836,2086,56,Organic Tea,Tea,1,3.50,,3.50
11837,2086,28,Ginger Beef,Plant-Based Meat,1,21.00,,21.00
11838,2086,33,Curry Chicken,Plant-Based Meat,1,22.00,,22.00
11839,2086,48,Brown Rice,Sides,1,3.00,,3.00
11840,2086,60,Matcha Latte,Tea,1,6.50,,6.50
11841,2087,33,Curry Chicken,Plant-Based Meat,1,22.00,Extra Spicy,22.00
11842,2087,23,Curry Vegetables & Tofu,Veggie & Tofu,1,20.00,,20.00
11843,2087,53,Vegan Iced Coffee,Coffee,1,5.50,,5.50
11844,2087,40,Bakmi Goreng,Rice & Noodles,1,19.00,,19.00
11845,2087,33,Curry Chicken,Plant-Based Meat,1,22.00,,22.00
11846,2087,47,Coconut Rice,Sides,1,3.00,,3.00
11847,2087,33,Curry Chicken,Plant-Based Meat,1,22.00,Extra Sauce,22.00
11848,2087,46,Jasmine Rice,Sides,1,2.75,,2.75
11849,2087,66,Assorted Soft Drinks,Drinks,1,2.50,,2.50
11850,2087,30,Sweet & Sour Chicken,Plant-Based Meat,1,19.00,,19.00
11851,2087,68,Iced Blackberry Hibiscus Tea,Drinks,1,7.00,,7.00
11852,2087,5,Deep Fried Tofu,Starters,1,13.00,,13.00
11853,2087,70,Panna Cotta,Desserts,1,9.00,,9.00
11854,2088,42,Kwetiau Goreng,Rice & Noodles,1,19.00,No Mushrooms,19.00
11855,2088,64,Sparkling Yuzu,Drinks,1,8.50,,8.50
11856,2088,37,Teriyaki Chicken,Plant-Based Meat,1,19.00,Less Spicy,19.00
11857,2088,47,Coconut Rice,Sides,1,3.00,,3.00
11858,2088,71,Fried Banana with Coconut Ice Cream,Desserts,1,13.00,,13.00
11859,2088,69,Cheesecake,Desserts,1,11.00,,11.00
11860,2089,37,Teriyaki Chicken,Plant-Based Meat,1,19.00,No Mushrooms,19.00
11861,2089,50,Americano,Coffee,1,4.50,,4.50
11862,2089,26,Chili Tofu,Veggie & Tofu,1,19.00,,19.00
11863,2089,40,Bakmi Goreng,Rice & Noodles,1,19.00,,19.00
11864,2089,59,Hot Chocolate,Tea,1,5.00,,5.00
11865,2089,6,Gado Gado,Starters,1,14.00,,14.00
11866,2089,70,Panna Cotta,Desserts,1,9.00,,9.00
11867,2090,33,Curry Chicken,Plant-Based Meat,1,22.00,Less Spicy,22.00
11868,2090,46,Jasmine Rice,Sides,1,2.75,,2.75
11869,2090,32,General Tao Chicken,Plant-Based Meat,1,21.00,Extra Sauce,21.00
11870,2090,46,Jasmine Rice,Sides,1,2.75,,2.75
11871,2091,38,Rendang,Plant-Based Meat,1,20.00,,20.00
11872,2091,46,Jasmine Rice,Sides,1,2.75,,2.75
11873,2091,18,King Oyster Mushroom Gaylan,Veggie & Tofu,1,20.00,,20.00
11874,2091,48,Brown Rice,Sides,1,3.00,,3.00
11875,2091,13,Tom Yum Soup,Soups,1,18.00,No Onion,18.00
11876,2091,75,Extra Tofu,Extras,1,4.00,,4.00
11877,2092,23,Curry Vegetables & Tofu,Veggie & Tofu,1,20.00,,20.00
11878,2092,9,Crispy Chicken Strips,Starters,1,13.00,,13.00
11879,2093,23,Curry Vegetables & Tofu,Veggie & Tofu,1,20.00,,20.00
11880,2093,76,Extra Veggies,Extras,1,4.00,,4.00
11881,2093,1,Vegetable Spring Rolls (3pc),Starters,1,6.00,,6.00
11882,2093,73,Chocolate Mousse,Desserts,1,9.00,,9.00
11883,2094,30,Sweet & Sour Chicken,Plant-Based Meat,1,19.00,,19.00
11884,2094,54,Iced Brown Sugar Oat Latte,Coffee,1,6.50,,6.50
11885,2094,33,Curry Chicken,Plant-Based Meat,1,22.00,No Onion,22.00
11886,2094,10,Bean Curd Drumsticks,Starters,1,13.00,,13.00
11887,2095,14,Spicy Curry Noodle Soup,Soups,1,18.00,,18.00
11888,2095,79,Add Noodles (Soup),Extras,1,3.00,,3.00
11889,2095,53,Vegan Iced Coffee,Coffee,1,5.50,,5.50
11890,2095,44,Lemongrass Vermicelli Bowl,Rice & Noodles,1,20.00,Sauce on Side,20.00
11891,2095,61,Iced Oat Strawberry Matcha,Tea,1,8.50,,8.50
11892,2095,34,Curry Mutton,Plant-Based Meat,1,22.00,,22.00
11893,2095,15,Padmanadi Vegetable Deluxe,Veggie & Tofu,1,19.00,,19.00
11894,2095,48,Brown Rice,Sides,1,3.00,,3.00
11895,2095,62,Iced Lychee,Drinks,1,7.50,,7.50
11896,2095,6,Gado Gado,Starters,1,14.00,,14.00
11897,2096,21,Mapo Tofu,Veggie & Tofu,1,19.00,,19.00
11898,2096,46,Jasmine Rice,Sides,1,2.75,,2.75
11899,2096,62,Iced Lychee,Drinks,1,7.50,,7.50
11900,2096,33,Curry Chicken,Plant-Based Meat,1,22.00,No Peanuts,22.00
11901,2096,51,Soy Latte,Coffee,1,5.50,,5.50
11902,2096,30,Sweet & Sour Chicken,Plant-Based Meat,1,19.00,,19.00
11903,2096,62,Iced Lychee,Drinks,1,7.50,,7.50
11904,2096,26,Chili Tofu,Veggie & Tofu,1,19.00,,19.00
11905,2096,54,Iced Brown Sugar Oat Latte,Coffee,1,6.50,,6.50
11906,2096,10,Bean Curd Drumsticks,Starters,1,13.00,,13.00
11907,2097,42,Kwetiau Goreng,Rice & Noodles,1,19.00,Less Spicy,19.00
11908,2097,63,Iced Pineapple,Drinks,1,7.50,,7.50
11909,2097,23,Curry Vegetables & Tofu,Veggie & Tofu,1,20.00,No Onion,20.00
11910,2097,46,Jasmine Rice,Sides,1,2.75,,2.75
11911,2097,72,Vegan Ice Cream,Desserts,1,7.00,,7.00
11912,2097,69,Cheesecake,Desserts,1,11.00,,11.00
11913,2098,22,Pan-Fried Broccoli & Cauliflower,Veggie & Tofu,1,18.00,,18.00
11914,2098,48,Brown Rice,Sides,1,3.00,,3.00
11915,2098,60,Matcha Latte,Tea,1,6.50,,6.50
11916,2098,12,Wonton Soup,Soups,1,18.00,,18.00
11917,2098,59,Hot Chocolate,Tea,1,5.00,,5.00
11918,2098,30,Sweet & Sour Chicken,Plant-Based Meat,1,19.00,,19.00
11919,2098,63,Iced Pineapple,Drinks,1,7.50,,7.50
11920,2099,41,Bihun Goreng,Rice & Noodles,1,18.00,,18.00
11921,2100,45,Bali Buddha Bowl,Rice & Noodles,1,18.00,,18.00
11922,2100,53,Vegan Iced Coffee,Coffee,1,5.50,,5.50
11923,2100,25,Mushroom Tofu,Veggie & Tofu,1,19.00,,19.00
11924,2100,51,Soy Latte,Coffee,1,5.50,,5.50
11925,2101,15,Padmanadi Vegetable Deluxe,Veggie & Tofu,1,19.00,No Peanuts,19.00
11926,2101,54,Iced Brown Sugar Oat Latte,Coffee,1,6.50,,6.50
11927,2102,24,Tempeh Pulau,Veggie & Tofu,1,20.00,,20.00
11928,2102,47,Coconut Rice,Sides,1,3.00,,3.00
11929,2102,64,Sparkling Yuzu,Drinks,1,8.50,,8.50
11930,2102,71,Fried Banana with Coconut Ice Cream,Desserts,1,13.00,,13.00
11931,2103,15,Padmanadi Vegetable Deluxe,Veggie & Tofu,1,19.00,,19.00
11932,2103,47,Coconut Rice,Sides,1,3.00,,3.00
11933,2103,60,Matcha Latte,Tea,1,6.50,,6.50
11934,2103,34,Curry Mutton,Plant-Based Meat,1,22.00,,22.00
11935,2103,46,Jasmine Rice,Sides,1,2.75,,2.75
11936,2103,60,Matcha Latte,Tea,1,6.50,,6.50
11937,2104,27,Kung Pao Chicken,Plant-Based Meat,1,20.00,,20.00
11938,2104,46,Jasmine Rice,Sides,1,2.75,,2.75
11939,2105,33,Curry Chicken,Plant-Based Meat,1,22.00,Gluten Friendly,22.00
11940,2105,43,Singapore Noodle,Rice & Noodles,1,19.00,,19.00
11941,2105,54,Iced Brown Sugar Oat Latte,Coffee,1,6.50,,6.50
11942,2105,37,Teriyaki Chicken,Plant-Based Meat,1,19.00,,19.00
11943,2105,62,Iced Lychee,Drinks,1,7.50,,7.50
11944,2105,35,Sweet & Sour Shrimp,Plant-Based Meat,1,20.00,Sauce on Side,20.00
11945,2105,46,Jasmine Rice,Sides,1,2.75,,2.75
11946,2105,66,Assorted Soft Drinks,Drinks,1,2.50,,2.50
11947,2105,71,Fried Banana with Coconut Ice Cream,Desserts,1,13.00,,13.00
11948,2106,23,Curry Vegetables & Tofu,Veggie & Tofu,1,20.00,No Mushrooms,20.00
11949,2106,64,Sparkling Yuzu,Drinks,1,8.50,,8.50
11950,2106,33,Curry Chicken,Plant-Based Meat,1,22.00,Extra Sauce,22.00
11951,2106,2,Vegetable Spring Rolls (6pc),Starters,1,9.00,,9.00
11952,2107,18,King Oyster Mushroom Gaylan,Veggie & Tofu,1,20.00,Less Spicy,20.00
11953,2107,19,Savory Eggplant,Veggie & Tofu,1,18.00,Gluten Friendly,18.00
11954,2107,67,Raspberry Lime Italian Soda,Drinks,1,6.50,,6.50
11955,2108,39,Nasi Goreng,Rice & Noodles,1,18.00,Extra Spicy,18.00
11956,2108,59,Hot Chocolate,Tea,1,5.00,,5.00
11957,2108,16,Chili Green Beans,Veggie & Tofu,1,19.00,Extra Sauce,19.00
11958,2108,46,Jasmine Rice,Sides,1,2.75,,2.75
11959,2108,8,Breaded Cauliflower Bites,Starters,1,13.00,,13.00
11960,2109,29,Dendeng,Plant-Based Meat,1,20.00,,20.00
11961,2109,33,Curry Chicken,Plant-Based Meat,1,22.00,,22.00
11962,2109,68,Iced Blackberry Hibiscus Tea,Drinks,1,7.00,,7.00
11963,2109,14,Spicy Curry Noodle Soup,Soups,1,18.00,,18.00
11964,2109,37,Teriyaki Chicken,Plant-Based Meat,1,19.00,,19.00
11965,2109,47,Coconut Rice,Sides,1,3.00,,3.00
11966,2109,68,Iced Blackberry Hibiscus Tea,Drinks,1,7.00,,7.00
11967,2109,2,Vegetable Spring Rolls (6pc),Starters,1,9.00,,9.00
11968,2110,24,Tempeh Pulau,Veggie & Tofu,1,20.00,,20.00
11969,2110,46,Jasmine Rice,Sides,1,2.75,,2.75
11970,2110,51,Soy Latte,Coffee,1,5.50,,5.50
11971,2110,15,Padmanadi Vegetable Deluxe,Veggie & Tofu,1,19.00,Gluten Friendly,19.00
11972,2110,1,Vegetable Spring Rolls (3pc),Starters,1,6.00,,6.00
11973,2111,27,Kung Pao Chicken,Plant-Based Meat,1,20.00,,20.00
11974,2111,47,Coconut Rice,Sides,1,3.00,,3.00
11975,2111,32,General Tao Chicken,Plant-Based Meat,1,21.00,No Peanuts,21.00
11976,2111,46,Jasmine Rice,Sides,1,2.75,,2.75
11977,2111,61,Iced Oat Strawberry Matcha,Tea,1,8.50,,8.50
11978,2111,7,Roti Canai,Starters,1,13.00,,13.00
11979,2112,27,Kung Pao Chicken,Plant-Based Meat,1,20.00,Extra Sauce,20.00
11980,2112,44,Lemongrass Vermicelli Bowl,Rice & Noodles,1,20.00,,20.00
11981,2113,37,Teriyaki Chicken,Plant-Based Meat,1,19.00,Gluten Friendly,19.00
11982,2113,44,Lemongrass Vermicelli Bowl,Rice & Noodles,1,20.00,No Peanuts,20.00
11983,2113,52,Soy Mocha,Coffee,1,6.00,,6.00
11984,2113,30,Sweet & Sour Chicken,Plant-Based Meat,1,19.00,,19.00
11985,2113,55,Decaf Coffee,Coffee,1,4.50,,4.50
11986,2114,24,Tempeh Pulau,Veggie & Tofu,1,20.00,,20.00
11987,2114,41,Bihun Goreng,Rice & Noodles,1,18.00,No Cilantro,18.00
11988,2114,3,Satay with Peanut Sauce (1pc),Starters,1,3.00,,3.00
11989,2115,49,Lunch Special,Lunch Special,1,18.00,Entree: Sweet & Sour Nuggets,18.00
11990,2115,50,Americano,Coffee,1,4.50,,4.50
11991,2115,4,Satay with Peanut Sauce (3pc),Starters,1,10.00,,10.00
11992,2115,72,Vegan Ice Cream,Desserts,1,7.00,,7.00
11993,2116,49,Lunch Special,Lunch Special,1,18.00,Entree: Ginger Beef,18.00
11994,2116,68,Iced Blackberry Hibiscus Tea,Drinks,1,7.00,,7.00
11995,2116,49,Lunch Special,Lunch Special,1,18.00,Entree: Rendang,18.00
11996,2116,66,Assorted Soft Drinks,Drinks,1,2.50,,2.50
11997,2117,20,Spicy Coconut Eggplant,Veggie & Tofu,1,18.00,,18.00
11998,2117,51,Soy Latte,Coffee,1,5.50,,5.50
11999,2117,24,Tempeh Pulau,Veggie & Tofu,1,20.00,,20.00
12000,2117,47,Coconut Rice,Sides,1,3.00,,3.00
12001,2117,38,Rendang,Plant-Based Meat,1,20.00,Extra Sauce,20.00
12002,2117,74,Extra Protein,Extras,1,5.00,,5.00
12003,2117,65,Iced Passion Fruit Green Tea,Drinks,1,7.00,,7.00
12004,2117,38,Rendang,Plant-Based Meat,1,20.00,,20.00
12005,2117,8,Breaded Cauliflower Bites,Starters,1,13.00,,13.00
12006,2117,11,Fried Enoki Mushroom,Starters,1,16.00,,16.00
12007,2118,49,Lunch Special,Lunch Special,1,18.00,Entree: Curry Chicken,18.00
12008,2118,27,Kung Pao Chicken,Plant-Based Meat,1,20.00,Gluten Friendly,20.00
12009,2118,46,Jasmine Rice,Sides,1,2.75,,2.75
12010,2118,74,Extra Protein,Extras,1,5.00,,5.00
12011,2119,35,Sweet & Sour Shrimp,Plant-Based Meat,1,20.00,No Mushrooms,20.00
12012,2119,47,Coconut Rice,Sides,1,3.00,,3.00
12013,2119,61,Iced Oat Strawberry Matcha,Tea,1,8.50,,8.50
12014,2120,49,Lunch Special,Lunch Special,1,18.00,Entree: Curry Chicken,18.00
12015,2120,66,Assorted Soft Drinks,Drinks,1,2.50,,2.50
12016,2120,9,Crispy Chicken Strips,Starters,1,13.00,,13.00
12017,2121,39,Nasi Goreng,Rice & Noodles,1,18.00,Extra Sauce,18.00
12018,2121,44,Lemongrass Vermicelli Bowl,Rice & Noodles,1,20.00,No Onion,20.00
12019,2121,56,Organic Tea,Tea,1,3.50,,3.50
12020,2121,22,Pan-Fried Broccoli & Cauliflower,Veggie & Tofu,1,18.00,Allergy: Nuts,18.00
12021,2121,30,Sweet & Sour Chicken,Plant-Based Meat,1,19.00,,19.00
12022,2121,61,Iced Oat Strawberry Matcha,Tea,1,8.50,,8.50
12023,2121,9,Crispy Chicken Strips,Starters,1,13.00,,13.00
12024,2121,8,Breaded Cauliflower Bites,Starters,1,13.00,,13.00
12025,2121,71,Fried Banana with Coconut Ice Cream,Desserts,1,13.00,,13.00
12026,2122,36,Spicy Shrimp,Plant-Based Meat,1,20.00,,20.00
12027,2122,46,Jasmine Rice,Sides,1,2.75,,2.75
12028,2122,74,Extra Protein,Extras,1,5.00,,5.00
12029,2122,68,Iced Blackberry Hibiscus Tea,Drinks,1,7.00,,7.00
12030,2122,49,Lunch Special,Lunch Special,1,18.00,Entree: Padmanadi Veg Deluxe,18.00
12031,2122,77,Sub Coconut Rice (+1),Extras,1,1.00,,1.00
12032,2122,49,Lunch Special,Lunch Special,1,18.00,Entree: Curry Chicken,18.00
12033,2122,53,Vegan Iced Coffee,Coffee,1,5.50,,5.50
12034,2122,49,Lunch Special,Lunch Special,1,18.00,Entree: Teriyaki Chicken,18.00
12035,2122,77,Sub Coconut Rice (+1),Extras,1,1.00,,1.00
12036,2122,60,Matcha Latte,Tea,1,6.50,,6.50
12037,2122,9,Crispy Chicken Strips,Starters,1,13.00,,13.00
12038,2123,19,Savory Eggplant,Veggie & Tofu,1,18.00,,18.00
12039,2123,46,Jasmine Rice,Sides,1,2.75,,2.75
12040,2123,54,Iced Brown Sugar Oat Latte,Coffee,1,6.50,,6.50
12041,2123,70,Panna Cotta,Desserts,1,9.00,,9.00
12042,2124,37,Teriyaki Chicken,Plant-Based Meat,1,19.00,,19.00
12043,2124,68,Iced Blackberry Hibiscus Tea,Drinks,1,7.00,,7.00
12044,2124,41,Bihun Goreng,Rice & Noodles,1,18.00,,18.00
12045,2124,65,Iced Passion Fruit Green Tea,Drinks,1,7.00,,7.00
12046,2124,37,Teriyaki Chicken,Plant-Based Meat,1,19.00,Less Spicy,19.00
12047,2124,61,Iced Oat Strawberry Matcha,Tea,1,8.50,,8.50
12048,2124,49,Lunch Special,Lunch Special,1,18.00,Entree: Sweet & Sour Chicken,18.00
12049,2124,3,Satay with Peanut Sauce (1pc),Starters,1,3.00,,3.00
12050,2125,15,Padmanadi Vegetable Deluxe,Veggie & Tofu,1,19.00,,19.00
12051,2125,49,Lunch Special,Lunch Special,1,18.00,Entree: Spicy Nuggets,18.00
12052,2126,24,Tempeh Pulau,Veggie & Tofu,1,20.00,,20.00
12053,2126,60,Matcha Latte,Tea,1,6.50,,6.50
12054,2126,49,Lunch Special,Lunch Special,1,18.00,Entree: Curry Mutton,18.00
12055,2126,51,Soy Latte,Coffee,1,5.50,,5.50
12056,2126,49,Lunch Special,Lunch Special,1,18.00,Entree: Savory Eggplant,18.00
12057,2126,43,Singapore Noodle,Rice & Noodles,1,19.00,,19.00
12058,2126,64,Sparkling Yuzu,Drinks,1,8.50,,8.50
12059,2126,49,Lunch Special,Lunch Special,1,18.00,Entree: Chili Green Beans,18.00
12060,2126,52,Soy Mocha,Coffee,1,6.00,,6.00
12061,2126,45,Bali Buddha Bowl,Rice & Noodles,1,18.00,,18.00
12062,2126,56,Organic Tea,Tea,1,3.50,,3.50
12063,2127,43,Singapore Noodle,Rice & Noodles,1,19.00,Sauce on Side,19.00
12064,2127,21,Mapo Tofu,Veggie & Tofu,1,19.00,No Cilantro,19.00
12065,2127,47,Coconut Rice,Sides,1,3.00,,3.00
12066,2127,66,Assorted Soft Drinks,Drinks,1,2.50,,2.50
12067,2128,39,Nasi Goreng,Rice & Noodles,1,18.00,Extra Sauce,18.00
12068,2128,32,General Tao Chicken,Plant-Based Meat,1,21.00,,21.00
12069,2128,48,Brown Rice,Sides,1,3.00,,3.00
12070,2128,66,Assorted Soft Drinks,Drinks,1,2.50,,2.50
12071,2128,49,Lunch Special,Lunch Special,1,18.00,Entree: Curried Tofu w/ Vegetables,18.00
12072,2128,66,Assorted Soft Drinks,Drinks,1,2.50,,2.50
12073,2129,32,General Tao Chicken,Plant-Based Meat,1,21.00,,21.00
12074,2129,49,Lunch Special,Lunch Special,1,18.00,Entree: Savory Eggplant,18.00
12075,2129,78,Sub Brown Rice (+1),Extras,1,1.00,,1.00
12076,2129,8,Breaded Cauliflower Bites,Starters,1,13.00,,13.00
12077,2129,70,Panna Cotta,Desserts,1,9.00,,9.00
12078,2130,20,Spicy Coconut Eggplant,Veggie & Tofu,1,18.00,,18.00
12079,2130,48,Brown Rice,Sides,1,3.00,,3.00
12080,2130,53,Vegan Iced Coffee,Coffee,1,5.50,,5.50
12081,2130,27,Kung Pao Chicken,Plant-Based Meat,1,20.00,,20.00
12082,2130,47,Coconut Rice,Sides,1,3.00,,3.00
12083,2130,63,Iced Pineapple,Drinks,1,7.50,,7.50
12084,2130,44,Lemongrass Vermicelli Bowl,Rice & Noodles,1,20.00,,20.00
12085,2130,70,Panna Cotta,Desserts,1,9.00,,9.00
12086,2130,71,Fried Banana with Coconut Ice Cream,Desserts,1,13.00,,13.00
12087,2131,49,Lunch Special,Lunch Special,1,18.00,Entree: Teriyaki Chicken,18.00
12088,2131,54,Iced Brown Sugar Oat Latte,Coffee,1,6.50,,6.50
12089,2132,30,Sweet & Sour Chicken,Plant-Based Meat,1,19.00,Gluten Friendly,19.00
12090,2132,48,Brown Rice,Sides,1,3.00,,3.00
12091,2132,30,Sweet & Sour Chicken,Plant-Based Meat,1,19.00,,19.00
12092,2133,49,Lunch Special,Lunch Special,1,18.00,Entree: Teriyaki Chicken,18.00
12093,2133,58,London Fog,Tea,1,5.50,,5.50
12094,2133,49,Lunch Special,Lunch Special,1,18.00,Entree: Teriyaki Chicken,18.00
12095,2133,59,Hot Chocolate,Tea,1,5.00,,5.00
12096,2134,28,Ginger Beef,Plant-Based Meat,1,21.00,,21.00
12097,2134,21,Mapo Tofu,Veggie & Tofu,1,19.00,,19.00
12098,2134,47,Coconut Rice,Sides,1,3.00,,3.00
12099,2134,28,Ginger Beef,Plant-Based Meat,1,21.00,,21.00
12100,2134,46,Jasmine Rice,Sides,1,2.75,,2.75
12101,2134,49,Lunch Special,Lunch Special,1,18.00,Entree: Curry Mutton,18.00
12102,2134,22,Pan-Fried Broccoli & Cauliflower,Veggie & Tofu,1,18.00,No Onion,18.00
12103,2134,48,Brown Rice,Sides,1,3.00,,3.00
12104,2134,51,Soy Latte,Coffee,1,5.50,,5.50
12105,2134,70,Panna Cotta,Desserts,1,9.00,,9.00
12106,2135,34,Curry Mutton,Plant-Based Meat,1,22.00,,22.00
12107,2135,67,Raspberry Lime Italian Soda,Drinks,1,6.50,,6.50
12108,2135,24,Tempeh Pulau,Veggie & Tofu,1,20.00,No Mushrooms,20.00
12109,2135,58,London Fog,Tea,1,5.50,,5.50
12110,2135,49,Lunch Special,Lunch Special,1,18.00,Entree: Teriyaki Chicken,18.00
12111,2136,49,Lunch Special,Lunch Special,1,18.00,Entree: Sweet & Sour Chicken,18.00
12112,2136,65,Iced Passion Fruit Green Tea,Drinks,1,7.00,,7.00
12113,2137,29,Dendeng,Plant-Based Meat,1,20.00,Less Spicy,20.00
12114,2137,42,Kwetiau Goreng,Rice & Noodles,1,19.00,,19.00
12115,2138,49,Lunch Special,Lunch Special,1,18.00,Entree: Savory Eggplant,18.00
12116,2138,54,Iced Brown Sugar Oat Latte,Coffee,1,6.50,,6.50
12117,2138,72,Vegan Ice Cream,Desserts,1,7.00,,7.00
12118,2139,30,Sweet & Sour Chicken,Plant-Based Meat,1,19.00,Sauce on Side,19.00
12119,2139,47,Coconut Rice,Sides,1,3.00,,3.00
12120,2139,28,Ginger Beef,Plant-Based Meat,1,21.00,,21.00
12121,2139,53,Vegan Iced Coffee,Coffee,1,5.50,,5.50
12122,2139,3,Satay with Peanut Sauce (1pc),Starters,1,3.00,,3.00
12123,2140,49,Lunch Special,Lunch Special,1,18.00,Entree: Chili Tofu,18.00
12124,2140,68,Iced Blackberry Hibiscus Tea,Drinks,1,7.00,,7.00
12125,2140,27,Kung Pao Chicken,Plant-Based Meat,1,20.00,Gluten Friendly,20.00
12126,2140,46,Jasmine Rice,Sides,1,2.75,,2.75
12127,2140,37,Teriyaki Chicken,Plant-Based Meat,1,19.00,No Mushrooms,19.00
12128,2140,47,Coconut Rice,Sides,1,3.00,,3.00
12129,2140,62,Iced Lychee,Drinks,1,7.50,,7.50
12130,2140,49,Lunch Special,Lunch Special,1,18.00,Entree: Sweet & Sour Nuggets,18.00
12131,2140,51,Soy Latte,Coffee,1,5.50,,5.50
12132,2140,4,Satay with Peanut Sauce (3pc),Starters,1,10.00,,10.00
12133,2140,11,Fried Enoki Mushroom,Starters,1,16.00,,16.00
12134,2140,70,Panna Cotta,Desserts,1,9.00,,9.00
12135,2141,49,Lunch Special,Lunch Special,1,18.00,Entree: Sweet & Sour Nuggets,18.00
12136,2141,66,Assorted Soft Drinks,Drinks,1,2.50,,2.50
12137,2141,41,Bihun Goreng,Rice & Noodles,1,18.00,,18.00
12138,2141,63,Iced Pineapple,Drinks,1,7.50,,7.50
12139,2141,13,Tom Yum Soup,Soups,1,18.00,,18.00
12140,2141,79,Add Noodles (Soup),Extras,1,3.00,,3.00
12141,2141,49,Lunch Special,Lunch Special,1,18.00,Entree: Chili Green Beans,18.00
12142,2141,57,Soy Chai Latte,Tea,1,5.50,,5.50
12143,2142,38,Rendang,Plant-Based Meat,1,20.00,Allergy: Nuts,20.00
12144,2142,75,Extra Tofu,Extras,1,4.00,,4.00
12145,2142,18,King Oyster Mushroom Gaylan,Veggie & Tofu,1,20.00,,20.00
12146,2142,46,Jasmine Rice,Sides,1,2.75,,2.75
12147,2142,49,Lunch Special,Lunch Special,1,18.00,Entree: Chili Green Beans,18.00
12148,2142,52,Soy Mocha,Coffee,1,6.00,,6.00
12149,2143,12,Wonton Soup,Soups,1,18.00,,18.00
12150,2143,66,Assorted Soft Drinks,Drinks,1,2.50,,2.50
12151,2144,18,King Oyster Mushroom Gaylan,Veggie & Tofu,1,20.00,,20.00
12152,2144,10,Bean Curd Drumsticks,Starters,1,13.00,,13.00
12153,2145,27,Kung Pao Chicken,Plant-Based Meat,1,20.00,Less Spicy,20.00
12154,2145,68,Iced Blackberry Hibiscus Tea,Drinks,1,7.00,,7.00
12155,2146,49,Lunch Special,Lunch Special,1,18.00,Entree: Sweet & Sour Nuggets,18.00
12156,2146,60,Matcha Latte,Tea,1,6.50,,6.50
12157,2146,2,Vegetable Spring Rolls (6pc),Starters,1,9.00,,9.00
12158,2147,49,Lunch Special,Lunch Special,1,18.00,Entree: Curry Chicken,18.00
12159,2147,36,Spicy Shrimp,Plant-Based Meat,1,20.00,Extra Spicy,20.00
12160,2147,46,Jasmine Rice,Sides,1,2.75,,2.75
12161,2147,50,Americano,Coffee,1,4.50,,4.50
12162,2147,49,Lunch Special,Lunch Special,1,18.00,Entree: Savory Eggplant,18.00
12163,2147,78,Sub Brown Rice (+1),Extras,1,1.00,,1.00
12164,2147,12,Wonton Soup,Soups,1,18.00,,18.00
12165,2147,7,Roti Canai,Starters,1,13.00,,13.00
12166,2148,25,Mushroom Tofu,Veggie & Tofu,1,19.00,Allergy: Nuts,19.00
12167,2148,71,Fried Banana with Coconut Ice Cream,Desserts,1,13.00,,13.00
12168,2149,22,Pan-Fried Broccoli & Cauliflower,Veggie & Tofu,1,18.00,No Peanuts,18.00
12169,2149,48,Brown Rice,Sides,1,3.00,,3.00
12170,2149,27,Kung Pao Chicken,Plant-Based Meat,1,20.00,Allergy: Nuts,20.00
12171,2149,28,Ginger Beef,Plant-Based Meat,1,21.00,,21.00
12172,2149,47,Coconut Rice,Sides,1,3.00,,3.00
12173,2149,28,Ginger Beef,Plant-Based Meat,1,21.00,No Onion,21.00
12174,2149,1,Vegetable Spring Rolls (3pc),Starters,1,6.00,,6.00
12175,2149,70,Panna Cotta,Desserts,1,9.00,,9.00
12176,2150,36,Spicy Shrimp,Plant-Based Meat,1,20.00,,20.00
12177,2150,48,Brown Rice,Sides,1,3.00,,3.00
12178,2150,33,Curry Chicken,Plant-Based Meat,1,22.00,Sauce on Side,22.00
12179,2150,51,Soy Latte,Coffee,1,5.50,,5.50
12180,2150,28,Ginger Beef,Plant-Based Meat,1,21.00,,21.00
12181,2150,18,King Oyster Mushroom Gaylan,Veggie & Tofu,1,20.00,,20.00
12182,2150,58,London Fog,Tea,1,5.50,,5.50
12183,2150,37,Teriyaki Chicken,Plant-Based Meat,1,19.00,Gluten Friendly,19.00
12184,2150,46,Jasmine Rice,Sides,1,2.75,,2.75
12185,2150,51,Soy Latte,Coffee,1,5.50,,5.50
12186,2150,73,Chocolate Mousse,Desserts,1,9.00,,9.00
12187,2151,27,Kung Pao Chicken,Plant-Based Meat,1,20.00,,20.00
12188,2151,62,Iced Lychee,Drinks,1,7.50,,7.50
12189,2151,41,Bihun Goreng,Rice & Noodles,1,18.00,,18.00
12190,2151,30,Sweet & Sour Chicken,Plant-Based Meat,1,19.00,Gluten Friendly,19.00
12191,2151,4,Satay with Peanut Sauce (3pc),Starters,1,10.00,,10.00
12192,2152,44,Lemongrass Vermicelli Bowl,Rice & Noodles,1,20.00,,20.00
12193,2152,67,Raspberry Lime Italian Soda,Drinks,1,6.50,,6.50
12194,2153,28,Ginger Beef,Plant-Based Meat,1,21.00,,21.00
12195,2153,56,Organic Tea,Tea,1,3.50,,3.50
12196,2154,28,Ginger Beef,Plant-Based Meat,1,21.00,,21.00
12197,2155,14,Spicy Curry Noodle Soup,Soups,1,18.00,No Mushrooms,18.00
12198,2155,58,London Fog,Tea,1,5.50,,5.50
12199,2155,30,Sweet & Sour Chicken,Plant-Based Meat,1,19.00,,19.00
12200,2155,76,Extra Veggies,Extras,1,4.00,,4.00
12201,2155,33,Curry Chicken,Plant-Based Meat,1,22.00,,22.00
12202,2155,32,General Tao Chicken,Plant-Based Meat,1,21.00,,21.00
12203,2155,48,Brown Rice,Sides,1,3.00,,3.00
12204,2155,75,Extra Tofu,Extras,1,4.00,,4.00
12205,2155,62,Iced Lychee,Drinks,1,7.50,,7.50
12206,2155,4,Satay with Peanut Sauce (3pc),Starters,1,10.00,,10.00
12207,2155,5,Deep Fried Tofu,Starters,1,13.00,,13.00
12208,2156,13,Tom Yum Soup,Soups,1,18.00,No Cilantro,18.00
12209,2156,32,General Tao Chicken,Plant-Based Meat,1,21.00,,21.00
12210,2156,48,Brown Rice,Sides,1,3.00,,3.00
12211,2157,37,Teriyaki Chicken,Plant-Based Meat,1,19.00,Extra Sauce,19.00
12212,2157,68,Iced Blackberry Hibiscus Tea,Drinks,1,7.00,,7.00
12213,2158,28,Ginger Beef,Plant-Based Meat,1,21.00,,21.00
12214,2158,2,Vegetable Spring Rolls (6pc),Starters,1,9.00,,9.00
12215,2159,15,Padmanadi Vegetable Deluxe,Veggie & Tofu,1,19.00,,19.00
12216,2159,25,Mushroom Tofu,Veggie & Tofu,1,19.00,,19.00
12217,2159,46,Jasmine Rice,Sides,1,2.75,,2.75
12218,2159,62,Iced Lychee,Drinks,1,7.50,,7.50
12219,2159,31,Spicy Chicken,Plant-Based Meat,1,19.00,,19.00
12220,2159,75,Extra Tofu,Extras,1,4.00,,4.00
12221,2159,16,Chili Green Beans,Veggie & Tofu,1,19.00,,19.00
12222,2159,48,Brown Rice,Sides,1,3.00,,3.00
12223,2159,52,Soy Mocha,Coffee,1,6.00,,6.00
12224,2159,69,Cheesecake,Desserts,1,11.00,,11.00
12225,2159,69,Cheesecake,Desserts,1,11.00,,11.00
12226,2160,25,Mushroom Tofu,Veggie & Tofu,1,19.00,No Mushrooms,19.00
12227,2160,63,Iced Pineapple,Drinks,1,7.50,,7.50
12228,2161,40,Bakmi Goreng,Rice & Noodles,1,19.00,Allergy: Nuts,19.00
12229,2161,37,Teriyaki Chicken,Plant-Based Meat,1,19.00,,19.00
12230,2161,48,Brown Rice,Sides,1,3.00,,3.00
12231,2161,3,Satay with Peanut Sauce (1pc),Starters,1,3.00,,3.00
12232,2162,15,Padmanadi Vegetable Deluxe,Veggie & Tofu,1,19.00,Extra Spicy,19.00
12233,2162,46,Jasmine Rice,Sides,1,2.75,,2.75
12234,2162,51,Soy Latte,Coffee,1,5.50,,5.50
12235,2162,12,Wonton Soup,Soups,1,18.00,Extra Spicy,18.00
12236,2162,54,Iced Brown Sugar Oat Latte,Coffee,1,6.50,,6.50
12237,2162,39,Nasi Goreng,Rice & Noodles,1,18.00,No Mushrooms,18.00
12238,2162,52,Soy Mocha,Coffee,1,6.00,,6.00
12239,2162,33,Curry Chicken,Plant-Based Meat,1,22.00,,22.00
12240,2162,11,Fried Enoki Mushroom,Starters,1,16.00,,16.00
12241,2162,7,Roti Canai,Starters,1,13.00,,13.00
12242,2163,15,Padmanadi Vegetable Deluxe,Veggie & Tofu,1,19.00,,19.00
12243,2163,46,Jasmine Rice,Sides,1,2.75,,2.75
12244,2163,45,Bali Buddha Bowl,Rice & Noodles,1,18.00,,18.00
12245,2163,51,Soy Latte,Coffee,1,5.50,,5.50
12246,2164,23,Curry Vegetables & Tofu,Veggie & Tofu,1,20.00,Allergy: Nuts,20.00
12247,2164,38,Rendang,Plant-Based Meat,1,20.00,Allergy: Nuts,20.00
12248,2164,50,Americano,Coffee,1,4.50,,4.50
12249,2164,45,Bali Buddha Bowl,Rice & Noodles,1,18.00,No Mushrooms,18.00
12250,2164,75,Extra Tofu,Extras,1,4.00,,4.00
12251,2164,69,Cheesecake,Desserts,1,11.00,,11.00
12252,2165,31,Spicy Chicken,Plant-Based Meat,1,19.00,,19.00
12253,2165,47,Coconut Rice,Sides,1,3.00,,3.00
12254,2166,33,Curry Chicken,Plant-Based Meat,1,22.00,Extra Spicy,22.00
12255,2166,63,Iced Pineapple,Drinks,1,7.50,,7.50
12256,2167,15,Padmanadi Vegetable Deluxe,Veggie & Tofu,1,19.00,Gluten Friendly,19.00
12257,2167,56,Organic Tea,Tea,1,3.50,,3.50
12258,2167,21,Mapo Tofu,Veggie & Tofu,1,19.00,No Mushrooms,19.00
12259,2167,58,London Fog,Tea,1,5.50,,5.50
12260,2167,30,Sweet & Sour Chicken,Plant-Based Meat,1,19.00,,19.00
12261,2167,76,Extra Veggies,Extras,1,4.00,,4.00
12262,2167,66,Assorted Soft Drinks,Drinks,1,2.50,,2.50
12263,2168,14,Spicy Curry Noodle Soup,Soups,1,18.00,,18.00
12264,2168,56,Organic Tea,Tea,1,3.50,,3.50
12265,2168,1,Vegetable Spring Rolls (3pc),Starters,1,6.00,,6.00
12266,2168,69,Cheesecake,Desserts,1,11.00,,11.00
12267,2169,30,Sweet & Sour Chicken,Plant-Based Meat,1,19.00,Extra Sauce,19.00
12268,2169,46,Jasmine Rice,Sides,1,2.75,,2.75
12269,2169,54,Iced Brown Sugar Oat Latte,Coffee,1,6.50,,6.50
12270,2169,43,Singapore Noodle,Rice & Noodles,1,19.00,Sauce on Side,19.00
12271,2169,66,Assorted Soft Drinks,Drinks,1,2.50,,2.50
12272,2169,28,Ginger Beef,Plant-Based Meat,1,21.00,,21.00
12273,2169,46,Jasmine Rice,Sides,1,2.75,,2.75
12274,2169,61,Iced Oat Strawberry Matcha,Tea,1,8.50,,8.50
12275,2169,28,Ginger Beef,Plant-Based Meat,1,21.00,Extra Spicy,21.00
12276,2169,48,Brown Rice,Sides,1,3.00,,3.00
12277,2169,66,Assorted Soft Drinks,Drinks,1,2.50,,2.50
12278,2169,72,Vegan Ice Cream,Desserts,1,7.00,,7.00
12279,2169,71,Fried Banana with Coconut Ice Cream,Desserts,1,13.00,,13.00
12280,2170,36,Spicy Shrimp,Plant-Based Meat,1,20.00,Allergy: Nuts,20.00
12281,2170,65,Iced Passion Fruit Green Tea,Drinks,1,7.00,,7.00
12282,2171,33,Curry Chicken,Plant-Based Meat,1,22.00,Less Spicy,22.00
12283,2171,46,Jasmine Rice,Sides,1,2.75,,2.75
12284,2171,62,Iced Lychee,Drinks,1,7.50,,7.50
12285,2171,41,Bihun Goreng,Rice & Noodles,1,18.00,,18.00
12286,2171,64,Sparkling Yuzu,Drinks,1,8.50,,8.50
12287,2171,16,Chili Green Beans,Veggie & Tofu,1,19.00,No Cilantro,19.00
12288,2171,60,Matcha Latte,Tea,1,6.50,,6.50
12289,2172,29,Dendeng,Plant-Based Meat,1,20.00,Gluten Friendly,20.00
12290,2172,75,Extra Tofu,Extras,1,4.00,,4.00
12291,2172,37,Teriyaki Chicken,Plant-Based Meat,1,19.00,,19.00
12292,2172,46,Jasmine Rice,Sides,1,2.75,,2.75
12293,2172,2,Vegetable Spring Rolls (6pc),Starters,1,9.00,,9.00
12294,2173,36,Spicy Shrimp,Plant-Based Meat,1,20.00,No Mushrooms,20.00
12295,2173,64,Sparkling Yuzu,Drinks,1,8.50,,8.50
12296,2173,32,General Tao Chicken,Plant-Based Meat,1,21.00,Allergy: Nuts,21.00
12297,2173,48,Brown Rice,Sides,1,3.00,,3.00
12298,2173,61,Iced Oat Strawberry Matcha,Tea,1,8.50,,8.50
12299,2174,45,Bali Buddha Bowl,Rice & Noodles,1,18.00,Allergy: Nuts,18.00
12300,2174,55,Decaf Coffee,Coffee,1,4.50,,4.50
12301,2174,29,Dendeng,Plant-Based Meat,1,20.00,,20.00
12302,2174,54,Iced Brown Sugar Oat Latte,Coffee,1,6.50,,6.50
12303,2174,40,Bakmi Goreng,Rice & Noodles,1,19.00,Sauce on Side,19.00
12304,2174,50,Americano,Coffee,1,4.50,,4.50
12305,2174,44,Lemongrass Vermicelli Bowl,Rice & Noodles,1,20.00,,20.00
12306,2174,4,Satay with Peanut Sauce (3pc),Starters,1,10.00,,10.00
12307,2175,28,Ginger Beef,Plant-Based Meat,1,21.00,,21.00
12308,2175,28,Ginger Beef,Plant-Based Meat,1,21.00,,21.00
12309,2175,46,Jasmine Rice,Sides,1,2.75,,2.75
12310,2175,54,Iced Brown Sugar Oat Latte,Coffee,1,6.50,,6.50
12311,2175,40,Bakmi Goreng,Rice & Noodles,1,19.00,Extra Spicy,19.00
12312,2175,60,Matcha Latte,Tea,1,6.50,,6.50
12313,2175,33,Curry Chicken,Plant-Based Meat,1,22.00,,22.00
12314,2175,46,Jasmine Rice,Sides,1,2.75,,2.75
12315,2175,60,Matcha Latte,Tea,1,6.50,,6.50
12316,2176,24,Tempeh Pulau,Veggie & Tofu,1,20.00,,20.00
12317,2176,51,Soy Latte,Coffee,1,5.50,,5.50
12318,2176,39,Nasi Goreng,Rice & Noodles,1,18.00,,18.00
12319,2176,64,Sparkling Yuzu,Drinks,1,8.50,,8.50
12320,2176,21,Mapo Tofu,Veggie & Tofu,1,19.00,Gluten Friendly,19.00
12321,2176,16,Chili Green Beans,Veggie & Tofu,1,19.00,,19.00
12322,2176,58,London Fog,Tea,1,5.50,,5.50
12323,2176,24,Tempeh Pulau,Veggie & Tofu,1,20.00,,20.00
12324,2176,61,Iced Oat Strawberry Matcha,Tea,1,8.50,,8.50
12325,2176,6,Gado Gado,Starters,1,14.00,,14.00
12326,2177,36,Spicy Shrimp,Plant-Based Meat,1,20.00,Allergy: Nuts,20.00
12327,2177,38,Rendang,Plant-Based Meat,1,20.00,Sauce on Side,20.00
12328,2177,46,Jasmine Rice,Sides,1,2.75,,2.75
12329,2177,9,Crispy Chicken Strips,Starters,1,13.00,,13.00
12330,2178,30,Sweet & Sour Chicken,Plant-Based Meat,1,19.00,Extra Spicy,19.00
12331,2178,59,Hot Chocolate,Tea,1,5.00,,5.00
12332,2178,15,Padmanadi Vegetable Deluxe,Veggie & Tofu,1,19.00,,19.00
12333,2178,46,Jasmine Rice,Sides,1,2.75,,2.75
12334,2178,9,Crispy Chicken Strips,Starters,1,13.00,,13.00
12335,2178,71,Fried Banana with Coconut Ice Cream,Desserts,1,13.00,,13.00
12336,2179,32,General Tao Chicken,Plant-Based Meat,1,21.00,Less Spicy,21.00
12337,2179,68,Iced Blackberry Hibiscus Tea,Drinks,1,7.00,,7.00
12338,2179,39,Nasi Goreng,Rice & Noodles,1,18.00,,18.00
12339,2179,63,Iced Pineapple,Drinks,1,7.50,,7.50
12340,2179,36,Spicy Shrimp,Plant-Based Meat,1,20.00,No Cilantro,20.00
12341,2179,73,Chocolate Mousse,Desserts,1,9.00,,9.00
12342,2179,72,Vegan Ice Cream,Desserts,1,7.00,,7.00
12343,2180,33,Curry Chicken,Plant-Based Meat,1,22.00,Less Spicy,22.00
12344,2180,46,Jasmine Rice,Sides,1,2.75,,2.75
12345,2180,34,Curry Mutton,Plant-Based Meat,1,22.00,Extra Spicy,22.00
12346,2180,46,Jasmine Rice,Sides,1,2.75,,2.75
12347,2180,52,Soy Mocha,Coffee,1,6.00,,6.00
12348,2180,19,Savory Eggplant,Veggie & Tofu,1,18.00,,18.00
12349,2180,32,General Tao Chicken,Plant-Based Meat,1,21.00,Allergy: Nuts,21.00
12350,2180,1,Vegetable Spring Rolls (3pc),Starters,1,6.00,,6.00
12351,2180,70,Panna Cotta,Desserts,1,9.00,,9.00
12352,2181,43,Singapore Noodle,Rice & Noodles,1,19.00,Allergy: Nuts,19.00
12353,2181,65,Iced Passion Fruit Green Tea,Drinks,1,7.00,,7.00
12354,2181,17,Spicy String Beans,Veggie & Tofu,1,19.00,Sauce on Side,19.00
12355,2181,57,Soy Chai Latte,Tea,1,5.50,,5.50
12356,2181,1,Vegetable Spring Rolls (3pc),Starters,1,6.00,,6.00
12357,2182,33,Curry Chicken,Plant-Based Meat,1,22.00,,22.00
12358,2182,48,Brown Rice,Sides,1,3.00,,3.00
12359,2182,28,Ginger Beef,Plant-Based Meat,1,21.00,Sauce on Side,21.00
12360,2182,28,Ginger Beef,Plant-Based Meat,1,21.00,Gluten Friendly,21.00
12361,2182,46,Jasmine Rice,Sides,1,2.75,,2.75
12362,2183,28,Ginger Beef,Plant-Based Meat,1,21.00,,21.00
12363,2183,33,Curry Chicken,Plant-Based Meat,1,22.00,Less Spicy,22.00
12364,2183,46,Jasmine Rice,Sides,1,2.75,,2.75
12365,2183,54,Iced Brown Sugar Oat Latte,Coffee,1,6.50,,6.50
12366,2184,28,Ginger Beef,Plant-Based Meat,1,21.00,Less Spicy,21.00
12367,2184,10,Bean Curd Drumsticks,Starters,1,13.00,,13.00
12368,2185,28,Ginger Beef,Plant-Based Meat,1,21.00,,21.00
12369,2185,46,Jasmine Rice,Sides,1,2.75,,2.75
12370,2185,66,Assorted Soft Drinks,Drinks,1,2.50,,2.50
12371,2186,18,King Oyster Mushroom Gaylan,Veggie & Tofu,1,20.00,No Cilantro,20.00
12372,2186,47,Coconut Rice,Sides,1,3.00,,3.00
12373,2186,35,Sweet & Sour Shrimp,Plant-Based Meat,1,20.00,,20.00
12374,2186,37,Teriyaki Chicken,Plant-Based Meat,1,19.00,Extra Sauce,19.00
12375,2186,66,Assorted Soft Drinks,Drinks,1,2.50,,2.50
12376,2186,4,Satay with Peanut Sauce (3pc),Starters,1,10.00,,10.00
12377,2187,29,Dendeng,Plant-Based Meat,1,20.00,Sauce on Side,20.00
12378,2187,46,Jasmine Rice,Sides,1,2.75,,2.75
12379,2187,74,Extra Protein,Extras,1,5.00,,5.00
12380,2187,56,Organic Tea,Tea,1,3.50,,3.50
12381,2187,40,Bakmi Goreng,Rice & Noodles,1,19.00,Gluten Friendly,19.00
12382,2187,27,Kung Pao Chicken,Plant-Based Meat,1,20.00,,20.00
12383,2187,48,Brown Rice,Sides,1,3.00,,3.00
12384,2187,51,Soy Latte,Coffee,1,5.50,,5.50
12385,2187,37,Teriyaki Chicken,Plant-Based Meat,1,19.00,Allergy: Nuts,19.00
12386,2187,51,Soy Latte,Coffee,1,5.50,,5.50
12387,2188,27,Kung Pao Chicken,Plant-Based Meat,1,20.00,,20.00
12388,2188,46,Jasmine Rice,Sides,1,2.75,,2.75
12389,2188,36,Spicy Shrimp,Plant-Based Meat,1,20.00,Extra Spicy,20.00
12390,2188,47,Coconut Rice,Sides,1,3.00,,3.00
12391,2188,50,Americano,Coffee,1,4.50,,4.50
12392,2188,38,Rendang,Plant-Based Meat,1,20.00,,20.00
12393,2188,35,Sweet & Sour Shrimp,Plant-Based Meat,1,20.00,,20.00
12394,2188,46,Jasmine Rice,Sides,1,2.75,,2.75
12395,2188,76,Extra Veggies,Extras,1,4.00,,4.00
12396,2188,50,Americano,Coffee,1,4.50,,4.50
12397,2188,45,Bali Buddha Bowl,Rice & Noodles,1,18.00,,18.00
12398,2188,59,Hot Chocolate,Tea,1,5.00,,5.00
12399,2188,1,Vegetable Spring Rolls (3pc),Starters,1,6.00,,6.00
12400,2189,36,Spicy Shrimp,Plant-Based Meat,1,20.00,No Onion,20.00
12401,2189,47,Coconut Rice,Sides,1,3.00,,3.00
12402,2189,19,Savory Eggplant,Veggie & Tofu,1,18.00,,18.00
12403,2189,63,Iced Pineapple,Drinks,1,7.50,,7.50
12404,2189,32,General Tao Chicken,Plant-Based Meat,1,21.00,,21.00
12405,2189,48,Brown Rice,Sides,1,3.00,,3.00
12406,2189,65,Iced Passion Fruit Green Tea,Drinks,1,7.00,,7.00
12407,2189,16,Chili Green Beans,Veggie & Tofu,1,19.00,,19.00
12408,2189,21,Mapo Tofu,Veggie & Tofu,1,19.00,,19.00
12409,2189,47,Coconut Rice,Sides,1,3.00,,3.00
12410,2189,51,Soy Latte,Coffee,1,5.50,,5.50
12411,2189,38,Rendang,Plant-Based Meat,1,20.00,,20.00
12412,2189,46,Jasmine Rice,Sides,1,2.75,,2.75
12413,2189,50,Americano,Coffee,1,4.50,,4.50
12414,2189,7,Roti Canai,Starters,1,13.00,,13.00
12415,2190,22,Pan-Fried Broccoli & Cauliflower,Veggie & Tofu,1,18.00,Gluten Friendly,18.00
12416,2190,24,Tempeh Pulau,Veggie & Tofu,1,20.00,No Mushrooms,20.00
12417,2190,17,Spicy String Beans,Veggie & Tofu,1,19.00,,19.00
12418,2190,34,Curry Mutton,Plant-Based Meat,1,22.00,,22.00
12419,2190,33,Curry Chicken,Plant-Based Meat,1,22.00,,22.00
12420,2190,47,Coconut Rice,Sides,1,3.00,,3.00
12421,2190,55,Decaf Coffee,Coffee,1,4.50,,4.50
12422,2191,27,Kung Pao Chicken,Plant-Based Meat,1,20.00,No Onion,20.00
12423,2192,15,Padmanadi Vegetable Deluxe,Veggie & Tofu,1,19.00,,19.00
12424,2192,66,Assorted Soft Drinks,Drinks,1,2.50,,2.50
12425,2192,13,Tom Yum Soup,Soups,1,18.00,,18.00
12426,2192,67,Raspberry Lime Italian Soda,Drinks,1,6.50,,6.50
12427,2192,2,Vegetable Spring Rolls (6pc),Starters,1,9.00,,9.00
12428,2193,45,Bali Buddha Bowl,Rice & Noodles,1,18.00,,18.00
12429,2193,51,Soy Latte,Coffee,1,5.50,,5.50
12430,2194,22,Pan-Fried Broccoli & Cauliflower,Veggie & Tofu,1,18.00,,18.00
12431,2194,33,Curry Chicken,Plant-Based Meat,1,22.00,,22.00
12432,2194,46,Jasmine Rice,Sides,1,2.75,,2.75
12433,2194,53,Vegan Iced Coffee,Coffee,1,5.50,,5.50
12434,2195,26,Chili Tofu,Veggie & Tofu,1,19.00,Extra Spicy,19.00
12435,2195,47,Coconut Rice,Sides,1,3.00,,3.00
12436,2195,64,Sparkling Yuzu,Drinks,1,8.50,,8.50
12437,2195,26,Chili Tofu,Veggie & Tofu,1,19.00,,19.00
12438,2195,60,Matcha Latte,Tea,1,6.50,,6.50
12439,2196,45,Bali Buddha Bowl,Rice & Noodles,1,18.00,No Cilantro,18.00
12440,2196,71,Fried Banana with Coconut Ice Cream,Desserts,1,13.00,,13.00
12441,2197,33,Curry Chicken,Plant-Based Meat,1,22.00,,22.00
12442,2197,74,Extra Protein,Extras,1,5.00,,5.00
12443,2197,64,Sparkling Yuzu,Drinks,1,8.50,,8.50
12444,2197,23,Curry Vegetables & Tofu,Veggie & Tofu,1,20.00,,20.00
12445,2197,62,Iced Lychee,Drinks,1,7.50,,7.50
12446,2197,71,Fried Banana with Coconut Ice Cream,Desserts,1,13.00,,13.00
12447,2197,71,Fried Banana with Coconut Ice Cream,Desserts,1,13.00,,13.00
12448,2198,13,Tom Yum Soup,Soups,1,18.00,,18.00
12449,2198,79,Add Noodles (Soup),Extras,1,3.00,,3.00
12450,2198,74,Extra Protein,Extras,1,5.00,,5.00
12451,2198,14,Spicy Curry Noodle Soup,Soups,1,18.00,,18.00
12452,2199,23,Curry Vegetables & Tofu,Veggie & Tofu,1,20.00,,20.00
12453,2199,48,Brown Rice,Sides,1,3.00,,3.00
12454,2199,63,Iced Pineapple,Drinks,1,7.50,,7.50
12455,2200,29,Dendeng,Plant-Based Meat,1,20.00,,20.00
12456,2200,46,Jasmine Rice,Sides,1,2.75,,2.75
12457,2200,28,Ginger Beef,Plant-Based Meat,1,21.00,Allergy: Nuts,21.00
12458,2200,24,Tempeh Pulau,Veggie & Tofu,1,20.00,Sauce on Side,20.00
12459,2200,46,Jasmine Rice,Sides,1,2.75,,2.75
12460,2200,28,Ginger Beef,Plant-Based Meat,1,21.00,No Onion,21.00
12461,2200,46,Jasmine Rice,Sides,1,2.75,,2.75
12462,2200,57,Soy Chai Latte,Tea,1,5.50,,5.50
12463,2200,7,Roti Canai,Starters,1,13.00,,13.00
12464,2201,28,Ginger Beef,Plant-Based Meat,1,21.00,No Onion,21.00
12465,2201,46,Jasmine Rice,Sides,1,2.75,,2.75
12466,2201,24,Tempeh Pulau,Veggie & Tofu,1,20.00,Less Spicy,20.00
12467,2201,46,Jasmine Rice,Sides,1,2.75,,2.75
12468,2201,66,Assorted Soft Drinks,Drinks,1,2.50,,2.50
12469,2201,69,Cheesecake,Desserts,1,11.00,,11.00
12470,2202,33,Curry Chicken,Plant-Based Meat,1,22.00,,22.00
12471,2202,62,Iced Lychee,Drinks,1,7.50,,7.50
12472,2202,17,Spicy String Beans,Veggie & Tofu,1,19.00,,19.00
12473,2202,47,Coconut Rice,Sides,1,3.00,,3.00
12474,2202,65,Iced Passion Fruit Green Tea,Drinks,1,7.00,,7.00
12475,2202,33,Curry Chicken,Plant-Based Meat,1,22.00,,22.00
12476,2202,48,Brown Rice,Sides,1,3.00,,3.00
12477,2202,51,Soy Latte,Coffee,1,5.50,,5.50
12478,2202,5,Deep Fried Tofu,Starters,1,13.00,,13.00
12479,2203,18,King Oyster Mushroom Gaylan,Veggie & Tofu,1,20.00,,20.00
12480,2203,53,Vegan Iced Coffee,Coffee,1,5.50,,5.50
12481,2203,27,Kung Pao Chicken,Plant-Based Meat,1,20.00,No Onion,20.00
12482,2203,48,Brown Rice,Sides,1,3.00,,3.00
12483,2204,21,Mapo Tofu,Veggie & Tofu,1,19.00,,19.00
12484,2204,74,Extra Protein,Extras,1,5.00,,5.00
12485,2205,49,Lunch Special,Lunch Special,1,18.00,Entree: Curry Mutton,18.00
12486,2205,78,Sub Brown Rice (+1),Extras,1,1.00,,1.00
12487,2205,26,Chili Tofu,Veggie & Tofu,1,19.00,,19.00
12488,2205,46,Jasmine Rice,Sides,1,2.75,,2.75
12489,2205,66,Assorted Soft Drinks,Drinks,1,2.50,,2.50
12490,2205,38,Rendang,Plant-Based Meat,1,20.00,,20.00
12491,2205,47,Coconut Rice,Sides,1,3.00,,3.00
12492,2206,13,Tom Yum Soup,Soups,1,18.00,,18.00
12493,2206,79,Add Noodles (Soup),Extras,1,3.00,,3.00
12494,2206,65,Iced Passion Fruit Green Tea,Drinks,1,7.00,,7.00
12495,2206,19,Savory Eggplant,Veggie & Tofu,1,18.00,No Cilantro,18.00
12496,2206,46,Jasmine Rice,Sides,1,2.75,,2.75
12497,2206,55,Decaf Coffee,Coffee,1,4.50,,4.50
12498,2206,71,Fried Banana with Coconut Ice Cream,Desserts,1,13.00,,13.00
12499,2206,70,Panna Cotta,Desserts,1,9.00,,9.00
12500,2207,44,Lemongrass Vermicelli Bowl,Rice & Noodles,1,20.00,,20.00
12501,2207,67,Raspberry Lime Italian Soda,Drinks,1,6.50,,6.50
12502,2207,18,King Oyster Mushroom Gaylan,Veggie & Tofu,1,20.00,,20.00
12503,2207,76,Extra Veggies,Extras,1,4.00,,4.00
12504,2207,51,Soy Latte,Coffee,1,5.50,,5.50
12505,2207,4,Satay with Peanut Sauce (3pc),Starters,1,10.00,,10.00
12506,2208,44,Lemongrass Vermicelli Bowl,Rice & Noodles,1,20.00,No Peanuts,20.00
12507,2208,23,Curry Vegetables & Tofu,Veggie & Tofu,1,20.00,,20.00
12508,2208,47,Coconut Rice,Sides,1,3.00,,3.00
12509,2208,28,Ginger Beef,Plant-Based Meat,1,21.00,,21.00
12510,2208,53,Vegan Iced Coffee,Coffee,1,5.50,,5.50
12511,2208,49,Lunch Special,Lunch Special,1,18.00,Entree: Savory Eggplant,18.00
12512,2208,60,Matcha Latte,Tea,1,6.50,,6.50
12513,2208,49,Lunch Special,Lunch Special,1,18.00,Entree: Sweet & Sour Nuggets,18.00
12514,2208,78,Sub Brown Rice (+1),Extras,1,1.00,,1.00
12515,2208,51,Soy Latte,Coffee,1,5.50,,5.50
12516,2208,49,Lunch Special,Lunch Special,1,18.00,Entree: Padmanadi Veg Deluxe,18.00
12517,2208,54,Iced Brown Sugar Oat Latte,Coffee,1,6.50,,6.50
12518,2208,49,Lunch Special,Lunch Special,1,18.00,Entree: Kung Pao Chicken,18.00
12519,2208,60,Matcha Latte,Tea,1,6.50,,6.50
12520,2208,11,Fried Enoki Mushroom,Starters,1,16.00,,16.00
12521,2209,13,Tom Yum Soup,Soups,1,18.00,,18.00
12522,2209,79,Add Noodles (Soup),Extras,1,3.00,,3.00
12523,2209,60,Matcha Latte,Tea,1,6.50,,6.50
12524,2209,15,Padmanadi Vegetable Deluxe,Veggie & Tofu,1,19.00,Gluten Friendly,19.00
12525,2209,48,Brown Rice,Sides,1,3.00,,3.00
12526,2209,35,Sweet & Sour Shrimp,Plant-Based Meat,1,20.00,,20.00
12527,2209,48,Brown Rice,Sides,1,3.00,,3.00
12528,2209,56,Organic Tea,Tea,1,3.50,,3.50
12529,2209,17,Spicy String Beans,Veggie & Tofu,1,19.00,Less Spicy,19.00
12530,2209,46,Jasmine Rice,Sides,1,2.75,,2.75
12531,2209,66,Assorted Soft Drinks,Drinks,1,2.50,,2.50
12532,2209,3,Satay with Peanut Sauce (1pc),Starters,1,3.00,,3.00
12533,2209,69,Cheesecake,Desserts,1,11.00,,11.00
12534,2210,49,Lunch Special,Lunch Special,1,18.00,Entree: Spicy Nuggets,18.00
12535,2210,44,Lemongrass Vermicelli Bowl,Rice & Noodles,1,20.00,,20.00
12536,2210,12,Wonton Soup,Soups,1,18.00,Sauce on Side,18.00
12537,2210,62,Iced Lychee,Drinks,1,7.50,,7.50
12538,2210,39,Nasi Goreng,Rice & Noodles,1,18.00,,18.00
12539,2210,52,Soy Mocha,Coffee,1,6.00,,6.00
12540,2210,71,Fried Banana with Coconut Ice Cream,Desserts,1,13.00,,13.00
12541,2211,49,Lunch Special,Lunch Special,1,18.00,Entree: Ginger Beef,18.00
12542,2211,29,Dendeng,Plant-Based Meat,1,20.00,No Mushrooms,20.00
12543,2211,48,Brown Rice,Sides,1,3.00,,3.00
12544,2211,57,Soy Chai Latte,Tea,1,5.50,,5.50
12545,2211,34,Curry Mutton,Plant-Based Meat,1,22.00,,22.00
12546,2211,64,Sparkling Yuzu,Drinks,1,8.50,,8.50
12547,2211,10,Bean Curd Drumsticks,Starters,1,13.00,,13.00
12548,2212,37,Teriyaki Chicken,Plant-Based Meat,1,19.00,No Peanuts,19.00
12549,2212,46,Jasmine Rice,Sides,1,2.75,,2.75
12550,2212,60,Matcha Latte,Tea,1,6.50,,6.50
12551,2213,49,Lunch Special,Lunch Special,1,18.00,Entree: Curry Chicken,18.00
12552,2213,39,Nasi Goreng,Rice & Noodles,1,18.00,,18.00
12553,2213,75,Extra Tofu,Extras,1,4.00,,4.00
12554,2213,63,Iced Pineapple,Drinks,1,7.50,,7.50
12555,2213,28,Ginger Beef,Plant-Based Meat,1,21.00,Gluten Friendly,21.00
12556,2213,74,Extra Protein,Extras,1,5.00,,5.00
12557,2213,49,Lunch Special,Lunch Special,1,18.00,Entree: Ginger Beef,18.00
12558,2213,66,Assorted Soft Drinks,Drinks,1,2.50,,2.50
12559,2213,2,Vegetable Spring Rolls (6pc),Starters,1,9.00,,9.00
12560,2213,70,Panna Cotta,Desserts,1,9.00,,9.00
12561,2214,29,Dendeng,Plant-Based Meat,1,20.00,No Peanuts,20.00
12562,2214,75,Extra Tofu,Extras,1,4.00,,4.00
12563,2214,50,Americano,Coffee,1,4.50,,4.50
12564,2214,49,Lunch Special,Lunch Special,1,18.00,Entree: Sweet & Sour Chicken,18.00
12565,2214,62,Iced Lychee,Drinks,1,7.50,,7.50
12566,2214,21,Mapo Tofu,Veggie & Tofu,1,19.00,Less Spicy,19.00
12567,2214,46,Jasmine Rice,Sides,1,2.75,,2.75
12568,2215,49,Lunch Special,Lunch Special,1,18.00,Entree: Curry Mutton,18.00
12569,2215,51,Soy Latte,Coffee,1,5.50,,5.50
12570,2215,49,Lunch Special,Lunch Special,1,18.00,Entree: Sweet & Sour Chicken,18.00
12571,2215,66,Assorted Soft Drinks,Drinks,1,2.50,,2.50
12572,2215,49,Lunch Special,Lunch Special,1,18.00,Entree: Ginger Beef,18.00
12573,2215,5,Deep Fried Tofu,Starters,1,13.00,,13.00
12574,2216,49,Lunch Special,Lunch Special,1,18.00,Entree: Sweet & Sour Nuggets,18.00
12575,2216,58,London Fog,Tea,1,5.50,,5.50
12576,2216,33,Curry Chicken,Plant-Based Meat,1,22.00,Allergy: Nuts,22.00
12577,2216,46,Jasmine Rice,Sides,1,2.75,,2.75
12578,2216,53,Vegan Iced Coffee,Coffee,1,5.50,,5.50
12579,2216,9,Crispy Chicken Strips,Starters,1,13.00,,13.00
12580,2217,49,Lunch Special,Lunch Special,1,18.00,Entree: Spicy Nuggets,18.00
12581,2217,18,King Oyster Mushroom Gaylan,Veggie & Tofu,1,20.00,Allergy: Nuts,20.00
12582,2217,48,Brown Rice,Sides,1,3.00,,3.00
12583,2217,73,Chocolate Mousse,Desserts,1,9.00,,9.00
12584,2218,49,Lunch Special,Lunch Special,1,18.00,Entree: Curry Mutton,18.00
12585,2218,52,Soy Mocha,Coffee,1,6.00,,6.00
12586,2219,49,Lunch Special,Lunch Special,1,18.00,Entree: Sweet & Sour Chicken,18.00
12587,2219,66,Assorted Soft Drinks,Drinks,1,2.50,,2.50
12588,2219,32,General Tao Chicken,Plant-Based Meat,1,21.00,Extra Spicy,21.00
12589,2219,65,Iced Passion Fruit Green Tea,Drinks,1,7.00,,7.00
12590,2219,30,Sweet & Sour Chicken,Plant-Based Meat,1,19.00,Extra Sauce,19.00
12591,2219,49,Lunch Special,Lunch Special,1,18.00,Entree: Chili Tofu,18.00
12592,2219,57,Soy Chai Latte,Tea,1,5.50,,5.50
12593,2220,28,Ginger Beef,Plant-Based Meat,1,21.00,,21.00
12594,2220,76,Extra Veggies,Extras,1,4.00,,4.00
12595,2220,33,Curry Chicken,Plant-Based Meat,1,22.00,No Peanuts,22.00
12596,2220,4,Satay with Peanut Sauce (3pc),Starters,1,10.00,,10.00
12597,2220,69,Cheesecake,Desserts,1,11.00,,11.00
12598,2221,21,Mapo Tofu,Veggie & Tofu,1,19.00,No Cilantro,19.00
12599,2221,46,Jasmine Rice,Sides,1,2.75,,2.75
12600,2221,55,Decaf Coffee,Coffee,1,4.50,,4.50
12601,2221,49,Lunch Special,Lunch Special,1,18.00,Entree: Curry Chicken,18.00
12602,2221,54,Iced Brown Sugar Oat Latte,Coffee,1,6.50,,6.50
12603,2221,9,Crispy Chicken Strips,Starters,1,13.00,,13.00
12604,2222,49,Lunch Special,Lunch Special,1,18.00,Entree: Padmanadi Veg Deluxe,18.00
12605,2222,15,Padmanadi Vegetable Deluxe,Veggie & Tofu,1,19.00,Allergy: Nuts,19.00
12606,2222,46,Jasmine Rice,Sides,1,2.75,,2.75
12607,2222,56,Organic Tea,Tea,1,3.50,,3.50
12608,2222,26,Chili Tofu,Veggie & Tofu,1,19.00,,19.00
12609,2222,54,Iced Brown Sugar Oat Latte,Coffee,1,6.50,,6.50
12610,2222,33,Curry Chicken,Plant-Based Meat,1,22.00,No Mushrooms,22.00
12611,2223,44,Lemongrass Vermicelli Bowl,Rice & Noodles,1,20.00,Sauce on Side,20.00
12612,2223,50,Americano,Coffee,1,4.50,,4.50
12613,2223,49,Lunch Special,Lunch Special,1,18.00,Entree: Savory Eggplant,18.00
12614,2223,54,Iced Brown Sugar Oat Latte,Coffee,1,6.50,,6.50
12615,2223,71,Fried Banana with Coconut Ice Cream,Desserts,1,13.00,,13.00
12616,2224,33,Curry Chicken,Plant-Based Meat,1,22.00,,22.00
12617,2224,46,Jasmine Rice,Sides,1,2.75,,2.75
12618,2224,52,Soy Mocha,Coffee,1,6.00,,6.00
12619,2224,12,Wonton Soup,Soups,1,18.00,,18.00
12620,2224,36,Spicy Shrimp,Plant-Based Meat,1,20.00,,20.00
12621,2224,46,Jasmine Rice,Sides,1,2.75,,2.75
12622,2224,49,Lunch Special,Lunch Special,1,18.00,Entree: Curry Mutton,18.00
12623,2224,53,Vegan Iced Coffee,Coffee,1,5.50,,5.50
12624,2224,15,Padmanadi Vegetable Deluxe,Veggie & Tofu,1,19.00,No Cilantro,19.00
12625,2225,27,Kung Pao Chicken,Plant-Based Meat,1,20.00,,20.00
12626,2225,61,Iced Oat Strawberry Matcha,Tea,1,8.50,,8.50
12627,2225,49,Lunch Special,Lunch Special,1,18.00,Entree: Ginger Beef,18.00
12628,2225,77,Sub Coconut Rice (+1),Extras,1,1.00,,1.00
12629,2225,54,Iced Brown Sugar Oat Latte,Coffee,1,6.50,,6.50
12630,2226,22,Pan-Fried Broccoli & Cauliflower,Veggie & Tofu,1,18.00,,18.00
12631,2226,48,Brown Rice,Sides,1,3.00,,3.00
12632,2226,12,Wonton Soup,Soups,1,18.00,No Cilantro,18.00
12633,2227,21,Mapo Tofu,Veggie & Tofu,1,19.00,,19.00
12634,2227,42,Kwetiau Goreng,Rice & Noodles,1,19.00,,19.00
12635,2228,38,Rendang,Plant-Based Meat,1,20.00,Allergy: Nuts,20.00
12636,2228,46,Jasmine Rice,Sides,1,2.75,,2.75
12637,2228,56,Organic Tea,Tea,1,3.50,,3.50
12638,2228,28,Ginger Beef,Plant-Based Meat,1,21.00,,21.00
12639,2228,46,Jasmine Rice,Sides,1,2.75,,2.75
12640,2228,60,Matcha Latte,Tea,1,6.50,,6.50
12641,2229,38,Rendang,Plant-Based Meat,1,20.00,Gluten Friendly,20.00
12642,2229,48,Brown Rice,Sides,1,3.00,,3.00
12643,2230,30,Sweet & Sour Chicken,Plant-Based Meat,1,19.00,,19.00
12644,2230,33,Curry Chicken,Plant-Based Meat,1,22.00,,22.00
12645,2230,63,Iced Pineapple,Drinks,1,7.50,,7.50
12646,2230,12,Wonton Soup,Soups,1,18.00,No Onion,18.00
12647,2230,8,Breaded Cauliflower Bites,Starters,1,13.00,,13.00
12648,2230,73,Chocolate Mousse,Desserts,1,9.00,,9.00
12649,2230,69,Cheesecake,Desserts,1,11.00,,11.00
12650,2231,27,Kung Pao Chicken,Plant-Based Meat,1,20.00,Gluten Friendly,20.00
12651,2231,46,Jasmine Rice,Sides,1,2.75,,2.75
12652,2231,27,Kung Pao Chicken,Plant-Based Meat,1,20.00,Extra Spicy,20.00
12653,2231,75,Extra Tofu,Extras,1,4.00,,4.00
12654,2231,32,General Tao Chicken,Plant-Based Meat,1,21.00,,21.00
12655,2232,33,Curry Chicken,Plant-Based Meat,1,22.00,Gluten Friendly,22.00
12656,2232,63,Iced Pineapple,Drinks,1,7.50,,7.50
12657,2233,25,Mushroom Tofu,Veggie & Tofu,1,19.00,,19.00
12658,2233,61,Iced Oat Strawberry Matcha,Tea,1,8.50,,8.50
12659,2233,30,Sweet & Sour Chicken,Plant-Based Meat,1,19.00,,19.00
12660,2233,47,Coconut Rice,Sides,1,3.00,,3.00
12661,2233,61,Iced Oat Strawberry Matcha,Tea,1,8.50,,8.50
12662,2233,28,Ginger Beef,Plant-Based Meat,1,21.00,No Cilantro,21.00
12663,2233,75,Extra Tofu,Extras,1,4.00,,4.00
12664,2233,66,Assorted Soft Drinks,Drinks,1,2.50,,2.50
12665,2233,2,Vegetable Spring Rolls (6pc),Starters,1,9.00,,9.00
12666,2234,42,Kwetiau Goreng,Rice & Noodles,1,19.00,,19.00
12667,2234,32,General Tao Chicken,Plant-Based Meat,1,21.00,No Cilantro,21.00
12668,2234,71,Fried Banana with Coconut Ice Cream,Desserts,1,13.00,,13.00
12669,2235,35,Sweet & Sour Shrimp,Plant-Based Meat,1,20.00,,20.00
12670,2235,76,Extra Veggies,Extras,1,4.00,,4.00
12671,2235,53,Vegan Iced Coffee,Coffee,1,5.50,,5.50
12672,2236,37,Teriyaki Chicken,Plant-Based Meat,1,19.00,No Mushrooms,19.00
12673,2236,47,Coconut Rice,Sides,1,3.00,,3.00
12674,2236,60,Matcha Latte,Tea,1,6.50,,6.50
12675,2237,28,Ginger Beef,Plant-Based Meat,1,21.00,No Peanuts,21.00
12676,2237,47,Coconut Rice,Sides,1,3.00,,3.00
12677,2237,59,Hot Chocolate,Tea,1,5.00,,5.00
12678,2237,69,Cheesecake,Desserts,1,11.00,,11.00
12679,2238,15,Padmanadi Vegetable Deluxe,Veggie & Tofu,1,19.00,,19.00
12680,2238,48,Brown Rice,Sides,1,3.00,,3.00
12681,2238,64,Sparkling Yuzu,Drinks,1,8.50,,8.50
12682,2238,26,Chili Tofu,Veggie & Tofu,1,19.00,,19.00
12683,2238,46,Jasmine Rice,Sides,1,2.75,,2.75
12684,2238,54,Iced Brown Sugar Oat Latte,Coffee,1,6.50,,6.50
12685,2238,33,Curry Chicken,Plant-Based Meat,1,22.00,,22.00
12686,2238,46,Jasmine Rice,Sides,1,2.75,,2.75
12687,2238,53,Vegan Iced Coffee,Coffee,1,5.50,,5.50
12688,2238,33,Curry Chicken,Plant-Based Meat,1,22.00,,22.00
12689,2238,8,Breaded Cauliflower Bites,Starters,1,13.00,,13.00
12690,2238,73,Chocolate Mousse,Desserts,1,9.00,,9.00
12691,2238,69,Cheesecake,Desserts,1,11.00,,11.00
12692,2239,13,Tom Yum Soup,Soups,1,18.00,,18.00
12693,2239,62,Iced Lychee,Drinks,1,7.50,,7.50
12694,2239,35,Sweet & Sour Shrimp,Plant-Based Meat,1,20.00,No Mushrooms,20.00
12695,2239,46,Jasmine Rice,Sides,1,2.75,,2.75
12696,2239,76,Extra Veggies,Extras,1,4.00,,4.00
12697,2239,50,Americano,Coffee,1,4.50,,4.50
12698,2239,9,Crispy Chicken Strips,Starters,1,13.00,,13.00
12699,2239,70,Panna Cotta,Desserts,1,9.00,,9.00
12700,2240,38,Rendang,Plant-Based Meat,1,20.00,No Mushrooms,20.00
12701,2240,15,Padmanadi Vegetable Deluxe,Veggie & Tofu,1,19.00,,19.00
12702,2240,76,Extra Veggies,Extras,1,4.00,,4.00
12703,2241,38,Rendang,Plant-Based Meat,1,20.00,Sauce on Side,20.00
12704,2241,46,Jasmine Rice,Sides,1,2.75,,2.75
12705,2241,67,Raspberry Lime Italian Soda,Drinks,1,6.50,,6.50
12706,2241,12,Wonton Soup,Soups,1,18.00,,18.00
12707,2241,56,Organic Tea,Tea,1,3.50,,3.50
12708,2241,69,Cheesecake,Desserts,1,11.00,,11.00
12709,2242,32,General Tao Chicken,Plant-Based Meat,1,21.00,,21.00
12710,2242,37,Teriyaki Chicken,Plant-Based Meat,1,19.00,,19.00
12711,2242,38,Rendang,Plant-Based Meat,1,20.00,,20.00
12712,2242,46,Jasmine Rice,Sides,1,2.75,,2.75
12713,2242,44,Lemongrass Vermicelli Bowl,Rice & Noodles,1,20.00,No Mushrooms,20.00
12714,2242,75,Extra Tofu,Extras,1,4.00,,4.00
12715,2242,51,Soy Latte,Coffee,1,5.50,,5.50
12716,2242,7,Roti Canai,Starters,1,13.00,,13.00
12717,2242,9,Crispy Chicken Strips,Starters,1,13.00,,13.00
12718,2243,42,Kwetiau Goreng,Rice & Noodles,1,19.00,,19.00
12719,2243,34,Curry Mutton,Plant-Based Meat,1,22.00,,22.00
12720,2243,60,Matcha Latte,Tea,1,6.50,,6.50
12721,2243,24,Tempeh Pulau,Veggie & Tofu,1,20.00,No Cilantro,20.00
12722,2243,47,Coconut Rice,Sides,1,3.00,,3.00
12723,2244,15,Padmanadi Vegetable Deluxe,Veggie & Tofu,1,19.00,,19.00
12724,2244,46,Jasmine Rice,Sides,1,2.75,,2.75
12725,2244,65,Iced Passion Fruit Green Tea,Drinks,1,7.00,,7.00
12726,2244,27,Kung Pao Chicken,Plant-Based Meat,1,20.00,Allergy: Nuts,20.00
12727,2244,72,Vegan Ice Cream,Desserts,1,7.00,,7.00
12728,2244,70,Panna Cotta,Desserts,1,9.00,,9.00
12729,2245,32,General Tao Chicken,Plant-Based Meat,1,21.00,,21.00
12730,2245,48,Brown Rice,Sides,1,3.00,,3.00
12731,2245,33,Curry Chicken,Plant-Based Meat,1,22.00,,22.00
12732,2245,76,Extra Veggies,Extras,1,4.00,,4.00
12733,2245,52,Soy Mocha,Coffee,1,6.00,,6.00
12734,2246,26,Chili Tofu,Veggie & Tofu,1,19.00,No Peanuts,19.00
12735,2246,46,Jasmine Rice,Sides,1,2.75,,2.75
12736,2246,53,Vegan Iced Coffee,Coffee,1,5.50,,5.50
12737,2246,19,Savory Eggplant,Veggie & Tofu,1,18.00,,18.00
12738,2246,62,Iced Lychee,Drinks,1,7.50,,7.50
12739,2246,18,King Oyster Mushroom Gaylan,Veggie & Tofu,1,20.00,,20.00
12740,2246,74,Extra Protein,Extras,1,5.00,,5.00
12741,2246,53,Vegan Iced Coffee,Coffee,1,5.50,,5.50
12742,2246,72,Vegan Ice Cream,Desserts,1,7.00,,7.00
12743,2246,72,Vegan Ice Cream,Desserts,1,7.00,,7.00
12744,2247,45,Bali Buddha Bowl,Rice & Noodles,1,18.00,No Onion,18.00
12745,2247,55,Decaf Coffee,Coffee,1,4.50,,4.50
12746,2247,38,Rendang,Plant-Based Meat,1,20.00,Extra Sauce,20.00
12747,2247,46,Jasmine Rice,Sides,1,2.75,,2.75
12748,2247,74,Extra Protein,Extras,1,5.00,,5.00
12749,2247,57,Soy Chai Latte,Tea,1,5.50,,5.50
12750,2247,23,Curry Vegetables & Tofu,Veggie & Tofu,1,20.00,No Mushrooms,20.00
12751,2247,56,Organic Tea,Tea,1,3.50,,3.50
12752,2248,45,Bali Buddha Bowl,Rice & Noodles,1,18.00,Gluten Friendly,18.00
12753,2248,75,Extra Tofu,Extras,1,4.00,,4.00
12754,2249,17,Spicy String Beans,Veggie & Tofu,1,19.00,,19.00
12755,2249,16,Chili Green Beans,Veggie & Tofu,1,19.00,Gluten Friendly,19.00
12756,2249,64,Sparkling Yuzu,Drinks,1,8.50,,8.50
12757,2249,28,Ginger Beef,Plant-Based Meat,1,21.00,No Mushrooms,21.00
12758,2249,35,Sweet & Sour Shrimp,Plant-Based Meat,1,20.00,,20.00
12759,2249,11,Fried Enoki Mushroom,Starters,1,16.00,,16.00
12760,2249,4,Satay with Peanut Sauce (3pc),Starters,1,10.00,,10.00
12761,2250,33,Curry Chicken,Plant-Based Meat,1,22.00,,22.00
12762,2250,67,Raspberry Lime Italian Soda,Drinks,1,6.50,,6.50
12763,2250,28,Ginger Beef,Plant-Based Meat,1,21.00,Gluten Friendly,21.00
12764,2250,47,Coconut Rice,Sides,1,3.00,,3.00
12765,2251,30,Sweet & Sour Chicken,Plant-Based Meat,1,19.00,No Mushrooms,19.00
12766,2251,24,Tempeh Pulau,Veggie & Tofu,1,20.00,,20.00
12767,2251,51,Soy Latte,Coffee,1,5.50,,5.50
12768,2251,71,Fried Banana with Coconut Ice Cream,Desserts,1,13.00,,13.00
12769,2252,14,Spicy Curry Noodle Soup,Soups,1,18.00,,18.00
12770,2252,66,Assorted Soft Drinks,Drinks,1,2.50,,2.50
12771,2252,15,Padmanadi Vegetable Deluxe,Veggie & Tofu,1,19.00,,19.00
12772,2252,47,Coconut Rice,Sides,1,3.00,,3.00
12773,2252,55,Decaf Coffee,Coffee,1,4.50,,4.50
12774,2252,33,Curry Chicken,Plant-Based Meat,1,22.00,Extra Spicy,22.00
12775,2252,47,Coconut Rice,Sides,1,3.00,,3.00
12776,2252,62,Iced Lychee,Drinks,1,7.50,,7.50
12777,2252,31,Spicy Chicken,Plant-Based Meat,1,19.00,,19.00
12778,2252,62,Iced Lychee,Drinks,1,7.50,,7.50
12779,2252,69,Cheesecake,Desserts,1,11.00,,11.00
12780,2253,43,Singapore Noodle,Rice & Noodles,1,19.00,,19.00
12781,2253,58,London Fog,Tea,1,5.50,,5.50
12782,2253,36,Spicy Shrimp,Plant-Based Meat,1,20.00,,20.00
12783,2253,47,Coconut Rice,Sides,1,3.00,,3.00
12784,2253,50,Americano,Coffee,1,4.50,,4.50
12785,2253,33,Curry Chicken,Plant-Based Meat,1,22.00,,22.00
12786,2253,61,Iced Oat Strawberry Matcha,Tea,1,8.50,,8.50
12787,2253,34,Curry Mutton,Plant-Based Meat,1,22.00,Sauce on Side,22.00
12788,2253,46,Jasmine Rice,Sides,1,2.75,,2.75
12789,2253,74,Extra Protein,Extras,1,5.00,,5.00
12790,2253,50,Americano,Coffee,1,4.50,,4.50
12791,2253,71,Fried Banana with Coconut Ice Cream,Desserts,1,13.00,,13.00
12792,2253,73,Chocolate Mousse,Desserts,1,9.00,,9.00
12793,2254,15,Padmanadi Vegetable Deluxe,Veggie & Tofu,1,19.00,Less Spicy,19.00
12794,2254,46,Jasmine Rice,Sides,1,2.75,,2.75
12795,2254,41,Bihun Goreng,Rice & Noodles,1,18.00,Extra Spicy,18.00
12796,2254,30,Sweet & Sour Chicken,Plant-Based Meat,1,19.00,Gluten Friendly,19.00
12797,2254,47,Coconut Rice,Sides,1,3.00,,3.00
12798,2254,39,Nasi Goreng,Rice & Noodles,1,18.00,Extra Sauce,18.00
12799,2255,16,Chili Green Beans,Veggie & Tofu,1,19.00,,19.00
12800,2255,63,Iced Pineapple,Drinks,1,7.50,,7.50
12801,2255,29,Dendeng,Plant-Based Meat,1,20.00,,20.00
12802,2255,66,Assorted Soft Drinks,Drinks,1,2.50,,2.50
12803,2255,23,Curry Vegetables & Tofu,Veggie & Tofu,1,20.00,,20.00
12804,2255,66,Assorted Soft Drinks,Drinks,1,2.50,,2.50
12805,2255,33,Curry Chicken,Plant-Based Meat,1,22.00,,22.00
12806,2255,2,Vegetable Spring Rolls (6pc),Starters,1,9.00,,9.00
12807,2255,4,Satay with Peanut Sauce (3pc),Starters,1,10.00,,10.00
12808,2255,69,Cheesecake,Desserts,1,11.00,,11.00
12809,2256,12,Wonton Soup,Soups,1,18.00,,18.00
12810,2256,57,Soy Chai Latte,Tea,1,5.50,,5.50
12811,2256,15,Padmanadi Vegetable Deluxe,Veggie & Tofu,1,19.00,No Peanuts,19.00
12812,2256,46,Jasmine Rice,Sides,1,2.75,,2.75
12813,2256,56,Organic Tea,Tea,1,3.50,,3.50
12814,2256,42,Kwetiau Goreng,Rice & Noodles,1,19.00,Less Spicy,19.00
12815,2256,51,Soy Latte,Coffee,1,5.50,,5.50
12816,2256,6,Gado Gado,Starters,1,14.00,,14.00
12817,2257,37,Teriyaki Chicken,Plant-Based Meat,1,19.00,Extra Spicy,19.00
12818,2257,47,Coconut Rice,Sides,1,3.00,,3.00
12819,2257,63,Iced Pineapple,Drinks,1,7.50,,7.50
12820,2258,27,Kung Pao Chicken,Plant-Based Meat,1,20.00,Allergy: Nuts,20.00
12821,2258,65,Iced Passion Fruit Green Tea,Drinks,1,7.00,,7.00
12822,2258,34,Curry Mutton,Plant-Based Meat,1,22.00,Less Spicy,22.00
12823,2258,47,Coconut Rice,Sides,1,3.00,,3.00
12824,2258,63,Iced Pineapple,Drinks,1,7.50,,7.50
12825,2258,7,Roti Canai,Starters,1,13.00,,13.00
12826,2258,72,Vegan Ice Cream,Desserts,1,7.00,,7.00
12827,2259,33,Curry Chicken,Plant-Based Meat,1,22.00,Extra Sauce,22.00
12828,2260,31,Spicy Chicken,Plant-Based Meat,1,19.00,,19.00
12829,2260,48,Brown Rice,Sides,1,3.00,,3.00
12830,2260,37,Teriyaki Chicken,Plant-Based Meat,1,19.00,Extra Sauce,19.00
12831,2260,67,Raspberry Lime Italian Soda,Drinks,1,6.50,,6.50
12832,2260,42,Kwetiau Goreng,Rice & Noodles,1,19.00,,19.00
12833,2260,52,Soy Mocha,Coffee,1,6.00,,6.00
12834,2261,39,Nasi Goreng,Rice & Noodles,1,18.00,,18.00
12835,2261,51,Soy Latte,Coffee,1,5.50,,5.50
12836,2261,15,Padmanadi Vegetable Deluxe,Veggie & Tofu,1,19.00,Less Spicy,19.00
12837,2261,44,Lemongrass Vermicelli Bowl,Rice & Noodles,1,20.00,Gluten Friendly,20.00
12838,2261,60,Matcha Latte,Tea,1,6.50,,6.50
12839,2261,73,Chocolate Mousse,Desserts,1,9.00,,9.00
12840,2261,72,Vegan Ice Cream,Desserts,1,7.00,,7.00
12841,2262,33,Curry Chicken,Plant-Based Meat,1,22.00,Gluten Friendly,22.00
12842,2262,47,Coconut Rice,Sides,1,3.00,,3.00
12843,2262,32,General Tao Chicken,Plant-Based Meat,1,21.00,Gluten Friendly,21.00
12844,2262,46,Jasmine Rice,Sides,1,2.75,,2.75
12845,2262,51,Soy Latte,Coffee,1,5.50,,5.50
12846,2262,9,Crispy Chicken Strips,Starters,1,13.00,,13.00
12847,2263,34,Curry Mutton,Plant-Based Meat,1,22.00,,22.00
12848,2263,70,Panna Cotta,Desserts,1,9.00,,9.00
12849,2264,25,Mushroom Tofu,Veggie & Tofu,1,19.00,,19.00
12850,2264,62,Iced Lychee,Drinks,1,7.50,,7.50
12851,2264,16,Chili Green Beans,Veggie & Tofu,1,19.00,,19.00
12852,2264,46,Jasmine Rice,Sides,1,2.75,,2.75
12853,2264,1,Vegetable Spring Rolls (3pc),Starters,1,6.00,,6.00
12854,2264,73,Chocolate Mousse,Desserts,1,9.00,,9.00
12855,2264,69,Cheesecake,Desserts,1,11.00,,11.00
12856,2265,31,Spicy Chicken,Plant-Based Meat,1,19.00,,19.00
12857,2265,66,Assorted Soft Drinks,Drinks,1,2.50,,2.50
12858,2265,45,Bali Buddha Bowl,Rice & Noodles,1,18.00,,18.00
12859,2265,53,Vegan Iced Coffee,Coffee,1,5.50,,5.50
12860,2265,41,Bihun Goreng,Rice & Noodles,1,18.00,No Onion,18.00
12861,2265,56,Organic Tea,Tea,1,3.50,,3.50
12862,2265,22,Pan-Fried Broccoli & Cauliflower,Veggie & Tofu,1,18.00,No Onion,18.00
12863,2265,46,Jasmine Rice,Sides,1,2.75,,2.75
12864,2265,60,Matcha Latte,Tea,1,6.50,,6.50
12865,2265,2,Vegetable Spring Rolls (6pc),Starters,1,9.00,,9.00
12866,2266,44,Lemongrass Vermicelli Bowl,Rice & Noodles,1,20.00,No Onion,20.00
12867,2266,24,Tempeh Pulau,Veggie & Tofu,1,20.00,No Cilantro,20.00
12868,2266,3,Satay with Peanut Sauce (1pc),Starters,1,3.00,,3.00
12869,2267,19,Savory Eggplant,Veggie & Tofu,1,18.00,Gluten Friendly,18.00
12870,2267,54,Iced Brown Sugar Oat Latte,Coffee,1,6.50,,6.50
12871,2268,33,Curry Chicken,Plant-Based Meat,1,22.00,No Onion,22.00
12872,2268,37,Teriyaki Chicken,Plant-Based Meat,1,19.00,No Onion,19.00
12873,2268,47,Coconut Rice,Sides,1,3.00,,3.00
12874,2268,9,Crispy Chicken Strips,Starters,1,13.00,,13.00
12875,2268,71,Fried Banana with Coconut Ice Cream,Desserts,1,13.00,,13.00
12876,2268,71,Fried Banana with Coconut Ice Cream,Desserts,1,13.00,,13.00
12877,2269,42,Kwetiau Goreng,Rice & Noodles,1,19.00,,19.00
12878,2269,34,Curry Mutton,Plant-Based Meat,1,22.00,,22.00
12879,2269,46,Jasmine Rice,Sides,1,2.75,,2.75
12880,2269,66,Assorted Soft Drinks,Drinks,1,2.50,,2.50
12881,2269,8,Breaded Cauliflower Bites,Starters,1,13.00,,13.00
12882,2270,18,King Oyster Mushroom Gaylan,Veggie & Tofu,1,20.00,,20.00
12883,2270,53,Vegan Iced Coffee,Coffee,1,5.50,,5.50
12884,2270,41,Bihun Goreng,Rice & Noodles,1,18.00,,18.00
12885,2270,60,Matcha Latte,Tea,1,6.50,,6.50
12886,2270,44,Lemongrass Vermicelli Bowl,Rice & Noodles,1,20.00,,20.00
12887,2270,54,Iced Brown Sugar Oat Latte,Coffee,1,6.50,,6.50
12888,2270,36,Spicy Shrimp,Plant-Based Meat,1,20.00,No Onion,20.00
12889,2270,47,Coconut Rice,Sides,1,3.00,,3.00
12890,2270,44,Lemongrass Vermicelli Bowl,Rice & Noodles,1,20.00,No Mushrooms,20.00
12891,2270,53,Vegan Iced Coffee,Coffee,1,5.50,,5.50
12892,2270,41,Bihun Goreng,Rice & Noodles,1,18.00,,18.00
12893,2270,18,King Oyster Mushroom Gaylan,Veggie & Tofu,1,20.00,,20.00
12894,2270,46,Jasmine Rice,Sides,1,2.75,,2.75
12895,2270,33,Curry Chicken,Plant-Based Meat,1,22.00,,22.00
12896,2271,37,Teriyaki Chicken,Plant-Based Meat,1,19.00,,19.00
12897,2271,46,Jasmine Rice,Sides,1,2.75,,2.75
12898,2271,43,Singapore Noodle,Rice & Noodles,1,19.00,Sauce on Side,19.00
12899,2271,54,Iced Brown Sugar Oat Latte,Coffee,1,6.50,,6.50
12900,2271,1,Vegetable Spring Rolls (3pc),Starters,1,6.00,,6.00
12901,2272,21,Mapo Tofu,Veggie & Tofu,1,19.00,,19.00
12902,2272,52,Soy Mocha,Coffee,1,6.00,,6.00
12903,2272,39,Nasi Goreng,Rice & Noodles,1,18.00,,18.00
12904,2273,35,Sweet & Sour Shrimp,Plant-Based Meat,1,20.00,Less Spicy,20.00
12905,2273,51,Soy Latte,Coffee,1,5.50,,5.50
12906,2273,71,Fried Banana with Coconut Ice Cream,Desserts,1,13.00,,13.00
12907,2274,25,Mushroom Tofu,Veggie & Tofu,1,19.00,Allergy: Nuts,19.00
12908,2274,57,Soy Chai Latte,Tea,1,5.50,,5.50
12909,2274,24,Tempeh Pulau,Veggie & Tofu,1,20.00,,20.00
12910,2274,46,Jasmine Rice,Sides,1,2.75,,2.75
12911,2274,70,Panna Cotta,Desserts,1,9.00,,9.00
12912,2274,69,Cheesecake,Desserts,1,11.00,,11.00
12913,2275,24,Tempeh Pulau,Veggie & Tofu,1,20.00,,20.00
12914,2275,48,Brown Rice,Sides,1,3.00,,3.00
12915,2275,24,Tempeh Pulau,Veggie & Tofu,1,20.00,,20.00
12916,2275,47,Coconut Rice,Sides,1,3.00,,3.00
12917,2275,71,Fried Banana with Coconut Ice Cream,Desserts,1,13.00,,13.00
12918,2275,69,Cheesecake,Desserts,1,11.00,,11.00
12919,2276,37,Teriyaki Chicken,Plant-Based Meat,1,19.00,,19.00
12920,2276,76,Extra Veggies,Extras,1,4.00,,4.00
12921,2277,39,Nasi Goreng,Rice & Noodles,1,18.00,No Onion,18.00
12922,2277,66,Assorted Soft Drinks,Drinks,1,2.50,,2.50
12923,2277,30,Sweet & Sour Chicken,Plant-Based Meat,1,19.00,No Peanuts,19.00
12924,2277,75,Extra Tofu,Extras,1,4.00,,4.00
12925,2277,30,Sweet & Sour Chicken,Plant-Based Meat,1,19.00,Gluten Friendly,19.00
12926,2277,46,Jasmine Rice,Sides,1,2.75,,2.75
12927,2277,56,Organic Tea,Tea,1,3.50,,3.50
12928,2277,40,Bakmi Goreng,Rice & Noodles,1,19.00,Sauce on Side,19.00
12929,2277,60,Matcha Latte,Tea,1,6.50,,6.50
12930,2277,3,Satay with Peanut Sauce (1pc),Starters,1,3.00,,3.00
12931,2277,9,Crispy Chicken Strips,Starters,1,13.00,,13.00
12932,2278,21,Mapo Tofu,Veggie & Tofu,1,19.00,Extra Spicy,19.00
12933,2278,56,Organic Tea,Tea,1,3.50,,3.50
12934,2278,33,Curry Chicken,Plant-Based Meat,1,22.00,,22.00
12935,2278,50,Americano,Coffee,1,4.50,,4.50
12936,2278,33,Curry Chicken,Plant-Based Meat,1,22.00,,22.00
12937,2278,43,Singapore Noodle,Rice & Noodles,1,19.00,No Peanuts,19.00
12938,2278,23,Curry Vegetables & Tofu,Veggie & Tofu,1,20.00,Sauce on Side,20.00
12939,2278,48,Brown Rice,Sides,1,3.00,,3.00
12940,2278,66,Assorted Soft Drinks,Drinks,1,2.50,,2.50
12941,2278,7,Roti Canai,Starters,1,13.00,,13.00
12942,2278,7,Roti Canai,Starters,1,13.00,,13.00
12943,2279,42,Kwetiau Goreng,Rice & Noodles,1,19.00,,19.00
12944,2279,49,Lunch Special,Lunch Special,1,18.00,Entree: Padmanadi Veg Deluxe,18.00
12945,2280,49,Lunch Special,Lunch Special,1,18.00,Entree: Spicy Nuggets,18.00
12946,2280,52,Soy Mocha,Coffee,1,6.00,,6.00
12947,2280,37,Teriyaki Chicken,Plant-Based Meat,1,19.00,,19.00
12948,2280,46,Jasmine Rice,Sides,1,2.75,,2.75
12949,2280,28,Ginger Beef,Plant-Based Meat,1,21.00,No Peanuts,21.00
12950,2280,46,Jasmine Rice,Sides,1,2.75,,2.75
12951,2280,66,Assorted Soft Drinks,Drinks,1,2.50,,2.50
12952,2280,11,Fried Enoki Mushroom,Starters,1,16.00,,16.00
12953,2280,69,Cheesecake,Desserts,1,11.00,,11.00
12954,2281,34,Curry Mutton,Plant-Based Meat,1,22.00,,22.00
12955,2281,46,Jasmine Rice,Sides,1,2.75,,2.75
12956,2281,21,Mapo Tofu,Veggie & Tofu,1,19.00,,19.00
12957,2281,46,Jasmine Rice,Sides,1,2.75,,2.75
12958,2281,36,Spicy Shrimp,Plant-Based Meat,1,20.00,,20.00
12959,2281,46,Jasmine Rice,Sides,1,2.75,,2.75
12960,2281,7,Roti Canai,Starters,1,13.00,,13.00
12961,2281,72,Vegan Ice Cream,Desserts,1,7.00,,7.00
12962,2281,70,Panna Cotta,Desserts,1,9.00,,9.00
12963,2282,28,Ginger Beef,Plant-Based Meat,1,21.00,,21.00
12964,2282,47,Coconut Rice,Sides,1,3.00,,3.00
12965,2282,74,Extra Protein,Extras,1,5.00,,5.00
12966,2283,33,Curry Chicken,Plant-Based Meat,1,22.00,No Peanuts,22.00
12967,2283,66,Assorted Soft Drinks,Drinks,1,2.50,,2.50
12968,2283,71,Fried Banana with Coconut Ice Cream,Desserts,1,13.00,,13.00
12969,2284,49,Lunch Special,Lunch Special,1,18.00,Entree: Savory Eggplant,18.00
12970,2284,78,Sub Brown Rice (+1),Extras,1,1.00,,1.00
12971,2284,66,Assorted Soft Drinks,Drinks,1,2.50,,2.50
12972,2284,24,Tempeh Pulau,Veggie & Tofu,1,20.00,,20.00
12973,2284,76,Extra Veggies,Extras,1,4.00,,4.00
12974,2284,54,Iced Brown Sugar Oat Latte,Coffee,1,6.50,,6.50
12975,2284,49,Lunch Special,Lunch Special,1,18.00,Entree: Sweet & Sour Nuggets,18.00
12976,2284,53,Vegan Iced Coffee,Coffee,1,5.50,,5.50
12977,2284,49,Lunch Special,Lunch Special,1,18.00,Entree: Rendang,18.00
12978,2284,70,Panna Cotta,Desserts,1,9.00,,9.00
12979,2285,49,Lunch Special,Lunch Special,1,18.00,Entree: Chili Green Beans,18.00
12980,2285,63,Iced Pineapple,Drinks,1,7.50,,7.50
12981,2285,31,Spicy Chicken,Plant-Based Meat,1,19.00,,19.00
12982,2285,46,Jasmine Rice,Sides,1,2.75,,2.75
12983,2285,50,Americano,Coffee,1,4.50,,4.50
12984,2285,9,Crispy Chicken Strips,Starters,1,13.00,,13.00
12985,2286,31,Spicy Chicken,Plant-Based Meat,1,19.00,Extra Sauce,19.00
12986,2286,76,Extra Veggies,Extras,1,4.00,,4.00
12987,2286,49,Lunch Special,Lunch Special,1,18.00,Entree: Curried Tofu w/ Vegetables,18.00
12988,2286,51,Soy Latte,Coffee,1,5.50,,5.50
12989,2286,1,Vegetable Spring Rolls (3pc),Starters,1,6.00,,6.00
12990,2287,49,Lunch Special,Lunch Special,1,18.00,Entree: Sweet & Sour Chicken,18.00
12991,2287,55,Decaf Coffee,Coffee,1,4.50,,4.50
12992,2287,30,Sweet & Sour Chicken,Plant-Based Meat,1,19.00,,19.00
12993,2287,8,Breaded Cauliflower Bites,Starters,1,13.00,,13.00
12994,2288,12,Wonton Soup,Soups,1,18.00,No Peanuts,18.00
12995,2288,79,Add Noodles (Soup),Extras,1,3.00,,3.00
12996,2289,49,Lunch Special,Lunch Special,1,18.00,Entree: Chili Green Beans,18.00
12997,2289,59,Hot Chocolate,Tea,1,5.00,,5.00
12998,2289,49,Lunch Special,Lunch Special,1,18.00,Entree: Rendang,18.00
12999,2289,1,Vegetable Spring Rolls (3pc),Starters,1,6.00,,6.00
13000,2290,26,Chili Tofu,Veggie & Tofu,1,19.00,Extra Sauce,19.00
13001,2290,67,Raspberry Lime Italian Soda,Drinks,1,6.50,,6.50
13002,2290,9,Crispy Chicken Strips,Starters,1,13.00,,13.00
13003,2291,44,Lemongrass Vermicelli Bowl,Rice & Noodles,1,20.00,Extra Spicy,20.00
13004,2291,37,Teriyaki Chicken,Plant-Based Meat,1,19.00,,19.00
13005,2291,46,Jasmine Rice,Sides,1,2.75,,2.75
13006,2292,30,Sweet & Sour Chicken,Plant-Based Meat,1,19.00,Sauce on Side,19.00
13007,2292,49,Lunch Special,Lunch Special,1,18.00,Entree: Sweet & Sour Chicken,18.00
13008,2292,67,Raspberry Lime Italian Soda,Drinks,1,6.50,,6.50
13009,2293,31,Spicy Chicken,Plant-Based Meat,1,19.00,,19.00
13010,2293,47,Coconut Rice,Sides,1,3.00,,3.00
13011,2293,49,Lunch Special,Lunch Special,1,18.00,Entree: Curry Mutton,18.00
13012,2293,65,Iced Passion Fruit Green Tea,Drinks,1,7.00,,7.00
13013,2293,25,Mushroom Tofu,Veggie & Tofu,1,19.00,Less Spicy,19.00
13014,2293,75,Extra Tofu,Extras,1,4.00,,4.00
13015,2293,66,Assorted Soft Drinks,Drinks,1,2.50,,2.50
13016,2293,10,Bean Curd Drumsticks,Starters,1,13.00,,13.00
13017,2294,31,Spicy Chicken,Plant-Based Meat,1,19.00,No Cilantro,19.00
13018,2294,57,Soy Chai Latte,Tea,1,5.50,,5.50
13019,2294,32,General Tao Chicken,Plant-Based Meat,1,21.00,,21.00
13020,2294,47,Coconut Rice,Sides,1,3.00,,3.00
13021,2294,38,Rendang,Plant-Based Meat,1,20.00,,20.00
13022,2294,46,Jasmine Rice,Sides,1,2.75,,2.75
13023,2294,66,Assorted Soft Drinks,Drinks,1,2.50,,2.50
13024,2294,42,Kwetiau Goreng,Rice & Noodles,1,19.00,,19.00
13025,2294,66,Assorted Soft Drinks,Drinks,1,2.50,,2.50
13026,2294,9,Crispy Chicken Strips,Starters,1,13.00,,13.00
13027,2294,11,Fried Enoki Mushroom,Starters,1,16.00,,16.00
13028,2295,49,Lunch Special,Lunch Special,1,18.00,Entree: Sweet & Sour Chicken,18.00
13029,2295,17,Spicy String Beans,Veggie & Tofu,1,19.00,,19.00
13030,2295,47,Coconut Rice,Sides,1,3.00,,3.00
13031,2295,15,Padmanadi Vegetable Deluxe,Veggie & Tofu,1,19.00,,19.00
13032,2295,46,Jasmine Rice,Sides,1,2.75,,2.75
13033,2295,49,Lunch Special,Lunch Special,1,18.00,Entree: Curry Mutton,18.00
13034,2295,5,Deep Fried Tofu,Starters,1,13.00,,13.00
13035,2296,49,Lunch Special,Lunch Special,1,18.00,Entree: Chili Tofu,18.00
13036,2296,56,Organic Tea,Tea,1,3.50,,3.50
13037,2296,49,Lunch Special,Lunch Special,1,18.00,Entree: Rendang,18.00
13038,2296,51,Soy Latte,Coffee,1,5.50,,5.50
13039,2297,49,Lunch Special,Lunch Special,1,18.00,Entree: Curry Mutton,18.00
13040,2297,54,Iced Brown Sugar Oat Latte,Coffee,1,6.50,,6.50
13041,2297,4,Satay with Peanut Sauce (3pc),Starters,1,10.00,,10.00
13042,2298,25,Mushroom Tofu,Veggie & Tofu,1,19.00,,19.00
13043,2298,57,Soy Chai Latte,Tea,1,5.50,,5.50
13044,2298,4,Satay with Peanut Sauce (3pc),Starters,1,10.00,,10.00
13045,2299,12,Wonton Soup,Soups,1,18.00,Sauce on Side,18.00
13046,2299,79,Add Noodles (Soup),Extras,1,3.00,,3.00
13047,2299,66,Assorted Soft Drinks,Drinks,1,2.50,,2.50
13048,2299,15,Padmanadi Vegetable Deluxe,Veggie & Tofu,1,19.00,No Peanuts,19.00
13049,2299,56,Organic Tea,Tea,1,3.50,,3.50
13050,2299,73,Chocolate Mousse,Desserts,1,9.00,,9.00
13051,2299,71,Fried Banana with Coconut Ice Cream,Desserts,1,13.00,,13.00
13052,2300,49,Lunch Special,Lunch Special,1,18.00,Entree: Chili Green Beans,18.00
13053,2300,15,Padmanadi Vegetable Deluxe,Veggie & Tofu,1,19.00,Allergy: Nuts,19.00
13054,2300,71,Fried Banana with Coconut Ice Cream,Desserts,1,13.00,,13.00
13055,2300,71,Fried Banana with Coconut Ice Cream,Desserts,1,13.00,,13.00
13056,2301,28,Ginger Beef,Plant-Based Meat,1,21.00,Allergy: Nuts,21.00
13057,2301,46,Jasmine Rice,Sides,1,2.75,,2.75
13058,2301,53,Vegan Iced Coffee,Coffee,1,5.50,,5.50
13059,2301,22,Pan-Fried Broccoli & Cauliflower,Veggie & Tofu,1,18.00,Allergy: Nuts,18.00
13060,2301,54,Iced Brown Sugar Oat Latte,Coffee,1,6.50,,6.50
13061,2301,1,Vegetable Spring Rolls (3pc),Starters,1,6.00,,6.00
13062,2302,42,Kwetiau Goreng,Rice & Noodles,1,19.00,,19.00
13063,2302,74,Extra Protein,Extras,1,5.00,,5.00
13064,2302,61,Iced Oat Strawberry Matcha,Tea,1,8.50,,8.50
13065,2302,26,Chili Tofu,Veggie & Tofu,1,19.00,,19.00
13066,2302,48,Brown Rice,Sides,1,3.00,,3.00
13067,2302,60,Matcha Latte,Tea,1,6.50,,6.50
13068,2302,49,Lunch Special,Lunch Special,1,18.00,Entree: Curried Tofu w/ Vegetables,18.00
13069,2302,71,Fried Banana with Coconut Ice Cream,Desserts,1,13.00,,13.00
13070,2303,14,Spicy Curry Noodle Soup,Soups,1,18.00,No Mushrooms,18.00
13071,2303,79,Add Noodles (Soup),Extras,1,3.00,,3.00
13072,2303,50,Americano,Coffee,1,4.50,,4.50
13073,2303,41,Bihun Goreng,Rice & Noodles,1,18.00,,18.00
13074,2303,68,Iced Blackberry Hibiscus Tea,Drinks,1,7.00,,7.00
13075,2304,34,Curry Mutton,Plant-Based Meat,1,22.00,,22.00
13076,2304,75,Extra Tofu,Extras,1,4.00,,4.00
13077,2304,55,Decaf Coffee,Coffee,1,4.50,,4.50
13078,2304,49,Lunch Special,Lunch Special,1,18.00,Entree: Ginger Beef,18.00
13079,2304,1,Vegetable Spring Rolls (3pc),Starters,1,6.00,,6.00
13080,2305,44,Lemongrass Vermicelli Bowl,Rice & Noodles,1,20.00,Allergy: Nuts,20.00
13081,2305,68,Iced Blackberry Hibiscus Tea,Drinks,1,7.00,,7.00
13082,2305,36,Spicy Shrimp,Plant-Based Meat,1,20.00,No Peanuts,20.00
13083,2305,56,Organic Tea,Tea,1,3.50,,3.50
13084,2305,49,Lunch Special,Lunch Special,1,18.00,Entree: Curry Mutton,18.00
13085,2305,30,Sweet & Sour Chicken,Plant-Based Meat,1,19.00,,19.00
13086,2305,47,Coconut Rice,Sides,1,3.00,,3.00
13087,2305,70,Panna Cotta,Desserts,1,9.00,,9.00
13088,2306,33,Curry Chicken,Plant-Based Meat,1,22.00,,22.00
13089,2306,46,Jasmine Rice,Sides,1,2.75,,2.75
13090,2306,62,Iced Lychee,Drinks,1,7.50,,7.50
13091,2307,49,Lunch Special,Lunch Special,1,18.00,Entree: Curried Tofu w/ Vegetables,18.00
13092,2307,42,Kwetiau Goreng,Rice & Noodles,1,19.00,,19.00
13093,2307,60,Matcha Latte,Tea,1,6.50,,6.50
13094,2307,27,Kung Pao Chicken,Plant-Based Meat,1,20.00,Extra Spicy,20.00
13095,2307,58,London Fog,Tea,1,5.50,,5.50
13096,2308,34,Curry Mutton,Plant-Based Meat,1,22.00,,22.00
13097,2308,26,Chili Tofu,Veggie & Tofu,1,19.00,Sauce on Side,19.00
13098,2308,46,Jasmine Rice,Sides,1,2.75,,2.75
13099,2308,57,Soy Chai Latte,Tea,1,5.50,,5.50
13100,2309,26,Chili Tofu,Veggie & Tofu,1,19.00,,19.00
13101,2309,74,Extra Protein,Extras,1,5.00,,5.00
13102,2309,49,Lunch Special,Lunch Special,1,18.00,Entree: Curry Mutton,18.00
13103,2309,52,Soy Mocha,Coffee,1,6.00,,6.00
13104,2309,49,Lunch Special,Lunch Special,1,18.00,Entree: Chili Tofu,18.00
13105,2309,30,Sweet & Sour Chicken,Plant-Based Meat,1,19.00,Gluten Friendly,19.00
13106,2309,47,Coconut Rice,Sides,1,3.00,,3.00
13107,2309,49,Lunch Special,Lunch Special,1,18.00,Entree: Padmanadi Veg Deluxe,18.00
13108,2310,26,Chili Tofu,Veggie & Tofu,1,19.00,No Mushrooms,19.00
13109,2310,47,Coconut Rice,Sides,1,3.00,,3.00
13110,2310,54,Iced Brown Sugar Oat Latte,Coffee,1,6.50,,6.50
13111,2310,19,Savory Eggplant,Veggie & Tofu,1,18.00,Extra Spicy,18.00
13112,2310,7,Roti Canai,Starters,1,13.00,,13.00
13113,2311,24,Tempeh Pulau,Veggie & Tofu,1,20.00,Sauce on Side,20.00
13114,2311,46,Jasmine Rice,Sides,1,2.75,,2.75
13115,2311,62,Iced Lychee,Drinks,1,7.50,,7.50
13116,2311,32,General Tao Chicken,Plant-Based Meat,1,21.00,,21.00
13117,2312,34,Curry Mutton,Plant-Based Meat,1,22.00,,22.00
13118,2312,40,Bakmi Goreng,Rice & Noodles,1,19.00,Allergy: Nuts,19.00
13119,2312,67,Raspberry Lime Italian Soda,Drinks,1,6.50,,6.50
13120,2313,42,Kwetiau Goreng,Rice & Noodles,1,19.00,,19.00
13121,2313,61,Iced Oat Strawberry Matcha,Tea,1,8.50,,8.50
13122,2313,43,Singapore Noodle,Rice & Noodles,1,19.00,Gluten Friendly,19.00
13123,2313,63,Iced Pineapple,Drinks,1,7.50,,7.50
13124,2313,28,Ginger Beef,Plant-Based Meat,1,21.00,No Peanuts,21.00
13125,2313,46,Jasmine Rice,Sides,1,2.75,,2.75
13126,2313,57,Soy Chai Latte,Tea,1,5.50,,5.50
13127,2313,44,Lemongrass Vermicelli Bowl,Rice & Noodles,1,20.00,,20.00
13128,2313,11,Fried Enoki Mushroom,Starters,1,16.00,,16.00
13129,2313,6,Gado Gado,Starters,1,14.00,,14.00
13130,2314,28,Ginger Beef,Plant-Based Meat,1,21.00,,21.00
13131,2314,26,Chili Tofu,Veggie & Tofu,1,19.00,,19.00
13132,2314,26,Chili Tofu,Veggie & Tofu,1,19.00,Extra Spicy,19.00
13133,2314,46,Jasmine Rice,Sides,1,2.75,,2.75
13134,2314,75,Extra Tofu,Extras,1,4.00,,4.00
13135,2314,50,Americano,Coffee,1,4.50,,4.50
13136,2314,30,Sweet & Sour Chicken,Plant-Based Meat,1,19.00,No Cilantro,19.00
13137,2314,51,Soy Latte,Coffee,1,5.50,,5.50
13138,2314,19,Savory Eggplant,Veggie & Tofu,1,18.00,Extra Spicy,18.00
13139,2314,9,Crispy Chicken Strips,Starters,1,13.00,,13.00
13140,2315,14,Spicy Curry Noodle Soup,Soups,1,18.00,,18.00
13141,2315,66,Assorted Soft Drinks,Drinks,1,2.50,,2.50
13142,2315,41,Bihun Goreng,Rice & Noodles,1,18.00,,18.00
13143,2315,40,Bakmi Goreng,Rice & Noodles,1,19.00,,19.00
13144,2315,56,Organic Tea,Tea,1,3.50,,3.50
13145,2315,31,Spicy Chicken,Plant-Based Meat,1,19.00,,19.00
13146,2315,54,Iced Brown Sugar Oat Latte,Coffee,1,6.50,,6.50
13147,2315,71,Fried Banana with Coconut Ice Cream,Desserts,1,13.00,,13.00
13148,2316,36,Spicy Shrimp,Plant-Based Meat,1,20.00,,20.00
13149,2316,48,Brown Rice,Sides,1,3.00,,3.00
13150,2316,74,Extra Protein,Extras,1,5.00,,5.00
13151,2316,54,Iced Brown Sugar Oat Latte,Coffee,1,6.50,,6.50
13152,2316,13,Tom Yum Soup,Soups,1,18.00,,18.00
13153,2316,74,Extra Protein,Extras,1,5.00,,5.00
13154,2316,60,Matcha Latte,Tea,1,6.50,,6.50
13155,2316,2,Vegetable Spring Rolls (6pc),Starters,1,9.00,,9.00
13156,2317,24,Tempeh Pulau,Veggie & Tofu,1,20.00,,20.00
13157,2317,39,Nasi Goreng,Rice & Noodles,1,18.00,No Peanuts,18.00
13158,2318,30,Sweet & Sour Chicken,Plant-Based Meat,1,19.00,,19.00
13159,2318,68,Iced Blackberry Hibiscus Tea,Drinks,1,7.00,,7.00
13160,2318,12,Wonton Soup,Soups,1,18.00,No Onion,18.00
13161,2318,52,Soy Mocha,Coffee,1,6.00,,6.00
13162,2319,30,Sweet & Sour Chicken,Plant-Based Meat,1,19.00,,19.00
13163,2319,48,Brown Rice,Sides,1,3.00,,3.00
13164,2319,76,Extra Veggies,Extras,1,4.00,,4.00
13165,2319,60,Matcha Latte,Tea,1,6.50,,6.50
13166,2319,72,Vegan Ice Cream,Desserts,1,7.00,,7.00
13167,2320,27,Kung Pao Chicken,Plant-Based Meat,1,20.00,No Cilantro,20.00
13168,2320,47,Coconut Rice,Sides,1,3.00,,3.00
13169,2320,51,Soy Latte,Coffee,1,5.50,,5.50
13170,2320,21,Mapo Tofu,Veggie & Tofu,1,19.00,Less Spicy,19.00
13171,2320,28,Ginger Beef,Plant-Based Meat,1,21.00,Allergy: Nuts,21.00
13172,2320,50,Americano,Coffee,1,4.50,,4.50
13173,2321,37,Teriyaki Chicken,Plant-Based Meat,1,19.00,,19.00
13174,2321,46,Jasmine Rice,Sides,1,2.75,,2.75
13175,2321,53,Vegan Iced Coffee,Coffee,1,5.50,,5.50
13176,2321,19,Savory Eggplant,Veggie & Tofu,1,18.00,Sauce on Side,18.00
13177,2321,46,Jasmine Rice,Sides,1,2.75,,2.75
13178,2321,75,Extra Tofu,Extras,1,4.00,,4.00
13179,2321,66,Assorted Soft Drinks,Drinks,1,2.50,,2.50
13180,2321,28,Ginger Beef,Plant-Based Meat,1,21.00,,21.00
13181,2321,54,Iced Brown Sugar Oat Latte,Coffee,1,6.50,,6.50
13182,2321,28,Ginger Beef,Plant-Based Meat,1,21.00,,21.00
13183,2321,51,Soy Latte,Coffee,1,5.50,,5.50
13184,2321,45,Bali Buddha Bowl,Rice & Noodles,1,18.00,,18.00
13185,2321,71,Fried Banana with Coconut Ice Cream,Desserts,1,13.00,,13.00
13186,2321,69,Cheesecake,Desserts,1,11.00,,11.00
13187,2322,29,Dendeng,Plant-Based Meat,1,20.00,,20.00
13188,2322,76,Extra Veggies,Extras,1,4.00,,4.00
13189,2322,57,Soy Chai Latte,Tea,1,5.50,,5.50
13190,2323,28,Ginger Beef,Plant-Based Meat,1,21.00,Allergy: Nuts,21.00
13191,2323,68,Iced Blackberry Hibiscus Tea,Drinks,1,7.00,,7.00
13192,2323,42,Kwetiau Goreng,Rice & Noodles,1,19.00,Gluten Friendly,19.00
13193,2323,75,Extra Tofu,Extras,1,4.00,,4.00
13194,2323,58,London Fog,Tea,1,5.50,,5.50
13195,2323,39,Nasi Goreng,Rice & Noodles,1,18.00,,18.00
13196,2323,23,Curry Vegetables & Tofu,Veggie & Tofu,1,20.00,Gluten Friendly,20.00
13197,2323,7,Roti Canai,Starters,1,13.00,,13.00
13198,2323,7,Roti Canai,Starters,1,13.00,,13.00
13199,2324,33,Curry Chicken,Plant-Based Meat,1,22.00,No Onion,22.00
13200,2324,46,Jasmine Rice,Sides,1,2.75,,2.75
13201,2324,68,Iced Blackberry Hibiscus Tea,Drinks,1,7.00,,7.00
13202,2324,24,Tempeh Pulau,Veggie & Tofu,1,20.00,Extra Sauce,20.00
13203,2324,46,Jasmine Rice,Sides,1,2.75,,2.75
13204,2324,67,Raspberry Lime Italian Soda,Drinks,1,6.50,,6.50
13205,2325,23,Curry Vegetables & Tofu,Veggie & Tofu,1,20.00,,20.00
13206,2325,47,Coconut Rice,Sides,1,3.00,,3.00
13207,2325,75,Extra Tofu,Extras,1,4.00,,4.00
13208,2325,51,Soy Latte,Coffee,1,5.50,,5.50
13209,2325,24,Tempeh Pulau,Veggie & Tofu,1,20.00,,20.00
13210,2325,47,Coconut Rice,Sides,1,3.00,,3.00
13211,2325,51,Soy Latte,Coffee,1,5.50,,5.50
13212,2325,72,Vegan Ice Cream,Desserts,1,7.00,,7.00
13213,2325,69,Cheesecake,Desserts,1,11.00,,11.00
13214,2326,30,Sweet & Sour Chicken,Plant-Based Meat,1,19.00,,19.00
13215,2326,47,Coconut Rice,Sides,1,3.00,,3.00
13216,2326,66,Assorted Soft Drinks,Drinks,1,2.50,,2.50
13217,2326,35,Sweet & Sour Shrimp,Plant-Based Meat,1,20.00,No Onion,20.00
13218,2326,69,Cheesecake,Desserts,1,11.00,,11.00
13219,2326,70,Panna Cotta,Desserts,1,9.00,,9.00
13220,2327,28,Ginger Beef,Plant-Based Meat,1,21.00,,21.00
13221,2327,39,Nasi Goreng,Rice & Noodles,1,18.00,No Onion,18.00
13222,2327,51,Soy Latte,Coffee,1,5.50,,5.50
13223,2327,69,Cheesecake,Desserts,1,11.00,,11.00
13224,2328,33,Curry Chicken,Plant-Based Meat,1,22.00,Gluten Friendly,22.00
13225,2328,48,Brown Rice,Sides,1,3.00,,3.00
13226,2328,74,Extra Protein,Extras,1,5.00,,5.00
13227,2328,66,Assorted Soft Drinks,Drinks,1,2.50,,2.50
13228,2328,12,Wonton Soup,Soups,1,18.00,,18.00
13229,2328,79,Add Noodles (Soup),Extras,1,3.00,,3.00
13230,2328,62,Iced Lychee,Drinks,1,7.50,,7.50
13231,2328,32,General Tao Chicken,Plant-Based Meat,1,21.00,,21.00
13232,2329,28,Ginger Beef,Plant-Based Meat,1,21.00,,21.00
13233,2329,46,Jasmine Rice,Sides,1,2.75,,2.75
13234,2329,62,Iced Lychee,Drinks,1,7.50,,7.50
13235,2329,31,Spicy Chicken,Plant-Based Meat,1,19.00,,19.00
13236,2329,55,Decaf Coffee,Coffee,1,4.50,,4.50
13237,2329,31,Spicy Chicken,Plant-Based Meat,1,19.00,No Peanuts,19.00
13238,2329,53,Vegan Iced Coffee,Coffee,1,5.50,,5.50
13239,2329,2,Vegetable Spring Rolls (6pc),Starters,1,9.00,,9.00
13240,2329,71,Fried Banana with Coconut Ice Cream,Desserts,1,13.00,,13.00
13241,2330,32,General Tao Chicken,Plant-Based Meat,1,21.00,,21.00
13242,2330,46,Jasmine Rice,Sides,1,2.75,,2.75
13243,2330,52,Soy Mocha,Coffee,1,6.00,,6.00
13244,2330,25,Mushroom Tofu,Veggie & Tofu,1,19.00,,19.00
13245,2330,57,Soy Chai Latte,Tea,1,5.50,,5.50
13246,2331,24,Tempeh Pulau,Veggie & Tofu,1,20.00,No Peanuts,20.00
13247,2331,46,Jasmine Rice,Sides,1,2.75,,2.75
13248,2331,66,Assorted Soft Drinks,Drinks,1,2.50,,2.50
13249,2332,40,Bakmi Goreng,Rice & Noodles,1,19.00,Less Spicy,19.00
13250,2332,23,Curry Vegetables & Tofu,Veggie & Tofu,1,20.00,Extra Sauce,20.00
13251,2332,46,Jasmine Rice,Sides,1,2.75,,2.75
13252,2332,26,Chili Tofu,Veggie & Tofu,1,19.00,,19.00
13253,2333,21,Mapo Tofu,Veggie & Tofu,1,19.00,,19.00
13254,2333,46,Jasmine Rice,Sides,1,2.75,,2.75
13255,2333,33,Curry Chicken,Plant-Based Meat,1,22.00,,22.00
13256,2333,16,Chili Green Beans,Veggie & Tofu,1,19.00,,19.00
13257,2333,69,Cheesecake,Desserts,1,11.00,,11.00
13258,2334,38,Rendang,Plant-Based Meat,1,20.00,,20.00
13259,2334,47,Coconut Rice,Sides,1,3.00,,3.00
13260,2334,58,London Fog,Tea,1,5.50,,5.50
13261,2334,1,Vegetable Spring Rolls (3pc),Starters,1,6.00,,6.00
13262,2335,28,Ginger Beef,Plant-Based Meat,1,21.00,No Peanuts,21.00
13263,2335,61,Iced Oat Strawberry Matcha,Tea,1,8.50,,8.50
13264,2336,38,Rendang,Plant-Based Meat,1,20.00,No Cilantro,20.00
13265,2336,47,Coconut Rice,Sides,1,3.00,,3.00
13266,2336,56,Organic Tea,Tea,1,3.50,,3.50
13267,2336,43,Singapore Noodle,Rice & Noodles,1,19.00,,19.00
13268,2336,53,Vegan Iced Coffee,Coffee,1,5.50,,5.50
13269,2336,44,Lemongrass Vermicelli Bowl,Rice & Noodles,1,20.00,No Cilantro,20.00
13270,2336,18,King Oyster Mushroom Gaylan,Veggie & Tofu,1,20.00,Extra Sauce,20.00
13271,2336,47,Coconut Rice,Sides,1,3.00,,3.00
13272,2336,54,Iced Brown Sugar Oat Latte,Coffee,1,6.50,,6.50
13273,2336,12,Wonton Soup,Soups,1,18.00,,18.00
13274,2336,79,Add Noodles (Soup),Extras,1,3.00,,3.00
13275,2336,50,Americano,Coffee,1,4.50,,4.50
13276,2336,1,Vegetable Spring Rolls (3pc),Starters,1,6.00,,6.00
13277,2337,35,Sweet & Sour Shrimp,Plant-Based Meat,1,20.00,Extra Sauce,20.00
13278,2337,48,Brown Rice,Sides,1,3.00,,3.00
13279,2338,23,Curry Vegetables & Tofu,Veggie & Tofu,1,20.00,,20.00
13280,2338,66,Assorted Soft Drinks,Drinks,1,2.50,,2.50
13281,2338,1,Vegetable Spring Rolls (3pc),Starters,1,6.00,,6.00
13282,2339,41,Bihun Goreng,Rice & Noodles,1,18.00,,18.00
13283,2339,51,Soy Latte,Coffee,1,5.50,,5.50
13284,2339,33,Curry Chicken,Plant-Based Meat,1,22.00,Less Spicy,22.00
13285,2339,48,Brown Rice,Sides,1,3.00,,3.00
13286,2339,39,Nasi Goreng,Rice & Noodles,1,18.00,,18.00
13287,2339,51,Soy Latte,Coffee,1,5.50,,5.50
13288,2339,21,Mapo Tofu,Veggie & Tofu,1,19.00,Extra Sauce,19.00
13289,2339,52,Soy Mocha,Coffee,1,6.00,,6.00
13290,2339,27,Kung Pao Chicken,Plant-Based Meat,1,20.00,,20.00
13291,2339,35,Sweet & Sour Shrimp,Plant-Based Meat,1,20.00,,20.00
13292,2339,58,London Fog,Tea,1,5.50,,5.50
13293,2339,27,Kung Pao Chicken,Plant-Based Meat,1,20.00,,20.00
13294,2339,46,Jasmine Rice,Sides,1,2.75,,2.75
13295,2339,76,Extra Veggies,Extras,1,4.00,,4.00
13296,2339,44,Lemongrass Vermicelli Bowl,Rice & Noodles,1,20.00,No Peanuts,20.00
13297,2339,66,Assorted Soft Drinks,Drinks,1,2.50,,2.50
13298,2340,28,Ginger Beef,Plant-Based Meat,1,21.00,Extra Spicy,21.00
13299,2340,51,Soy Latte,Coffee,1,5.50,,5.50
13300,2340,23,Curry Vegetables & Tofu,Veggie & Tofu,1,20.00,,20.00
13301,2340,66,Assorted Soft Drinks,Drinks,1,2.50,,2.50
13302,2341,31,Spicy Chicken,Plant-Based Meat,1,19.00,,19.00
13303,2341,54,Iced Brown Sugar Oat Latte,Coffee,1,6.50,,6.50
13304,2342,29,Dendeng,Plant-Based Meat,1,20.00,,20.00
13305,2342,63,Iced Pineapple,Drinks,1,7.50,,7.50
13306,2342,38,Rendang,Plant-Based Meat,1,20.00,,20.00
13307,2342,45,Bali Buddha Bowl,Rice & Noodles,1,18.00,,18.00
13308,2342,51,Soy Latte,Coffee,1,5.50,,5.50
13309,2342,13,Tom Yum Soup,Soups,1,18.00,Less Spicy,18.00
13310,2342,79,Add Noodles (Soup),Extras,1,3.00,,3.00
13311,2342,51,Soy Latte,Coffee,1,5.50,,5.50
13312,2342,4,Satay with Peanut Sauce (3pc),Starters,1,10.00,,10.00
13313,2343,21,Mapo Tofu,Veggie & Tofu,1,19.00,No Peanuts,19.00
13314,2343,31,Spicy Chicken,Plant-Based Meat,1,19.00,No Mushrooms,19.00
13315,2343,46,Jasmine Rice,Sides,1,2.75,,2.75
13316,2343,66,Assorted Soft Drinks,Drinks,1,2.50,,2.50
13317,2343,73,Chocolate Mousse,Desserts,1,9.00,,9.00
13318,2344,33,Curry Chicken,Plant-Based Meat,1,22.00,Extra Sauce,22.00
13319,2344,30,Sweet & Sour Chicken,Plant-Based Meat,1,19.00,,19.00
13320,2344,50,Americano,Coffee,1,4.50,,4.50
13321,2344,38,Rendang,Plant-Based Meat,1,20.00,No Onion,20.00
13322,2344,76,Extra Veggies,Extras,1,4.00,,4.00
13323,2344,53,Vegan Iced Coffee,Coffee,1,5.50,,5.50
13324,2344,69,Cheesecake,Desserts,1,11.00,,11.00
13325,2345,38,Rendang,Plant-Based Meat,1,20.00,No Peanuts,20.00
13326,2345,12,Wonton Soup,Soups,1,18.00,No Onion,18.00
13327,2345,79,Add Noodles (Soup),Extras,1,3.00,,3.00
13328,2345,2,Vegetable Spring Rolls (6pc),Starters,1,9.00,,9.00
13329,2346,36,Spicy Shrimp,Plant-Based Meat,1,20.00,,20.00
13330,2346,59,Hot Chocolate,Tea,1,5.00,,5.00
13331,2346,33,Curry Chicken,Plant-Based Meat,1,22.00,Allergy: Nuts,22.00
13332,2346,48,Brown Rice,Sides,1,3.00,,3.00
13333,2346,63,Iced Pineapple,Drinks,1,7.50,,7.50
13334,2347,27,Kung Pao Chicken,Plant-Based Meat,1,20.00,No Peanuts,20.00
13335,2347,47,Coconut Rice,Sides,1,3.00,,3.00
13336,2347,35,Sweet & Sour Shrimp,Plant-Based Meat,1,20.00,,20.00
13337,2347,47,Coconut Rice,Sides,1,3.00,,3.00
13338,2347,52,Soy Mocha,Coffee,1,6.00,,6.00
13339,2347,1,Vegetable Spring Rolls (3pc),Starters,1,6.00,,6.00
13340,2348,15,Padmanadi Vegetable Deluxe,Veggie & Tofu,1,19.00,,19.00
13341,2348,46,Jasmine Rice,Sides,1,2.75,,2.75
13342,2348,75,Extra Tofu,Extras,1,4.00,,4.00
13343,2348,51,Soy Latte,Coffee,1,5.50,,5.50
13344,2349,34,Curry Mutton,Plant-Based Meat,1,22.00,,22.00
13345,2349,43,Singapore Noodle,Rice & Noodles,1,19.00,,19.00
13346,2349,57,Soy Chai Latte,Tea,1,5.50,,5.50
13347,2350,21,Mapo Tofu,Veggie & Tofu,1,19.00,,19.00
13348,2350,48,Brown Rice,Sides,1,3.00,,3.00
13349,2351,28,Ginger Beef,Plant-Based Meat,1,21.00,No Cilantro,21.00
13350,2351,48,Brown Rice,Sides,1,3.00,,3.00
13351,2351,40,Bakmi Goreng,Rice & Noodles,1,19.00,No Peanuts,19.00
13352,2351,60,Matcha Latte,Tea,1,6.50,,6.50
13353,2351,72,Vegan Ice Cream,Desserts,1,7.00,,7.00
13354,2351,73,Chocolate Mousse,Desserts,1,9.00,,9.00
13355,2352,39,Nasi Goreng,Rice & Noodles,1,18.00,No Onion,18.00
13356,2352,14,Spicy Curry Noodle Soup,Soups,1,18.00,No Onion,18.00
13357,2352,79,Add Noodles (Soup),Extras,1,3.00,,3.00
13358,2352,53,Vegan Iced Coffee,Coffee,1,5.50,,5.50
13359,2352,28,Ginger Beef,Plant-Based Meat,1,21.00,No Mushrooms,21.00
13360,2352,55,Decaf Coffee,Coffee,1,4.50,,4.50
13361,2352,30,Sweet & Sour Chicken,Plant-Based Meat,1,19.00,,19.00
13362,2352,66,Assorted Soft Drinks,Drinks,1,2.50,,2.50
13363,2352,3,Satay with Peanut Sauce (1pc),Starters,1,3.00,,3.00
13364,2352,2,Vegetable Spring Rolls (6pc),Starters,1,9.00,,9.00
13365,2353,39,Nasi Goreng,Rice & Noodles,1,18.00,,18.00
13366,2353,57,Soy Chai Latte,Tea,1,5.50,,5.50
13367,2353,28,Ginger Beef,Plant-Based Meat,1,21.00,,21.00
13368,2353,27,Kung Pao Chicken,Plant-Based Meat,1,20.00,,20.00
13369,2353,51,Soy Latte,Coffee,1,5.50,,5.50
13370,2353,18,King Oyster Mushroom Gaylan,Veggie & Tofu,1,20.00,No Mushrooms,20.00
13371,2353,46,Jasmine Rice,Sides,1,2.75,,2.75
13372,2353,52,Soy Mocha,Coffee,1,6.00,,6.00
13373,2353,2,Vegetable Spring Rolls (6pc),Starters,1,9.00,,9.00
13374,2354,26,Chili Tofu,Veggie & Tofu,1,19.00,Gluten Friendly,19.00
13375,2354,46,Jasmine Rice,Sides,1,2.75,,2.75
13376,2354,33,Curry Chicken,Plant-Based Meat,1,22.00,No Onion,22.00
13377,2354,52,Soy Mocha,Coffee,1,6.00,,6.00
13378,2354,34,Curry Mutton,Plant-Based Meat,1,22.00,No Peanuts,22.00
13379,2354,47,Coconut Rice,Sides,1,3.00,,3.00
13380,2354,30,Sweet & Sour Chicken,Plant-Based Meat,1,19.00,,19.00
13381,2354,47,Coconut Rice,Sides,1,3.00,,3.00
13382,2354,76,Extra Veggies,Extras,1,4.00,,4.00
13383,2354,54,Iced Brown Sugar Oat Latte,Coffee,1,6.50,,6.50
13384,2355,31,Spicy Chicken,Plant-Based Meat,1,19.00,,19.00
13385,2355,50,Americano,Coffee,1,4.50,,4.50
13386,2355,33,Curry Chicken,Plant-Based Meat,1,22.00,,22.00
13387,2355,47,Coconut Rice,Sides,1,3.00,,3.00
13388,2355,73,Chocolate Mousse,Desserts,1,9.00,,9.00
13389,2355,71,Fried Banana with Coconut Ice Cream,Desserts,1,13.00,,13.00
13390,2356,29,Dendeng,Plant-Based Meat,1,20.00,,20.00
13391,2357,17,Spicy String Beans,Veggie & Tofu,1,19.00,,19.00
13392,2357,37,Teriyaki Chicken,Plant-Based Meat,1,19.00,No Peanuts,19.00
13393,2357,48,Brown Rice,Sides,1,3.00,,3.00
13394,2358,35,Sweet & Sour Shrimp,Plant-Based Meat,1,20.00,,20.00
13395,2358,48,Brown Rice,Sides,1,3.00,,3.00
13396,2358,66,Assorted Soft Drinks,Drinks,1,2.50,,2.50
13397,2358,26,Chili Tofu,Veggie & Tofu,1,19.00,Extra Sauce,19.00
13398,2358,36,Spicy Shrimp,Plant-Based Meat,1,20.00,Extra Sauce,20.00
13399,2358,74,Extra Protein,Extras,1,5.00,,5.00
13400,2358,50,Americano,Coffee,1,4.50,,4.50
13401,2359,49,Lunch Special,Lunch Special,1,18.00,Entree: Curry Chicken,18.00
13402,2359,49,Lunch Special,Lunch Special,1,18.00,Entree: Teriyaki Chicken,18.00
13403,2359,68,Iced Blackberry Hibiscus Tea,Drinks,1,7.00,,7.00
13404,2359,49,Lunch Special,Lunch Special,1,18.00,Entree: Ginger Beef,18.00
13405,2359,49,Lunch Special,Lunch Special,1,18.00,Entree: Chili Green Beans,18.00
13406,2359,64,Sparkling Yuzu,Drinks,1,8.50,,8.50
13407,2360,44,Lemongrass Vermicelli Bowl,Rice & Noodles,1,20.00,,20.00
13408,2360,51,Soy Latte,Coffee,1,5.50,,5.50
13409,2360,49,Lunch Special,Lunch Special,1,18.00,Entree: Sweet & Sour Nuggets,18.00
13410,2360,78,Sub Brown Rice (+1),Extras,1,1.00,,1.00
13411,2360,54,Iced Brown Sugar Oat Latte,Coffee,1,6.50,,6.50
13412,2360,4,Satay with Peanut Sauce (3pc),Starters,1,10.00,,10.00
13413,2361,15,Padmanadi Vegetable Deluxe,Veggie & Tofu,1,19.00,,19.00
13414,2361,52,Soy Mocha,Coffee,1,6.00,,6.00
13415,2361,49,Lunch Special,Lunch Special,1,18.00,Entree: Savory Eggplant,18.00
13416,2361,62,Iced Lychee,Drinks,1,7.50,,7.50
13417,2361,39,Nasi Goreng,Rice & Noodles,1,18.00,,18.00
13418,2361,75,Extra Tofu,Extras,1,4.00,,4.00
13419,2361,70,Panna Cotta,Desserts,1,9.00,,9.00
13420,2362,38,Rendang,Plant-Based Meat,1,20.00,,20.00
13421,2362,46,Jasmine Rice,Sides,1,2.75,,2.75
13422,2362,49,Lunch Special,Lunch Special,1,18.00,Entree: Kung Pao Chicken,18.00
13423,2363,49,Lunch Special,Lunch Special,1,18.00,Entree: Chili Tofu,18.00
13424,2363,51,Soy Latte,Coffee,1,5.50,,5.50
13425,2363,14,Spicy Curry Noodle Soup,Soups,1,18.00,Gluten Friendly,18.00
13426,2363,64,Sparkling Yuzu,Drinks,1,8.50,,8.50
13427,2363,44,Lemongrass Vermicelli Bowl,Rice & Noodles,1,20.00,,20.00
13428,2363,53,Vegan Iced Coffee,Coffee,1,5.50,,5.50
13429,2363,2,Vegetable Spring Rolls (6pc),Starters,1,9.00,,9.00
13430,2363,73,Chocolate Mousse,Desserts,1,9.00,,9.00
13431,2363,72,Vegan Ice Cream,Desserts,1,7.00,,7.00
13432,2364,49,Lunch Special,Lunch Special,1,18.00,Entree: Rendang,18.00
13433,2364,49,Lunch Special,Lunch Special,1,18.00,Entree: Kung Pao Chicken,18.00
13434,2365,29,Dendeng,Plant-Based Meat,1,20.00,,20.00
13435,2365,47,Coconut Rice,Sides,1,3.00,,3.00
13436,2365,52,Soy Mocha,Coffee,1,6.00,,6.00
13437,2365,32,General Tao Chicken,Plant-Based Meat,1,21.00,,21.00
13438,2365,47,Coconut Rice,Sides,1,3.00,,3.00
13439,2365,49,Lunch Special,Lunch Special,1,18.00,Entree: Padmanadi Veg Deluxe,18.00
13440,2365,51,Soy Latte,Coffee,1,5.50,,5.50
13441,2366,39,Nasi Goreng,Rice & Noodles,1,18.00,Extra Spicy,18.00
13442,2366,2,Vegetable Spring Rolls (6pc),Starters,1,9.00,,9.00
13443,2367,16,Chili Green Beans,Veggie & Tofu,1,19.00,,19.00
13444,2367,46,Jasmine Rice,Sides,1,2.75,,2.75
13445,2367,50,Americano,Coffee,1,4.50,,4.50
13446,2367,49,Lunch Special,Lunch Special,1,18.00,Entree: Ginger Beef,18.00
13447,2367,56,Organic Tea,Tea,1,3.50,,3.50
13448,2368,37,Teriyaki Chicken,Plant-Based Meat,1,19.00,Allergy: Nuts,19.00
13449,2368,47,Coconut Rice,Sides,1,3.00,,3.00
13450,2368,53,Vegan Iced Coffee,Coffee,1,5.50,,5.50
13451,2368,49,Lunch Special,Lunch Special,1,18.00,Entree: Padmanadi Veg Deluxe,18.00
13452,2368,27,Kung Pao Chicken,Plant-Based Meat,1,20.00,,20.00
13453,2368,27,Kung Pao Chicken,Plant-Based Meat,1,20.00,Sauce on Side,20.00
13454,2368,48,Brown Rice,Sides,1,3.00,,3.00
13455,2368,56,Organic Tea,Tea,1,3.50,,3.50
13456,2368,73,Chocolate Mousse,Desserts,1,9.00,,9.00
13457,2369,27,Kung Pao Chicken,Plant-Based Meat,1,20.00,,20.00
13458,2369,47,Coconut Rice,Sides,1,3.00,,3.00
13459,2369,68,Iced Blackberry Hibiscus Tea,Drinks,1,7.00,,7.00
13460,2370,19,Savory Eggplant,Veggie & Tofu,1,18.00,,18.00
13461,2370,76,Extra Veggies,Extras,1,4.00,,4.00
13462,2370,57,Soy Chai Latte,Tea,1,5.50,,5.50
13463,2371,28,Ginger Beef,Plant-Based Meat,1,21.00,,21.00
13464,2371,59,Hot Chocolate,Tea,1,5.00,,5.00
13465,2371,19,Savory Eggplant,Veggie & Tofu,1,18.00,Gluten Friendly,18.00
13466,2371,46,Jasmine Rice,Sides,1,2.75,,2.75
13467,2371,50,Americano,Coffee,1,4.50,,4.50
13468,2372,49,Lunch Special,Lunch Special,1,18.00,Entree: Teriyaki Chicken,18.00
13469,2372,62,Iced Lychee,Drinks,1,7.50,,7.50
13470,2372,49,Lunch Special,Lunch Special,1,18.00,Entree: Chili Green Beans,18.00
13471,2372,2,Vegetable Spring Rolls (6pc),Starters,1,9.00,,9.00
13472,2373,49,Lunch Special,Lunch Special,1,18.00,Entree: Sweet & Sour Nuggets,18.00
13473,2373,28,Ginger Beef,Plant-Based Meat,1,21.00,,21.00
13474,2373,46,Jasmine Rice,Sides,1,2.75,,2.75
13475,2373,50,Americano,Coffee,1,4.50,,4.50
13476,2374,49,Lunch Special,Lunch Special,1,18.00,Entree: Sweet & Sour Chicken,18.00
13477,2374,49,Lunch Special,Lunch Special,1,18.00,Entree: Rendang,18.00
13478,2374,77,Sub Coconut Rice (+1),Extras,1,1.00,,1.00
13479,2374,1,Vegetable Spring Rolls (3pc),Starters,1,6.00,,6.00
13480,2375,15,Padmanadi Vegetable Deluxe,Veggie & Tofu,1,19.00,Allergy: Nuts,19.00
13481,2375,54,Iced Brown Sugar Oat Latte,Coffee,1,6.50,,6.50
13482,2375,37,Teriyaki Chicken,Plant-Based Meat,1,19.00,Less Spicy,19.00
13483,2375,5,Deep Fried Tofu,Starters,1,13.00,,13.00
13484,2376,33,Curry Chicken,Plant-Based Meat,1,22.00,,22.00
13485,2376,47,Coconut Rice,Sides,1,3.00,,3.00
13486,2376,75,Extra Tofu,Extras,1,4.00,,4.00
13487,2376,60,Matcha Latte,Tea,1,6.50,,6.50
13488,2377,36,Spicy Shrimp,Plant-Based Meat,1,20.00,,20.00
13489,2377,53,Vegan Iced Coffee,Coffee,1,5.50,,5.50
13490,2377,49,Lunch Special,Lunch Special,1,18.00,Entree: Ginger Beef,18.00
13491,2377,59,Hot Chocolate,Tea,1,5.00,,5.00
13492,2378,26,Chili Tofu,Veggie & Tofu,1,19.00,No Peanuts,19.00
13493,2378,47,Coconut Rice,Sides,1,3.00,,3.00
13494,2379,27,Kung Pao Chicken,Plant-Based Meat,1,20.00,No Mushrooms,20.00
13495,2379,33,Curry Chicken,Plant-Based Meat,1,22.00,Extra Spicy,22.00
13496,2379,47,Coconut Rice,Sides,1,3.00,,3.00
13497,2380,25,Mushroom Tofu,Veggie & Tofu,1,19.00,Sauce on Side,19.00
13498,2380,33,Curry Chicken,Plant-Based Meat,1,22.00,,22.00
13499,2380,76,Extra Veggies,Extras,1,4.00,,4.00
13500,2380,51,Soy Latte,Coffee,1,5.50,,5.50
13501,2380,2,Vegetable Spring Rolls (6pc),Starters,1,9.00,,9.00
13502,2381,37,Teriyaki Chicken,Plant-Based Meat,1,19.00,,19.00
13503,2381,15,Padmanadi Vegetable Deluxe,Veggie & Tofu,1,19.00,,19.00
13504,2381,75,Extra Tofu,Extras,1,4.00,,4.00
13505,2381,60,Matcha Latte,Tea,1,6.50,,6.50
13506,2382,25,Mushroom Tofu,Veggie & Tofu,1,19.00,No Cilantro,19.00
13507,2382,53,Vegan Iced Coffee,Coffee,1,5.50,,5.50
13508,2382,16,Chili Green Beans,Veggie & Tofu,1,19.00,,19.00
13509,2382,47,Coconut Rice,Sides,1,3.00,,3.00
13510,2383,34,Curry Mutton,Plant-Based Meat,1,22.00,,22.00
13511,2383,64,Sparkling Yuzu,Drinks,1,8.50,,8.50
13512,2383,23,Curry Vegetables & Tofu,Veggie & Tofu,1,20.00,,20.00
13513,2383,44,Lemongrass Vermicelli Bowl,Rice & Noodles,1,20.00,Gluten Friendly,20.00
13514,2384,19,Savory Eggplant,Veggie & Tofu,1,18.00,,18.00
13515,2384,46,Jasmine Rice,Sides,1,2.75,,2.75
13516,2384,57,Soy Chai Latte,Tea,1,5.50,,5.50
13517,2384,2,Vegetable Spring Rolls (6pc),Starters,1,9.00,,9.00
13518,2385,33,Curry Chicken,Plant-Based Meat,1,22.00,Sauce on Side,22.00
13519,2385,56,Organic Tea,Tea,1,3.50,,3.50
13520,2385,30,Sweet & Sour Chicken,Plant-Based Meat,1,19.00,,19.00
13521,2385,46,Jasmine Rice,Sides,1,2.75,,2.75
13522,2385,68,Iced Blackberry Hibiscus Tea,Drinks,1,7.00,,7.00
13523,2385,33,Curry Chicken,Plant-Based Meat,1,22.00,Extra Sauce,22.00
13524,2385,63,Iced Pineapple,Drinks,1,7.50,,7.50
13525,2386,28,Ginger Beef,Plant-Based Meat,1,21.00,No Onion,21.00
13526,2386,66,Assorted Soft Drinks,Drinks,1,2.50,,2.50
13527,2386,31,Spicy Chicken,Plant-Based Meat,1,19.00,,19.00
13528,2386,67,Raspberry Lime Italian Soda,Drinks,1,6.50,,6.50
13529,2386,71,Fried Banana with Coconut Ice Cream,Desserts,1,13.00,,13.00
13530,2387,30,Sweet & Sour Chicken,Plant-Based Meat,1,19.00,,19.00
13531,2387,28,Ginger Beef,Plant-Based Meat,1,21.00,,21.00
13532,2387,46,Jasmine Rice,Sides,1,2.75,,2.75
13533,2388,39,Nasi Goreng,Rice & Noodles,1,18.00,,18.00
13534,2388,13,Tom Yum Soup,Soups,1,18.00,,18.00
13535,2388,79,Add Noodles (Soup),Extras,1,3.00,,3.00
13536,2388,61,Iced Oat Strawberry Matcha,Tea,1,8.50,,8.50
13537,2388,26,Chili Tofu,Veggie & Tofu,1,19.00,Extra Sauce,19.00
13538,2388,13,Tom Yum Soup,Soups,1,18.00,,18.00
13539,2388,51,Soy Latte,Coffee,1,5.50,,5.50
13540,2388,12,Wonton Soup,Soups,1,18.00,No Onion,18.00
13541,2388,56,Organic Tea,Tea,1,3.50,,3.50
13542,2388,35,Sweet & Sour Shrimp,Plant-Based Meat,1,20.00,,20.00
13543,2388,46,Jasmine Rice,Sides,1,2.75,,2.75
13544,2388,26,Chili Tofu,Veggie & Tofu,1,19.00,,19.00
13545,2388,46,Jasmine Rice,Sides,1,2.75,,2.75
13546,2388,74,Extra Protein,Extras,1,5.00,,5.00
13547,2388,59,Hot Chocolate,Tea,1,5.00,,5.00
13548,2388,4,Satay with Peanut Sauce (3pc),Starters,1,10.00,,10.00
13549,2389,24,Tempeh Pulau,Veggie & Tofu,1,20.00,No Peanuts,20.00
13550,2389,46,Jasmine Rice,Sides,1,2.75,,2.75
13551,2389,45,Bali Buddha Bowl,Rice & Noodles,1,18.00,No Peanuts,18.00
13552,2389,59,Hot Chocolate,Tea,1,5.00,,5.00
13553,2389,69,Cheesecake,Desserts,1,11.00,,11.00
13554,2390,43,Singapore Noodle,Rice & Noodles,1,19.00,No Peanuts,19.00
13555,2390,42,Kwetiau Goreng,Rice & Noodles,1,19.00,,19.00
13556,2390,74,Extra Protein,Extras,1,5.00,,5.00
13557,2390,53,Vegan Iced Coffee,Coffee,1,5.50,,5.50
13558,2390,31,Spicy Chicken,Plant-Based Meat,1,19.00,,19.00
13559,2390,2,Vegetable Spring Rolls (6pc),Starters,1,9.00,,9.00
13560,2391,24,Tempeh Pulau,Veggie & Tofu,1,20.00,,20.00
13561,2391,46,Jasmine Rice,Sides,1,2.75,,2.75
13562,2391,15,Padmanadi Vegetable Deluxe,Veggie & Tofu,1,19.00,,19.00
13563,2391,46,Jasmine Rice,Sides,1,2.75,,2.75
13564,2391,67,Raspberry Lime Italian Soda,Drinks,1,6.50,,6.50
13565,2392,18,King Oyster Mushroom Gaylan,Veggie & Tofu,1,20.00,Allergy: Nuts,20.00
13566,2392,46,Jasmine Rice,Sides,1,2.75,,2.75
13567,2392,74,Extra Protein,Extras,1,5.00,,5.00
13568,2392,60,Matcha Latte,Tea,1,6.50,,6.50
13569,2392,37,Teriyaki Chicken,Plant-Based Meat,1,19.00,No Cilantro,19.00
13570,2392,52,Soy Mocha,Coffee,1,6.00,,6.00
13571,2392,26,Chili Tofu,Veggie & Tofu,1,19.00,,19.00
13572,2392,57,Soy Chai Latte,Tea,1,5.50,,5.50
13573,2392,70,Panna Cotta,Desserts,1,9.00,,9.00
13574,2392,70,Panna Cotta,Desserts,1,9.00,,9.00
13575,2393,39,Nasi Goreng,Rice & Noodles,1,18.00,Gluten Friendly,18.00
13576,2393,60,Matcha Latte,Tea,1,6.50,,6.50
13577,2393,45,Bali Buddha Bowl,Rice & Noodles,1,18.00,,18.00
13578,2393,56,Organic Tea,Tea,1,3.50,,3.50
13579,2393,30,Sweet & Sour Chicken,Plant-Based Meat,1,19.00,No Onion,19.00
13580,2393,63,Iced Pineapple,Drinks,1,7.50,,7.50
13581,2393,73,Chocolate Mousse,Desserts,1,9.00,,9.00
13582,2394,28,Ginger Beef,Plant-Based Meat,1,21.00,Allergy: Nuts,21.00
13583,2394,51,Soy Latte,Coffee,1,5.50,,5.50
13584,2394,45,Bali Buddha Bowl,Rice & Noodles,1,18.00,,18.00
13585,2394,64,Sparkling Yuzu,Drinks,1,8.50,,8.50
13586,2394,41,Bihun Goreng,Rice & Noodles,1,18.00,Sauce on Side,18.00
13587,2394,74,Extra Protein,Extras,1,5.00,,5.00
13588,2394,54,Iced Brown Sugar Oat Latte,Coffee,1,6.50,,6.50
13589,2394,1,Vegetable Spring Rolls (3pc),Starters,1,6.00,,6.00
13590,2395,36,Spicy Shrimp,Plant-Based Meat,1,20.00,,20.00
13591,2395,64,Sparkling Yuzu,Drinks,1,8.50,,8.50
13592,2395,18,King Oyster Mushroom Gaylan,Veggie & Tofu,1,20.00,,20.00
13593,2395,5,Deep Fried Tofu,Starters,1,13.00,,13.00
13594,2396,44,Lemongrass Vermicelli Bowl,Rice & Noodles,1,20.00,,20.00
13595,2396,65,Iced Passion Fruit Green Tea,Drinks,1,7.00,,7.00
13596,2396,44,Lemongrass Vermicelli Bowl,Rice & Noodles,1,20.00,,20.00
13597,2396,62,Iced Lychee,Drinks,1,7.50,,7.50
13598,2396,15,Padmanadi Vegetable Deluxe,Veggie & Tofu,1,19.00,Extra Sauce,19.00
13599,2396,51,Soy Latte,Coffee,1,5.50,,5.50
13600,2397,45,Bali Buddha Bowl,Rice & Noodles,1,18.00,No Mushrooms,18.00
13601,2397,58,London Fog,Tea,1,5.50,,5.50
13602,2397,22,Pan-Fried Broccoli & Cauliflower,Veggie & Tofu,1,18.00,No Cilantro,18.00
13603,2397,35,Sweet & Sour Shrimp,Plant-Based Meat,1,20.00,Allergy: Nuts,20.00
13604,2397,62,Iced Lychee,Drinks,1,7.50,,7.50
13605,2397,15,Padmanadi Vegetable Deluxe,Veggie & Tofu,1,19.00,No Onion,19.00
13606,2397,46,Jasmine Rice,Sides,1,2.75,,2.75
13607,2397,67,Raspberry Lime Italian Soda,Drinks,1,6.50,,6.50
13608,2397,9,Crispy Chicken Strips,Starters,1,13.00,,13.00
13609,2398,43,Singapore Noodle,Rice & Noodles,1,19.00,,19.00
13610,2398,65,Iced Passion Fruit Green Tea,Drinks,1,7.00,,7.00
13611,2398,35,Sweet & Sour Shrimp,Plant-Based Meat,1,20.00,No Onion,20.00
13612,2398,46,Jasmine Rice,Sides,1,2.75,,2.75
13613,2398,64,Sparkling Yuzu,Drinks,1,8.50,,8.50
13614,2398,5,Deep Fried Tofu,Starters,1,13.00,,13.00
13615,2399,31,Spicy Chicken,Plant-Based Meat,1,19.00,Less Spicy,19.00
13616,2399,46,Jasmine Rice,Sides,1,2.75,,2.75
13617,2399,38,Rendang,Plant-Based Meat,1,20.00,,20.00
13618,2399,63,Iced Pineapple,Drinks,1,7.50,,7.50
13619,2399,2,Vegetable Spring Rolls (6pc),Starters,1,9.00,,9.00
13620,2399,71,Fried Banana with Coconut Ice Cream,Desserts,1,13.00,,13.00
13621,2399,71,Fried Banana with Coconut Ice Cream,Desserts,1,13.00,,13.00
13622,2400,34,Curry Mutton,Plant-Based Meat,1,22.00,,22.00
13623,2400,54,Iced Brown Sugar Oat Latte,Coffee,1,6.50,,6.50
13624,2400,2,Vegetable Spring Rolls (6pc),Starters,1,9.00,,9.00
13625,2401,34,Curry Mutton,Plant-Based Meat,1,22.00,,22.00
13626,2401,46,Jasmine Rice,Sides,1,2.75,,2.75
13627,2401,35,Sweet & Sour Shrimp,Plant-Based Meat,1,20.00,Allergy: Nuts,20.00
13628,2401,66,Assorted Soft Drinks,Drinks,1,2.50,,2.50
13629,2402,30,Sweet & Sour Chicken,Plant-Based Meat,1,19.00,,19.00
13630,2402,46,Jasmine Rice,Sides,1,2.75,,2.75
13631,2403,37,Teriyaki Chicken,Plant-Based Meat,1,19.00,No Onion,19.00
13632,2403,61,Iced Oat Strawberry Matcha,Tea,1,8.50,,8.50
13633,2403,18,King Oyster Mushroom Gaylan,Veggie & Tofu,1,20.00,,20.00
13634,2403,39,Nasi Goreng,Rice & Noodles,1,18.00,Extra Sauce,18.00
13635,2403,11,Fried Enoki Mushroom,Starters,1,16.00,,16.00
13636,2404,36,Spicy Shrimp,Plant-Based Meat,1,20.00,,20.00
13637,2404,31,Spicy Chicken,Plant-Based Meat,1,19.00,,19.00
13638,2404,33,Curry Chicken,Plant-Based Meat,1,22.00,No Mushrooms,22.00
13639,2404,46,Jasmine Rice,Sides,1,2.75,,2.75
13640,2404,70,Panna Cotta,Desserts,1,9.00,,9.00
13641,2405,38,Rendang,Plant-Based Meat,1,20.00,Less Spicy,20.00
13642,2405,53,Vegan Iced Coffee,Coffee,1,5.50,,5.50
13643,2405,69,Cheesecake,Desserts,1,11.00,,11.00
13644,2406,38,Rendang,Plant-Based Meat,1,20.00,,20.00
13645,2406,48,Brown Rice,Sides,1,3.00,,3.00
13646,2406,66,Assorted Soft Drinks,Drinks,1,2.50,,2.50
13647,2406,18,King Oyster Mushroom Gaylan,Veggie & Tofu,1,20.00,Extra Sauce,20.00
13648,2406,46,Jasmine Rice,Sides,1,2.75,,2.75
13649,2406,43,Singapore Noodle,Rice & Noodles,1,19.00,,19.00
13650,2406,75,Extra Tofu,Extras,1,4.00,,4.00
13651,2406,52,Soy Mocha,Coffee,1,6.00,,6.00
13652,2406,22,Pan-Fried Broccoli & Cauliflower,Veggie & Tofu,1,18.00,,18.00
13653,2406,66,Assorted Soft Drinks,Drinks,1,2.50,,2.50
13654,2406,7,Roti Canai,Starters,1,13.00,,13.00
13655,2407,27,Kung Pao Chicken,Plant-Based Meat,1,20.00,,20.00
13656,2407,46,Jasmine Rice,Sides,1,2.75,,2.75
13657,2407,75,Extra Tofu,Extras,1,4.00,,4.00
13658,2407,14,Spicy Curry Noodle Soup,Soups,1,18.00,No Peanuts,18.00
13659,2407,55,Decaf Coffee,Coffee,1,4.50,,4.50
13660,2407,33,Curry Chicken,Plant-Based Meat,1,22.00,No Mushrooms,22.00
13661,2407,46,Jasmine Rice,Sides,1,2.75,,2.75
13662,2407,60,Matcha Latte,Tea,1,6.50,,6.50
13663,2407,32,General Tao Chicken,Plant-Based Meat,1,21.00,,21.00
13664,2407,54,Iced Brown Sugar Oat Latte,Coffee,1,6.50,,6.50
13665,2407,13,Tom Yum Soup,Soups,1,18.00,Extra Sauce,18.00
13666,2407,79,Add Noodles (Soup),Extras,1,3.00,,3.00
13667,2408,12,Wonton Soup,Soups,1,18.00,Sauce on Side,18.00
13668,2408,57,Soy Chai Latte,Tea,1,5.50,,5.50
13669,2408,32,General Tao Chicken,Plant-Based Meat,1,21.00,,21.00
13670,2408,60,Matcha Latte,Tea,1,6.50,,6.50
13671,2409,43,Singapore Noodle,Rice & Noodles,1,19.00,,19.00
13672,2409,66,Assorted Soft Drinks,Drinks,1,2.50,,2.50
13673,2409,10,Bean Curd Drumsticks,Starters,1,13.00,,13.00
13674,2410,12,Wonton Soup,Soups,1,18.00,,18.00
13675,2410,79,Add Noodles (Soup),Extras,1,3.00,,3.00
13676,2410,16,Chili Green Beans,Veggie & Tofu,1,19.00,Gluten Friendly,19.00
13677,2410,66,Assorted Soft Drinks,Drinks,1,2.50,,2.50
13678,2410,35,Sweet & Sour Shrimp,Plant-Based Meat,1,20.00,No Peanuts,20.00
13679,2410,75,Extra Tofu,Extras,1,4.00,,4.00
13680,2410,65,Iced Passion Fruit Green Tea,Drinks,1,7.00,,7.00
13681,2410,26,Chili Tofu,Veggie & Tofu,1,19.00,No Onion,19.00
13682,2410,68,Iced Blackberry Hibiscus Tea,Drinks,1,7.00,,7.00
13683,2410,27,Kung Pao Chicken,Plant-Based Meat,1,20.00,Extra Sauce,20.00
13684,2410,67,Raspberry Lime Italian Soda,Drinks,1,6.50,,6.50
13685,2410,38,Rendang,Plant-Based Meat,1,20.00,Sauce on Side,20.00
13686,2410,46,Jasmine Rice,Sides,1,2.75,,2.75
13687,2410,33,Curry Chicken,Plant-Based Meat,1,22.00,Sauce on Side,22.00
13688,2410,54,Iced Brown Sugar Oat Latte,Coffee,1,6.50,,6.50
13689,2410,11,Fried Enoki Mushroom,Starters,1,16.00,,16.00
13690,2411,33,Curry Chicken,Plant-Based Meat,1,22.00,,22.00
13691,2411,66,Assorted Soft Drinks,Drinks,1,2.50,,2.50
13692,2411,33,Curry Chicken,Plant-Based Meat,1,22.00,,22.00
13693,2411,37,Teriyaki Chicken,Plant-Based Meat,1,19.00,No Onion,19.00
13694,2411,13,Tom Yum Soup,Soups,1,18.00,,18.00
13695,2411,24,Tempeh Pulau,Veggie & Tofu,1,20.00,,20.00
13696,2411,11,Fried Enoki Mushroom,Starters,1,16.00,,16.00
13697,2411,71,Fried Banana with Coconut Ice Cream,Desserts,1,13.00,,13.00
13698,2412,44,Lemongrass Vermicelli Bowl,Rice & Noodles,1,20.00,,20.00
13699,2413,35,Sweet & Sour Shrimp,Plant-Based Meat,1,20.00,,20.00
13700,2413,46,Jasmine Rice,Sides,1,2.75,,2.75
13701,2413,58,London Fog,Tea,1,5.50,,5.50
13702,2413,30,Sweet & Sour Chicken,Plant-Based Meat,1,19.00,Gluten Friendly,19.00
13703,2413,46,Jasmine Rice,Sides,1,2.75,,2.75
13704,2413,57,Soy Chai Latte,Tea,1,5.50,,5.50
13705,2413,2,Vegetable Spring Rolls (6pc),Starters,1,9.00,,9.00
13706,2414,31,Spicy Chicken,Plant-Based Meat,1,19.00,No Peanuts,19.00
13707,2414,37,Teriyaki Chicken,Plant-Based Meat,1,19.00,,19.00
13708,2414,46,Jasmine Rice,Sides,1,2.75,,2.75
13709,2414,51,Soy Latte,Coffee,1,5.50,,5.50
13710,2414,2,Vegetable Spring Rolls (6pc),Starters,1,9.00,,9.00
13711,2415,12,Wonton Soup,Soups,1,18.00,,18.00
13712,2415,38,Rendang,Plant-Based Meat,1,20.00,,20.00
13713,2415,72,Vegan Ice Cream,Desserts,1,7.00,,7.00
13714,2415,69,Cheesecake,Desserts,1,11.00,,11.00
13715,2416,33,Curry Chicken,Plant-Based Meat,1,22.00,,22.00
13716,2416,47,Coconut Rice,Sides,1,3.00,,3.00
13717,2416,56,Organic Tea,Tea,1,3.50,,3.50
13718,2416,27,Kung Pao Chicken,Plant-Based Meat,1,20.00,No Peanuts,20.00
13719,2416,50,Americano,Coffee,1,4.50,,4.50
13720,2416,32,General Tao Chicken,Plant-Based Meat,1,21.00,,21.00
13721,2416,35,Sweet & Sour Shrimp,Plant-Based Meat,1,20.00,,20.00
13722,2416,22,Pan-Fried Broccoli & Cauliflower,Veggie & Tofu,1,18.00,,18.00
13723,2416,50,Americano,Coffee,1,4.50,,4.50
13724,2417,42,Kwetiau Goreng,Rice & Noodles,1,19.00,,19.00
13725,2417,61,Iced Oat Strawberry Matcha,Tea,1,8.50,,8.50
13726,2417,27,Kung Pao Chicken,Plant-Based Meat,1,20.00,Sauce on Side,20.00
13727,2417,74,Extra Protein,Extras,1,5.00,,5.00
13728,2418,16,Chili Green Beans,Veggie & Tofu,1,19.00,,19.00
13729,2418,46,Jasmine Rice,Sides,1,2.75,,2.75
13730,2418,75,Extra Tofu,Extras,1,4.00,,4.00
13731,2418,68,Iced Blackberry Hibiscus Tea,Drinks,1,7.00,,7.00
13732,2419,28,Ginger Beef,Plant-Based Meat,1,21.00,,21.00
13733,2419,62,Iced Lychee,Drinks,1,7.50,,7.50
13734,2419,2,Vegetable Spring Rolls (6pc),Starters,1,9.00,,9.00
13735,2419,69,Cheesecake,Desserts,1,11.00,,11.00
13736,2420,29,Dendeng,Plant-Based Meat,1,20.00,No Peanuts,20.00
13737,2420,60,Matcha Latte,Tea,1,6.50,,6.50
13738,2420,33,Curry Chicken,Plant-Based Meat,1,22.00,No Cilantro,22.00
13739,2420,46,Jasmine Rice,Sides,1,2.75,,2.75
13740,2420,51,Soy Latte,Coffee,1,5.50,,5.50
13741,2421,35,Sweet & Sour Shrimp,Plant-Based Meat,1,20.00,No Onion,20.00
13742,2421,18,King Oyster Mushroom Gaylan,Veggie & Tofu,1,20.00,,20.00
13743,2421,63,Iced Pineapple,Drinks,1,7.50,,7.50
13744,2422,42,Kwetiau Goreng,Rice & Noodles,1,19.00,,19.00
13745,2423,39,Nasi Goreng,Rice & Noodles,1,18.00,,18.00
13746,2423,27,Kung Pao Chicken,Plant-Based Meat,1,20.00,,20.00
13747,2423,47,Coconut Rice,Sides,1,3.00,,3.00
13748,2423,66,Assorted Soft Drinks,Drinks,1,2.50,,2.50
13749,2424,28,Ginger Beef,Plant-Based Meat,1,21.00,,21.00
13750,2424,46,Jasmine Rice,Sides,1,2.75,,2.75
13751,2424,41,Bihun Goreng,Rice & Noodles,1,18.00,,18.00
13752,2424,53,Vegan Iced Coffee,Coffee,1,5.50,,5.50
13753,2424,71,Fried Banana with Coconut Ice Cream,Desserts,1,13.00,,13.00
13754,2424,69,Cheesecake,Desserts,1,11.00,,11.00
13755,2425,26,Chili Tofu,Veggie & Tofu,1,19.00,No Onion,19.00
13756,2425,46,Jasmine Rice,Sides,1,2.75,,2.75
13757,2425,31,Spicy Chicken,Plant-Based Meat,1,19.00,,19.00
13758,2425,46,Jasmine Rice,Sides,1,2.75,,2.75
13759,2425,67,Raspberry Lime Italian Soda,Drinks,1,6.50,,6.50
13760,2425,45,Bali Buddha Bowl,Rice & Noodles,1,18.00,Less Spicy,18.00
13761,2425,75,Extra Tofu,Extras,1,4.00,,4.00
13762,2425,43,Singapore Noodle,Rice & Noodles,1,19.00,,19.00
13763,2425,67,Raspberry Lime Italian Soda,Drinks,1,6.50,,6.50
13764,2425,10,Bean Curd Drumsticks,Starters,1,13.00,,13.00
13765,2425,4,Satay with Peanut Sauce (3pc),Starters,1,10.00,,10.00
13766,2426,19,Savory Eggplant,Veggie & Tofu,1,18.00,,18.00
13767,2426,63,Iced Pineapple,Drinks,1,7.50,,7.50
13768,2426,43,Singapore Noodle,Rice & Noodles,1,19.00,,19.00
13769,2426,5,Deep Fried Tofu,Starters,1,13.00,,13.00
13770,2427,23,Curry Vegetables & Tofu,Veggie & Tofu,1,20.00,No Peanuts,20.00
13771,2427,48,Brown Rice,Sides,1,3.00,,3.00
13772,2427,76,Extra Veggies,Extras,1,4.00,,4.00
13773,2428,35,Sweet & Sour Shrimp,Plant-Based Meat,1,20.00,No Onion,20.00
13774,2428,48,Brown Rice,Sides,1,3.00,,3.00
13775,2428,32,General Tao Chicken,Plant-Based Meat,1,21.00,No Onion,21.00
13776,2428,47,Coconut Rice,Sides,1,3.00,,3.00
13777,2429,24,Tempeh Pulau,Veggie & Tofu,1,20.00,Extra Spicy,20.00
13778,2429,46,Jasmine Rice,Sides,1,2.75,,2.75
13779,2429,75,Extra Tofu,Extras,1,4.00,,4.00
13780,2429,56,Organic Tea,Tea,1,3.50,,3.50
13781,2429,33,Curry Chicken,Plant-Based Meat,1,22.00,Less Spicy,22.00
13782,2429,21,Mapo Tofu,Veggie & Tofu,1,19.00,,19.00
13783,2429,4,Satay with Peanut Sauce (3pc),Starters,1,10.00,,10.00
13784,2429,69,Cheesecake,Desserts,1,11.00,,11.00
13785,2430,32,General Tao Chicken,Plant-Based Meat,1,21.00,Less Spicy,21.00
13786,2430,46,Jasmine Rice,Sides,1,2.75,,2.75
13787,2430,51,Soy Latte,Coffee,1,5.50,,5.50
13788,2430,33,Curry Chicken,Plant-Based Meat,1,22.00,,22.00
13789,2430,60,Matcha Latte,Tea,1,6.50,,6.50
13790,2430,27,Kung Pao Chicken,Plant-Based Meat,1,20.00,No Onion,20.00
13791,2430,18,King Oyster Mushroom Gaylan,Veggie & Tofu,1,20.00,,20.00
13792,2430,48,Brown Rice,Sides,1,3.00,,3.00
13793,2430,62,Iced Lychee,Drinks,1,7.50,,7.50
13794,2430,7,Roti Canai,Starters,1,13.00,,13.00
13795,2431,38,Rendang,Plant-Based Meat,1,20.00,,20.00
13796,2431,53,Vegan Iced Coffee,Coffee,1,5.50,,5.50
13797,2431,41,Bihun Goreng,Rice & Noodles,1,18.00,,18.00
13798,2431,66,Assorted Soft Drinks,Drinks,1,2.50,,2.50
13799,2431,37,Teriyaki Chicken,Plant-Based Meat,1,19.00,No Peanuts,19.00
13800,2431,46,Jasmine Rice,Sides,1,2.75,,2.75
13801,2431,51,Soy Latte,Coffee,1,5.50,,5.50
13802,2431,13,Tom Yum Soup,Soups,1,18.00,,18.00
13803,2431,26,Chili Tofu,Veggie & Tofu,1,19.00,No Onion,19.00
13804,2431,62,Iced Lychee,Drinks,1,7.50,,7.50
13805,2431,9,Crispy Chicken Strips,Starters,1,13.00,,13.00
13806,2431,4,Satay with Peanut Sauce (3pc),Starters,1,10.00,,10.00
13807,2432,39,Nasi Goreng,Rice & Noodles,1,18.00,,18.00
13808,2432,32,General Tao Chicken,Plant-Based Meat,1,21.00,,21.00
13809,2432,62,Iced Lychee,Drinks,1,7.50,,7.50
13810,2432,7,Roti Canai,Starters,1,13.00,,13.00
13811,2433,36,Spicy Shrimp,Plant-Based Meat,1,20.00,,20.00
13812,2433,46,Jasmine Rice,Sides,1,2.75,,2.75
13813,2433,62,Iced Lychee,Drinks,1,7.50,,7.50
13814,2433,49,Lunch Special,Lunch Special,1,18.00,Entree: Spicy Nuggets,18.00
13815,2433,65,Iced Passion Fruit Green Tea,Drinks,1,7.00,,7.00
13816,2433,36,Spicy Shrimp,Plant-Based Meat,1,20.00,,20.00
13817,2433,48,Brown Rice,Sides,1,3.00,,3.00
13818,2433,74,Extra Protein,Extras,1,5.00,,5.00
13819,2433,50,Americano,Coffee,1,4.50,,4.50
13820,2433,7,Roti Canai,Starters,1,13.00,,13.00
13821,2433,71,Fried Banana with Coconut Ice Cream,Desserts,1,13.00,,13.00
13822,2433,69,Cheesecake,Desserts,1,11.00,,11.00
13823,2434,26,Chili Tofu,Veggie & Tofu,1,19.00,Gluten Friendly,19.00
13824,2434,37,Teriyaki Chicken,Plant-Based Meat,1,19.00,,19.00
13825,2434,22,Pan-Fried Broccoli & Cauliflower,Veggie & Tofu,1,18.00,,18.00
13826,2434,65,Iced Passion Fruit Green Tea,Drinks,1,7.00,,7.00
13827,2434,31,Spicy Chicken,Plant-Based Meat,1,19.00,Extra Sauce,19.00
13828,2434,2,Vegetable Spring Rolls (6pc),Starters,1,9.00,,9.00
13829,2434,70,Panna Cotta,Desserts,1,9.00,,9.00
13830,2435,49,Lunch Special,Lunch Special,1,18.00,Entree: Spicy Nuggets,18.00
13831,2435,63,Iced Pineapple,Drinks,1,7.50,,7.50
13832,2436,34,Curry Mutton,Plant-Based Meat,1,22.00,Allergy: Nuts,22.00
13833,2436,66,Assorted Soft Drinks,Drinks,1,2.50,,2.50
13834,2436,49,Lunch Special,Lunch Special,1,18.00,Entree: Sweet & Sour Chicken,18.00
13835,2436,66,Assorted Soft Drinks,Drinks,1,2.50,,2.50
13836,2436,69,Cheesecake,Desserts,1,11.00,,11.00
13837,2436,71,Fried Banana with Coconut Ice Cream,Desserts,1,13.00,,13.00
13838,2437,30,Sweet & Sour Chicken,Plant-Based Meat,1,19.00,,19.00
13839,2437,48,Brown Rice,Sides,1,3.00,,3.00
13840,2437,66,Assorted Soft Drinks,Drinks,1,2.50,,2.50
13841,2438,40,Bakmi Goreng,Rice & Noodles,1,19.00,Sauce on Side,19.00
13842,2439,32,General Tao Chicken,Plant-Based Meat,1,21.00,,21.00
13843,2439,47,Coconut Rice,Sides,1,3.00,,3.00
13844,2439,53,Vegan Iced Coffee,Coffee,1,5.50,,5.50
13845,2439,28,Ginger Beef,Plant-Based Meat,1,21.00,,21.00
13846,2439,28,Ginger Beef,Plant-Based Meat,1,21.00,,21.00
13847,2439,46,Jasmine Rice,Sides,1,2.75,,2.75
13848,2439,66,Assorted Soft Drinks,Drinks,1,2.50,,2.50
13849,2439,49,Lunch Special,Lunch Special,1,18.00,Entree: Chili Tofu,18.00
13850,2439,71,Fried Banana with Coconut Ice Cream,Desserts,1,13.00,,13.00
13851,2440,49,Lunch Special,Lunch Special,1,18.00,Entree: Chili Green Beans,18.00
13852,2440,33,Curry Chicken,Plant-Based Meat,1,22.00,Extra Spicy,22.00
13853,2440,28,Ginger Beef,Plant-Based Meat,1,21.00,No Mushrooms,21.00
13854,2440,64,Sparkling Yuzu,Drinks,1,8.50,,8.50
13855,2440,49,Lunch Special,Lunch Special,1,18.00,Entree: Padmanadi Veg Deluxe,18.00
13856,2440,66,Assorted Soft Drinks,Drinks,1,2.50,,2.50
13857,2440,9,Crispy Chicken Strips,Starters,1,13.00,,13.00
13858,2441,43,Singapore Noodle,Rice & Noodles,1,19.00,Gluten Friendly,19.00
13859,2441,62,Iced Lychee,Drinks,1,7.50,,7.50
13860,2442,49,Lunch Special,Lunch Special,1,18.00,Entree: Ginger Beef,18.00
13861,2442,53,Vegan Iced Coffee,Coffee,1,5.50,,5.50
13862,2442,13,Tom Yum Soup,Soups,1,18.00,,18.00
13863,2443,49,Lunch Special,Lunch Special,1,18.00,Entree: Curried Tofu w/ Vegetables,18.00
13864,2443,62,Iced Lychee,Drinks,1,7.50,,7.50
13865,2443,37,Teriyaki Chicken,Plant-Based Meat,1,19.00,,19.00
13866,2443,46,Jasmine Rice,Sides,1,2.75,,2.75
13867,2444,23,Curry Vegetables & Tofu,Veggie & Tofu,1,20.00,,20.00
13868,2444,46,Jasmine Rice,Sides,1,2.75,,2.75
13869,2445,21,Mapo Tofu,Veggie & Tofu,1,19.00,,19.00
13870,2445,46,Jasmine Rice,Sides,1,2.75,,2.75
13871,2445,32,General Tao Chicken,Plant-Based Meat,1,21.00,,21.00
13872,2445,60,Matcha Latte,Tea,1,6.50,,6.50
13873,2445,49,Lunch Special,Lunch Special,1,18.00,Entree: Chili Green Beans,18.00
13874,2445,53,Vegan Iced Coffee,Coffee,1,5.50,,5.50
13875,2445,39,Nasi Goreng,Rice & Noodles,1,18.00,Extra Sauce,18.00
13876,2445,66,Assorted Soft Drinks,Drinks,1,2.50,,2.50
13877,2445,73,Chocolate Mousse,Desserts,1,9.00,,9.00
13878,2445,71,Fried Banana with Coconut Ice Cream,Desserts,1,13.00,,13.00
13879,2446,49,Lunch Special,Lunch Special,1,18.00,Entree: Sweet & Sour Chicken,18.00
13880,2446,63,Iced Pineapple,Drinks,1,7.50,,7.50
13881,2446,45,Bali Buddha Bowl,Rice & Noodles,1,18.00,,18.00
13882,2446,62,Iced Lychee,Drinks,1,7.50,,7.50
13883,2446,21,Mapo Tofu,Veggie & Tofu,1,19.00,Sauce on Side,19.00
13884,2446,46,Jasmine Rice,Sides,1,2.75,,2.75
13885,2446,70,Panna Cotta,Desserts,1,9.00,,9.00
13886,2446,72,Vegan Ice Cream,Desserts,1,7.00,,7.00
13887,2447,37,Teriyaki Chicken,Plant-Based Meat,1,19.00,Extra Sauce,19.00
13888,2447,52,Soy Mocha,Coffee,1,6.00,,6.00
13889,2447,49,Lunch Special,Lunch Special,1,18.00,Entree: Chili Tofu,18.00
13890,2447,57,Soy Chai Latte,Tea,1,5.50,,5.50
13891,2447,49,Lunch Special,Lunch Special,1,18.00,Entree: Padmanadi Veg Deluxe,18.00
13892,2447,37,Teriyaki Chicken,Plant-Based Meat,1,19.00,No Cilantro,19.00
13893,2447,47,Coconut Rice,Sides,1,3.00,,3.00
13894,2447,37,Teriyaki Chicken,Plant-Based Meat,1,19.00,,19.00
13895,2447,46,Jasmine Rice,Sides,1,2.75,,2.75
13896,2447,68,Iced Blackberry Hibiscus Tea,Drinks,1,7.00,,7.00
13897,2447,36,Spicy Shrimp,Plant-Based Meat,1,20.00,Extra Spicy,20.00
13898,2447,47,Coconut Rice,Sides,1,3.00,,3.00
13899,2447,60,Matcha Latte,Tea,1,6.50,,6.50
13900,2448,33,Curry Chicken,Plant-Based Meat,1,22.00,,22.00
13901,2448,66,Assorted Soft Drinks,Drinks,1,2.50,,2.50
13902,2448,16,Chili Green Beans,Veggie & Tofu,1,19.00,,19.00
13903,2448,46,Jasmine Rice,Sides,1,2.75,,2.75
13904,2448,66,Assorted Soft Drinks,Drinks,1,2.50,,2.50
13905,2448,39,Nasi Goreng,Rice & Noodles,1,18.00,,18.00
13906,2448,50,Americano,Coffee,1,4.50,,4.50
13907,2448,2,Vegetable Spring Rolls (6pc),Starters,1,9.00,,9.00
13908,2449,49,Lunch Special,Lunch Special,1,18.00,Entree: Teriyaki Chicken,18.00
13909,2449,32,General Tao Chicken,Plant-Based Meat,1,21.00,,21.00
13910,2449,48,Brown Rice,Sides,1,3.00,,3.00
13911,2449,51,Soy Latte,Coffee,1,5.50,,5.50
13912,2449,31,Spicy Chicken,Plant-Based Meat,1,19.00,,19.00
13913,2449,68,Iced Blackberry Hibiscus Tea,Drinks,1,7.00,,7.00
13914,2450,28,Ginger Beef,Plant-Based Meat,1,21.00,Gluten Friendly,21.00
13915,2450,58,London Fog,Tea,1,5.50,,5.50
13916,2450,49,Lunch Special,Lunch Special,1,18.00,Entree: Spicy Nuggets,18.00
13917,2450,15,Padmanadi Vegetable Deluxe,Veggie & Tofu,1,19.00,Less Spicy,19.00
13918,2450,38,Rendang,Plant-Based Meat,1,20.00,,20.00
13919,2450,47,Coconut Rice,Sides,1,3.00,,3.00
13920,2450,51,Soy Latte,Coffee,1,5.50,,5.50
13921,2450,4,Satay with Peanut Sauce (3pc),Starters,1,10.00,,10.00
13922,2451,43,Singapore Noodle,Rice & Noodles,1,19.00,Extra Spicy,19.00
13923,2451,13,Tom Yum Soup,Soups,1,18.00,,18.00
13924,2451,79,Add Noodles (Soup),Extras,1,3.00,,3.00
13925,2451,65,Iced Passion Fruit Green Tea,Drinks,1,7.00,,7.00
13926,2451,69,Cheesecake,Desserts,1,11.00,,11.00
13927,2452,26,Chili Tofu,Veggie & Tofu,1,19.00,Extra Sauce,19.00
13928,2452,60,Matcha Latte,Tea,1,6.50,,6.50
13929,2452,36,Spicy Shrimp,Plant-Based Meat,1,20.00,,20.00
13930,2452,60,Matcha Latte,Tea,1,6.50,,6.50
13931,2452,49,Lunch Special,Lunch Special,1,18.00,Entree: Savory Eggplant,18.00
13932,2452,9,Crispy Chicken Strips,Starters,1,13.00,,13.00
13933,2453,49,Lunch Special,Lunch Special,1,18.00,Entree: Sweet & Sour Nuggets,18.00
13934,2453,62,Iced Lychee,Drinks,1,7.50,,7.50
13935,2453,20,Spicy Coconut Eggplant,Veggie & Tofu,1,18.00,No Cilantro,18.00
13936,2453,46,Jasmine Rice,Sides,1,2.75,,2.75
13937,2453,68,Iced Blackberry Hibiscus Tea,Drinks,1,7.00,,7.00
13938,2453,38,Rendang,Plant-Based Meat,1,20.00,No Peanuts,20.00
13939,2453,48,Brown Rice,Sides,1,3.00,,3.00
13940,2453,57,Soy Chai Latte,Tea,1,5.50,,5.50
13941,2453,20,Spicy Coconut Eggplant,Veggie & Tofu,1,18.00,Sauce on Side,18.00
13942,2453,46,Jasmine Rice,Sides,1,2.75,,2.75
13943,2453,63,Iced Pineapple,Drinks,1,7.50,,7.50
13944,2453,71,Fried Banana with Coconut Ice Cream,Desserts,1,13.00,,13.00
13945,2453,72,Vegan Ice Cream,Desserts,1,7.00,,7.00
13946,2454,49,Lunch Special,Lunch Special,1,18.00,Entree: Savory Eggplant,18.00
13947,2454,78,Sub Brown Rice (+1),Extras,1,1.00,,1.00
13948,2454,30,Sweet & Sour Chicken,Plant-Based Meat,1,19.00,,19.00
13949,2454,46,Jasmine Rice,Sides,1,2.75,,2.75
13950,2454,33,Curry Chicken,Plant-Based Meat,1,22.00,Less Spicy,22.00
13951,2454,51,Soy Latte,Coffee,1,5.50,,5.50
13952,2454,12,Wonton Soup,Soups,1,18.00,,18.00
13953,2454,67,Raspberry Lime Italian Soda,Drinks,1,6.50,,6.50
13954,2454,34,Curry Mutton,Plant-Based Meat,1,22.00,,22.00
13955,2454,60,Matcha Latte,Tea,1,6.50,,6.50
13956,2455,49,Lunch Special,Lunch Special,1,18.00,Entree: Rendang,18.00
13957,2455,77,Sub Coconut Rice (+1),Extras,1,1.00,,1.00
13958,2455,58,London Fog,Tea,1,5.50,,5.50
13959,2455,38,Rendang,Plant-Based Meat,1,20.00,,20.00
13960,2455,62,Iced Lychee,Drinks,1,7.50,,7.50
13961,2455,72,Vegan Ice Cream,Desserts,1,7.00,,7.00
13962,2455,69,Cheesecake,Desserts,1,11.00,,11.00
13963,2456,23,Curry Vegetables & Tofu,Veggie & Tofu,1,20.00,Gluten Friendly,20.00
13964,2456,50,Americano,Coffee,1,4.50,,4.50
13965,2456,12,Wonton Soup,Soups,1,18.00,,18.00
13966,2456,79,Add Noodles (Soup),Extras,1,3.00,,3.00
13967,2456,62,Iced Lychee,Drinks,1,7.50,,7.50
13968,2457,49,Lunch Special,Lunch Special,1,18.00,Entree: Teriyaki Chicken,18.00
13969,2457,77,Sub Coconut Rice (+1),Extras,1,1.00,,1.00
13970,2458,45,Bali Buddha Bowl,Rice & Noodles,1,18.00,Extra Sauce,18.00
13971,2458,15,Padmanadi Vegetable Deluxe,Veggie & Tofu,1,19.00,Extra Spicy,19.00
13972,2458,46,Jasmine Rice,Sides,1,2.75,,2.75
13973,2458,54,Iced Brown Sugar Oat Latte,Coffee,1,6.50,,6.50
13974,2458,49,Lunch Special,Lunch Special,1,18.00,Entree: Chili Tofu,18.00
13975,2458,51,Soy Latte,Coffee,1,5.50,,5.50
13976,2459,41,Bihun Goreng,Rice & Noodles,1,18.00,,18.00
13977,2459,56,Organic Tea,Tea,1,3.50,,3.50
13978,2459,24,Tempeh Pulau,Veggie & Tofu,1,20.00,Sauce on Side,20.00
13979,2459,46,Jasmine Rice,Sides,1,2.75,,2.75
13980,2460,20,Spicy Coconut Eggplant,Veggie & Tofu,1,18.00,Extra Sauce,18.00
13981,2460,46,Jasmine Rice,Sides,1,2.75,,2.75
13982,2460,60,Matcha Latte,Tea,1,6.50,,6.50
13983,2460,27,Kung Pao Chicken,Plant-Based Meat,1,20.00,,20.00
13984,2460,40,Bakmi Goreng,Rice & Noodles,1,19.00,,19.00
13985,2460,62,Iced Lychee,Drinks,1,7.50,,7.50
13986,2461,13,Tom Yum Soup,Soups,1,18.00,,18.00
13987,2461,38,Rendang,Plant-Based Meat,1,20.00,,20.00
13988,2461,47,Coconut Rice,Sides,1,3.00,,3.00
13989,2462,38,Rendang,Plant-Based Meat,1,20.00,No Mushrooms,20.00
13990,2462,46,Jasmine Rice,Sides,1,2.75,,2.75
13991,2463,38,Rendang,Plant-Based Meat,1,20.00,No Peanuts,20.00
13992,2463,31,Spicy Chicken,Plant-Based Meat,1,19.00,,19.00
13993,2463,47,Coconut Rice,Sides,1,3.00,,3.00
13994,2463,74,Extra Protein,Extras,1,5.00,,5.00
13995,2463,14,Spicy Curry Noodle Soup,Soups,1,18.00,No Mushrooms,18.00
13996,2463,74,Extra Protein,Extras,1,5.00,,5.00
13997,2463,62,Iced Lychee,Drinks,1,7.50,,7.50
13998,2463,44,Lemongrass Vermicelli Bowl,Rice & Noodles,1,20.00,Sauce on Side,20.00
13999,2463,24,Tempeh Pulau,Veggie & Tofu,1,20.00,,20.00
14000,2463,67,Raspberry Lime Italian Soda,Drinks,1,6.50,,6.50
14001,2463,10,Bean Curd Drumsticks,Starters,1,13.00,,13.00
14002,2464,35,Sweet & Sour Shrimp,Plant-Based Meat,1,20.00,No Mushrooms,20.00
14003,2464,46,Jasmine Rice,Sides,1,2.75,,2.75
14004,2464,7,Roti Canai,Starters,1,13.00,,13.00
14005,2465,16,Chili Green Beans,Veggie & Tofu,1,19.00,,19.00
14006,2465,47,Coconut Rice,Sides,1,3.00,,3.00
14007,2465,60,Matcha Latte,Tea,1,6.50,,6.50
14008,2465,25,Mushroom Tofu,Veggie & Tofu,1,19.00,Extra Spicy,19.00
14009,2465,68,Iced Blackberry Hibiscus Tea,Drinks,1,7.00,,7.00
14010,2465,6,Gado Gado,Starters,1,14.00,,14.00
14011,2466,16,Chili Green Beans,Veggie & Tofu,1,19.00,,19.00
14012,2466,46,Jasmine Rice,Sides,1,2.75,,2.75
14013,2466,76,Extra Veggies,Extras,1,4.00,,4.00
14014,2467,22,Pan-Fried Broccoli & Cauliflower,Veggie & Tofu,1,18.00,Gluten Friendly,18.00
14015,2467,68,Iced Blackberry Hibiscus Tea,Drinks,1,7.00,,7.00
14016,2467,73,Chocolate Mousse,Desserts,1,9.00,,9.00
14017,2468,38,Rendang,Plant-Based Meat,1,20.00,,20.00
14018,2468,32,General Tao Chicken,Plant-Based Meat,1,21.00,,21.00
14019,2468,66,Assorted Soft Drinks,Drinks,1,2.50,,2.50
14020,2468,32,General Tao Chicken,Plant-Based Meat,1,21.00,,21.00
14021,2468,47,Coconut Rice,Sides,1,3.00,,3.00
14022,2468,56,Organic Tea,Tea,1,3.50,,3.50
14023,2468,36,Spicy Shrimp,Plant-Based Meat,1,20.00,Allergy: Nuts,20.00
14024,2468,47,Coconut Rice,Sides,1,3.00,,3.00
14025,2468,57,Soy Chai Latte,Tea,1,5.50,,5.50
14026,2468,2,Vegetable Spring Rolls (6pc),Starters,1,9.00,,9.00
14027,2469,15,Padmanadi Vegetable Deluxe,Veggie & Tofu,1,19.00,,19.00
14028,2469,48,Brown Rice,Sides,1,3.00,,3.00
14029,2469,28,Ginger Beef,Plant-Based Meat,1,21.00,,21.00
14030,2469,38,Rendang,Plant-Based Meat,1,20.00,Gluten Friendly,20.00
14031,2469,46,Jasmine Rice,Sides,1,2.75,,2.75
14032,2469,74,Extra Protein,Extras,1,5.00,,5.00
14033,2469,53,Vegan Iced Coffee,Coffee,1,5.50,,5.50
14034,2469,14,Spicy Curry Noodle Soup,Soups,1,18.00,,18.00
14035,2469,79,Add Noodles (Soup),Extras,1,3.00,,3.00
14036,2469,56,Organic Tea,Tea,1,3.50,,3.50
14037,2470,18,King Oyster Mushroom Gaylan,Veggie & Tofu,1,20.00,No Mushrooms,20.00
14038,2470,5,Deep Fried Tofu,Starters,1,13.00,,13.00
14039,2471,27,Kung Pao Chicken,Plant-Based Meat,1,20.00,Extra Sauce,20.00
14040,2471,45,Bali Buddha Bowl,Rice & Noodles,1,18.00,,18.00
14041,2471,9,Crispy Chicken Strips,Starters,1,13.00,,13.00
14042,2472,40,Bakmi Goreng,Rice & Noodles,1,19.00,No Onion,19.00
14043,2472,31,Spicy Chicken,Plant-Based Meat,1,19.00,,19.00
14044,2472,46,Jasmine Rice,Sides,1,2.75,,2.75
14045,2472,44,Lemongrass Vermicelli Bowl,Rice & Noodles,1,20.00,,20.00
14046,2472,53,Vegan Iced Coffee,Coffee,1,5.50,,5.50
14047,2472,39,Nasi Goreng,Rice & Noodles,1,18.00,,18.00
14048,2472,53,Vegan Iced Coffee,Coffee,1,5.50,,5.50
14049,2472,8,Breaded Cauliflower Bites,Starters,1,13.00,,13.00
14050,2472,71,Fried Banana with Coconut Ice Cream,Desserts,1,13.00,,13.00
14051,2472,71,Fried Banana with Coconut Ice Cream,Desserts,1,13.00,,13.00
14052,2473,33,Curry Chicken,Plant-Based Meat,1,22.00,,22.00
14053,2473,46,Jasmine Rice,Sides,1,2.75,,2.75
14054,2473,66,Assorted Soft Drinks,Drinks,1,2.50,,2.50
14055,2473,24,Tempeh Pulau,Veggie & Tofu,1,20.00,,20.00
14056,2473,70,Panna Cotta,Desserts,1,9.00,,9.00
14057,2473,70,Panna Cotta,Desserts,1,9.00,,9.00
14058,2474,33,Curry Chicken,Plant-Based Meat,1,22.00,No Peanuts,22.00
14059,2474,28,Ginger Beef,Plant-Based Meat,1,21.00,Sauce on Side,21.00
14060,2474,47,Coconut Rice,Sides,1,3.00,,3.00
14061,2474,2,Vegetable Spring Rolls (6pc),Starters,1,9.00,,9.00
14062,2474,71,Fried Banana with Coconut Ice Cream,Desserts,1,13.00,,13.00
14063,2474,71,Fried Banana with Coconut Ice Cream,Desserts,1,13.00,,13.00
14064,2475,43,Singapore Noodle,Rice & Noodles,1,19.00,,19.00
14065,2476,34,Curry Mutton,Plant-Based Meat,1,22.00,,22.00
14066,2476,47,Coconut Rice,Sides,1,3.00,,3.00
14067,2476,76,Extra Veggies,Extras,1,4.00,,4.00
14068,2476,54,Iced Brown Sugar Oat Latte,Coffee,1,6.50,,6.50
14069,2476,28,Ginger Beef,Plant-Based Meat,1,21.00,Less Spicy,21.00
14070,2476,46,Jasmine Rice,Sides,1,2.75,,2.75
14071,2476,58,London Fog,Tea,1,5.50,,5.50
14072,2476,25,Mushroom Tofu,Veggie & Tofu,1,19.00,,19.00
14073,2476,46,Jasmine Rice,Sides,1,2.75,,2.75
14074,2476,20,Spicy Coconut Eggplant,Veggie & Tofu,1,18.00,Allergy: Nuts,18.00
14075,2476,59,Hot Chocolate,Tea,1,5.00,,5.00
14076,2477,17,Spicy String Beans,Veggie & Tofu,1,19.00,No Peanuts,19.00
14077,2477,47,Coconut Rice,Sides,1,3.00,,3.00
14078,2477,27,Kung Pao Chicken,Plant-Based Meat,1,20.00,,20.00
14079,2477,67,Raspberry Lime Italian Soda,Drinks,1,6.50,,6.50
14080,2477,22,Pan-Fried Broccoli & Cauliflower,Veggie & Tofu,1,18.00,Gluten Friendly,18.00
14081,2477,47,Coconut Rice,Sides,1,3.00,,3.00
14082,2477,52,Soy Mocha,Coffee,1,6.00,,6.00
14083,2477,14,Spicy Curry Noodle Soup,Soups,1,18.00,,18.00
14084,2477,69,Cheesecake,Desserts,1,11.00,,11.00
14085,2477,72,Vegan Ice Cream,Desserts,1,7.00,,7.00
14086,2478,28,Ginger Beef,Plant-Based Meat,1,21.00,Less Spicy,21.00
14087,2478,62,Iced Lychee,Drinks,1,7.50,,7.50
14088,2478,9,Crispy Chicken Strips,Starters,1,13.00,,13.00
14089,2479,14,Spicy Curry Noodle Soup,Soups,1,18.00,Gluten Friendly,18.00
14090,2479,56,Organic Tea,Tea,1,3.50,,3.50
14091,2480,15,Padmanadi Vegetable Deluxe,Veggie & Tofu,1,19.00,No Onion,19.00
14092,2480,48,Brown Rice,Sides,1,3.00,,3.00
14093,2480,28,Ginger Beef,Plant-Based Meat,1,21.00,,21.00
14094,2480,47,Coconut Rice,Sides,1,3.00,,3.00
14095,2480,45,Bali Buddha Bowl,Rice & Noodles,1,18.00,,18.00
14096,2480,66,Assorted Soft Drinks,Drinks,1,2.50,,2.50
14097,2481,26,Chili Tofu,Veggie & Tofu,1,19.00,,19.00
14098,2481,46,Jasmine Rice,Sides,1,2.75,,2.75
14099,2481,67,Raspberry Lime Italian Soda,Drinks,1,6.50,,6.50
14100,2481,40,Bakmi Goreng,Rice & Noodles,1,19.00,,19.00
14101,2481,59,Hot Chocolate,Tea,1,5.00,,5.00
14102,2481,28,Ginger Beef,Plant-Based Meat,1,21.00,No Onion,21.00
14103,2481,47,Coconut Rice,Sides,1,3.00,,3.00
14104,2481,53,Vegan Iced Coffee,Coffee,1,5.50,,5.50
14105,2481,9,Crispy Chicken Strips,Starters,1,13.00,,13.00
14106,2481,70,Panna Cotta,Desserts,1,9.00,,9.00
14107,2481,69,Cheesecake,Desserts,1,11.00,,11.00
14108,2482,15,Padmanadi Vegetable Deluxe,Veggie & Tofu,1,19.00,No Mushrooms,19.00
14109,2483,14,Spicy Curry Noodle Soup,Soups,1,18.00,No Mushrooms,18.00
14110,2483,25,Mushroom Tofu,Veggie & Tofu,1,19.00,Extra Sauce,19.00
14111,2483,32,General Tao Chicken,Plant-Based Meat,1,21.00,,21.00
14112,2483,67,Raspberry Lime Italian Soda,Drinks,1,6.50,,6.50
14113,2484,28,Ginger Beef,Plant-Based Meat,1,21.00,Less Spicy,21.00
14114,2484,36,Spicy Shrimp,Plant-Based Meat,1,20.00,,20.00
14115,2484,54,Iced Brown Sugar Oat Latte,Coffee,1,6.50,,6.50
14116,2484,27,Kung Pao Chicken,Plant-Based Meat,1,20.00,No Cilantro,20.00
14117,2484,9,Crispy Chicken Strips,Starters,1,13.00,,13.00
14118,2484,70,Panna Cotta,Desserts,1,9.00,,9.00
14119,2484,73,Chocolate Mousse,Desserts,1,9.00,,9.00
14120,2485,23,Curry Vegetables & Tofu,Veggie & Tofu,1,20.00,Extra Spicy,20.00
14121,2485,48,Brown Rice,Sides,1,3.00,,3.00
14122,2485,64,Sparkling Yuzu,Drinks,1,8.50,,8.50
14123,2485,36,Spicy Shrimp,Plant-Based Meat,1,20.00,,20.00
14124,2485,61,Iced Oat Strawberry Matcha,Tea,1,8.50,,8.50
14125,2485,15,Padmanadi Vegetable Deluxe,Veggie & Tofu,1,19.00,No Peanuts,19.00
14126,2485,46,Jasmine Rice,Sides,1,2.75,,2.75
14127,2485,69,Cheesecake,Desserts,1,11.00,,11.00
14128,2485,69,Cheesecake,Desserts,1,11.00,,11.00
14129,2486,24,Tempeh Pulau,Veggie & Tofu,1,20.00,,20.00
14130,2486,66,Assorted Soft Drinks,Drinks,1,2.50,,2.50
14131,2487,45,Bali Buddha Bowl,Rice & Noodles,1,18.00,,18.00
14132,2487,67,Raspberry Lime Italian Soda,Drinks,1,6.50,,6.50
14133,2488,16,Chili Green Beans,Veggie & Tofu,1,19.00,No Onion,19.00
14134,2488,41,Bihun Goreng,Rice & Noodles,1,18.00,,18.00
14135,2488,44,Lemongrass Vermicelli Bowl,Rice & Noodles,1,20.00,,20.00
14136,2488,55,Decaf Coffee,Coffee,1,4.50,,4.50
14137,2488,30,Sweet & Sour Chicken,Plant-Based Meat,1,19.00,,19.00
14138,2488,47,Coconut Rice,Sides,1,3.00,,3.00
14139,2488,6,Gado Gado,Starters,1,14.00,,14.00
14140,2489,27,Kung Pao Chicken,Plant-Based Meat,1,20.00,,20.00
14141,2489,48,Brown Rice,Sides,1,3.00,,3.00
14142,2489,55,Decaf Coffee,Coffee,1,4.50,,4.50
14143,2489,4,Satay with Peanut Sauce (3pc),Starters,1,10.00,,10.00
14144,2489,73,Chocolate Mousse,Desserts,1,9.00,,9.00
14145,2490,30,Sweet & Sour Chicken,Plant-Based Meat,1,19.00,,19.00
14146,2490,47,Coconut Rice,Sides,1,3.00,,3.00
14147,2490,65,Iced Passion Fruit Green Tea,Drinks,1,7.00,,7.00
14148,2491,41,Bihun Goreng,Rice & Noodles,1,18.00,No Cilantro,18.00
14149,2491,45,Bali Buddha Bowl,Rice & Noodles,1,18.00,,18.00
14150,2491,58,London Fog,Tea,1,5.50,,5.50
14151,2492,18,King Oyster Mushroom Gaylan,Veggie & Tofu,1,20.00,,20.00
14152,2492,68,Iced Blackberry Hibiscus Tea,Drinks,1,7.00,,7.00
14153,2492,36,Spicy Shrimp,Plant-Based Meat,1,20.00,,20.00
14154,2492,56,Organic Tea,Tea,1,3.50,,3.50
14155,2492,4,Satay with Peanut Sauce (3pc),Starters,1,10.00,,10.00
14156,2493,43,Singapore Noodle,Rice & Noodles,1,19.00,Gluten Friendly,19.00
14157,2493,56,Organic Tea,Tea,1,3.50,,3.50
14158,2493,38,Rendang,Plant-Based Meat,1,20.00,Less Spicy,20.00
14159,2493,33,Curry Chicken,Plant-Based Meat,1,22.00,,22.00
14160,2493,48,Brown Rice,Sides,1,3.00,,3.00
14161,2493,62,Iced Lychee,Drinks,1,7.50,,7.50
14162,2493,73,Chocolate Mousse,Desserts,1,9.00,,9.00
14163,2493,69,Cheesecake,Desserts,1,11.00,,11.00
14164,2494,29,Dendeng,Plant-Based Meat,1,20.00,,20.00
14165,2494,59,Hot Chocolate,Tea,1,5.00,,5.00
14166,2494,16,Chili Green Beans,Veggie & Tofu,1,19.00,Gluten Friendly,19.00
14167,2494,53,Vegan Iced Coffee,Coffee,1,5.50,,5.50
14168,2494,18,King Oyster Mushroom Gaylan,Veggie & Tofu,1,20.00,,20.00
14169,2494,32,General Tao Chicken,Plant-Based Meat,1,21.00,Sauce on Side,21.00
14170,2494,69,Cheesecake,Desserts,1,11.00,,11.00
14171,2495,14,Spicy Curry Noodle Soup,Soups,1,18.00,,18.00
14172,2495,30,Sweet & Sour Chicken,Plant-Based Meat,1,19.00,Extra Sauce,19.00
14173,2495,47,Coconut Rice,Sides,1,3.00,,3.00
14174,2495,50,Americano,Coffee,1,4.50,,4.50
14175,2495,16,Chili Green Beans,Veggie & Tofu,1,19.00,No Cilantro,19.00
14176,2495,46,Jasmine Rice,Sides,1,2.75,,2.75
14177,2495,68,Iced Blackberry Hibiscus Tea,Drinks,1,7.00,,7.00
14178,2495,24,Tempeh Pulau,Veggie & Tofu,1,20.00,Extra Spicy,20.00
14179,2495,46,Jasmine Rice,Sides,1,2.75,,2.75
14180,2495,53,Vegan Iced Coffee,Coffee,1,5.50,,5.50
14181,2495,8,Breaded Cauliflower Bites,Starters,1,13.00,,13.00
14182,2496,27,Kung Pao Chicken,Plant-Based Meat,1,20.00,Extra Spicy,20.00
14183,2496,60,Matcha Latte,Tea,1,6.50,,6.50
14184,2496,17,Spicy String Beans,Veggie & Tofu,1,19.00,No Onion,19.00
14185,2496,76,Extra Veggies,Extras,1,4.00,,4.00
14186,2496,1,Vegetable Spring Rolls (3pc),Starters,1,6.00,,6.00
14187,2497,34,Curry Mutton,Plant-Based Meat,1,22.00,No Cilantro,22.00
14188,2497,61,Iced Oat Strawberry Matcha,Tea,1,8.50,,8.50
14189,2498,30,Sweet & Sour Chicken,Plant-Based Meat,1,19.00,,19.00
14190,2498,46,Jasmine Rice,Sides,1,2.75,,2.75
14191,2498,30,Sweet & Sour Chicken,Plant-Based Meat,1,19.00,,19.00
14192,2498,54,Iced Brown Sugar Oat Latte,Coffee,1,6.50,,6.50
14193,2498,44,Lemongrass Vermicelli Bowl,Rice & Noodles,1,20.00,,20.00
14194,2498,66,Assorted Soft Drinks,Drinks,1,2.50,,2.50
14195,2498,42,Kwetiau Goreng,Rice & Noodles,1,19.00,,19.00
14196,2498,51,Soy Latte,Coffee,1,5.50,,5.50
14197,2498,45,Bali Buddha Bowl,Rice & Noodles,1,18.00,,18.00
14198,2498,62,Iced Lychee,Drinks,1,7.50,,7.50
14199,2499,43,Singapore Noodle,Rice & Noodles,1,19.00,No Cilantro,19.00
14200,2499,33,Curry Chicken,Plant-Based Meat,1,22.00,Less Spicy,22.00
14201,2499,46,Jasmine Rice,Sides,1,2.75,,2.75
14202,2499,51,Soy Latte,Coffee,1,5.50,,5.50
14203,2499,43,Singapore Noodle,Rice & Noodles,1,19.00,Extra Sauce,19.00
14204,2499,66,Assorted Soft Drinks,Drinks,1,2.50,,2.50
14205,2499,70,Panna Cotta,Desserts,1,9.00,,9.00
14206,2499,71,Fried Banana with Coconut Ice Cream,Desserts,1,13.00,,13.00
14207,2500,33,Curry Chicken,Plant-Based Meat,1,22.00,,22.00
14208,2500,47,Coconut Rice,Sides,1,3.00,,3.00
14209,2500,68,Iced Blackberry Hibiscus Tea,Drinks,1,7.00,,7.00
14210,2500,31,Spicy Chicken,Plant-Based Meat,1,19.00,Less Spicy,19.00
14211,2500,47,Coconut Rice,Sides,1,3.00,,3.00
14212,2500,66,Assorted Soft Drinks,Drinks,1,2.50,,2.50
14213,2500,14,Spicy Curry Noodle Soup,Soups,1,18.00,,18.00
14214,2500,37,Teriyaki Chicken,Plant-Based Meat,1,19.00,,19.00
14215,2500,48,Brown Rice,Sides,1,3.00,,3.00
14216,2500,67,Raspberry Lime Italian Soda,Drinks,1,6.50,,6.50
14217,2500,15,Padmanadi Vegetable Deluxe,Veggie & Tofu,1,19.00,Less Spicy,19.00
14218,2500,47,Coconut Rice,Sides,1,3.00,,3.00
14219,2500,54,Iced Brown Sugar Oat Latte,Coffee,1,6.50,,6.50
14220,2501,24,Tempeh Pulau,Veggie & Tofu,1,20.00,Extra Sauce,20.00
14221,2501,46,Jasmine Rice,Sides,1,2.75,,2.75
14222,2501,32,General Tao Chicken,Plant-Based Meat,1,21.00,,21.00
14223,2501,46,Jasmine Rice,Sides,1,2.75,,2.75
14224,2501,51,Soy Latte,Coffee,1,5.50,,5.50
14225,2501,5,Deep Fried Tofu,Starters,1,13.00,,13.00
14226,2502,42,Kwetiau Goreng,Rice & Noodles,1,19.00,,19.00
14227,2502,63,Iced Pineapple,Drinks,1,7.50,,7.50
14228,2503,37,Teriyaki Chicken,Plant-Based Meat,1,19.00,Sauce on Side,19.00
14229,2503,53,Vegan Iced Coffee,Coffee,1,5.50,,5.50
14230,2504,35,Sweet & Sour Shrimp,Plant-Based Meat,1,20.00,No Cilantro,20.00
14231,2504,48,Brown Rice,Sides,1,3.00,,3.00
14232,2504,38,Rendang,Plant-Based Meat,1,20.00,,20.00
14233,2504,47,Coconut Rice,Sides,1,3.00,,3.00
14234,2504,29,Dendeng,Plant-Based Meat,1,20.00,,20.00
14235,2504,46,Jasmine Rice,Sides,1,2.75,,2.75
14236,2504,68,Iced Blackberry Hibiscus Tea,Drinks,1,7.00,,7.00
14237,2504,14,Spicy Curry Noodle Soup,Soups,1,18.00,Gluten Friendly,18.00
14238,2504,10,Bean Curd Drumsticks,Starters,1,13.00,,13.00
14239,2505,25,Mushroom Tofu,Veggie & Tofu,1,19.00,,19.00
14240,2505,28,Ginger Beef,Plant-Based Meat,1,21.00,,21.00
14241,2505,48,Brown Rice,Sides,1,3.00,,3.00
14242,2505,39,Nasi Goreng,Rice & Noodles,1,18.00,,18.00
14243,2506,34,Curry Mutton,Plant-Based Meat,1,22.00,,22.00
14244,2506,28,Ginger Beef,Plant-Based Meat,1,21.00,,21.00
14245,2506,48,Brown Rice,Sides,1,3.00,,3.00
14246,2506,59,Hot Chocolate,Tea,1,5.00,,5.00
14247,2506,33,Curry Chicken,Plant-Based Meat,1,22.00,,22.00
14248,2506,47,Coconut Rice,Sides,1,3.00,,3.00
14249,2506,71,Fried Banana with Coconut Ice Cream,Desserts,1,13.00,,13.00
14250,2506,71,Fried Banana with Coconut Ice Cream,Desserts,1,13.00,,13.00
14251,2507,28,Ginger Beef,Plant-Based Meat,1,21.00,,21.00
14252,2507,46,Jasmine Rice,Sides,1,2.75,,2.75
14253,2507,75,Extra Tofu,Extras,1,4.00,,4.00
14254,2507,65,Iced Passion Fruit Green Tea,Drinks,1,7.00,,7.00
14255,2507,23,Curry Vegetables & Tofu,Veggie & Tofu,1,20.00,,20.00
14256,2507,65,Iced Passion Fruit Green Tea,Drinks,1,7.00,,7.00
14257,2507,1,Vegetable Spring Rolls (3pc),Starters,1,6.00,,6.00
14258,2508,43,Singapore Noodle,Rice & Noodles,1,19.00,Less Spicy,19.00
14259,2508,19,Savory Eggplant,Veggie & Tofu,1,18.00,Less Spicy,18.00
14260,2508,28,Ginger Beef,Plant-Based Meat,1,21.00,,21.00
14261,2508,53,Vegan Iced Coffee,Coffee,1,5.50,,5.50
14262,2508,28,Ginger Beef,Plant-Based Meat,1,21.00,Sauce on Side,21.00
14263,2508,70,Panna Cotta,Desserts,1,9.00,,9.00
14264,2509,28,Ginger Beef,Plant-Based Meat,1,21.00,Less Spicy,21.00
14265,2509,65,Iced Passion Fruit Green Tea,Drinks,1,7.00,,7.00
14266,2509,38,Rendang,Plant-Based Meat,1,20.00,,20.00
14267,2509,46,Jasmine Rice,Sides,1,2.75,,2.75
14268,2509,39,Nasi Goreng,Rice & Noodles,1,18.00,,18.00
14269,2509,58,London Fog,Tea,1,5.50,,5.50
14270,2509,16,Chili Green Beans,Veggie & Tofu,1,19.00,,19.00
14271,2509,47,Coconut Rice,Sides,1,3.00,,3.00
14272,2509,53,Vegan Iced Coffee,Coffee,1,5.50,,5.50
14273,2509,27,Kung Pao Chicken,Plant-Based Meat,1,20.00,Sauce on Side,20.00
14274,2509,46,Jasmine Rice,Sides,1,2.75,,2.75
14275,2509,32,General Tao Chicken,Plant-Based Meat,1,21.00,No Mushrooms,21.00
14276,2509,47,Coconut Rice,Sides,1,3.00,,3.00
14277,2509,66,Assorted Soft Drinks,Drinks,1,2.50,,2.50
14278,2509,2,Vegetable Spring Rolls (6pc),Starters,1,9.00,,9.00
14279,2510,27,Kung Pao Chicken,Plant-Based Meat,1,20.00,,20.00
14280,2510,28,Ginger Beef,Plant-Based Meat,1,21.00,Gluten Friendly,21.00
14281,2510,54,Iced Brown Sugar Oat Latte,Coffee,1,6.50,,6.50
14282,2511,45,Bali Buddha Bowl,Rice & Noodles,1,18.00,No Peanuts,18.00
14283,2511,61,Iced Oat Strawberry Matcha,Tea,1,8.50,,8.50
14284,2512,39,Nasi Goreng,Rice & Noodles,1,18.00,,18.00
14285,2512,62,Iced Lychee,Drinks,1,7.50,,7.50
14286,2512,38,Rendang,Plant-Based Meat,1,20.00,,20.00
14287,2512,28,Ginger Beef,Plant-Based Meat,1,21.00,,21.00
14288,2512,46,Jasmine Rice,Sides,1,2.75,,2.75
14289,2512,60,Matcha Latte,Tea,1,6.50,,6.50
14290,2512,6,Gado Gado,Starters,1,14.00,,14.00
14291,2512,69,Cheesecake,Desserts,1,11.00,,11.00
14292,2512,71,Fried Banana with Coconut Ice Cream,Desserts,1,13.00,,13.00
14293,2513,33,Curry Chicken,Plant-Based Meat,1,22.00,,22.00
14294,2513,65,Iced Passion Fruit Green Tea,Drinks,1,7.00,,7.00
14295,2513,24,Tempeh Pulau,Veggie & Tofu,1,20.00,,20.00
14296,2513,46,Jasmine Rice,Sides,1,2.75,,2.75
14297,2513,66,Assorted Soft Drinks,Drinks,1,2.50,,2.50
14298,2513,2,Vegetable Spring Rolls (6pc),Starters,1,9.00,,9.00
14299,2514,27,Kung Pao Chicken,Plant-Based Meat,1,20.00,Extra Spicy,20.00
14300,2514,46,Jasmine Rice,Sides,1,2.75,,2.75
14301,2515,44,Lemongrass Vermicelli Bowl,Rice & Noodles,1,20.00,No Peanuts,20.00
14302,2515,38,Rendang,Plant-Based Meat,1,20.00,,20.00
14303,2515,50,Americano,Coffee,1,4.50,,4.50
14304,2515,26,Chili Tofu,Veggie & Tofu,1,19.00,,19.00
14305,2515,48,Brown Rice,Sides,1,3.00,,3.00
14306,2515,23,Curry Vegetables & Tofu,Veggie & Tofu,1,20.00,Gluten Friendly,20.00
14307,2515,76,Extra Veggies,Extras,1,4.00,,4.00
14308,2516,18,King Oyster Mushroom Gaylan,Veggie & Tofu,1,20.00,,20.00
14309,2517,12,Wonton Soup,Soups,1,18.00,,18.00
14310,2517,51,Soy Latte,Coffee,1,5.50,,5.50
14311,2517,39,Nasi Goreng,Rice & Noodles,1,18.00,,18.00
14312,2518,33,Curry Chicken,Plant-Based Meat,1,22.00,Extra Spicy,22.00
14313,2518,26,Chili Tofu,Veggie & Tofu,1,19.00,,19.00
14314,2518,46,Jasmine Rice,Sides,1,2.75,,2.75
14315,2518,28,Ginger Beef,Plant-Based Meat,1,21.00,Extra Spicy,21.00
14316,2518,46,Jasmine Rice,Sides,1,2.75,,2.75
14317,2518,62,Iced Lychee,Drinks,1,7.50,,7.50
14318,2518,6,Gado Gado,Starters,1,14.00,,14.00
14319,2519,40,Bakmi Goreng,Rice & Noodles,1,19.00,Allergy: Nuts,19.00
14320,2519,51,Soy Latte,Coffee,1,5.50,,5.50
14321,2519,69,Cheesecake,Desserts,1,11.00,,11.00
14322,2520,32,General Tao Chicken,Plant-Based Meat,1,21.00,No Mushrooms,21.00
14323,2520,46,Jasmine Rice,Sides,1,2.75,,2.75
14324,2520,28,Ginger Beef,Plant-Based Meat,1,21.00,,21.00
14325,2520,48,Brown Rice,Sides,1,3.00,,3.00
14326,2521,40,Bakmi Goreng,Rice & Noodles,1,19.00,,19.00
14327,2521,64,Sparkling Yuzu,Drinks,1,8.50,,8.50
14328,2522,38,Rendang,Plant-Based Meat,1,20.00,Allergy: Nuts,20.00
14329,2522,47,Coconut Rice,Sides,1,3.00,,3.00
14330,2522,57,Soy Chai Latte,Tea,1,5.50,,5.50
14331,2522,12,Wonton Soup,Soups,1,18.00,Allergy: Nuts,18.00
14332,2522,63,Iced Pineapple,Drinks,1,7.50,,7.50
14333,2522,39,Nasi Goreng,Rice & Noodles,1,18.00,,18.00
14334,2522,21,Mapo Tofu,Veggie & Tofu,1,19.00,,19.00
14335,2522,58,London Fog,Tea,1,5.50,,5.50
14336,2522,38,Rendang,Plant-Based Meat,1,20.00,,20.00
14337,2522,66,Assorted Soft Drinks,Drinks,1,2.50,,2.50
14338,2522,14,Spicy Curry Noodle Soup,Soups,1,18.00,,18.00
14339,2522,32,General Tao Chicken,Plant-Based Meat,1,21.00,Less Spicy,21.00
14340,2522,48,Brown Rice,Sides,1,3.00,,3.00
14341,2522,57,Soy Chai Latte,Tea,1,5.50,,5.50
14342,2522,15,Padmanadi Vegetable Deluxe,Veggie & Tofu,1,19.00,,19.00
14343,2522,62,Iced Lychee,Drinks,1,7.50,,7.50
14344,2523,14,Spicy Curry Noodle Soup,Soups,1,18.00,Gluten Friendly,18.00
14345,2523,61,Iced Oat Strawberry Matcha,Tea,1,8.50,,8.50
14346,2523,12,Wonton Soup,Soups,1,18.00,,18.00
14347,2523,67,Raspberry Lime Italian Soda,Drinks,1,6.50,,6.50
14348,2523,70,Panna Cotta,Desserts,1,9.00,,9.00
14349,2524,19,Savory Eggplant,Veggie & Tofu,1,18.00,,18.00
14350,2524,64,Sparkling Yuzu,Drinks,1,8.50,,8.50
14351,2524,49,Lunch Special,Lunch Special,1,18.00,Entree: Kung Pao Chicken,18.00
14352,2524,44,Lemongrass Vermicelli Bowl,Rice & Noodles,1,20.00,Extra Spicy,20.00
14353,2524,51,Soy Latte,Coffee,1,5.50,,5.50
14354,2524,69,Cheesecake,Desserts,1,11.00,,11.00
14355,2524,71,Fried Banana with Coconut Ice Cream,Desserts,1,13.00,,13.00
14356,2525,49,Lunch Special,Lunch Special,1,18.00,Entree: Curry Chicken,18.00
14357,2525,50,Americano,Coffee,1,4.50,,4.50
14358,2526,49,Lunch Special,Lunch Special,1,18.00,Entree: Spicy Nuggets,18.00
14359,2526,53,Vegan Iced Coffee,Coffee,1,5.50,,5.50
14360,2526,39,Nasi Goreng,Rice & Noodles,1,18.00,No Peanuts,18.00
14361,2526,61,Iced Oat Strawberry Matcha,Tea,1,8.50,,8.50
14362,2526,44,Lemongrass Vermicelli Bowl,Rice & Noodles,1,20.00,Sauce on Side,20.00
14363,2526,70,Panna Cotta,Desserts,1,9.00,,9.00
14364,2526,70,Panna Cotta,Desserts,1,9.00,,9.00
14365,2527,23,Curry Vegetables & Tofu,Veggie & Tofu,1,20.00,,20.00
14366,2527,52,Soy Mocha,Coffee,1,6.00,,6.00
14367,2528,49,Lunch Special,Lunch Special,1,18.00,Entree: Spicy Nuggets,18.00
14368,2528,68,Iced Blackberry Hibiscus Tea,Drinks,1,7.00,,7.00
14369,2528,23,Curry Vegetables & Tofu,Veggie & Tofu,1,20.00,,20.00
14370,2528,48,Brown Rice,Sides,1,3.00,,3.00
14371,2528,60,Matcha Latte,Tea,1,6.50,,6.50
14372,2528,6,Gado Gado,Starters,1,14.00,,14.00
14373,2529,32,General Tao Chicken,Plant-Based Meat,1,21.00,,21.00
14374,2529,37,Teriyaki Chicken,Plant-Based Meat,1,19.00,No Mushrooms,19.00
14375,2529,56,Organic Tea,Tea,1,3.50,,3.50
14376,2530,14,Spicy Curry Noodle Soup,Soups,1,18.00,Sauce on Side,18.00
14377,2531,49,Lunch Special,Lunch Special,1,18.00,Entree: Sweet & Sour Chicken,18.00
14378,2531,68,Iced Blackberry Hibiscus Tea,Drinks,1,7.00,,7.00
14379,2531,2,Vegetable Spring Rolls (6pc),Starters,1,9.00,,9.00
14380,2532,28,Ginger Beef,Plant-Based Meat,1,21.00,No Peanuts,21.00
14381,2532,52,Soy Mocha,Coffee,1,6.00,,6.00
14382,2532,49,Lunch Special,Lunch Special,1,18.00,Entree: Curry Mutton,18.00
14383,2532,49,Lunch Special,Lunch Special,1,18.00,Entree: Curried Tofu w/ Vegetables,18.00
14384,2532,58,London Fog,Tea,1,5.50,,5.50
14385,2532,24,Tempeh Pulau,Veggie & Tofu,1,20.00,,20.00
14386,2532,46,Jasmine Rice,Sides,1,2.75,,2.75
14387,2532,62,Iced Lychee,Drinks,1,7.50,,7.50
14388,2532,71,Fried Banana with Coconut Ice Cream,Desserts,1,13.00,,13.00
14389,2533,49,Lunch Special,Lunch Special,1,18.00,Entree: Curried Tofu w/ Vegetables,18.00
14390,2533,66,Assorted Soft Drinks,Drinks,1,2.50,,2.50
14391,2533,49,Lunch Special,Lunch Special,1,18.00,Entree: Kung Pao Chicken,18.00
14392,2533,61,Iced Oat Strawberry Matcha,Tea,1,8.50,,8.50
14393,2533,8,Breaded Cauliflower Bites,Starters,1,13.00,,13.00
14394,2534,49,Lunch Special,Lunch Special,1,18.00,Entree: Spicy Nuggets,18.00
14395,2535,49,Lunch Special,Lunch Special,1,18.00,Entree: Padmanadi Veg Deluxe,18.00
14396,2535,49,Lunch Special,Lunch Special,1,18.00,Entree: Chili Tofu,18.00
14397,2535,49,Lunch Special,Lunch Special,1,18.00,Entree: Padmanadi Veg Deluxe,18.00
14398,2536,28,Ginger Beef,Plant-Based Meat,1,21.00,No Mushrooms,21.00
14399,2536,46,Jasmine Rice,Sides,1,2.75,,2.75
14400,2536,57,Soy Chai Latte,Tea,1,5.50,,5.50
14401,2536,49,Lunch Special,Lunch Special,1,18.00,Entree: Curry Mutton,18.00
14402,2536,7,Roti Canai,Starters,1,13.00,,13.00
14403,2536,69,Cheesecake,Desserts,1,11.00,,11.00
14404,2537,49,Lunch Special,Lunch Special,1,18.00,Entree: Spicy Nuggets,18.00
14405,2537,78,Sub Brown Rice (+1),Extras,1,1.00,,1.00
14406,2537,66,Assorted Soft Drinks,Drinks,1,2.50,,2.50
14407,2537,32,General Tao Chicken,Plant-Based Meat,1,21.00,Gluten Friendly,21.00
14408,2537,47,Coconut Rice,Sides,1,3.00,,3.00
14409,2537,60,Matcha Latte,Tea,1,6.50,,6.50
14410,2537,34,Curry Mutton,Plant-Based Meat,1,22.00,,22.00
14411,2537,60,Matcha Latte,Tea,1,6.50,,6.50
14412,2537,49,Lunch Special,Lunch Special,1,18.00,Entree: Padmanadi Veg Deluxe,18.00
14413,2537,57,Soy Chai Latte,Tea,1,5.50,,5.50
14414,2538,35,Sweet & Sour Shrimp,Plant-Based Meat,1,20.00,No Cilantro,20.00
14415,2538,75,Extra Tofu,Extras,1,4.00,,4.00
14416,2538,49,Lunch Special,Lunch Special,1,18.00,Entree: Teriyaki Chicken,18.00
14417,2538,54,Iced Brown Sugar Oat Latte,Coffee,1,6.50,,6.50
14418,2539,49,Lunch Special,Lunch Special,1,18.00,Entree: Savory Eggplant,18.00
14419,2539,49,Lunch Special,Lunch Special,1,18.00,Entree: Chili Green Beans,18.00
14420,2539,12,Wonton Soup,Soups,1,18.00,Less Spicy,18.00
14421,2539,51,Soy Latte,Coffee,1,5.50,,5.50
14422,2540,49,Lunch Special,Lunch Special,1,18.00,Entree: Chili Green Beans,18.00
14423,2540,55,Decaf Coffee,Coffee,1,4.50,,4.50
14424,2540,49,Lunch Special,Lunch Special,1,18.00,Entree: Curried Tofu w/ Vegetables,18.00
14425,2540,77,Sub Coconut Rice (+1),Extras,1,1.00,,1.00
14426,2540,41,Bihun Goreng,Rice & Noodles,1,18.00,No Onion,18.00
14427,2540,62,Iced Lychee,Drinks,1,7.50,,7.50
14428,2540,49,Lunch Special,Lunch Special,1,18.00,Entree: Chili Green Beans,18.00
14429,2540,52,Soy Mocha,Coffee,1,6.00,,6.00
14430,2540,72,Vegan Ice Cream,Desserts,1,7.00,,7.00
14431,2541,37,Teriyaki Chicken,Plant-Based Meat,1,19.00,,19.00
14432,2541,64,Sparkling Yuzu,Drinks,1,8.50,,8.50
14433,2542,49,Lunch Special,Lunch Special,1,18.00,Entree: Kung Pao Chicken,18.00
14434,2542,57,Soy Chai Latte,Tea,1,5.50,,5.50
14435,2543,49,Lunch Special,Lunch Special,1,18.00,Entree: Curried Tofu w/ Vegetables,18.00
14436,2543,60,Matcha Latte,Tea,1,6.50,,6.50
14437,2544,32,General Tao Chicken,Plant-Based Meat,1,21.00,,21.00
14438,2544,53,Vegan Iced Coffee,Coffee,1,5.50,,5.50
14439,2544,33,Curry Chicken,Plant-Based Meat,1,22.00,,22.00
14440,2544,47,Coconut Rice,Sides,1,3.00,,3.00
14441,2544,64,Sparkling Yuzu,Drinks,1,8.50,,8.50
14442,2544,2,Vegetable Spring Rolls (6pc),Starters,1,9.00,,9.00
14443,2545,49,Lunch Special,Lunch Special,1,18.00,Entree: Teriyaki Chicken,18.00
14444,2545,62,Iced Lychee,Drinks,1,7.50,,7.50
14445,2545,49,Lunch Special,Lunch Special,1,18.00,Entree: Chili Tofu,18.00
14446,2545,10,Bean Curd Drumsticks,Starters,1,13.00,,13.00
14447,2545,71,Fried Banana with Coconut Ice Cream,Desserts,1,13.00,,13.00
14448,2546,49,Lunch Special,Lunch Special,1,18.00,Entree: Savory Eggplant,18.00
14449,2546,49,Lunch Special,Lunch Special,1,18.00,Entree: Savory Eggplant,18.00
14450,2546,32,General Tao Chicken,Plant-Based Meat,1,21.00,Gluten Friendly,21.00
14451,2547,49,Lunch Special,Lunch Special,1,18.00,Entree: Sweet & Sour Chicken,18.00
14452,2547,25,Mushroom Tofu,Veggie & Tofu,1,19.00,,19.00
14453,2547,46,Jasmine Rice,Sides,1,2.75,,2.75
14454,2547,63,Iced Pineapple,Drinks,1,7.50,,7.50
14455,2547,31,Spicy Chicken,Plant-Based Meat,1,19.00,,19.00
14456,2547,27,Kung Pao Chicken,Plant-Based Meat,1,20.00,Extra Spicy,20.00
14457,2547,52,Soy Mocha,Coffee,1,6.00,,6.00
14458,2547,71,Fried Banana with Coconut Ice Cream,Desserts,1,13.00,,13.00
14459,2548,16,Chili Green Beans,Veggie & Tofu,1,19.00,,19.00
14460,2548,53,Vegan Iced Coffee,Coffee,1,5.50,,5.50
14461,2548,49,Lunch Special,Lunch Special,1,18.00,Entree: Ginger Beef,18.00
14462,2548,60,Matcha Latte,Tea,1,6.50,,6.50
14463,2548,7,Roti Canai,Starters,1,13.00,,13.00
14464,2549,49,Lunch Special,Lunch Special,1,18.00,Entree: Savory Eggplant,18.00
14465,2549,49,Lunch Special,Lunch Special,1,18.00,Entree: Sweet & Sour Chicken,18.00
14466,2549,56,Organic Tea,Tea,1,3.50,,3.50
14467,2550,49,Lunch Special,Lunch Special,1,18.00,Entree: Kung Pao Chicken,18.00
14468,2550,57,Soy Chai Latte,Tea,1,5.50,,5.50
14469,2550,15,Padmanadi Vegetable Deluxe,Veggie & Tofu,1,19.00,,19.00
14470,2550,56,Organic Tea,Tea,1,3.50,,3.50
14471,2551,40,Bakmi Goreng,Rice & Noodles,1,19.00,,19.00
14472,2551,66,Assorted Soft Drinks,Drinks,1,2.50,,2.50
14473,2551,49,Lunch Special,Lunch Special,1,18.00,Entree: Curry Chicken,18.00
14474,2551,49,Lunch Special,Lunch Special,1,18.00,Entree: Curried Tofu w/ Vegetables,18.00
14475,2551,8,Breaded Cauliflower Bites,Starters,1,13.00,,13.00
14476,2552,21,Mapo Tofu,Veggie & Tofu,1,19.00,No Mushrooms,19.00
14477,2552,60,Matcha Latte,Tea,1,6.50,,6.50
14478,2552,49,Lunch Special,Lunch Special,1,18.00,Entree: Kung Pao Chicken,18.00
14479,2552,64,Sparkling Yuzu,Drinks,1,8.50,,8.50
14480,2552,49,Lunch Special,Lunch Special,1,18.00,Entree: Spicy Nuggets,18.00
14481,2552,57,Soy Chai Latte,Tea,1,5.50,,5.50
14482,2552,40,Bakmi Goreng,Rice & Noodles,1,19.00,,19.00
14483,2552,50,Americano,Coffee,1,4.50,,4.50
14484,2552,32,General Tao Chicken,Plant-Based Meat,1,21.00,No Onion,21.00
14485,2552,46,Jasmine Rice,Sides,1,2.75,,2.75
14486,2552,58,London Fog,Tea,1,5.50,,5.50
14487,2552,1,Vegetable Spring Rolls (3pc),Starters,1,6.00,,6.00
14488,2552,10,Bean Curd Drumsticks,Starters,1,13.00,,13.00
14489,2553,49,Lunch Special,Lunch Special,1,18.00,Entree: Ginger Beef,18.00
14490,2553,51,Soy Latte,Coffee,1,5.50,,5.50
14491,2553,16,Chili Green Beans,Veggie & Tofu,1,19.00,,19.00
14492,2553,66,Assorted Soft Drinks,Drinks,1,2.50,,2.50
14493,2553,49,Lunch Special,Lunch Special,1,18.00,Entree: Curried Tofu w/ Vegetables,18.00
14494,2553,77,Sub Coconut Rice (+1),Extras,1,1.00,,1.00
14495,2553,12,Wonton Soup,Soups,1,18.00,No Mushrooms,18.00
14496,2553,79,Add Noodles (Soup),Extras,1,3.00,,3.00
14497,2553,60,Matcha Latte,Tea,1,6.50,,6.50
14498,2553,71,Fried Banana with Coconut Ice Cream,Desserts,1,13.00,,13.00
14499,2554,49,Lunch Special,Lunch Special,1,18.00,Entree: Curried Tofu w/ Vegetables,18.00
14500,2554,62,Iced Lychee,Drinks,1,7.50,,7.50
14501,2555,34,Curry Mutton,Plant-Based Meat,1,22.00,,22.00
14502,2555,46,Jasmine Rice,Sides,1,2.75,,2.75
14503,2555,51,Soy Latte,Coffee,1,5.50,,5.50
14504,2555,28,Ginger Beef,Plant-Based Meat,1,21.00,Extra Spicy,21.00
14505,2555,65,Iced Passion Fruit Green Tea,Drinks,1,7.00,,7.00
14506,2555,28,Ginger Beef,Plant-Based Meat,1,21.00,No Cilantro,21.00
14507,2555,46,Jasmine Rice,Sides,1,2.75,,2.75
14508,2555,66,Assorted Soft Drinks,Drinks,1,2.50,,2.50
14509,2556,37,Teriyaki Chicken,Plant-Based Meat,1,19.00,,19.00
14510,2556,48,Brown Rice,Sides,1,3.00,,3.00
14511,2556,13,Tom Yum Soup,Soups,1,18.00,Allergy: Nuts,18.00
14512,2557,49,Lunch Special,Lunch Special,1,18.00,Entree: Chili Tofu,18.00
14513,2557,66,Assorted Soft Drinks,Drinks,1,2.50,,2.50
14514,2558,25,Mushroom Tofu,Veggie & Tofu,1,19.00,,19.00
14515,2558,46,Jasmine Rice,Sides,1,2.75,,2.75
14516,2558,57,Soy Chai Latte,Tea,1,5.50,,5.50
14517,2558,45,Bali Buddha Bowl,Rice & Noodles,1,18.00,Sauce on Side,18.00
14518,2558,63,Iced Pineapple,Drinks,1,7.50,,7.50
14519,2558,30,Sweet & Sour Chicken,Plant-Based Meat,1,19.00,No Peanuts,19.00
14520,2558,46,Jasmine Rice,Sides,1,2.75,,2.75
14521,2558,59,Hot Chocolate,Tea,1,5.00,,5.00
14522,2558,41,Bihun Goreng,Rice & Noodles,1,18.00,No Mushrooms,18.00
14523,2558,56,Organic Tea,Tea,1,3.50,,3.50
14524,2559,36,Spicy Shrimp,Plant-Based Meat,1,20.00,,20.00
14525,2559,45,Bali Buddha Bowl,Rice & Noodles,1,18.00,,18.00
14526,2559,50,Americano,Coffee,1,4.50,,4.50
14527,2559,2,Vegetable Spring Rolls (6pc),Starters,1,9.00,,9.00
14528,2560,22,Pan-Fried Broccoli & Cauliflower,Veggie & Tofu,1,18.00,,18.00
14529,2560,44,Lemongrass Vermicelli Bowl,Rice & Noodles,1,20.00,,20.00
14530,2561,42,Kwetiau Goreng,Rice & Noodles,1,19.00,,19.00
14531,2561,68,Iced Blackberry Hibiscus Tea,Drinks,1,7.00,,7.00
14532,2561,71,Fried Banana with Coconut Ice Cream,Desserts,1,13.00,,13.00
14533,2562,36,Spicy Shrimp,Plant-Based Meat,1,20.00,Extra Spicy,20.00
14534,2562,48,Brown Rice,Sides,1,3.00,,3.00
14535,2562,53,Vegan Iced Coffee,Coffee,1,5.50,,5.50
14536,2562,44,Lemongrass Vermicelli Bowl,Rice & Noodles,1,20.00,,20.00
14537,2563,40,Bakmi Goreng,Rice & Noodles,1,19.00,,19.00
14538,2563,58,London Fog,Tea,1,5.50,,5.50
14539,2563,28,Ginger Beef,Plant-Based Meat,1,21.00,Extra Spicy,21.00
14540,2563,46,Jasmine Rice,Sides,1,2.75,,2.75
14541,2563,65,Iced Passion Fruit Green Tea,Drinks,1,7.00,,7.00
14542,2563,8,Breaded Cauliflower Bites,Starters,1,13.00,,13.00
14543,2564,26,Chili Tofu,Veggie & Tofu,1,19.00,,19.00
14544,2564,68,Iced Blackberry Hibiscus Tea,Drinks,1,7.00,,7.00
14545,2564,42,Kwetiau Goreng,Rice & Noodles,1,19.00,Extra Spicy,19.00
14546,2564,56,Organic Tea,Tea,1,3.50,,3.50
14547,2564,2,Vegetable Spring Rolls (6pc),Starters,1,9.00,,9.00
14548,2565,43,Singapore Noodle,Rice & Noodles,1,19.00,Less Spicy,19.00
14549,2565,75,Extra Tofu,Extras,1,4.00,,4.00
14550,2565,57,Soy Chai Latte,Tea,1,5.50,,5.50
14551,2565,27,Kung Pao Chicken,Plant-Based Meat,1,20.00,Sauce on Side,20.00
14552,2565,56,Organic Tea,Tea,1,3.50,,3.50
14553,2566,20,Spicy Coconut Eggplant,Veggie & Tofu,1,18.00,No Onion,18.00
14554,2566,61,Iced Oat Strawberry Matcha,Tea,1,8.50,,8.50
14555,2566,13,Tom Yum Soup,Soups,1,18.00,,18.00
14556,2566,59,Hot Chocolate,Tea,1,5.00,,5.00
14557,2566,39,Nasi Goreng,Rice & Noodles,1,18.00,,18.00
14558,2566,63,Iced Pineapple,Drinks,1,7.50,,7.50
14559,2566,22,Pan-Fried Broccoli & Cauliflower,Veggie & Tofu,1,18.00,,18.00
14560,2567,38,Rendang,Plant-Based Meat,1,20.00,,20.00
14561,2567,48,Brown Rice,Sides,1,3.00,,3.00
14562,2567,66,Assorted Soft Drinks,Drinks,1,2.50,,2.50
14563,2567,41,Bihun Goreng,Rice & Noodles,1,18.00,No Cilantro,18.00
14564,2567,8,Breaded Cauliflower Bites,Starters,1,13.00,,13.00
14565,2568,26,Chili Tofu,Veggie & Tofu,1,19.00,,19.00
14566,2568,54,Iced Brown Sugar Oat Latte,Coffee,1,6.50,,6.50
14567,2568,44,Lemongrass Vermicelli Bowl,Rice & Noodles,1,20.00,Extra Spicy,20.00
14568,2568,56,Organic Tea,Tea,1,3.50,,3.50
14569,2568,18,King Oyster Mushroom Gaylan,Veggie & Tofu,1,20.00,Gluten Friendly,20.00
14570,2568,56,Organic Tea,Tea,1,3.50,,3.50
14571,2568,44,Lemongrass Vermicelli Bowl,Rice & Noodles,1,20.00,Extra Spicy,20.00
14572,2568,21,Mapo Tofu,Veggie & Tofu,1,19.00,,19.00
14573,2568,56,Organic Tea,Tea,1,3.50,,3.50
14574,2568,6,Gado Gado,Starters,1,14.00,,14.00
14575,2568,3,Satay with Peanut Sauce (1pc),Starters,1,3.00,,3.00
14576,2568,71,Fried Banana with Coconut Ice Cream,Desserts,1,13.00,,13.00
14577,2569,32,General Tao Chicken,Plant-Based Meat,1,21.00,,21.00
14578,2569,46,Jasmine Rice,Sides,1,2.75,,2.75
14579,2569,55,Decaf Coffee,Coffee,1,4.50,,4.50
14580,2569,33,Curry Chicken,Plant-Based Meat,1,22.00,,22.00
14581,2569,64,Sparkling Yuzu,Drinks,1,8.50,,8.50
14582,2569,32,General Tao Chicken,Plant-Based Meat,1,21.00,,21.00
14583,2569,53,Vegan Iced Coffee,Coffee,1,5.50,,5.50
14584,2570,43,Singapore Noodle,Rice & Noodles,1,19.00,,19.00
14585,2570,75,Extra Tofu,Extras,1,4.00,,4.00
14586,2570,64,Sparkling Yuzu,Drinks,1,8.50,,8.50
14587,2570,45,Bali Buddha Bowl,Rice & Noodles,1,18.00,No Peanuts,18.00
14588,2570,10,Bean Curd Drumsticks,Starters,1,13.00,,13.00
14589,2570,73,Chocolate Mousse,Desserts,1,9.00,,9.00
14590,2570,69,Cheesecake,Desserts,1,11.00,,11.00
14591,2571,28,Ginger Beef,Plant-Based Meat,1,21.00,Gluten Friendly,21.00
14592,2571,33,Curry Chicken,Plant-Based Meat,1,22.00,,22.00
14593,2572,40,Bakmi Goreng,Rice & Noodles,1,19.00,Less Spicy,19.00
14594,2572,50,Americano,Coffee,1,4.50,,4.50
14595,2573,23,Curry Vegetables & Tofu,Veggie & Tofu,1,20.00,,20.00
14596,2573,63,Iced Pineapple,Drinks,1,7.50,,7.50
14597,2573,37,Teriyaki Chicken,Plant-Based Meat,1,19.00,Less Spicy,19.00
14598,2573,46,Jasmine Rice,Sides,1,2.75,,2.75
14599,2573,76,Extra Veggies,Extras,1,4.00,,4.00
14600,2573,50,Americano,Coffee,1,4.50,,4.50
14601,2573,19,Savory Eggplant,Veggie & Tofu,1,18.00,,18.00
14602,2573,45,Bali Buddha Bowl,Rice & Noodles,1,18.00,,18.00
14603,2573,1,Vegetable Spring Rolls (3pc),Starters,1,6.00,,6.00
14604,2573,9,Crispy Chicken Strips,Starters,1,13.00,,13.00
14605,2574,34,Curry Mutton,Plant-Based Meat,1,22.00,,22.00
14606,2574,46,Jasmine Rice,Sides,1,2.75,,2.75
14607,2574,61,Iced Oat Strawberry Matcha,Tea,1,8.50,,8.50
14608,2574,45,Bali Buddha Bowl,Rice & Noodles,1,18.00,No Mushrooms,18.00
14609,2574,66,Assorted Soft Drinks,Drinks,1,2.50,,2.50
14610,2574,13,Tom Yum Soup,Soups,1,18.00,Extra Sauce,18.00
14611,2575,16,Chili Green Beans,Veggie & Tofu,1,19.00,,19.00
14612,2575,63,Iced Pineapple,Drinks,1,7.50,,7.50
14613,2575,38,Rendang,Plant-Based Meat,1,20.00,,20.00
14614,2575,18,King Oyster Mushroom Gaylan,Veggie & Tofu,1,20.00,,20.00
14615,2575,47,Coconut Rice,Sides,1,3.00,,3.00
14616,2575,64,Sparkling Yuzu,Drinks,1,8.50,,8.50
14617,2575,70,Panna Cotta,Desserts,1,9.00,,9.00
14618,2575,70,Panna Cotta,Desserts,1,9.00,,9.00
14619,2576,43,Singapore Noodle,Rice & Noodles,1,19.00,Extra Sauce,19.00
14620,2576,28,Ginger Beef,Plant-Based Meat,1,21.00,No Onion,21.00
14621,2576,46,Jasmine Rice,Sides,1,2.75,,2.75
14622,2576,75,Extra Tofu,Extras,1,4.00,,4.00
14623,2577,31,Spicy Chicken,Plant-Based Meat,1,19.00,,19.00
14624,2577,48,Brown Rice,Sides,1,3.00,,3.00
14625,2577,50,Americano,Coffee,1,4.50,,4.50
14626,2577,41,Bihun Goreng,Rice & Noodles,1,18.00,,18.00
14627,2577,56,Organic Tea,Tea,1,3.50,,3.50
14628,2578,44,Lemongrass Vermicelli Bowl,Rice & Noodles,1,20.00,,20.00
14629,2578,51,Soy Latte,Coffee,1,5.50,,5.50
14630,2578,27,Kung Pao Chicken,Plant-Based Meat,1,20.00,,20.00
14631,2578,48,Brown Rice,Sides,1,3.00,,3.00
14632,2578,62,Iced Lychee,Drinks,1,7.50,,7.50
14633,2578,71,Fried Banana with Coconut Ice Cream,Desserts,1,13.00,,13.00
14634,2579,29,Dendeng,Plant-Based Meat,1,20.00,,20.00
14635,2579,47,Coconut Rice,Sides,1,3.00,,3.00
14636,2579,53,Vegan Iced Coffee,Coffee,1,5.50,,5.50
14637,2579,39,Nasi Goreng,Rice & Noodles,1,18.00,No Peanuts,18.00
14638,2579,20,Spicy Coconut Eggplant,Veggie & Tofu,1,18.00,Extra Spicy,18.00
14639,2579,46,Jasmine Rice,Sides,1,2.75,,2.75
14640,2579,62,Iced Lychee,Drinks,1,7.50,,7.50
14641,2580,33,Curry Chicken,Plant-Based Meat,1,22.00,Sauce on Side,22.00
14642,2580,28,Ginger Beef,Plant-Based Meat,1,21.00,,21.00
14643,2581,33,Curry Chicken,Plant-Based Meat,1,22.00,,22.00
14644,2581,60,Matcha Latte,Tea,1,6.50,,6.50
14645,2582,31,Spicy Chicken,Plant-Based Meat,1,19.00,,19.00
14646,2582,46,Jasmine Rice,Sides,1,2.75,,2.75
14647,2582,54,Iced Brown Sugar Oat Latte,Coffee,1,6.50,,6.50
14648,2582,29,Dendeng,Plant-Based Meat,1,20.00,Sauce on Side,20.00
14649,2582,53,Vegan Iced Coffee,Coffee,1,5.50,,5.50
14650,2582,33,Curry Chicken,Plant-Based Meat,1,22.00,No Mushrooms,22.00
14651,2582,47,Coconut Rice,Sides,1,3.00,,3.00
14652,2582,74,Extra Protein,Extras,1,5.00,,5.00
14653,2582,21,Mapo Tofu,Veggie & Tofu,1,19.00,,19.00
14654,2582,27,Kung Pao Chicken,Plant-Based Meat,1,20.00,,20.00
14655,2582,47,Coconut Rice,Sides,1,3.00,,3.00
14656,2582,66,Assorted Soft Drinks,Drinks,1,2.50,,2.50
14657,2582,7,Roti Canai,Starters,1,13.00,,13.00
14658,2582,69,Cheesecake,Desserts,1,11.00,,11.00
14659,2583,44,Lemongrass Vermicelli Bowl,Rice & Noodles,1,20.00,,20.00
14660,2583,56,Organic Tea,Tea,1,3.50,,3.50
14661,2584,33,Curry Chicken,Plant-Based Meat,1,22.00,No Peanuts,22.00
14662,2584,47,Coconut Rice,Sides,1,3.00,,3.00
14663,2584,75,Extra Tofu,Extras,1,4.00,,4.00
14664,2584,14,Spicy Curry Noodle Soup,Soups,1,18.00,Extra Sauce,18.00
14665,2584,9,Crispy Chicken Strips,Starters,1,13.00,,13.00
14666,2585,28,Ginger Beef,Plant-Based Meat,1,21.00,No Peanuts,21.00
14667,2585,75,Extra Tofu,Extras,1,4.00,,4.00
14668,2585,53,Vegan Iced Coffee,Coffee,1,5.50,,5.50
14669,2585,69,Cheesecake,Desserts,1,11.00,,11.00
14670,2586,37,Teriyaki Chicken,Plant-Based Meat,1,19.00,,19.00
14671,2586,46,Jasmine Rice,Sides,1,2.75,,2.75
14672,2586,56,Organic Tea,Tea,1,3.50,,3.50
14673,2586,25,Mushroom Tofu,Veggie & Tofu,1,19.00,No Peanuts,19.00
14674,2586,75,Extra Tofu,Extras,1,4.00,,4.00
14675,2586,55,Decaf Coffee,Coffee,1,4.50,,4.50
14676,2586,37,Teriyaki Chicken,Plant-Based Meat,1,19.00,No Peanuts,19.00
14677,2587,15,Padmanadi Vegetable Deluxe,Veggie & Tofu,1,19.00,,19.00
14678,2587,37,Teriyaki Chicken,Plant-Based Meat,1,19.00,,19.00
14679,2587,47,Coconut Rice,Sides,1,3.00,,3.00
14680,2587,61,Iced Oat Strawberry Matcha,Tea,1,8.50,,8.50
14681,2588,15,Padmanadi Vegetable Deluxe,Veggie & Tofu,1,19.00,,19.00
14682,2588,46,Jasmine Rice,Sides,1,2.75,,2.75
14683,2588,76,Extra Veggies,Extras,1,4.00,,4.00
14684,2588,52,Soy Mocha,Coffee,1,6.00,,6.00
14685,2588,42,Kwetiau Goreng,Rice & Noodles,1,19.00,No Peanuts,19.00
14686,2588,74,Extra Protein,Extras,1,5.00,,5.00
14687,2589,29,Dendeng,Plant-Based Meat,1,20.00,Extra Spicy,20.00
14688,2589,47,Coconut Rice,Sides,1,3.00,,3.00
14689,2590,28,Ginger Beef,Plant-Based Meat,1,21.00,Gluten Friendly,21.00
14690,2590,39,Nasi Goreng,Rice & Noodles,1,18.00,Extra Spicy,18.00
14691,2590,26,Chili Tofu,Veggie & Tofu,1,19.00,,19.00
14692,2590,59,Hot Chocolate,Tea,1,5.00,,5.00
14693,2591,15,Padmanadi Vegetable Deluxe,Veggie & Tofu,1,19.00,,19.00
14694,2591,47,Coconut Rice,Sides,1,3.00,,3.00
14695,2591,29,Dendeng,Plant-Based Meat,1,20.00,,20.00
14696,2591,53,Vegan Iced Coffee,Coffee,1,5.50,,5.50
14697,2591,1,Vegetable Spring Rolls (3pc),Starters,1,6.00,,6.00
14698,2592,44,Lemongrass Vermicelli Bowl,Rice & Noodles,1,20.00,,20.00
14699,2592,75,Extra Tofu,Extras,1,4.00,,4.00
14700,2593,24,Tempeh Pulau,Veggie & Tofu,1,20.00,Sauce on Side,20.00
14701,2593,27,Kung Pao Chicken,Plant-Based Meat,1,20.00,Sauce on Side,20.00
14702,2593,54,Iced Brown Sugar Oat Latte,Coffee,1,6.50,,6.50
14703,2593,7,Roti Canai,Starters,1,13.00,,13.00
14704,2594,30,Sweet & Sour Chicken,Plant-Based Meat,1,19.00,,19.00
14705,2594,46,Jasmine Rice,Sides,1,2.75,,2.75
14706,2594,13,Tom Yum Soup,Soups,1,18.00,Extra Sauce,18.00
14707,2594,51,Soy Latte,Coffee,1,5.50,,5.50
14708,2594,22,Pan-Fried Broccoli & Cauliflower,Veggie & Tofu,1,18.00,,18.00
14709,2594,47,Coconut Rice,Sides,1,3.00,,3.00
14710,2594,37,Teriyaki Chicken,Plant-Based Meat,1,19.00,No Peanuts,19.00
14711,2594,59,Hot Chocolate,Tea,1,5.00,,5.00
14712,2594,1,Vegetable Spring Rolls (3pc),Starters,1,6.00,,6.00
14713,2594,71,Fried Banana with Coconut Ice Cream,Desserts,1,13.00,,13.00
14714,2594,69,Cheesecake,Desserts,1,11.00,,11.00
14715,2595,28,Ginger Beef,Plant-Based Meat,1,21.00,,21.00
14716,2595,75,Extra Tofu,Extras,1,4.00,,4.00
14717,2595,70,Panna Cotta,Desserts,1,9.00,,9.00
14718,2596,15,Padmanadi Vegetable Deluxe,Veggie & Tofu,1,19.00,Sauce on Side,19.00
14719,2596,67,Raspberry Lime Italian Soda,Drinks,1,6.50,,6.50
14720,2596,3,Satay with Peanut Sauce (1pc),Starters,1,3.00,,3.00
14721,2597,24,Tempeh Pulau,Veggie & Tofu,1,20.00,,20.00
14722,2597,48,Brown Rice,Sides,1,3.00,,3.00
14723,2597,7,Roti Canai,Starters,1,13.00,,13.00
14724,2598,37,Teriyaki Chicken,Plant-Based Meat,1,19.00,,19.00
14725,2598,59,Hot Chocolate,Tea,1,5.00,,5.00
14726,2598,22,Pan-Fried Broccoli & Cauliflower,Veggie & Tofu,1,18.00,,18.00
14727,2598,51,Soy Latte,Coffee,1,5.50,,5.50
14728,2598,45,Bali Buddha Bowl,Rice & Noodles,1,18.00,Extra Spicy,18.00
14729,2598,66,Assorted Soft Drinks,Drinks,1,2.50,,2.50
14730,2598,71,Fried Banana with Coconut Ice Cream,Desserts,1,13.00,,13.00
14731,2599,36,Spicy Shrimp,Plant-Based Meat,1,20.00,Extra Sauce,20.00
14732,2599,34,Curry Mutton,Plant-Based Meat,1,22.00,Sauce on Side,22.00
14733,2599,46,Jasmine Rice,Sides,1,2.75,,2.75
14734,2599,52,Soy Mocha,Coffee,1,6.00,,6.00
14735,2600,14,Spicy Curry Noodle Soup,Soups,1,18.00,,18.00
14736,2600,65,Iced Passion Fruit Green Tea,Drinks,1,7.00,,7.00
14737,2600,37,Teriyaki Chicken,Plant-Based Meat,1,19.00,Extra Sauce,19.00
14738,2600,47,Coconut Rice,Sides,1,3.00,,3.00
14739,2600,62,Iced Lychee,Drinks,1,7.50,,7.50
14740,2600,9,Crispy Chicken Strips,Starters,1,13.00,,13.00
14741,2600,73,Chocolate Mousse,Desserts,1,9.00,,9.00
14742,2601,30,Sweet & Sour Chicken,Plant-Based Meat,1,19.00,Less Spicy,19.00
14743,2601,40,Bakmi Goreng,Rice & Noodles,1,19.00,,19.00
14744,2601,23,Curry Vegetables & Tofu,Veggie & Tofu,1,20.00,Sauce on Side,20.00
14745,2601,46,Jasmine Rice,Sides,1,2.75,,2.75
14746,2601,40,Bakmi Goreng,Rice & Noodles,1,19.00,,19.00
14747,2601,70,Panna Cotta,Desserts,1,9.00,,9.00
14748,2602,24,Tempeh Pulau,Veggie & Tofu,1,20.00,,20.00
14749,2602,46,Jasmine Rice,Sides,1,2.75,,2.75
14750,2602,66,Assorted Soft Drinks,Drinks,1,2.50,,2.50
14751,2602,41,Bihun Goreng,Rice & Noodles,1,18.00,Less Spicy,18.00
14752,2602,68,Iced Blackberry Hibiscus Tea,Drinks,1,7.00,,7.00
14753,2603,34,Curry Mutton,Plant-Based Meat,1,22.00,,22.00
14754,2603,47,Coconut Rice,Sides,1,3.00,,3.00
14755,2603,34,Curry Mutton,Plant-Based Meat,1,22.00,No Cilantro,22.00
14756,2603,47,Coconut Rice,Sides,1,3.00,,3.00
14757,2603,76,Extra Veggies,Extras,1,4.00,,4.00
14758,2603,2,Vegetable Spring Rolls (6pc),Starters,1,9.00,,9.00
14759,2603,72,Vegan Ice Cream,Desserts,1,7.00,,7.00
14760,2604,24,Tempeh Pulau,Veggie & Tofu,1,20.00,Extra Sauce,20.00
14761,2604,47,Coconut Rice,Sides,1,3.00,,3.00
14762,2605,29,Dendeng,Plant-Based Meat,1,20.00,,20.00
14763,2605,48,Brown Rice,Sides,1,3.00,,3.00
14764,2605,65,Iced Passion Fruit Green Tea,Drinks,1,7.00,,7.00
14765,2605,39,Nasi Goreng,Rice & Noodles,1,18.00,,18.00
14766,2605,58,London Fog,Tea,1,5.50,,5.50
14767,2605,1,Vegetable Spring Rolls (3pc),Starters,1,6.00,,6.00
14768,2606,12,Wonton Soup,Soups,1,18.00,,18.00
14769,2606,53,Vegan Iced Coffee,Coffee,1,5.50,,5.50
14770,2606,41,Bihun Goreng,Rice & Noodles,1,18.00,Less Spicy,18.00
14771,2606,38,Rendang,Plant-Based Meat,1,20.00,,20.00
14772,2606,46,Jasmine Rice,Sides,1,2.75,,2.75
14773,2606,60,Matcha Latte,Tea,1,6.50,,6.50
14774,2606,15,Padmanadi Vegetable Deluxe,Veggie & Tofu,1,19.00,,19.00
14775,2606,66,Assorted Soft Drinks,Drinks,1,2.50,,2.50
14776,2606,45,Bali Buddha Bowl,Rice & Noodles,1,18.00,Sauce on Side,18.00
14777,2606,62,Iced Lychee,Drinks,1,7.50,,7.50
14778,2606,7,Roti Canai,Starters,1,13.00,,13.00
14779,2607,41,Bihun Goreng,Rice & Noodles,1,18.00,,18.00
14780,2607,63,Iced Pineapple,Drinks,1,7.50,,7.50
14781,2607,28,Ginger Beef,Plant-Based Meat,1,21.00,Extra Sauce,21.00
14782,2607,47,Coconut Rice,Sides,1,3.00,,3.00
14783,2607,61,Iced Oat Strawberry Matcha,Tea,1,8.50,,8.50
14784,2607,2,Vegetable Spring Rolls (6pc),Starters,1,9.00,,9.00
14785,2608,28,Ginger Beef,Plant-Based Meat,1,21.00,,21.00
14786,2608,46,Jasmine Rice,Sides,1,2.75,,2.75
14787,2609,17,Spicy String Beans,Veggie & Tofu,1,19.00,Gluten Friendly,19.00
14788,2609,46,Jasmine Rice,Sides,1,2.75,,2.75
14789,2609,34,Curry Mutton,Plant-Based Meat,1,22.00,Extra Sauce,22.00
14790,2609,52,Soy Mocha,Coffee,1,6.00,,6.00
14791,2609,16,Chili Green Beans,Veggie & Tofu,1,19.00,,19.00
14792,2609,56,Organic Tea,Tea,1,3.50,,3.50
14793,2609,27,Kung Pao Chicken,Plant-Based Meat,1,20.00,Sauce on Side,20.00
14794,2609,48,Brown Rice,Sides,1,3.00,,3.00
14795,2609,76,Extra Veggies,Extras,1,4.00,,4.00
14796,2609,63,Iced Pineapple,Drinks,1,7.50,,7.50
14797,2609,40,Bakmi Goreng,Rice & Noodles,1,19.00,Allergy: Nuts,19.00
14798,2609,64,Sparkling Yuzu,Drinks,1,8.50,,8.50
14799,2609,28,Ginger Beef,Plant-Based Meat,1,21.00,Less Spicy,21.00
14800,2609,47,Coconut Rice,Sides,1,3.00,,3.00
14801,2609,52,Soy Mocha,Coffee,1,6.00,,6.00
14802,2609,16,Chili Green Beans,Veggie & Tofu,1,19.00,Extra Spicy,19.00
14803,2609,46,Jasmine Rice,Sides,1,2.75,,2.75
14804,2609,50,Americano,Coffee,1,4.50,,4.50
14805,2609,9,Crispy Chicken Strips,Starters,1,13.00,,13.00
14806,2609,2,Vegetable Spring Rolls (6pc),Starters,1,9.00,,9.00
14807,2609,70,Panna Cotta,Desserts,1,9.00,,9.00
14808,2609,71,Fried Banana with Coconut Ice Cream,Desserts,1,13.00,,13.00
14809,2610,33,Curry Chicken,Plant-Based Meat,1,22.00,,22.00
14810,2610,60,Matcha Latte,Tea,1,6.50,,6.50
14811,2610,28,Ginger Beef,Plant-Based Meat,1,21.00,Sauce on Side,21.00
14812,2610,71,Fried Banana with Coconut Ice Cream,Desserts,1,13.00,,13.00
14813,2610,70,Panna Cotta,Desserts,1,9.00,,9.00
14814,2611,22,Pan-Fried Broccoli & Cauliflower,Veggie & Tofu,1,18.00,Gluten Friendly,18.00
14815,2611,47,Coconut Rice,Sides,1,3.00,,3.00
14816,2611,30,Sweet & Sour Chicken,Plant-Based Meat,1,19.00,No Peanuts,19.00
14817,2611,46,Jasmine Rice,Sides,1,2.75,,2.75
14818,2611,29,Dendeng,Plant-Based Meat,1,20.00,,20.00
14819,2611,52,Soy Mocha,Coffee,1,6.00,,6.00
14820,2611,23,Curry Vegetables & Tofu,Veggie & Tofu,1,20.00,,20.00
14821,2611,56,Organic Tea,Tea,1,3.50,,3.50
14822,2611,37,Teriyaki Chicken,Plant-Based Meat,1,19.00,Less Spicy,19.00
14823,2611,47,Coconut Rice,Sides,1,3.00,,3.00
14824,2611,55,Decaf Coffee,Coffee,1,4.50,,4.50
14825,2611,1,Vegetable Spring Rolls (3pc),Starters,1,6.00,,6.00
14826,2612,28,Ginger Beef,Plant-Based Meat,1,21.00,,21.00
14827,2612,47,Coconut Rice,Sides,1,3.00,,3.00
14828,2612,53,Vegan Iced Coffee,Coffee,1,5.50,,5.50
14829,2612,12,Wonton Soup,Soups,1,18.00,No Mushrooms,18.00
14830,2612,60,Matcha Latte,Tea,1,6.50,,6.50
14831,2613,28,Ginger Beef,Plant-Based Meat,1,21.00,Allergy: Nuts,21.00
14832,2613,46,Jasmine Rice,Sides,1,2.75,,2.75
14833,2614,19,Savory Eggplant,Veggie & Tofu,1,18.00,Gluten Friendly,18.00
14834,2614,46,Jasmine Rice,Sides,1,2.75,,2.75
14835,2614,66,Assorted Soft Drinks,Drinks,1,2.50,,2.50
14836,2614,28,Ginger Beef,Plant-Based Meat,1,21.00,,21.00
14837,2614,70,Panna Cotta,Desserts,1,9.00,,9.00
14838,2615,36,Spicy Shrimp,Plant-Based Meat,1,20.00,,20.00
14839,2615,32,General Tao Chicken,Plant-Based Meat,1,21.00,,21.00
14840,2615,46,Jasmine Rice,Sides,1,2.75,,2.75
14841,2616,30,Sweet & Sour Chicken,Plant-Based Meat,1,19.00,,19.00
14842,2616,48,Brown Rice,Sides,1,3.00,,3.00
14843,2616,29,Dendeng,Plant-Based Meat,1,20.00,No Cilantro,20.00
14844,2616,51,Soy Latte,Coffee,1,5.50,,5.50
14845,2616,24,Tempeh Pulau,Veggie & Tofu,1,20.00,,20.00
14846,2616,48,Brown Rice,Sides,1,3.00,,3.00
14847,2616,67,Raspberry Lime Italian Soda,Drinks,1,6.50,,6.50
14848,2616,2,Vegetable Spring Rolls (6pc),Starters,1,9.00,,9.00
14849,2616,71,Fried Banana with Coconut Ice Cream,Desserts,1,13.00,,13.00
14850,2616,71,Fried Banana with Coconut Ice Cream,Desserts,1,13.00,,13.00
14851,2617,32,General Tao Chicken,Plant-Based Meat,1,21.00,No Onion,21.00
14852,2617,46,Jasmine Rice,Sides,1,2.75,,2.75
14853,2617,31,Spicy Chicken,Plant-Based Meat,1,19.00,,19.00
14854,2617,46,Jasmine Rice,Sides,1,2.75,,2.75
14855,2618,29,Dendeng,Plant-Based Meat,1,20.00,Sauce on Side,20.00
14856,2618,75,Extra Tofu,Extras,1,4.00,,4.00
14857,2618,53,Vegan Iced Coffee,Coffee,1,5.50,,5.50
14858,2619,22,Pan-Fried Broccoli & Cauliflower,Veggie & Tofu,1,18.00,No Cilantro,18.00
14859,2619,26,Chili Tofu,Veggie & Tofu,1,19.00,Less Spicy,19.00
14860,2619,48,Brown Rice,Sides,1,3.00,,3.00
14861,2619,56,Organic Tea,Tea,1,3.50,,3.50
14862,2619,4,Satay with Peanut Sauce (3pc),Starters,1,10.00,,10.00
14863,2620,32,General Tao Chicken,Plant-Based Meat,1,21.00,,21.00
14864,2620,46,Jasmine Rice,Sides,1,2.75,,2.75
14865,2620,21,Mapo Tofu,Veggie & Tofu,1,19.00,,19.00
14866,2620,47,Coconut Rice,Sides,1,3.00,,3.00
14867,2620,58,London Fog,Tea,1,5.50,,5.50
14868,2621,18,King Oyster Mushroom Gaylan,Veggie & Tofu,1,20.00,,20.00
14869,2621,47,Coconut Rice,Sides,1,3.00,,3.00
14870,2621,65,Iced Passion Fruit Green Tea,Drinks,1,7.00,,7.00
14871,2621,12,Wonton Soup,Soups,1,18.00,No Onion,18.00
14872,2621,79,Add Noodles (Soup),Extras,1,3.00,,3.00
14873,2621,57,Soy Chai Latte,Tea,1,5.50,,5.50
14874,2621,9,Crispy Chicken Strips,Starters,1,13.00,,13.00
14875,2621,69,Cheesecake,Desserts,1,11.00,,11.00
14876,2621,71,Fried Banana with Coconut Ice Cream,Desserts,1,13.00,,13.00
14877,2622,28,Ginger Beef,Plant-Based Meat,1,21.00,,21.00
14878,2622,31,Spicy Chicken,Plant-Based Meat,1,19.00,Allergy: Nuts,19.00
14879,2622,42,Kwetiau Goreng,Rice & Noodles,1,19.00,,19.00
14880,2622,74,Extra Protein,Extras,1,5.00,,5.00
14881,2623,28,Ginger Beef,Plant-Based Meat,1,21.00,Extra Sauce,21.00
14882,2623,46,Jasmine Rice,Sides,1,2.75,,2.75
14883,2623,75,Extra Tofu,Extras,1,4.00,,4.00
14884,2623,12,Wonton Soup,Soups,1,18.00,Extra Sauce,18.00
14885,2623,79,Add Noodles (Soup),Extras,1,3.00,,3.00
14886,2623,54,Iced Brown Sugar Oat Latte,Coffee,1,6.50,,6.50
14887,2623,9,Crispy Chicken Strips,Starters,1,13.00,,13.00
14888,2624,43,Singapore Noodle,Rice & Noodles,1,19.00,,19.00
14889,2624,45,Bali Buddha Bowl,Rice & Noodles,1,18.00,,18.00
14890,2624,12,Wonton Soup,Soups,1,18.00,,18.00
14891,2624,53,Vegan Iced Coffee,Coffee,1,5.50,,5.50
14892,2624,14,Spicy Curry Noodle Soup,Soups,1,18.00,Allergy: Nuts,18.00
14893,2624,51,Soy Latte,Coffee,1,5.50,,5.50
14894,2624,26,Chili Tofu,Veggie & Tofu,1,19.00,Sauce on Side,19.00
14895,2624,47,Coconut Rice,Sides,1,3.00,,3.00
14896,2625,26,Chili Tofu,Veggie & Tofu,1,19.00,No Onion,19.00
14897,2625,47,Coconut Rice,Sides,1,3.00,,3.00
14898,2625,50,Americano,Coffee,1,4.50,,4.50
14899,2625,26,Chili Tofu,Veggie & Tofu,1,19.00,,19.00
14900,2625,46,Jasmine Rice,Sides,1,2.75,,2.75
14901,2625,66,Assorted Soft Drinks,Drinks,1,2.50,,2.50
14902,2626,41,Bihun Goreng,Rice & Noodles,1,18.00,Sauce on Side,18.00
14903,2626,42,Kwetiau Goreng,Rice & Noodles,1,19.00,,19.00
14904,2627,27,Kung Pao Chicken,Plant-Based Meat,1,20.00,,20.00
14905,2627,46,Jasmine Rice,Sides,1,2.75,,2.75
14906,2627,49,Lunch Special,Lunch Special,1,18.00,Entree: Ginger Beef,18.00
14907,2627,57,Soy Chai Latte,Tea,1,5.50,,5.50
14908,2627,70,Panna Cotta,Desserts,1,9.00,,9.00
14909,2628,28,Ginger Beef,Plant-Based Meat,1,21.00,,21.00
14910,2628,62,Iced Lychee,Drinks,1,7.50,,7.50
14911,2628,49,Lunch Special,Lunch Special,1,18.00,Entree: Curry Chicken,18.00
14912,2628,38,Rendang,Plant-Based Meat,1,20.00,Less Spicy,20.00
14913,2628,63,Iced Pineapple,Drinks,1,7.50,,7.50
14914,2628,39,Nasi Goreng,Rice & Noodles,1,18.00,,18.00
14915,2628,61,Iced Oat Strawberry Matcha,Tea,1,8.50,,8.50
14916,2629,22,Pan-Fried Broccoli & Cauliflower,Veggie & Tofu,1,18.00,,18.00
14917,2629,61,Iced Oat Strawberry Matcha,Tea,1,8.50,,8.50
14918,2629,28,Ginger Beef,Plant-Based Meat,1,21.00,,21.00
14919,2629,52,Soy Mocha,Coffee,1,6.00,,6.00
14920,2629,12,Wonton Soup,Soups,1,18.00,,18.00
14921,2629,6,Gado Gado,Starters,1,14.00,,14.00
14922,2629,71,Fried Banana with Coconut Ice Cream,Desserts,1,13.00,,13.00
14923,2629,69,Cheesecake,Desserts,1,11.00,,11.00
14924,2630,42,Kwetiau Goreng,Rice & Noodles,1,19.00,No Mushrooms,19.00
14925,2630,28,Ginger Beef,Plant-Based Meat,1,21.00,,21.00
14926,2630,52,Soy Mocha,Coffee,1,6.00,,6.00
14927,2630,49,Lunch Special,Lunch Special,1,18.00,Entree: Teriyaki Chicken,18.00
14928,2630,61,Iced Oat Strawberry Matcha,Tea,1,8.50,,8.50
14929,2631,33,Curry Chicken,Plant-Based Meat,1,22.00,,22.00
14930,2631,65,Iced Passion Fruit Green Tea,Drinks,1,7.00,,7.00
14931,2631,49,Lunch Special,Lunch Special,1,18.00,Entree: Curry Chicken,18.00
14932,2631,51,Soy Latte,Coffee,1,5.50,,5.50
14933,2632,29,Dendeng,Plant-Based Meat,1,20.00,,20.00
14934,2632,46,Jasmine Rice,Sides,1,2.75,,2.75
14935,2632,60,Matcha Latte,Tea,1,6.50,,6.50
14936,2632,28,Ginger Beef,Plant-Based Meat,1,21.00,,21.00
14937,2632,49,Lunch Special,Lunch Special,1,18.00,Entree: Spicy Nuggets,18.00
14938,2632,51,Soy Latte,Coffee,1,5.50,,5.50
14939,2633,14,Spicy Curry Noodle Soup,Soups,1,18.00,Gluten Friendly,18.00
14940,2633,74,Extra Protein,Extras,1,5.00,,5.00
14941,2633,66,Assorted Soft Drinks,Drinks,1,2.50,,2.50
14942,2633,32,General Tao Chicken,Plant-Based Meat,1,21.00,Allergy: Nuts,21.00
14943,2633,46,Jasmine Rice,Sides,1,2.75,,2.75
14944,2633,49,Lunch Special,Lunch Special,1,18.00,Entree: Sweet & Sour Chicken,18.00
14945,2633,28,Ginger Beef,Plant-Based Meat,1,21.00,No Peanuts,21.00
14946,2633,51,Soy Latte,Coffee,1,5.50,,5.50
14947,2634,49,Lunch Special,Lunch Special,1,18.00,Entree: Curried Tofu w/ Vegetables,18.00
14948,2634,28,Ginger Beef,Plant-Based Meat,1,21.00,,21.00
14949,2634,48,Brown Rice,Sides,1,3.00,,3.00
14950,2634,57,Soy Chai Latte,Tea,1,5.50,,5.50
14951,2634,13,Tom Yum Soup,Soups,1,18.00,Extra Spicy,18.00
14952,2634,62,Iced Lychee,Drinks,1,7.50,,7.50
14953,2634,12,Wonton Soup,Soups,1,18.00,,18.00
14954,2634,79,Add Noodles (Soup),Extras,1,3.00,,3.00
14955,2635,49,Lunch Special,Lunch Special,1,18.00,Entree: Kung Pao Chicken,18.00
14956,2635,65,Iced Passion Fruit Green Tea,Drinks,1,7.00,,7.00
14957,2635,30,Sweet & Sour Chicken,Plant-Based Meat,1,19.00,,19.00
14958,2635,57,Soy Chai Latte,Tea,1,5.50,,5.50
14959,2636,19,Savory Eggplant,Veggie & Tofu,1,18.00,No Mushrooms,18.00
14960,2636,47,Coconut Rice,Sides,1,3.00,,3.00
14961,2636,51,Soy Latte,Coffee,1,5.50,,5.50
14962,2636,33,Curry Chicken,Plant-Based Meat,1,22.00,Less Spicy,22.00
14963,2636,48,Brown Rice,Sides,1,3.00,,3.00
14964,2636,66,Assorted Soft Drinks,Drinks,1,2.50,,2.50
14965,2636,45,Bali Buddha Bowl,Rice & Noodles,1,18.00,Extra Sauce,18.00
14966,2636,68,Iced Blackberry Hibiscus Tea,Drinks,1,7.00,,7.00
14967,2637,38,Rendang,Plant-Based Meat,1,20.00,Sauce on Side,20.00
14968,2637,48,Brown Rice,Sides,1,3.00,,3.00
14969,2637,51,Soy Latte,Coffee,1,5.50,,5.50
14970,2638,49,Lunch Special,Lunch Special,1,18.00,Entree: Padmanadi Veg Deluxe,18.00
14971,2638,30,Sweet & Sour Chicken,Plant-Based Meat,1,19.00,,19.00
14972,2638,48,Brown Rice,Sides,1,3.00,,3.00
14973,2638,64,Sparkling Yuzu,Drinks,1,8.50,,8.50
14974,2639,49,Lunch Special,Lunch Special,1,18.00,Entree: Chili Tofu,18.00
14975,2639,14,Spicy Curry Noodle Soup,Soups,1,18.00,Gluten Friendly,18.00
14976,2639,64,Sparkling Yuzu,Drinks,1,8.50,,8.50
14977,2639,11,Fried Enoki Mushroom,Starters,1,16.00,,16.00
14978,2640,36,Spicy Shrimp,Plant-Based Meat,1,20.00,,20.00
14979,2640,46,Jasmine Rice,Sides,1,2.75,,2.75
14980,2640,54,Iced Brown Sugar Oat Latte,Coffee,1,6.50,,6.50
14981,2640,23,Curry Vegetables & Tofu,Veggie & Tofu,1,20.00,,20.00
14982,2640,51,Soy Latte,Coffee,1,5.50,,5.50
14983,2641,27,Kung Pao Chicken,Plant-Based Meat,1,20.00,,20.00
14984,2641,43,Singapore Noodle,Rice & Noodles,1,19.00,No Onion,19.00
14985,2641,54,Iced Brown Sugar Oat Latte,Coffee,1,6.50,,6.50
14986,2641,49,Lunch Special,Lunch Special,1,18.00,Entree: Curried Tofu w/ Vegetables,18.00
14987,2641,72,Vegan Ice Cream,Desserts,1,7.00,,7.00
14988,2642,49,Lunch Special,Lunch Special,1,18.00,Entree: Rendang,18.00
14989,2642,28,Ginger Beef,Plant-Based Meat,1,21.00,,21.00
14990,2642,47,Coconut Rice,Sides,1,3.00,,3.00
14991,2642,66,Assorted Soft Drinks,Drinks,1,2.50,,2.50
14992,2642,11,Fried Enoki Mushroom,Starters,1,16.00,,16.00
14993,2643,19,Savory Eggplant,Veggie & Tofu,1,18.00,,18.00
14994,2643,46,Jasmine Rice,Sides,1,2.75,,2.75
14995,2643,49,Lunch Special,Lunch Special,1,18.00,Entree: Curried Tofu w/ Vegetables,18.00
14996,2644,49,Lunch Special,Lunch Special,1,18.00,Entree: Curry Mutton,18.00
14997,2644,53,Vegan Iced Coffee,Coffee,1,5.50,,5.50
14998,2644,19,Savory Eggplant,Veggie & Tofu,1,18.00,,18.00
14999,2644,51,Soy Latte,Coffee,1,5.50,,5.50
15000,2645,12,Wonton Soup,Soups,1,18.00,No Cilantro,18.00
15001,2645,79,Add Noodles (Soup),Extras,1,3.00,,3.00
15002,2645,49,Lunch Special,Lunch Special,1,18.00,Entree: Curry Mutton,18.00
15003,2645,66,Assorted Soft Drinks,Drinks,1,2.50,,2.50
15004,2645,6,Gado Gado,Starters,1,14.00,,14.00
15005,2646,39,Nasi Goreng,Rice & Noodles,1,18.00,,18.00
15006,2646,49,Lunch Special,Lunch Special,1,18.00,Entree: Curry Chicken,18.00
15007,2646,66,Assorted Soft Drinks,Drinks,1,2.50,,2.50
15008,2646,69,Cheesecake,Desserts,1,11.00,,11.00
15009,2647,49,Lunch Special,Lunch Special,1,18.00,Entree: Teriyaki Chicken,18.00
15010,2647,78,Sub Brown Rice (+1),Extras,1,1.00,,1.00
15011,2647,49,Lunch Special,Lunch Special,1,18.00,Entree: Curried Tofu w/ Vegetables,18.00
15012,2647,51,Soy Latte,Coffee,1,5.50,,5.50
15013,2648,14,Spicy Curry Noodle Soup,Soups,1,18.00,,18.00
15014,2648,58,London Fog,Tea,1,5.50,,5.50
15015,2648,20,Spicy Coconut Eggplant,Veggie & Tofu,1,18.00,,18.00
15016,2648,47,Coconut Rice,Sides,1,3.00,,3.00
15017,2648,63,Iced Pineapple,Drinks,1,7.50,,7.50
15018,2648,13,Tom Yum Soup,Soups,1,18.00,No Cilantro,18.00
15019,2648,12,Wonton Soup,Soups,1,18.00,,18.00
15020,2648,55,Decaf Coffee,Coffee,1,4.50,,4.50
15021,2648,3,Satay with Peanut Sauce (1pc),Starters,1,3.00,,3.00
15022,2648,8,Breaded Cauliflower Bites,Starters,1,13.00,,13.00
15023,2649,39,Nasi Goreng,Rice & Noodles,1,18.00,No Peanuts,18.00
15024,2649,50,Americano,Coffee,1,4.50,,4.50
15025,2649,26,Chili Tofu,Veggie & Tofu,1,19.00,Gluten Friendly,19.00
15026,2649,50,Americano,Coffee,1,4.50,,4.50
15027,2649,3,Satay with Peanut Sauce (1pc),Starters,1,3.00,,3.00
15028,2650,32,General Tao Chicken,Plant-Based Meat,1,21.00,,21.00
15029,2650,56,Organic Tea,Tea,1,3.50,,3.50
15030,2650,41,Bihun Goreng,Rice & Noodles,1,18.00,,18.00
15031,2650,74,Extra Protein,Extras,1,5.00,,5.00
15032,2651,39,Nasi Goreng,Rice & Noodles,1,18.00,,18.00
15033,2651,66,Assorted Soft Drinks,Drinks,1,2.50,,2.50
15034,2651,49,Lunch Special,Lunch Special,1,18.00,Entree: Savory Eggplant,18.00
15035,2651,66,Assorted Soft Drinks,Drinks,1,2.50,,2.50
15036,2651,15,Padmanadi Vegetable Deluxe,Veggie & Tofu,1,19.00,No Mushrooms,19.00
15037,2651,47,Coconut Rice,Sides,1,3.00,,3.00
15038,2651,50,Americano,Coffee,1,4.50,,4.50
15039,2651,23,Curry Vegetables & Tofu,Veggie & Tofu,1,20.00,,20.00
15040,2651,49,Lunch Special,Lunch Special,1,18.00,Entree: Curry Mutton,18.00
15041,2651,66,Assorted Soft Drinks,Drinks,1,2.50,,2.50
15042,2651,9,Crispy Chicken Strips,Starters,1,13.00,,13.00
15043,2651,5,Deep Fried Tofu,Starters,1,13.00,,13.00
15044,2652,44,Lemongrass Vermicelli Bowl,Rice & Noodles,1,20.00,Extra Sauce,20.00
15045,2652,15,Padmanadi Vegetable Deluxe,Veggie & Tofu,1,19.00,,19.00
15046,2652,46,Jasmine Rice,Sides,1,2.75,,2.75
15047,2652,61,Iced Oat Strawberry Matcha,Tea,1,8.50,,8.50
15048,2652,31,Spicy Chicken,Plant-Based Meat,1,19.00,,19.00
15049,2653,35,Sweet & Sour Shrimp,Plant-Based Meat,1,20.00,,20.00
15050,2653,54,Iced Brown Sugar Oat Latte,Coffee,1,6.50,,6.50
15051,2653,15,Padmanadi Vegetable Deluxe,Veggie & Tofu,1,19.00,No Onion,19.00
15052,2653,55,Decaf Coffee,Coffee,1,4.50,,4.50
15053,2653,8,Breaded Cauliflower Bites,Starters,1,13.00,,13.00
15054,2654,33,Curry Chicken,Plant-Based Meat,1,22.00,,22.00
15055,2654,47,Coconut Rice,Sides,1,3.00,,3.00
15056,2654,49,Lunch Special,Lunch Special,1,18.00,Entree: Savory Eggplant,18.00
15057,2654,18,King Oyster Mushroom Gaylan,Veggie & Tofu,1,20.00,No Onion,20.00
15058,2654,53,Vegan Iced Coffee,Coffee,1,5.50,,5.50
15059,2655,31,Spicy Chicken,Plant-Based Meat,1,19.00,,19.00
15060,2655,18,King Oyster Mushroom Gaylan,Veggie & Tofu,1,20.00,,20.00
15061,2655,35,Sweet & Sour Shrimp,Plant-Based Meat,1,20.00,,20.00
15062,2655,51,Soy Latte,Coffee,1,5.50,,5.50
15063,2655,20,Spicy Coconut Eggplant,Veggie & Tofu,1,18.00,No Peanuts,18.00
15064,2655,49,Lunch Special,Lunch Special,1,18.00,Entree: Chili Tofu,18.00
15065,2655,6,Gado Gado,Starters,1,14.00,,14.00
15066,2655,73,Chocolate Mousse,Desserts,1,9.00,,9.00
15067,2656,14,Spicy Curry Noodle Soup,Soups,1,18.00,No Peanuts,18.00
15068,2656,57,Soy Chai Latte,Tea,1,5.50,,5.50
15069,2657,49,Lunch Special,Lunch Special,1,18.00,Entree: Curry Chicken,18.00
15070,2657,52,Soy Mocha,Coffee,1,6.00,,6.00
15071,2657,23,Curry Vegetables & Tofu,Veggie & Tofu,1,20.00,,20.00
15072,2657,59,Hot Chocolate,Tea,1,5.00,,5.00
15073,2658,32,General Tao Chicken,Plant-Based Meat,1,21.00,,21.00
15074,2658,47,Coconut Rice,Sides,1,3.00,,3.00
15075,2658,64,Sparkling Yuzu,Drinks,1,8.50,,8.50
15076,2658,39,Nasi Goreng,Rice & Noodles,1,18.00,,18.00
15077,2658,76,Extra Veggies,Extras,1,4.00,,4.00
15078,2658,56,Organic Tea,Tea,1,3.50,,3.50
15079,2658,72,Vegan Ice Cream,Desserts,1,7.00,,7.00
15080,2658,70,Panna Cotta,Desserts,1,9.00,,9.00
15081,2659,15,Padmanadi Vegetable Deluxe,Veggie & Tofu,1,19.00,Allergy: Nuts,19.00
15082,2659,60,Matcha Latte,Tea,1,6.50,,6.50
15083,2659,12,Wonton Soup,Soups,1,18.00,,18.00
15084,2659,53,Vegan Iced Coffee,Coffee,1,5.50,,5.50
15085,2659,49,Lunch Special,Lunch Special,1,18.00,Entree: Curried Tofu w/ Vegetables,18.00
15086,2659,78,Sub Brown Rice (+1),Extras,1,1.00,,1.00
15087,2659,63,Iced Pineapple,Drinks,1,7.50,,7.50
15088,2660,28,Ginger Beef,Plant-Based Meat,1,21.00,,21.00
15089,2660,46,Jasmine Rice,Sides,1,2.75,,2.75
15090,2660,64,Sparkling Yuzu,Drinks,1,8.50,,8.50
15091,2660,49,Lunch Special,Lunch Special,1,18.00,Entree: Ginger Beef,18.00
15092,2660,53,Vegan Iced Coffee,Coffee,1,5.50,,5.50
15093,2660,49,Lunch Special,Lunch Special,1,18.00,Entree: Sweet & Sour Chicken,18.00
15094,2661,49,Lunch Special,Lunch Special,1,18.00,Entree: Ginger Beef,18.00
15095,2662,49,Lunch Special,Lunch Special,1,18.00,Entree: Savory Eggplant,18.00
15096,2662,62,Iced Lychee,Drinks,1,7.50,,7.50
15097,2662,41,Bihun Goreng,Rice & Noodles,1,18.00,,18.00
15098,2662,63,Iced Pineapple,Drinks,1,7.50,,7.50
15099,2662,71,Fried Banana with Coconut Ice Cream,Desserts,1,13.00,,13.00
15100,2662,73,Chocolate Mousse,Desserts,1,9.00,,9.00
15101,2663,25,Mushroom Tofu,Veggie & Tofu,1,19.00,,19.00
15102,2663,13,Tom Yum Soup,Soups,1,18.00,No Peanuts,18.00
15103,2663,24,Tempeh Pulau,Veggie & Tofu,1,20.00,Extra Sauce,20.00
15104,2663,47,Coconut Rice,Sides,1,3.00,,3.00
15105,2663,51,Soy Latte,Coffee,1,5.50,,5.50
15106,2663,69,Cheesecake,Desserts,1,11.00,,11.00
15107,2663,70,Panna Cotta,Desserts,1,9.00,,9.00
15108,2664,49,Lunch Special,Lunch Special,1,18.00,Entree: Curried Tofu w/ Vegetables,18.00
15109,2664,66,Assorted Soft Drinks,Drinks,1,2.50,,2.50
15110,2664,14,Spicy Curry Noodle Soup,Soups,1,18.00,,18.00
15111,2664,79,Add Noodles (Soup),Extras,1,3.00,,3.00
15112,2665,15,Padmanadi Vegetable Deluxe,Veggie & Tofu,1,19.00,No Mushrooms,19.00
15113,2665,37,Teriyaki Chicken,Plant-Based Meat,1,19.00,,19.00
15114,2665,48,Brown Rice,Sides,1,3.00,,3.00
15115,2665,63,Iced Pineapple,Drinks,1,7.50,,7.50
15116,2665,45,Bali Buddha Bowl,Rice & Noodles,1,18.00,Less Spicy,18.00
15117,2665,29,Dendeng,Plant-Based Meat,1,20.00,,20.00
15118,2665,46,Jasmine Rice,Sides,1,2.75,,2.75
15119,2665,1,Vegetable Spring Rolls (3pc),Starters,1,6.00,,6.00
15120,2666,44,Lemongrass Vermicelli Bowl,Rice & Noodles,1,20.00,,20.00
15121,2666,65,Iced Passion Fruit Green Tea,Drinks,1,7.00,,7.00
15122,2666,28,Ginger Beef,Plant-Based Meat,1,21.00,,21.00
15123,2667,39,Nasi Goreng,Rice & Noodles,1,18.00,,18.00
15124,2667,51,Soy Latte,Coffee,1,5.50,,5.50
15125,2668,39,Nasi Goreng,Rice & Noodles,1,18.00,Sauce on Side,18.00
15126,2668,62,Iced Lychee,Drinks,1,7.50,,7.50
15127,2668,38,Rendang,Plant-Based Meat,1,20.00,Less Spicy,20.00
15128,2668,54,Iced Brown Sugar Oat Latte,Coffee,1,6.50,,6.50
15129,2669,33,Curry Chicken,Plant-Based Meat,1,22.00,No Peanuts,22.00
15130,2669,51,Soy Latte,Coffee,1,5.50,,5.50
15131,2669,18,King Oyster Mushroom Gaylan,Veggie & Tofu,1,20.00,Extra Sauce,20.00
15132,2669,53,Vegan Iced Coffee,Coffee,1,5.50,,5.50
15133,2669,70,Panna Cotta,Desserts,1,9.00,,9.00
15134,2670,30,Sweet & Sour Chicken,Plant-Based Meat,1,19.00,Gluten Friendly,19.00
15135,2670,62,Iced Lychee,Drinks,1,7.50,,7.50
15136,2670,45,Bali Buddha Bowl,Rice & Noodles,1,18.00,No Mushrooms,18.00
15137,2670,76,Extra Veggies,Extras,1,4.00,,4.00
15138,2670,21,Mapo Tofu,Veggie & Tofu,1,19.00,,19.00
15139,2670,47,Coconut Rice,Sides,1,3.00,,3.00
15140,2671,24,Tempeh Pulau,Veggie & Tofu,1,20.00,,20.00
15141,2671,48,Brown Rice,Sides,1,3.00,,3.00
15142,2671,66,Assorted Soft Drinks,Drinks,1,2.50,,2.50
15143,2671,15,Padmanadi Vegetable Deluxe,Veggie & Tofu,1,19.00,Allergy: Nuts,19.00
15144,2671,54,Iced Brown Sugar Oat Latte,Coffee,1,6.50,,6.50
15145,2671,12,Wonton Soup,Soups,1,18.00,,18.00
15146,2671,30,Sweet & Sour Chicken,Plant-Based Meat,1,19.00,,19.00
15147,2671,48,Brown Rice,Sides,1,3.00,,3.00
15148,2671,18,King Oyster Mushroom Gaylan,Veggie & Tofu,1,20.00,,20.00
15149,2671,2,Vegetable Spring Rolls (6pc),Starters,1,9.00,,9.00
15150,2671,2,Vegetable Spring Rolls (6pc),Starters,1,9.00,,9.00
15151,2672,26,Chili Tofu,Veggie & Tofu,1,19.00,No Peanuts,19.00
15152,2672,47,Coconut Rice,Sides,1,3.00,,3.00
15153,2672,42,Kwetiau Goreng,Rice & Noodles,1,19.00,,19.00
15154,2672,50,Americano,Coffee,1,4.50,,4.50
15155,2672,28,Ginger Beef,Plant-Based Meat,1,21.00,Gluten Friendly,21.00
15156,2672,48,Brown Rice,Sides,1,3.00,,3.00
15157,2672,51,Soy Latte,Coffee,1,5.50,,5.50
15158,2672,12,Wonton Soup,Soups,1,18.00,,18.00
15159,2673,41,Bihun Goreng,Rice & Noodles,1,18.00,,18.00
15160,2673,16,Chili Green Beans,Veggie & Tofu,1,19.00,,19.00
15161,2673,47,Coconut Rice,Sides,1,3.00,,3.00
15162,2673,37,Teriyaki Chicken,Plant-Based Meat,1,19.00,No Mushrooms,19.00
15163,2673,67,Raspberry Lime Italian Soda,Drinks,1,6.50,,6.50
15164,2673,3,Satay with Peanut Sauce (1pc),Starters,1,3.00,,3.00
15165,2674,39,Nasi Goreng,Rice & Noodles,1,18.00,Extra Spicy,18.00
15166,2674,59,Hot Chocolate,Tea,1,5.00,,5.00
15167,2674,15,Padmanadi Vegetable Deluxe,Veggie & Tofu,1,19.00,No Onion,19.00
15168,2674,37,Teriyaki Chicken,Plant-Based Meat,1,19.00,No Onion,19.00
15169,2674,56,Organic Tea,Tea,1,3.50,,3.50
15170,2674,28,Ginger Beef,Plant-Based Meat,1,21.00,,21.00
15171,2674,47,Coconut Rice,Sides,1,3.00,,3.00
15172,2674,63,Iced Pineapple,Drinks,1,7.50,,7.50
15173,2674,26,Chili Tofu,Veggie & Tofu,1,19.00,No Mushrooms,19.00
15174,2674,46,Jasmine Rice,Sides,1,2.75,,2.75
15175,2674,62,Iced Lychee,Drinks,1,7.50,,7.50
15176,2674,2,Vegetable Spring Rolls (6pc),Starters,1,9.00,,9.00
15177,2674,69,Cheesecake,Desserts,1,11.00,,11.00
15178,2674,71,Fried Banana with Coconut Ice Cream,Desserts,1,13.00,,13.00
15179,2675,21,Mapo Tofu,Veggie & Tofu,1,19.00,No Mushrooms,19.00
15180,2675,76,Extra Veggies,Extras,1,4.00,,4.00
15181,2675,53,Vegan Iced Coffee,Coffee,1,5.50,,5.50
15182,2675,44,Lemongrass Vermicelli Bowl,Rice & Noodles,1,20.00,Extra Spicy,20.00
15183,2675,51,Soy Latte,Coffee,1,5.50,,5.50
15184,2675,36,Spicy Shrimp,Plant-Based Meat,1,20.00,,20.00
15185,2675,61,Iced Oat Strawberry Matcha,Tea,1,8.50,,8.50
15186,2675,2,Vegetable Spring Rolls (6pc),Starters,1,9.00,,9.00
15187,2675,71,Fried Banana with Coconut Ice Cream,Desserts,1,13.00,,13.00
15188,2676,43,Singapore Noodle,Rice & Noodles,1,19.00,,19.00
15189,2676,31,Spicy Chicken,Plant-Based Meat,1,19.00,,19.00
15190,2676,51,Soy Latte,Coffee,1,5.50,,5.50
15191,2676,7,Roti Canai,Starters,1,13.00,,13.00
15192,2677,45,Bali Buddha Bowl,Rice & Noodles,1,18.00,,18.00
15193,2678,29,Dendeng,Plant-Based Meat,1,20.00,,20.00
15194,2679,26,Chili Tofu,Veggie & Tofu,1,19.00,,19.00
15195,2679,57,Soy Chai Latte,Tea,1,5.50,,5.50
15196,2680,16,Chili Green Beans,Veggie & Tofu,1,19.00,,19.00
15197,2680,46,Jasmine Rice,Sides,1,2.75,,2.75
15198,2680,67,Raspberry Lime Italian Soda,Drinks,1,6.50,,6.50
15199,2680,37,Teriyaki Chicken,Plant-Based Meat,1,19.00,,19.00
15200,2680,53,Vegan Iced Coffee,Coffee,1,5.50,,5.50
15201,2681,12,Wonton Soup,Soups,1,18.00,Sauce on Side,18.00
15202,2681,52,Soy Mocha,Coffee,1,6.00,,6.00
15203,2681,3,Satay with Peanut Sauce (1pc),Starters,1,3.00,,3.00
15204,2681,69,Cheesecake,Desserts,1,11.00,,11.00
15205,2682,30,Sweet & Sour Chicken,Plant-Based Meat,1,19.00,Allergy: Nuts,19.00
15206,2682,46,Jasmine Rice,Sides,1,2.75,,2.75
15207,2683,26,Chili Tofu,Veggie & Tofu,1,19.00,,19.00
15208,2683,46,Jasmine Rice,Sides,1,2.75,,2.75
15209,2683,64,Sparkling Yuzu,Drinks,1,8.50,,8.50
15210,2683,19,Savory Eggplant,Veggie & Tofu,1,18.00,,18.00
15211,2683,12,Wonton Soup,Soups,1,18.00,,18.00
15212,2683,66,Assorted Soft Drinks,Drinks,1,2.50,,2.50
15213,2683,7,Roti Canai,Starters,1,13.00,,13.00
15214,2684,16,Chili Green Beans,Veggie & Tofu,1,19.00,No Cilantro,19.00
15215,2684,47,Coconut Rice,Sides,1,3.00,,3.00
15216,2684,15,Padmanadi Vegetable Deluxe,Veggie & Tofu,1,19.00,,19.00
15217,2684,10,Bean Curd Drumsticks,Starters,1,13.00,,13.00
15218,2685,36,Spicy Shrimp,Plant-Based Meat,1,20.00,No Peanuts,20.00
15219,2685,48,Brown Rice,Sides,1,3.00,,3.00
15220,2685,67,Raspberry Lime Italian Soda,Drinks,1,6.50,,6.50
15221,2685,71,Fried Banana with Coconut Ice Cream,Desserts,1,13.00,,13.00
15222,2686,28,Ginger Beef,Plant-Based Meat,1,21.00,,21.00
15223,2686,46,Jasmine Rice,Sides,1,2.75,,2.75
15224,2686,62,Iced Lychee,Drinks,1,7.50,,7.50
15225,2686,33,Curry Chicken,Plant-Based Meat,1,22.00,Sauce on Side,22.00
15226,2687,44,Lemongrass Vermicelli Bowl,Rice & Noodles,1,20.00,No Peanuts,20.00
15227,2687,52,Soy Mocha,Coffee,1,6.00,,6.00
15228,2687,43,Singapore Noodle,Rice & Noodles,1,19.00,Gluten Friendly,19.00
15229,2687,76,Extra Veggies,Extras,1,4.00,,4.00
15230,2687,66,Assorted Soft Drinks,Drinks,1,2.50,,2.50
15231,2687,25,Mushroom Tofu,Veggie & Tofu,1,19.00,,19.00
15232,2687,46,Jasmine Rice,Sides,1,2.75,,2.75
15233,2687,60,Matcha Latte,Tea,1,6.50,,6.50
15234,2688,33,Curry Chicken,Plant-Based Meat,1,22.00,Sauce on Side,22.00
15235,2688,48,Brown Rice,Sides,1,3.00,,3.00
15236,2688,28,Ginger Beef,Plant-Based Meat,1,21.00,,21.00
15237,2688,46,Jasmine Rice,Sides,1,2.75,,2.75
15238,2688,57,Soy Chai Latte,Tea,1,5.50,,5.50
15239,2689,37,Teriyaki Chicken,Plant-Based Meat,1,19.00,,19.00
15240,2689,47,Coconut Rice,Sides,1,3.00,,3.00
15241,2689,62,Iced Lychee,Drinks,1,7.50,,7.50
15242,2690,30,Sweet & Sour Chicken,Plant-Based Meat,1,19.00,Extra Spicy,19.00
15243,2690,47,Coconut Rice,Sides,1,3.00,,3.00
15244,2690,64,Sparkling Yuzu,Drinks,1,8.50,,8.50
15245,2690,36,Spicy Shrimp,Plant-Based Meat,1,20.00,,20.00
15246,2690,46,Jasmine Rice,Sides,1,2.75,,2.75
15247,2690,54,Iced Brown Sugar Oat Latte,Coffee,1,6.50,,6.50
15248,2690,28,Ginger Beef,Plant-Based Meat,1,21.00,,21.00
15249,2690,75,Extra Tofu,Extras,1,4.00,,4.00
15250,2690,8,Breaded Cauliflower Bites,Starters,1,13.00,,13.00
15251,2691,37,Teriyaki Chicken,Plant-Based Meat,1,19.00,Allergy: Nuts,19.00
15252,2691,46,Jasmine Rice,Sides,1,2.75,,2.75
15253,2691,75,Extra Tofu,Extras,1,4.00,,4.00
15254,2691,67,Raspberry Lime Italian Soda,Drinks,1,6.50,,6.50
15255,2691,44,Lemongrass Vermicelli Bowl,Rice & Noodles,1,20.00,,20.00
15256,2691,75,Extra Tofu,Extras,1,4.00,,4.00
15257,2692,28,Ginger Beef,Plant-Based Meat,1,21.00,,21.00
15258,2692,46,Jasmine Rice,Sides,1,2.75,,2.75
15259,2692,64,Sparkling Yuzu,Drinks,1,8.50,,8.50
15260,2692,38,Rendang,Plant-Based Meat,1,20.00,,20.00
15261,2692,53,Vegan Iced Coffee,Coffee,1,5.50,,5.50
15262,2692,16,Chili Green Beans,Veggie & Tofu,1,19.00,,19.00
15263,2692,57,Soy Chai Latte,Tea,1,5.50,,5.50
15264,2692,73,Chocolate Mousse,Desserts,1,9.00,,9.00
15265,2692,69,Cheesecake,Desserts,1,11.00,,11.00
15266,2693,42,Kwetiau Goreng,Rice & Noodles,1,19.00,,19.00
15267,2693,32,General Tao Chicken,Plant-Based Meat,1,21.00,,21.00
15268,2693,46,Jasmine Rice,Sides,1,2.75,,2.75
15269,2693,10,Bean Curd Drumsticks,Starters,1,13.00,,13.00
15270,2694,12,Wonton Soup,Soups,1,18.00,,18.00
15271,2694,36,Spicy Shrimp,Plant-Based Meat,1,20.00,,20.00
15272,2694,46,Jasmine Rice,Sides,1,2.75,,2.75
15273,2694,42,Kwetiau Goreng,Rice & Noodles,1,19.00,,19.00
15274,2694,68,Iced Blackberry Hibiscus Tea,Drinks,1,7.00,,7.00
15275,2694,71,Fried Banana with Coconut Ice Cream,Desserts,1,13.00,,13.00
15276,2695,45,Bali Buddha Bowl,Rice & Noodles,1,18.00,Extra Sauce,18.00
15277,2695,76,Extra Veggies,Extras,1,4.00,,4.00
15278,2695,45,Bali Buddha Bowl,Rice & Noodles,1,18.00,Sauce on Side,18.00
15279,2695,32,General Tao Chicken,Plant-Based Meat,1,21.00,Extra Sauce,21.00
15280,2695,48,Brown Rice,Sides,1,3.00,,3.00
15281,2695,70,Panna Cotta,Desserts,1,9.00,,9.00
15282,2696,45,Bali Buddha Bowl,Rice & Noodles,1,18.00,Extra Sauce,18.00
15283,2696,13,Tom Yum Soup,Soups,1,18.00,,18.00
15284,2696,63,Iced Pineapple,Drinks,1,7.50,,7.50
15285,2696,34,Curry Mutton,Plant-Based Meat,1,22.00,Extra Sauce,22.00
15286,2696,46,Jasmine Rice,Sides,1,2.75,,2.75
15287,2696,51,Soy Latte,Coffee,1,5.50,,5.50
15288,2696,40,Bakmi Goreng,Rice & Noodles,1,19.00,No Mushrooms,19.00
15289,2696,76,Extra Veggies,Extras,1,4.00,,4.00
15290,2697,40,Bakmi Goreng,Rice & Noodles,1,19.00,,19.00
15291,2697,56,Organic Tea,Tea,1,3.50,,3.50
15292,2697,45,Bali Buddha Bowl,Rice & Noodles,1,18.00,,18.00
15293,2697,69,Cheesecake,Desserts,1,11.00,,11.00
15294,2698,37,Teriyaki Chicken,Plant-Based Meat,1,19.00,,19.00
15295,2698,56,Organic Tea,Tea,1,3.50,,3.50
15296,2698,14,Spicy Curry Noodle Soup,Soups,1,18.00,Extra Sauce,18.00
15297,2698,79,Add Noodles (Soup),Extras,1,3.00,,3.00
15298,2698,13,Tom Yum Soup,Soups,1,18.00,,18.00
15299,2698,56,Organic Tea,Tea,1,3.50,,3.50
15300,2699,14,Spicy Curry Noodle Soup,Soups,1,18.00,Extra Spicy,18.00
15301,2699,50,Americano,Coffee,1,4.50,,4.50
15302,2699,18,King Oyster Mushroom Gaylan,Veggie & Tofu,1,20.00,,20.00
15303,2699,6,Gado Gado,Starters,1,14.00,,14.00
15304,2700,32,General Tao Chicken,Plant-Based Meat,1,21.00,No Onion,21.00
15305,2700,55,Decaf Coffee,Coffee,1,4.50,,4.50
15306,2700,33,Curry Chicken,Plant-Based Meat,1,22.00,,22.00
15307,2701,24,Tempeh Pulau,Veggie & Tofu,1,20.00,No Mushrooms,20.00
15308,2701,54,Iced Brown Sugar Oat Latte,Coffee,1,6.50,,6.50
15309,2701,42,Kwetiau Goreng,Rice & Noodles,1,19.00,Allergy: Nuts,19.00
15310,2701,39,Nasi Goreng,Rice & Noodles,1,18.00,,18.00
15311,2701,31,Spicy Chicken,Plant-Based Meat,1,19.00,Gluten Friendly,19.00
15312,2701,14,Spicy Curry Noodle Soup,Soups,1,18.00,Extra Spicy,18.00
15313,2701,33,Curry Chicken,Plant-Based Meat,1,22.00,,22.00
15314,2701,6,Gado Gado,Starters,1,14.00,,14.00
15315,2701,2,Vegetable Spring Rolls (6pc),Starters,1,9.00,,9.00
15316,2701,71,Fried Banana with Coconut Ice Cream,Desserts,1,13.00,,13.00
15317,2701,71,Fried Banana with Coconut Ice Cream,Desserts,1,13.00,,13.00
15318,2702,43,Singapore Noodle,Rice & Noodles,1,19.00,No Onion,19.00
15319,2702,23,Curry Vegetables & Tofu,Veggie & Tofu,1,20.00,Gluten Friendly,20.00
15320,2702,46,Jasmine Rice,Sides,1,2.75,,2.75
15321,2702,51,Soy Latte,Coffee,1,5.50,,5.50
15322,2702,14,Spicy Curry Noodle Soup,Soups,1,18.00,No Peanuts,18.00
15323,2702,64,Sparkling Yuzu,Drinks,1,8.50,,8.50
15324,2702,21,Mapo Tofu,Veggie & Tofu,1,19.00,Extra Spicy,19.00
15325,2703,36,Spicy Shrimp,Plant-Based Meat,1,20.00,No Cilantro,20.00
15326,2704,15,Padmanadi Vegetable Deluxe,Veggie & Tofu,1,19.00,Less Spicy,19.00
15327,2704,23,Curry Vegetables & Tofu,Veggie & Tofu,1,20.00,,20.00
15328,2704,51,Soy Latte,Coffee,1,5.50,,5.50
15329,2705,28,Ginger Beef,Plant-Based Meat,1,21.00,Less Spicy,21.00
15330,2705,64,Sparkling Yuzu,Drinks,1,8.50,,8.50
15331,2705,13,Tom Yum Soup,Soups,1,18.00,,18.00
15332,2705,79,Add Noodles (Soup),Extras,1,3.00,,3.00
15333,2705,8,Breaded Cauliflower Bites,Starters,1,13.00,,13.00
15334,2706,33,Curry Chicken,Plant-Based Meat,1,22.00,,22.00
15335,2706,71,Fried Banana with Coconut Ice Cream,Desserts,1,13.00,,13.00
15336,2707,15,Padmanadi Vegetable Deluxe,Veggie & Tofu,1,19.00,Allergy: Nuts,19.00
15337,2707,33,Curry Chicken,Plant-Based Meat,1,22.00,,22.00
15338,2708,27,Kung Pao Chicken,Plant-Based Meat,1,20.00,,20.00
15339,2708,15,Padmanadi Vegetable Deluxe,Veggie & Tofu,1,19.00,,19.00
15340,2708,48,Brown Rice,Sides,1,3.00,,3.00
15341,2708,56,Organic Tea,Tea,1,3.50,,3.50
15342,2708,37,Teriyaki Chicken,Plant-Based Meat,1,19.00,,19.00
15343,2708,57,Soy Chai Latte,Tea,1,5.50,,5.50
15344,2708,5,Deep Fried Tofu,Starters,1,13.00,,13.00
15345,2709,35,Sweet & Sour Shrimp,Plant-Based Meat,1,20.00,,20.00
15346,2709,66,Assorted Soft Drinks,Drinks,1,2.50,,2.50
15347,2709,34,Curry Mutton,Plant-Based Meat,1,22.00,,22.00
15348,2709,46,Jasmine Rice,Sides,1,2.75,,2.75
15349,2709,70,Panna Cotta,Desserts,1,9.00,,9.00
15350,2710,23,Curry Vegetables & Tofu,Veggie & Tofu,1,20.00,,20.00
15351,2710,54,Iced Brown Sugar Oat Latte,Coffee,1,6.50,,6.50
15352,2710,31,Spicy Chicken,Plant-Based Meat,1,19.00,,19.00
15353,2710,74,Extra Protein,Extras,1,5.00,,5.00
15354,2710,64,Sparkling Yuzu,Drinks,1,8.50,,8.50
15355,2710,27,Kung Pao Chicken,Plant-Based Meat,1,20.00,,20.00
15356,2710,47,Coconut Rice,Sides,1,3.00,,3.00
15357,2710,28,Ginger Beef,Plant-Based Meat,1,21.00,No Cilantro,21.00
15358,2710,47,Coconut Rice,Sides,1,3.00,,3.00
15359,2710,63,Iced Pineapple,Drinks,1,7.50,,7.50
15360,2710,7,Roti Canai,Starters,1,13.00,,13.00
15361,2710,71,Fried Banana with Coconut Ice Cream,Desserts,1,13.00,,13.00
15362,2711,17,Spicy String Beans,Veggie & Tofu,1,19.00,,19.00
15363,2711,46,Jasmine Rice,Sides,1,2.75,,2.75
15364,2711,53,Vegan Iced Coffee,Coffee,1,5.50,,5.50
15365,2711,28,Ginger Beef,Plant-Based Meat,1,21.00,,21.00
15366,2711,57,Soy Chai Latte,Tea,1,5.50,,5.50
15367,2711,39,Nasi Goreng,Rice & Noodles,1,18.00,,18.00
15368,2711,50,Americano,Coffee,1,4.50,,4.50
15369,2712,12,Wonton Soup,Soups,1,18.00,,18.00
15370,2712,66,Assorted Soft Drinks,Drinks,1,2.50,,2.50
15371,2712,34,Curry Mutton,Plant-Based Meat,1,22.00,Less Spicy,22.00
15372,2712,47,Coconut Rice,Sides,1,3.00,,3.00
15373,2713,42,Kwetiau Goreng,Rice & Noodles,1,19.00,Allergy: Nuts,19.00
15374,2713,57,Soy Chai Latte,Tea,1,5.50,,5.50
15375,2713,30,Sweet & Sour Chicken,Plant-Based Meat,1,19.00,,19.00
15376,2713,28,Ginger Beef,Plant-Based Meat,1,21.00,,21.00
15377,2713,48,Brown Rice,Sides,1,3.00,,3.00
15378,2713,6,Gado Gado,Starters,1,14.00,,14.00
15379,2714,16,Chili Green Beans,Veggie & Tofu,1,19.00,,19.00
15380,2714,46,Jasmine Rice,Sides,1,2.75,,2.75
15381,2714,71,Fried Banana with Coconut Ice Cream,Desserts,1,13.00,,13.00
15382,2715,18,King Oyster Mushroom Gaylan,Veggie & Tofu,1,20.00,Allergy: Nuts,20.00
15383,2715,46,Jasmine Rice,Sides,1,2.75,,2.75
15384,2715,50,Americano,Coffee,1,4.50,,4.50
15385,2715,32,General Tao Chicken,Plant-Based Meat,1,21.00,,21.00
15386,2715,67,Raspberry Lime Italian Soda,Drinks,1,6.50,,6.50
15387,2715,16,Chili Green Beans,Veggie & Tofu,1,19.00,,19.00
15388,2715,47,Coconut Rice,Sides,1,3.00,,3.00
15389,2715,36,Spicy Shrimp,Plant-Based Meat,1,20.00,,20.00
15390,2715,56,Organic Tea,Tea,1,3.50,,3.50
15391,2715,32,General Tao Chicken,Plant-Based Meat,1,21.00,Extra Sauce,21.00
15392,2715,59,Hot Chocolate,Tea,1,5.00,,5.00
15393,2715,38,Rendang,Plant-Based Meat,1,20.00,,20.00
15394,2715,47,Coconut Rice,Sides,1,3.00,,3.00
15395,2715,50,Americano,Coffee,1,4.50,,4.50
15396,2715,8,Breaded Cauliflower Bites,Starters,1,13.00,,13.00
15397,2716,18,King Oyster Mushroom Gaylan,Veggie & Tofu,1,20.00,Gluten Friendly,20.00
15398,2716,51,Soy Latte,Coffee,1,5.50,,5.50
15399,2716,30,Sweet & Sour Chicken,Plant-Based Meat,1,19.00,,19.00
15400,2716,64,Sparkling Yuzu,Drinks,1,8.50,,8.50
15401,2716,33,Curry Chicken,Plant-Based Meat,1,22.00,,22.00
15402,2716,69,Cheesecake,Desserts,1,11.00,,11.00
15403,2717,12,Wonton Soup,Soups,1,18.00,Less Spicy,18.00
15404,2717,34,Curry Mutton,Plant-Based Meat,1,22.00,No Cilantro,22.00
15405,2717,57,Soy Chai Latte,Tea,1,5.50,,5.50
15406,2717,30,Sweet & Sour Chicken,Plant-Based Meat,1,19.00,,19.00
15407,2717,9,Crispy Chicken Strips,Starters,1,13.00,,13.00
15408,2718,36,Spicy Shrimp,Plant-Based Meat,1,20.00,Extra Sauce,20.00
15409,2718,19,Savory Eggplant,Veggie & Tofu,1,18.00,Sauce on Side,18.00
15410,2718,48,Brown Rice,Sides,1,3.00,,3.00
15411,2718,38,Rendang,Plant-Based Meat,1,20.00,,20.00
15412,2718,46,Jasmine Rice,Sides,1,2.75,,2.75
15413,2718,76,Extra Veggies,Extras,1,4.00,,4.00
15414,2718,53,Vegan Iced Coffee,Coffee,1,5.50,,5.50
15415,2718,72,Vegan Ice Cream,Desserts,1,7.00,,7.00
15416,2719,18,King Oyster Mushroom Gaylan,Veggie & Tofu,1,20.00,,20.00
15417,2719,47,Coconut Rice,Sides,1,3.00,,3.00
15418,2719,4,Satay with Peanut Sauce (3pc),Starters,1,10.00,,10.00
15419,2720,17,Spicy String Beans,Veggie & Tofu,1,19.00,,19.00
15420,2720,47,Coconut Rice,Sides,1,3.00,,3.00
15421,2720,76,Extra Veggies,Extras,1,4.00,,4.00
15422,2720,40,Bakmi Goreng,Rice & Noodles,1,19.00,Less Spicy,19.00
15423,2720,32,General Tao Chicken,Plant-Based Meat,1,21.00,Extra Sauce,21.00
15424,2720,47,Coconut Rice,Sides,1,3.00,,3.00
15425,2720,64,Sparkling Yuzu,Drinks,1,8.50,,8.50
15426,2720,25,Mushroom Tofu,Veggie & Tofu,1,19.00,No Peanuts,19.00
15427,2720,46,Jasmine Rice,Sides,1,2.75,,2.75
15428,2720,67,Raspberry Lime Italian Soda,Drinks,1,6.50,,6.50
15429,2721,33,Curry Chicken,Plant-Based Meat,1,22.00,,22.00
15430,2721,46,Jasmine Rice,Sides,1,2.75,,2.75
15431,2721,65,Iced Passion Fruit Green Tea,Drinks,1,7.00,,7.00
15432,2721,39,Nasi Goreng,Rice & Noodles,1,18.00,,18.00
15433,2721,52,Soy Mocha,Coffee,1,6.00,,6.00
15434,2722,29,Dendeng,Plant-Based Meat,1,20.00,,20.00
15435,2722,44,Lemongrass Vermicelli Bowl,Rice & Noodles,1,20.00,No Peanuts,20.00
15436,2722,13,Tom Yum Soup,Soups,1,18.00,Sauce on Side,18.00
15437,2722,79,Add Noodles (Soup),Extras,1,3.00,,3.00
15438,2722,60,Matcha Latte,Tea,1,6.50,,6.50
15439,2722,9,Crispy Chicken Strips,Starters,1,13.00,,13.00
15440,2723,39,Nasi Goreng,Rice & Noodles,1,18.00,Gluten Friendly,18.00
15441,2723,62,Iced Lychee,Drinks,1,7.50,,7.50
15442,2723,13,Tom Yum Soup,Soups,1,18.00,,18.00
15443,2723,60,Matcha Latte,Tea,1,6.50,,6.50
15444,2723,30,Sweet & Sour Chicken,Plant-Based Meat,1,19.00,No Peanuts,19.00
15445,2723,47,Coconut Rice,Sides,1,3.00,,3.00
15446,2723,73,Chocolate Mousse,Desserts,1,9.00,,9.00
15447,2723,70,Panna Cotta,Desserts,1,9.00,,9.00
15448,2724,15,Padmanadi Vegetable Deluxe,Veggie & Tofu,1,19.00,,19.00
15449,2724,53,Vegan Iced Coffee,Coffee,1,5.50,,5.50
15450,2724,2,Vegetable Spring Rolls (6pc),Starters,1,9.00,,9.00
15451,2725,28,Ginger Beef,Plant-Based Meat,1,21.00,,21.00
15452,2725,66,Assorted Soft Drinks,Drinks,1,2.50,,2.50
15453,2725,33,Curry Chicken,Plant-Based Meat,1,22.00,No Onion,22.00
15454,2725,1,Vegetable Spring Rolls (3pc),Starters,1,6.00,,6.00
15455,2726,43,Singapore Noodle,Rice & Noodles,1,19.00,Extra Spicy,19.00
15456,2726,32,General Tao Chicken,Plant-Based Meat,1,21.00,,21.00
15457,2726,48,Brown Rice,Sides,1,3.00,,3.00
15458,2726,59,Hot Chocolate,Tea,1,5.00,,5.00
15459,2726,32,General Tao Chicken,Plant-Based Meat,1,21.00,Sauce on Side,21.00
15460,2726,74,Extra Protein,Extras,1,5.00,,5.00
15461,2726,13,Tom Yum Soup,Soups,1,18.00,Extra Sauce,18.00
15462,2726,58,London Fog,Tea,1,5.50,,5.50
15463,2727,23,Curry Vegetables & Tofu,Veggie & Tofu,1,20.00,,20.00
15464,2727,46,Jasmine Rice,Sides,1,2.75,,2.75
15465,2727,76,Extra Veggies,Extras,1,4.00,,4.00
15466,2727,63,Iced Pineapple,Drinks,1,7.50,,7.50
15467,2728,27,Kung Pao Chicken,Plant-Based Meat,1,20.00,Extra Sauce,20.00
15468,2728,47,Coconut Rice,Sides,1,3.00,,3.00
15469,2728,43,Singapore Noodle,Rice & Noodles,1,19.00,,19.00
15470,2728,68,Iced Blackberry Hibiscus Tea,Drinks,1,7.00,,7.00
15471,2728,71,Fried Banana with Coconut Ice Cream,Desserts,1,13.00,,13.00
15472,2728,71,Fried Banana with Coconut Ice Cream,Desserts,1,13.00,,13.00
15473,2729,15,Padmanadi Vegetable Deluxe,Veggie & Tofu,1,19.00,Sauce on Side,19.00
15474,2729,59,Hot Chocolate,Tea,1,5.00,,5.00
15475,2730,15,Padmanadi Vegetable Deluxe,Veggie & Tofu,1,19.00,Gluten Friendly,19.00
15476,2730,25,Mushroom Tofu,Veggie & Tofu,1,19.00,,19.00
15477,2730,46,Jasmine Rice,Sides,1,2.75,,2.75
15478,2730,66,Assorted Soft Drinks,Drinks,1,2.50,,2.50
15479,2731,23,Curry Vegetables & Tofu,Veggie & Tofu,1,20.00,Less Spicy,20.00
15480,2731,33,Curry Chicken,Plant-Based Meat,1,22.00,Gluten Friendly,22.00
15481,2731,48,Brown Rice,Sides,1,3.00,,3.00
15482,2732,19,Savory Eggplant,Veggie & Tofu,1,18.00,No Mushrooms,18.00
15483,2732,46,Jasmine Rice,Sides,1,2.75,,2.75
15484,2732,28,Ginger Beef,Plant-Based Meat,1,21.00,,21.00
15485,2732,20,Spicy Coconut Eggplant,Veggie & Tofu,1,18.00,No Mushrooms,18.00
15486,2732,48,Brown Rice,Sides,1,3.00,,3.00
15487,2732,69,Cheesecake,Desserts,1,11.00,,11.00
15488,2732,70,Panna Cotta,Desserts,1,9.00,,9.00
15489,2733,28,Ginger Beef,Plant-Based Meat,1,21.00,,21.00
15490,2733,67,Raspberry Lime Italian Soda,Drinks,1,6.50,,6.50
15491,2733,43,Singapore Noodle,Rice & Noodles,1,19.00,Extra Spicy,19.00
15492,2733,32,General Tao Chicken,Plant-Based Meat,1,21.00,Gluten Friendly,21.00
15493,2733,46,Jasmine Rice,Sides,1,2.75,,2.75
15494,2733,66,Assorted Soft Drinks,Drinks,1,2.50,,2.50
15495,2733,30,Sweet & Sour Chicken,Plant-Based Meat,1,19.00,,19.00
15496,2733,47,Coconut Rice,Sides,1,3.00,,3.00
15497,2733,42,Kwetiau Goreng,Rice & Noodles,1,19.00,Extra Sauce,19.00
15498,2733,6,Gado Gado,Starters,1,14.00,,14.00
15499,2734,35,Sweet & Sour Shrimp,Plant-Based Meat,1,20.00,Gluten Friendly,20.00
15500,2734,50,Americano,Coffee,1,4.50,,4.50
15501,2734,32,General Tao Chicken,Plant-Based Meat,1,21.00,,21.00
15502,2734,53,Vegan Iced Coffee,Coffee,1,5.50,,5.50
15503,2734,34,Curry Mutton,Plant-Based Meat,1,22.00,Extra Sauce,22.00
15504,2734,47,Coconut Rice,Sides,1,3.00,,3.00
15505,2734,66,Assorted Soft Drinks,Drinks,1,2.50,,2.50
15506,2734,26,Chili Tofu,Veggie & Tofu,1,19.00,Sauce on Side,19.00
15507,2734,46,Jasmine Rice,Sides,1,2.75,,2.75
15508,2734,34,Curry Mutton,Plant-Based Meat,1,22.00,,22.00
15509,2734,7,Roti Canai,Starters,1,13.00,,13.00
15510,2734,72,Vegan Ice Cream,Desserts,1,7.00,,7.00
15511,2734,69,Cheesecake,Desserts,1,11.00,,11.00
15512,2735,28,Ginger Beef,Plant-Based Meat,1,21.00,Allergy: Nuts,21.00
15513,2735,53,Vegan Iced Coffee,Coffee,1,5.50,,5.50
15514,2736,38,Rendang,Plant-Based Meat,1,20.00,,20.00
15515,2736,46,Jasmine Rice,Sides,1,2.75,,2.75
15516,2736,50,Americano,Coffee,1,4.50,,4.50
15517,2736,21,Mapo Tofu,Veggie & Tofu,1,19.00,Allergy: Nuts,19.00
15518,2736,31,Spicy Chicken,Plant-Based Meat,1,19.00,Gluten Friendly,19.00
15519,2736,60,Matcha Latte,Tea,1,6.50,,6.50
15520,2736,24,Tempeh Pulau,Veggie & Tofu,1,20.00,,20.00
15521,2736,58,London Fog,Tea,1,5.50,,5.50
15522,2737,27,Kung Pao Chicken,Plant-Based Meat,1,20.00,,20.00
15523,2737,47,Coconut Rice,Sides,1,3.00,,3.00
15524,2737,61,Iced Oat Strawberry Matcha,Tea,1,8.50,,8.50
15525,2738,21,Mapo Tofu,Veggie & Tofu,1,19.00,,19.00
15526,2738,62,Iced Lychee,Drinks,1,7.50,,7.50
15527,2739,33,Curry Chicken,Plant-Based Meat,1,22.00,,22.00
15528,2739,64,Sparkling Yuzu,Drinks,1,8.50,,8.50
15529,2740,27,Kung Pao Chicken,Plant-Based Meat,1,20.00,Less Spicy,20.00
15530,2740,47,Coconut Rice,Sides,1,3.00,,3.00
15531,2740,42,Kwetiau Goreng,Rice & Noodles,1,19.00,No Onion,19.00
15532,2740,74,Extra Protein,Extras,1,5.00,,5.00
15533,2740,66,Assorted Soft Drinks,Drinks,1,2.50,,2.50
15534,2741,27,Kung Pao Chicken,Plant-Based Meat,1,20.00,No Mushrooms,20.00
15535,2741,46,Jasmine Rice,Sides,1,2.75,,2.75
15536,2741,64,Sparkling Yuzu,Drinks,1,8.50,,8.50
15537,2741,21,Mapo Tofu,Veggie & Tofu,1,19.00,,19.00
15538,2741,74,Extra Protein,Extras,1,5.00,,5.00
15539,2742,12,Wonton Soup,Soups,1,18.00,Sauce on Side,18.00
15540,2742,51,Soy Latte,Coffee,1,5.50,,5.50
15541,2742,29,Dendeng,Plant-Based Meat,1,20.00,,20.00
15542,2743,36,Spicy Shrimp,Plant-Based Meat,1,20.00,,20.00
15543,2743,56,Organic Tea,Tea,1,3.50,,3.50
15544,2743,32,General Tao Chicken,Plant-Based Meat,1,21.00,,21.00
15545,2743,46,Jasmine Rice,Sides,1,2.75,,2.75
15546,2743,34,Curry Mutton,Plant-Based Meat,1,22.00,Extra Sauce,22.00
15547,2743,46,Jasmine Rice,Sides,1,2.75,,2.75
15548,2743,59,Hot Chocolate,Tea,1,5.00,,5.00
15549,2743,23,Curry Vegetables & Tofu,Veggie & Tofu,1,20.00,No Peanuts,20.00
15550,2743,66,Assorted Soft Drinks,Drinks,1,2.50,,2.50
15551,2743,31,Spicy Chicken,Plant-Based Meat,1,19.00,No Peanuts,19.00
15552,2743,59,Hot Chocolate,Tea,1,5.00,,5.00
15553,2744,14,Spicy Curry Noodle Soup,Soups,1,18.00,,18.00
15554,2745,17,Spicy String Beans,Veggie & Tofu,1,19.00,Allergy: Nuts,19.00
15555,2745,46,Jasmine Rice,Sides,1,2.75,,2.75
15556,2745,8,Breaded Cauliflower Bites,Starters,1,13.00,,13.00
15557,2746,23,Curry Vegetables & Tofu,Veggie & Tofu,1,20.00,No Cilantro,20.00
15558,2746,33,Curry Chicken,Plant-Based Meat,1,22.00,No Mushrooms,22.00
15559,2746,46,Jasmine Rice,Sides,1,2.75,,2.75
15560,2746,53,Vegan Iced Coffee,Coffee,1,5.50,,5.50
15561,2746,28,Ginger Beef,Plant-Based Meat,1,21.00,No Peanuts,21.00
15562,2746,24,Tempeh Pulau,Veggie & Tofu,1,20.00,Gluten Friendly,20.00
15563,2746,48,Brown Rice,Sides,1,3.00,,3.00
15564,2746,27,Kung Pao Chicken,Plant-Based Meat,1,20.00,Extra Sauce,20.00
15565,2746,9,Crispy Chicken Strips,Starters,1,13.00,,13.00
15566,2746,1,Vegetable Spring Rolls (3pc),Starters,1,6.00,,6.00
15567,2747,28,Ginger Beef,Plant-Based Meat,1,21.00,,21.00
15568,2747,47,Coconut Rice,Sides,1,3.00,,3.00
15569,2747,59,Hot Chocolate,Tea,1,5.00,,5.00
15570,2747,33,Curry Chicken,Plant-Based Meat,1,22.00,,22.00
15571,2747,47,Coconut Rice,Sides,1,3.00,,3.00
15572,2747,45,Bali Buddha Bowl,Rice & Noodles,1,18.00,Gluten Friendly,18.00
15573,2747,75,Extra Tofu,Extras,1,4.00,,4.00
15574,2747,18,King Oyster Mushroom Gaylan,Veggie & Tofu,1,20.00,,20.00
15575,2747,47,Coconut Rice,Sides,1,3.00,,3.00
15576,2747,50,Americano,Coffee,1,4.50,,4.50
15577,2747,5,Deep Fried Tofu,Starters,1,13.00,,13.00
15578,2747,9,Crispy Chicken Strips,Starters,1,13.00,,13.00
15579,2748,31,Spicy Chicken,Plant-Based Meat,1,19.00,,19.00
15580,2748,47,Coconut Rice,Sides,1,3.00,,3.00
15581,2748,52,Soy Mocha,Coffee,1,6.00,,6.00
15582,2748,34,Curry Mutton,Plant-Based Meat,1,22.00,,22.00
15583,2748,47,Coconut Rice,Sides,1,3.00,,3.00
15584,2748,62,Iced Lychee,Drinks,1,7.50,,7.50
15585,2749,34,Curry Mutton,Plant-Based Meat,1,22.00,,22.00
15586,2749,62,Iced Lychee,Drinks,1,7.50,,7.50
15587,2749,32,General Tao Chicken,Plant-Based Meat,1,21.00,Extra Spicy,21.00
15588,2749,46,Jasmine Rice,Sides,1,2.75,,2.75
15589,2749,56,Organic Tea,Tea,1,3.50,,3.50
15590,2749,14,Spicy Curry Noodle Soup,Soups,1,18.00,,18.00
15591,2749,60,Matcha Latte,Tea,1,6.50,,6.50
15592,2749,45,Bali Buddha Bowl,Rice & Noodles,1,18.00,No Mushrooms,18.00
15593,2749,66,Assorted Soft Drinks,Drinks,1,2.50,,2.50
15594,2749,5,Deep Fried Tofu,Starters,1,13.00,,13.00
15595,2750,22,Pan-Fried Broccoli & Cauliflower,Veggie & Tofu,1,18.00,,18.00
15596,2750,56,Organic Tea,Tea,1,3.50,,3.50
15597,2751,26,Chili Tofu,Veggie & Tofu,1,19.00,Less Spicy,19.00
15598,2751,46,Jasmine Rice,Sides,1,2.75,,2.75
15599,2751,54,Iced Brown Sugar Oat Latte,Coffee,1,6.50,,6.50
15600,2751,29,Dendeng,Plant-Based Meat,1,20.00,No Onion,20.00
15601,2751,48,Brown Rice,Sides,1,3.00,,3.00
15602,2751,66,Assorted Soft Drinks,Drinks,1,2.50,,2.50
15603,2751,10,Bean Curd Drumsticks,Starters,1,13.00,,13.00
15604,2752,32,General Tao Chicken,Plant-Based Meat,1,21.00,,21.00
15605,2752,46,Jasmine Rice,Sides,1,2.75,,2.75
15606,2752,59,Hot Chocolate,Tea,1,5.00,,5.00
15607,2752,49,Lunch Special,Lunch Special,1,18.00,Entree: Ginger Beef,18.00
15608,2752,57,Soy Chai Latte,Tea,1,5.50,,5.50
15609,2752,49,Lunch Special,Lunch Special,1,18.00,Entree: Sweet & Sour Chicken,18.00
15610,2752,49,Lunch Special,Lunch Special,1,18.00,Entree: Padmanadi Veg Deluxe,18.00
15611,2752,77,Sub Coconut Rice (+1),Extras,1,1.00,,1.00
15612,2752,6,Gado Gado,Starters,1,14.00,,14.00
15613,2752,72,Vegan Ice Cream,Desserts,1,7.00,,7.00
15614,2752,70,Panna Cotta,Desserts,1,9.00,,9.00
15615,2753,33,Curry Chicken,Plant-Based Meat,1,22.00,,22.00
15616,2753,24,Tempeh Pulau,Veggie & Tofu,1,20.00,,20.00
15617,2753,47,Coconut Rice,Sides,1,3.00,,3.00
15618,2753,56,Organic Tea,Tea,1,3.50,,3.50
15619,2753,49,Lunch Special,Lunch Special,1,18.00,Entree: Padmanadi Veg Deluxe,18.00
15620,2753,54,Iced Brown Sugar Oat Latte,Coffee,1,6.50,,6.50
15621,2754,49,Lunch Special,Lunch Special,1,18.00,Entree: Curried Tofu w/ Vegetables,18.00
15622,2754,78,Sub Brown Rice (+1),Extras,1,1.00,,1.00
15623,2754,57,Soy Chai Latte,Tea,1,5.50,,5.50
15624,2754,44,Lemongrass Vermicelli Bowl,Rice & Noodles,1,20.00,,20.00
15625,2754,55,Decaf Coffee,Coffee,1,4.50,,4.50
15626,2754,33,Curry Chicken,Plant-Based Meat,1,22.00,,22.00
15627,2754,46,Jasmine Rice,Sides,1,2.75,,2.75
15628,2754,69,Cheesecake,Desserts,1,11.00,,11.00
15629,2755,16,Chili Green Beans,Veggie & Tofu,1,19.00,Gluten Friendly,19.00
15630,2755,46,Jasmine Rice,Sides,1,2.75,,2.75
15631,2755,60,Matcha Latte,Tea,1,6.50,,6.50
15632,2756,30,Sweet & Sour Chicken,Plant-Based Meat,1,19.00,,19.00
15633,2756,47,Coconut Rice,Sides,1,3.00,,3.00
15634,2756,56,Organic Tea,Tea,1,3.50,,3.50
15635,2756,49,Lunch Special,Lunch Special,1,18.00,Entree: Ginger Beef,18.00
15636,2756,18,King Oyster Mushroom Gaylan,Veggie & Tofu,1,20.00,,20.00
15637,2756,46,Jasmine Rice,Sides,1,2.75,,2.75
15638,2756,51,Soy Latte,Coffee,1,5.50,,5.50
15639,2756,35,Sweet & Sour Shrimp,Plant-Based Meat,1,20.00,,20.00
15640,2756,47,Coconut Rice,Sides,1,3.00,,3.00
15641,2756,1,Vegetable Spring Rolls (3pc),Starters,1,6.00,,6.00
15642,2757,29,Dendeng,Plant-Based Meat,1,20.00,Allergy: Nuts,20.00
15643,2757,46,Jasmine Rice,Sides,1,2.75,,2.75
15644,2757,14,Spicy Curry Noodle Soup,Soups,1,18.00,,18.00
15645,2757,51,Soy Latte,Coffee,1,5.50,,5.50
15646,2757,49,Lunch Special,Lunch Special,1,18.00,Entree: Chili Green Beans,18.00
15647,2757,63,Iced Pineapple,Drinks,1,7.50,,7.50
15648,2757,32,General Tao Chicken,Plant-Based Meat,1,21.00,No Mushrooms,21.00
15649,2757,46,Jasmine Rice,Sides,1,2.75,,2.75
15650,2757,54,Iced Brown Sugar Oat Latte,Coffee,1,6.50,,6.50
15651,2757,1,Vegetable Spring Rolls (3pc),Starters,1,6.00,,6.00
15652,2758,49,Lunch Special,Lunch Special,1,18.00,Entree: Rendang,18.00
15653,2758,66,Assorted Soft Drinks,Drinks,1,2.50,,2.50
15654,2758,34,Curry Mutton,Plant-Based Meat,1,22.00,,22.00
15655,2758,55,Decaf Coffee,Coffee,1,4.50,,4.50
15656,2758,22,Pan-Fried Broccoli & Cauliflower,Veggie & Tofu,1,18.00,,18.00
15657,2758,46,Jasmine Rice,Sides,1,2.75,,2.75
15658,2758,66,Assorted Soft Drinks,Drinks,1,2.50,,2.50
15659,2758,11,Fried Enoki Mushroom,Starters,1,16.00,,16.00
15660,2759,49,Lunch Special,Lunch Special,1,18.00,Entree: Sweet & Sour Nuggets,18.00
15661,2760,30,Sweet & Sour Chicken,Plant-Based Meat,1,19.00,,19.00
15662,2760,30,Sweet & Sour Chicken,Plant-Based Meat,1,19.00,,19.00
15663,2760,66,Assorted Soft Drinks,Drinks,1,2.50,,2.50
15664,2761,28,Ginger Beef,Plant-Based Meat,1,21.00,No Peanuts,21.00
15665,2761,48,Brown Rice,Sides,1,3.00,,3.00
15666,2761,76,Extra Veggies,Extras,1,4.00,,4.00
15667,2761,62,Iced Lychee,Drinks,1,7.50,,7.50
15668,2761,34,Curry Mutton,Plant-Based Meat,1,22.00,,22.00
15669,2761,16,Chili Green Beans,Veggie & Tofu,1,19.00,,19.00
15670,2761,46,Jasmine Rice,Sides,1,2.75,,2.75
15671,2762,14,Spicy Curry Noodle Soup,Soups,1,18.00,,18.00
15672,2762,79,Add Noodles (Soup),Extras,1,3.00,,3.00
15673,2762,44,Lemongrass Vermicelli Bowl,Rice & Noodles,1,20.00,,20.00
15674,2762,33,Curry Chicken,Plant-Based Meat,1,22.00,Gluten Friendly,22.00
15675,2762,66,Assorted Soft Drinks,Drinks,1,2.50,,2.50
15676,2762,49,Lunch Special,Lunch Special,1,18.00,Entree: Chili Green Beans,18.00
15677,2762,78,Sub Brown Rice (+1),Extras,1,1.00,,1.00
15678,2762,60,Matcha Latte,Tea,1,6.50,,6.50
15679,2762,49,Lunch Special,Lunch Special,1,18.00,Entree: Kung Pao Chicken,18.00
15680,2762,63,Iced Pineapple,Drinks,1,7.50,,7.50
15681,2762,7,Roti Canai,Starters,1,13.00,,13.00
15682,2763,28,Ginger Beef,Plant-Based Meat,1,21.00,No Onion,21.00
15683,2763,46,Jasmine Rice,Sides,1,2.75,,2.75
15684,2763,19,Savory Eggplant,Veggie & Tofu,1,18.00,No Mushrooms,18.00
15685,2763,46,Jasmine Rice,Sides,1,2.75,,2.75
15686,2764,24,Tempeh Pulau,Veggie & Tofu,1,20.00,No Onion,20.00
15687,2764,48,Brown Rice,Sides,1,3.00,,3.00
15688,2764,20,Spicy Coconut Eggplant,Veggie & Tofu,1,18.00,,18.00
15689,2764,4,Satay with Peanut Sauce (3pc),Starters,1,10.00,,10.00
15690,2765,44,Lemongrass Vermicelli Bowl,Rice & Noodles,1,20.00,,20.00
15691,2765,65,Iced Passion Fruit Green Tea,Drinks,1,7.00,,7.00
15692,2765,49,Lunch Special,Lunch Special,1,18.00,Entree: Sweet & Sour Chicken,18.00
15693,2765,49,Lunch Special,Lunch Special,1,18.00,Entree: Kung Pao Chicken,18.00
15694,2765,61,Iced Oat Strawberry Matcha,Tea,1,8.50,,8.50
15695,2765,49,Lunch Special,Lunch Special,1,18.00,Entree: Chili Tofu,18.00
15696,2765,78,Sub Brown Rice (+1),Extras,1,1.00,,1.00
15697,2766,49,Lunch Special,Lunch Special,1,18.00,Entree: Savory Eggplant,18.00
15698,2766,77,Sub Coconut Rice (+1),Extras,1,1.00,,1.00
15699,2766,49,Lunch Special,Lunch Special,1,18.00,Entree: Kung Pao Chicken,18.00
15700,2766,45,Bali Buddha Bowl,Rice & Noodles,1,18.00,,18.00
15701,2766,51,Soy Latte,Coffee,1,5.50,,5.50
15702,2766,8,Breaded Cauliflower Bites,Starters,1,13.00,,13.00
15703,2767,28,Ginger Beef,Plant-Based Meat,1,21.00,,21.00
15704,2767,46,Jasmine Rice,Sides,1,2.75,,2.75
15705,2767,57,Soy Chai Latte,Tea,1,5.50,,5.50
15706,2767,49,Lunch Special,Lunch Special,1,18.00,Entree: Spicy Nuggets,18.00
15707,2767,56,Organic Tea,Tea,1,3.50,,3.50
15708,2767,49,Lunch Special,Lunch Special,1,18.00,Entree: Curried Tofu w/ Vegetables,18.00
15709,2767,62,Iced Lychee,Drinks,1,7.50,,7.50
15710,2767,41,Bihun Goreng,Rice & Noodles,1,18.00,No Mushrooms,18.00
15711,2767,7,Roti Canai,Starters,1,13.00,,13.00
15712,2767,11,Fried Enoki Mushroom,Starters,1,16.00,,16.00
15713,2768,23,Curry Vegetables & Tofu,Veggie & Tofu,1,20.00,,20.00
15714,2768,47,Coconut Rice,Sides,1,3.00,,3.00
15715,2768,63,Iced Pineapple,Drinks,1,7.50,,7.50
15716,2768,69,Cheesecake,Desserts,1,11.00,,11.00
15717,2769,49,Lunch Special,Lunch Special,1,18.00,Entree: Ginger Beef,18.00
15718,2769,49,Lunch Special,Lunch Special,1,18.00,Entree: Teriyaki Chicken,18.00
15719,2769,67,Raspberry Lime Italian Soda,Drinks,1,6.50,,6.50
15720,2769,49,Lunch Special,Lunch Special,1,18.00,Entree: Rendang,18.00
15721,2769,66,Assorted Soft Drinks,Drinks,1,2.50,,2.50
15722,2769,35,Sweet & Sour Shrimp,Plant-Based Meat,1,20.00,No Onion,20.00
15723,2769,50,Americano,Coffee,1,4.50,,4.50
15724,2769,49,Lunch Special,Lunch Special,1,18.00,Entree: Kung Pao Chicken,18.00
15725,2769,2,Vegetable Spring Rolls (6pc),Starters,1,9.00,,9.00
15726,2769,69,Cheesecake,Desserts,1,11.00,,11.00
15727,2769,69,Cheesecake,Desserts,1,11.00,,11.00
15728,2770,30,Sweet & Sour Chicken,Plant-Based Meat,1,19.00,,19.00
15729,2770,71,Fried Banana with Coconut Ice Cream,Desserts,1,13.00,,13.00
15730,2771,14,Spicy Curry Noodle Soup,Soups,1,18.00,No Mushrooms,18.00
15731,2771,79,Add Noodles (Soup),Extras,1,3.00,,3.00
15732,2771,53,Vegan Iced Coffee,Coffee,1,5.50,,5.50
15733,2771,49,Lunch Special,Lunch Special,1,18.00,Entree: Chili Tofu,18.00
15734,2772,49,Lunch Special,Lunch Special,1,18.00,Entree: Teriyaki Chicken,18.00
15735,2772,63,Iced Pineapple,Drinks,1,7.50,,7.50
15736,2773,43,Singapore Noodle,Rice & Noodles,1,19.00,,19.00
15737,2773,56,Organic Tea,Tea,1,3.50,,3.50
15738,2774,49,Lunch Special,Lunch Special,1,18.00,Entree: Chili Tofu,18.00
15739,2774,78,Sub Brown Rice (+1),Extras,1,1.00,,1.00
15740,2774,53,Vegan Iced Coffee,Coffee,1,5.50,,5.50
15741,2774,49,Lunch Special,Lunch Special,1,18.00,Entree: Curry Chicken,18.00
15742,2774,66,Assorted Soft Drinks,Drinks,1,2.50,,2.50
15743,2774,11,Fried Enoki Mushroom,Starters,1,16.00,,16.00
15744,2774,71,Fried Banana with Coconut Ice Cream,Desserts,1,13.00,,13.00
15745,2775,49,Lunch Special,Lunch Special,1,18.00,Entree: Spicy Nuggets,18.00
15746,2775,49,Lunch Special,Lunch Special,1,18.00,Entree: Chili Tofu,18.00
15747,2776,41,Bihun Goreng,Rice & Noodles,1,18.00,,18.00
15748,2776,51,Soy Latte,Coffee,1,5.50,,5.50
15749,2776,39,Nasi Goreng,Rice & Noodles,1,18.00,Gluten Friendly,18.00
15750,2776,39,Nasi Goreng,Rice & Noodles,1,18.00,,18.00
15751,2777,49,Lunch Special,Lunch Special,1,18.00,Entree: Ginger Beef,18.00
15752,2777,49,Lunch Special,Lunch Special,1,18.00,Entree: Curried Tofu w/ Vegetables,18.00
15753,2777,55,Decaf Coffee,Coffee,1,4.50,,4.50
15754,2777,6,Gado Gado,Starters,1,14.00,,14.00
15755,2777,71,Fried Banana with Coconut Ice Cream,Desserts,1,13.00,,13.00
15756,2777,72,Vegan Ice Cream,Desserts,1,7.00,,7.00
15757,2778,14,Spicy Curry Noodle Soup,Soups,1,18.00,Extra Sauce,18.00
15758,2778,54,Iced Brown Sugar Oat Latte,Coffee,1,6.50,,6.50
15759,2778,49,Lunch Special,Lunch Special,1,18.00,Entree: Curry Chicken,18.00
15760,2778,60,Matcha Latte,Tea,1,6.50,,6.50
15761,2778,37,Teriyaki Chicken,Plant-Based Meat,1,19.00,,19.00
15762,2778,46,Jasmine Rice,Sides,1,2.75,,2.75
15763,2778,66,Assorted Soft Drinks,Drinks,1,2.50,,2.50
15764,2778,4,Satay with Peanut Sauce (3pc),Starters,1,10.00,,10.00
15765,2779,49,Lunch Special,Lunch Special,1,18.00,Entree: Teriyaki Chicken,18.00
15766,2779,24,Tempeh Pulau,Veggie & Tofu,1,20.00,No Onion,20.00
15767,2779,62,Iced Lychee,Drinks,1,7.50,,7.50
15768,2779,38,Rendang,Plant-Based Meat,1,20.00,,20.00
15769,2779,63,Iced Pineapple,Drinks,1,7.50,,7.50
15770,2779,2,Vegetable Spring Rolls (6pc),Starters,1,9.00,,9.00
15771,2780,49,Lunch Special,Lunch Special,1,18.00,Entree: Padmanadi Veg Deluxe,18.00
15772,2780,34,Curry Mutton,Plant-Based Meat,1,22.00,,22.00
15773,2780,46,Jasmine Rice,Sides,1,2.75,,2.75
15774,2780,57,Soy Chai Latte,Tea,1,5.50,,5.50
15775,2780,6,Gado Gado,Starters,1,14.00,,14.00
15776,2780,71,Fried Banana with Coconut Ice Cream,Desserts,1,13.00,,13.00
15777,2781,32,General Tao Chicken,Plant-Based Meat,1,21.00,Extra Spicy,21.00
15778,2781,47,Coconut Rice,Sides,1,3.00,,3.00
15779,2781,51,Soy Latte,Coffee,1,5.50,,5.50
15780,2781,44,Lemongrass Vermicelli Bowl,Rice & Noodles,1,20.00,Sauce on Side,20.00
15781,2781,51,Soy Latte,Coffee,1,5.50,,5.50
15782,2782,15,Padmanadi Vegetable Deluxe,Veggie & Tofu,1,19.00,No Cilantro,19.00
15783,2782,46,Jasmine Rice,Sides,1,2.75,,2.75
15784,2782,54,Iced Brown Sugar Oat Latte,Coffee,1,6.50,,6.50
15785,2782,33,Curry Chicken,Plant-Based Meat,1,22.00,Extra Sauce,22.00
15786,2782,30,Sweet & Sour Chicken,Plant-Based Meat,1,19.00,Less Spicy,19.00
15787,2782,69,Cheesecake,Desserts,1,11.00,,11.00
15788,2783,22,Pan-Fried Broccoli & Cauliflower,Veggie & Tofu,1,18.00,,18.00
15789,2783,46,Jasmine Rice,Sides,1,2.75,,2.75
15790,2783,13,Tom Yum Soup,Soups,1,18.00,Less Spicy,18.00
15791,2783,10,Bean Curd Drumsticks,Starters,1,13.00,,13.00
15792,2784,28,Ginger Beef,Plant-Based Meat,1,21.00,Sauce on Side,21.00
15793,2784,65,Iced Passion Fruit Green Tea,Drinks,1,7.00,,7.00
15794,2784,31,Spicy Chicken,Plant-Based Meat,1,19.00,,19.00
15795,2784,66,Assorted Soft Drinks,Drinks,1,2.50,,2.50
15796,2785,13,Tom Yum Soup,Soups,1,18.00,,18.00
15797,2785,57,Soy Chai Latte,Tea,1,5.50,,5.50
15798,2785,39,Nasi Goreng,Rice & Noodles,1,18.00,,18.00
15799,2786,28,Ginger Beef,Plant-Based Meat,1,21.00,Gluten Friendly,21.00
15800,2787,30,Sweet & Sour Chicken,Plant-Based Meat,1,19.00,,19.00
15801,2787,50,Americano,Coffee,1,4.50,,4.50
15802,2787,18,King Oyster Mushroom Gaylan,Veggie & Tofu,1,20.00,,20.00
15803,2787,66,Assorted Soft Drinks,Drinks,1,2.50,,2.50
15804,2788,30,Sweet & Sour Chicken,Plant-Based Meat,1,19.00,Gluten Friendly,19.00
15805,2788,54,Iced Brown Sugar Oat Latte,Coffee,1,6.50,,6.50
15806,2788,32,General Tao Chicken,Plant-Based Meat,1,21.00,,21.00
15807,2788,48,Brown Rice,Sides,1,3.00,,3.00
15808,2788,62,Iced Lychee,Drinks,1,7.50,,7.50
15809,2788,33,Curry Chicken,Plant-Based Meat,1,22.00,,22.00
15810,2788,47,Coconut Rice,Sides,1,3.00,,3.00
15811,2788,66,Assorted Soft Drinks,Drinks,1,2.50,,2.50
15812,2788,9,Crispy Chicken Strips,Starters,1,13.00,,13.00
15813,2789,26,Chili Tofu,Veggie & Tofu,1,19.00,,19.00
15814,2789,48,Brown Rice,Sides,1,3.00,,3.00
15815,2789,28,Ginger Beef,Plant-Based Meat,1,21.00,Extra Sauce,21.00
15816,2789,46,Jasmine Rice,Sides,1,2.75,,2.75
15817,2789,14,Spicy Curry Noodle Soup,Soups,1,18.00,Allergy: Nuts,18.00
15818,2789,79,Add Noodles (Soup),Extras,1,3.00,,3.00
15819,2789,63,Iced Pineapple,Drinks,1,7.50,,7.50
15820,2789,45,Bali Buddha Bowl,Rice & Noodles,1,18.00,Sauce on Side,18.00
15821,2789,54,Iced Brown Sugar Oat Latte,Coffee,1,6.50,,6.50
15822,2789,12,Wonton Soup,Soups,1,18.00,,18.00
15823,2789,79,Add Noodles (Soup),Extras,1,3.00,,3.00
15824,2790,27,Kung Pao Chicken,Plant-Based Meat,1,20.00,No Onion,20.00
15825,2790,29,Dendeng,Plant-Based Meat,1,20.00,,20.00
15826,2790,50,Americano,Coffee,1,4.50,,4.50
15827,2790,73,Chocolate Mousse,Desserts,1,9.00,,9.00
15828,2791,31,Spicy Chicken,Plant-Based Meat,1,19.00,No Onion,19.00
15829,2791,74,Extra Protein,Extras,1,5.00,,5.00
15830,2791,58,London Fog,Tea,1,5.50,,5.50
15831,2791,39,Nasi Goreng,Rice & Noodles,1,18.00,No Onion,18.00
15832,2791,65,Iced Passion Fruit Green Tea,Drinks,1,7.00,,7.00
15833,2791,25,Mushroom Tofu,Veggie & Tofu,1,19.00,No Peanuts,19.00
15834,2791,72,Vegan Ice Cream,Desserts,1,7.00,,7.00
15835,2791,70,Panna Cotta,Desserts,1,9.00,,9.00
15836,2792,26,Chili Tofu,Veggie & Tofu,1,19.00,,19.00
15837,2792,18,King Oyster Mushroom Gaylan,Veggie & Tofu,1,20.00,,20.00
15838,2792,46,Jasmine Rice,Sides,1,2.75,,2.75
15839,2792,66,Assorted Soft Drinks,Drinks,1,2.50,,2.50
15840,2792,7,Roti Canai,Starters,1,13.00,,13.00
15841,2792,71,Fried Banana with Coconut Ice Cream,Desserts,1,13.00,,13.00
15842,2792,72,Vegan Ice Cream,Desserts,1,7.00,,7.00
15843,2793,19,Savory Eggplant,Veggie & Tofu,1,18.00,,18.00
15844,2793,46,Jasmine Rice,Sides,1,2.75,,2.75
15845,2793,50,Americano,Coffee,1,4.50,,4.50
15846,2793,25,Mushroom Tofu,Veggie & Tofu,1,19.00,,19.00
15847,2793,51,Soy Latte,Coffee,1,5.50,,5.50
15848,2793,28,Ginger Beef,Plant-Based Meat,1,21.00,,21.00
15849,2793,47,Coconut Rice,Sides,1,3.00,,3.00
15850,2793,24,Tempeh Pulau,Veggie & Tofu,1,20.00,No Onion,20.00
15851,2793,2,Vegetable Spring Rolls (6pc),Starters,1,9.00,,9.00
15852,2794,15,Padmanadi Vegetable Deluxe,Veggie & Tofu,1,19.00,No Mushrooms,19.00
15853,2794,27,Kung Pao Chicken,Plant-Based Meat,1,20.00,,20.00
15854,2794,59,Hot Chocolate,Tea,1,5.00,,5.00
15855,2794,8,Breaded Cauliflower Bites,Starters,1,13.00,,13.00
15856,2795,38,Rendang,Plant-Based Meat,1,20.00,Less Spicy,20.00
15857,2795,47,Coconut Rice,Sides,1,3.00,,3.00
15858,2796,28,Ginger Beef,Plant-Based Meat,1,21.00,Extra Sauce,21.00
15859,2796,35,Sweet & Sour Shrimp,Plant-Based Meat,1,20.00,No Cilantro,20.00
15860,2796,55,Decaf Coffee,Coffee,1,4.50,,4.50
15861,2796,7,Roti Canai,Starters,1,13.00,,13.00
15862,2797,32,General Tao Chicken,Plant-Based Meat,1,21.00,Allergy: Nuts,21.00
15863,2797,68,Iced Blackberry Hibiscus Tea,Drinks,1,7.00,,7.00
15864,2797,27,Kung Pao Chicken,Plant-Based Meat,1,20.00,Allergy: Nuts,20.00
15865,2797,46,Jasmine Rice,Sides,1,2.75,,2.75
15866,2797,62,Iced Lychee,Drinks,1,7.50,,7.50
15867,2797,14,Spicy Curry Noodle Soup,Soups,1,18.00,Less Spicy,18.00
15868,2797,7,Roti Canai,Starters,1,13.00,,13.00
15869,2797,69,Cheesecake,Desserts,1,11.00,,11.00
15870,2798,34,Curry Mutton,Plant-Based Meat,1,22.00,,22.00
15871,2798,76,Extra Veggies,Extras,1,4.00,,4.00
15872,2798,55,Decaf Coffee,Coffee,1,4.50,,4.50
15873,2799,18,King Oyster Mushroom Gaylan,Veggie & Tofu,1,20.00,No Peanuts,20.00
15874,2799,48,Brown Rice,Sides,1,3.00,,3.00
15875,2799,38,Rendang,Plant-Based Meat,1,20.00,,20.00
15876,2799,44,Lemongrass Vermicelli Bowl,Rice & Noodles,1,20.00,,20.00
15877,2799,66,Assorted Soft Drinks,Drinks,1,2.50,,2.50
15878,2799,19,Savory Eggplant,Veggie & Tofu,1,18.00,,18.00
15879,2799,50,Americano,Coffee,1,4.50,,4.50
15880,2800,37,Teriyaki Chicken,Plant-Based Meat,1,19.00,,19.00
15881,2800,67,Raspberry Lime Italian Soda,Drinks,1,6.50,,6.50
15882,2800,16,Chili Green Beans,Veggie & Tofu,1,19.00,,19.00
15883,2800,47,Coconut Rice,Sides,1,3.00,,3.00
15884,2800,59,Hot Chocolate,Tea,1,5.00,,5.00
15885,2800,35,Sweet & Sour Shrimp,Plant-Based Meat,1,20.00,,20.00
15886,2800,46,Jasmine Rice,Sides,1,2.75,,2.75
15887,2800,36,Spicy Shrimp,Plant-Based Meat,1,20.00,,20.00
15888,2800,46,Jasmine Rice,Sides,1,2.75,,2.75
15889,2800,67,Raspberry Lime Italian Soda,Drinks,1,6.50,,6.50
15890,2800,36,Spicy Shrimp,Plant-Based Meat,1,20.00,,20.00
15891,2800,46,Jasmine Rice,Sides,1,2.75,,2.75
15892,2800,54,Iced Brown Sugar Oat Latte,Coffee,1,6.50,,6.50
15893,2800,2,Vegetable Spring Rolls (6pc),Starters,1,9.00,,9.00
15894,2801,28,Ginger Beef,Plant-Based Meat,1,21.00,Less Spicy,21.00
15895,2801,58,London Fog,Tea,1,5.50,,5.50
15896,2801,28,Ginger Beef,Plant-Based Meat,1,21.00,,21.00
15897,2801,46,Jasmine Rice,Sides,1,2.75,,2.75
15898,2801,63,Iced Pineapple,Drinks,1,7.50,,7.50
15899,2801,1,Vegetable Spring Rolls (3pc),Starters,1,6.00,,6.00
15900,2801,73,Chocolate Mousse,Desserts,1,9.00,,9.00
15901,2802,33,Curry Chicken,Plant-Based Meat,1,22.00,,22.00
15902,2802,16,Chili Green Beans,Veggie & Tofu,1,19.00,Extra Sauce,19.00
15903,2802,47,Coconut Rice,Sides,1,3.00,,3.00
15904,2802,43,Singapore Noodle,Rice & Noodles,1,19.00,,19.00
15905,2802,67,Raspberry Lime Italian Soda,Drinks,1,6.50,,6.50
15906,2802,23,Curry Vegetables & Tofu,Veggie & Tofu,1,20.00,,20.00
15907,2802,71,Fried Banana with Coconut Ice Cream,Desserts,1,13.00,,13.00
15908,2803,38,Rendang,Plant-Based Meat,1,20.00,,20.00
15909,2803,62,Iced Lychee,Drinks,1,7.50,,7.50
15910,2803,28,Ginger Beef,Plant-Based Meat,1,21.00,Sauce on Side,21.00
15911,2803,47,Coconut Rice,Sides,1,3.00,,3.00
15912,2804,39,Nasi Goreng,Rice & Noodles,1,18.00,No Onion,18.00
15913,2804,58,London Fog,Tea,1,5.50,,5.50
15914,2804,24,Tempeh Pulau,Veggie & Tofu,1,20.00,,20.00
15915,2804,57,Soy Chai Latte,Tea,1,5.50,,5.50
15916,2804,39,Nasi Goreng,Rice & Noodles,1,18.00,,18.00
15917,2805,26,Chili Tofu,Veggie & Tofu,1,19.00,Extra Spicy,19.00
15918,2805,48,Brown Rice,Sides,1,3.00,,3.00
15919,2805,42,Kwetiau Goreng,Rice & Noodles,1,19.00,Extra Sauce,19.00
15920,2806,14,Spicy Curry Noodle Soup,Soups,1,18.00,Extra Sauce,18.00
15921,2806,51,Soy Latte,Coffee,1,5.50,,5.50
15922,2806,32,General Tao Chicken,Plant-Based Meat,1,21.00,No Mushrooms,21.00
15923,2806,44,Lemongrass Vermicelli Bowl,Rice & Noodles,1,20.00,No Cilantro,20.00
15924,2806,66,Assorted Soft Drinks,Drinks,1,2.50,,2.50
15925,2806,6,Gado Gado,Starters,1,14.00,,14.00
15926,2806,69,Cheesecake,Desserts,1,11.00,,11.00
15927,2806,69,Cheesecake,Desserts,1,11.00,,11.00
15928,2807,41,Bihun Goreng,Rice & Noodles,1,18.00,No Cilantro,18.00
15929,2807,74,Extra Protein,Extras,1,5.00,,5.00
15930,2807,44,Lemongrass Vermicelli Bowl,Rice & Noodles,1,20.00,Gluten Friendly,20.00
15931,2807,54,Iced Brown Sugar Oat Latte,Coffee,1,6.50,,6.50
15932,2807,32,General Tao Chicken,Plant-Based Meat,1,21.00,No Mushrooms,21.00
15933,2807,54,Iced Brown Sugar Oat Latte,Coffee,1,6.50,,6.50
15934,2807,3,Satay with Peanut Sauce (1pc),Starters,1,3.00,,3.00
15935,2807,72,Vegan Ice Cream,Desserts,1,7.00,,7.00
15936,2807,71,Fried Banana with Coconut Ice Cream,Desserts,1,13.00,,13.00
15937,2808,30,Sweet & Sour Chicken,Plant-Based Meat,1,19.00,,19.00
15938,2808,46,Jasmine Rice,Sides,1,2.75,,2.75
15939,2808,50,Americano,Coffee,1,4.50,,4.50
15940,2809,27,Kung Pao Chicken,Plant-Based Meat,1,20.00,Sauce on Side,20.00
15941,2809,46,Jasmine Rice,Sides,1,2.75,,2.75
15942,2809,51,Soy Latte,Coffee,1,5.50,,5.50
15943,2809,26,Chili Tofu,Veggie & Tofu,1,19.00,,19.00
15944,2809,56,Organic Tea,Tea,1,3.50,,3.50
15945,2809,26,Chili Tofu,Veggie & Tofu,1,19.00,,19.00
15946,2809,46,Jasmine Rice,Sides,1,2.75,,2.75
15947,2809,19,Savory Eggplant,Veggie & Tofu,1,18.00,,18.00
15948,2809,46,Jasmine Rice,Sides,1,2.75,,2.75
15949,2810,28,Ginger Beef,Plant-Based Meat,1,21.00,No Onion,21.00
15950,2810,54,Iced Brown Sugar Oat Latte,Coffee,1,6.50,,6.50
15951,2811,32,General Tao Chicken,Plant-Based Meat,1,21.00,,21.00
15952,2811,58,London Fog,Tea,1,5.50,,5.50
15953,2811,18,King Oyster Mushroom Gaylan,Veggie & Tofu,1,20.00,Allergy: Nuts,20.00
15954,2811,48,Brown Rice,Sides,1,3.00,,3.00
15955,2811,57,Soy Chai Latte,Tea,1,5.50,,5.50
15956,2812,37,Teriyaki Chicken,Plant-Based Meat,1,19.00,,19.00
15957,2812,46,Jasmine Rice,Sides,1,2.75,,2.75
15958,2813,30,Sweet & Sour Chicken,Plant-Based Meat,1,19.00,Extra Sauce,19.00
15959,2813,25,Mushroom Tofu,Veggie & Tofu,1,19.00,No Cilantro,19.00
15960,2813,47,Coconut Rice,Sides,1,3.00,,3.00
15961,2813,57,Soy Chai Latte,Tea,1,5.50,,5.50
15962,2814,30,Sweet & Sour Chicken,Plant-Based Meat,1,19.00,,19.00
15963,2814,32,General Tao Chicken,Plant-Based Meat,1,21.00,No Peanuts,21.00
15964,2814,47,Coconut Rice,Sides,1,3.00,,3.00
15965,2814,8,Breaded Cauliflower Bites,Starters,1,13.00,,13.00
15966,2815,31,Spicy Chicken,Plant-Based Meat,1,19.00,Gluten Friendly,19.00
15967,2816,31,Spicy Chicken,Plant-Based Meat,1,19.00,Extra Sauce,19.00
15968,2816,68,Iced Blackberry Hibiscus Tea,Drinks,1,7.00,,7.00
15969,2816,38,Rendang,Plant-Based Meat,1,20.00,Less Spicy,20.00
15970,2816,46,Jasmine Rice,Sides,1,2.75,,2.75
15971,2816,56,Organic Tea,Tea,1,3.50,,3.50
15972,2816,35,Sweet & Sour Shrimp,Plant-Based Meat,1,20.00,Less Spicy,20.00
15973,2816,53,Vegan Iced Coffee,Coffee,1,5.50,,5.50
15974,2816,14,Spicy Curry Noodle Soup,Soups,1,18.00,Allergy: Nuts,18.00
15975,2816,25,Mushroom Tofu,Veggie & Tofu,1,19.00,,19.00
15976,2816,46,Jasmine Rice,Sides,1,2.75,,2.75
15977,2816,56,Organic Tea,Tea,1,3.50,,3.50
15978,2816,1,Vegetable Spring Rolls (3pc),Starters,1,6.00,,6.00
15979,2816,9,Crispy Chicken Strips,Starters,1,13.00,,13.00
15980,2817,30,Sweet & Sour Chicken,Plant-Based Meat,1,19.00,Gluten Friendly,19.00
15981,2817,46,Jasmine Rice,Sides,1,2.75,,2.75
15982,2817,50,Americano,Coffee,1,4.50,,4.50
15983,2817,30,Sweet & Sour Chicken,Plant-Based Meat,1,19.00,Allergy: Nuts,19.00
15984,2817,60,Matcha Latte,Tea,1,6.50,,6.50
15985,2817,27,Kung Pao Chicken,Plant-Based Meat,1,20.00,,20.00
15986,2817,47,Coconut Rice,Sides,1,3.00,,3.00
15987,2817,25,Mushroom Tofu,Veggie & Tofu,1,19.00,,19.00
15988,2817,48,Brown Rice,Sides,1,3.00,,3.00
15989,2817,51,Soy Latte,Coffee,1,5.50,,5.50
15990,2817,40,Bakmi Goreng,Rice & Noodles,1,19.00,,19.00
15991,2818,26,Chili Tofu,Veggie & Tofu,1,19.00,,19.00
15992,2818,22,Pan-Fried Broccoli & Cauliflower,Veggie & Tofu,1,18.00,,18.00
15993,2818,66,Assorted Soft Drinks,Drinks,1,2.50,,2.50
15994,2818,72,Vegan Ice Cream,Desserts,1,7.00,,7.00
15995,2819,13,Tom Yum Soup,Soups,1,18.00,,18.00
15996,2819,79,Add Noodles (Soup),Extras,1,3.00,,3.00
15997,2819,33,Curry Chicken,Plant-Based Meat,1,22.00,,22.00
15998,2819,46,Jasmine Rice,Sides,1,2.75,,2.75
15999,2819,62,Iced Lychee,Drinks,1,7.50,,7.50
16000,2819,72,Vegan Ice Cream,Desserts,1,7.00,,7.00
16001,2820,34,Curry Mutton,Plant-Based Meat,1,22.00,,22.00
16002,2820,48,Brown Rice,Sides,1,3.00,,3.00
16003,2820,23,Curry Vegetables & Tofu,Veggie & Tofu,1,20.00,,20.00
16004,2820,75,Extra Tofu,Extras,1,4.00,,4.00
16005,2820,7,Roti Canai,Starters,1,13.00,,13.00
16006,2821,30,Sweet & Sour Chicken,Plant-Based Meat,1,19.00,No Cilantro,19.00
16007,2821,48,Brown Rice,Sides,1,3.00,,3.00
16008,2821,65,Iced Passion Fruit Green Tea,Drinks,1,7.00,,7.00
16009,2822,14,Spicy Curry Noodle Soup,Soups,1,18.00,,18.00
16010,2822,63,Iced Pineapple,Drinks,1,7.50,,7.50
16011,2823,40,Bakmi Goreng,Rice & Noodles,1,19.00,,19.00
16012,2824,33,Curry Chicken,Plant-Based Meat,1,22.00,No Onion,22.00
16013,2824,46,Jasmine Rice,Sides,1,2.75,,2.75
16014,2824,58,London Fog,Tea,1,5.50,,5.50
16015,2825,39,Nasi Goreng,Rice & Noodles,1,18.00,,18.00
16016,2825,62,Iced Lychee,Drinks,1,7.50,,7.50
16017,2825,71,Fried Banana with Coconut Ice Cream,Desserts,1,13.00,,13.00
16018,2826,12,Wonton Soup,Soups,1,18.00,,18.00
16019,2826,50,Americano,Coffee,1,4.50,,4.50
16020,2826,73,Chocolate Mousse,Desserts,1,9.00,,9.00
16021,2827,25,Mushroom Tofu,Veggie & Tofu,1,19.00,,19.00
16022,2827,57,Soy Chai Latte,Tea,1,5.50,,5.50
16023,2827,18,King Oyster Mushroom Gaylan,Veggie & Tofu,1,20.00,Allergy: Nuts,20.00
16024,2827,59,Hot Chocolate,Tea,1,5.00,,5.00
16025,2828,34,Curry Mutton,Plant-Based Meat,1,22.00,,22.00
16026,2828,46,Jasmine Rice,Sides,1,2.75,,2.75
16027,2828,21,Mapo Tofu,Veggie & Tofu,1,19.00,,19.00
16028,2828,57,Soy Chai Latte,Tea,1,5.50,,5.50
16029,2828,45,Bali Buddha Bowl,Rice & Noodles,1,18.00,Sauce on Side,18.00
16030,2828,31,Spicy Chicken,Plant-Based Meat,1,19.00,No Onion,19.00
16031,2828,46,Jasmine Rice,Sides,1,2.75,,2.75
16032,2828,67,Raspberry Lime Italian Soda,Drinks,1,6.50,,6.50
16033,2828,3,Satay with Peanut Sauce (1pc),Starters,1,3.00,,3.00
16034,2829,36,Spicy Shrimp,Plant-Based Meat,1,20.00,,20.00
16035,2829,65,Iced Passion Fruit Green Tea,Drinks,1,7.00,,7.00
16036,2829,23,Curry Vegetables & Tofu,Veggie & Tofu,1,20.00,Allergy: Nuts,20.00
16037,2829,66,Assorted Soft Drinks,Drinks,1,2.50,,2.50
16038,2829,35,Sweet & Sour Shrimp,Plant-Based Meat,1,20.00,No Onion,20.00
16039,2829,53,Vegan Iced Coffee,Coffee,1,5.50,,5.50
16040,2829,27,Kung Pao Chicken,Plant-Based Meat,1,20.00,Less Spicy,20.00
16041,2829,2,Vegetable Spring Rolls (6pc),Starters,1,9.00,,9.00
16042,2829,5,Deep Fried Tofu,Starters,1,13.00,,13.00
16043,2829,73,Chocolate Mousse,Desserts,1,9.00,,9.00
16044,2829,73,Chocolate Mousse,Desserts,1,9.00,,9.00
16045,2830,43,Singapore Noodle,Rice & Noodles,1,19.00,,19.00
16046,2830,55,Decaf Coffee,Coffee,1,4.50,,4.50
16047,2830,26,Chili Tofu,Veggie & Tofu,1,19.00,Gluten Friendly,19.00
16048,2830,66,Assorted Soft Drinks,Drinks,1,2.50,,2.50
16049,2831,13,Tom Yum Soup,Soups,1,18.00,,18.00
16050,2831,64,Sparkling Yuzu,Drinks,1,8.50,,8.50
16051,2832,31,Spicy Chicken,Plant-Based Meat,1,19.00,,19.00
16052,2832,46,Jasmine Rice,Sides,1,2.75,,2.75
16053,2832,63,Iced Pineapple,Drinks,1,7.50,,7.50
16054,2832,15,Padmanadi Vegetable Deluxe,Veggie & Tofu,1,19.00,,19.00
16055,2832,32,General Tao Chicken,Plant-Based Meat,1,21.00,,21.00
16056,2832,46,Jasmine Rice,Sides,1,2.75,,2.75
16057,2832,32,General Tao Chicken,Plant-Based Meat,1,21.00,,21.00
16058,2832,46,Jasmine Rice,Sides,1,2.75,,2.75
16059,2832,4,Satay with Peanut Sauce (3pc),Starters,1,10.00,,10.00
16060,2832,71,Fried Banana with Coconut Ice Cream,Desserts,1,13.00,,13.00
16061,2832,72,Vegan Ice Cream,Desserts,1,7.00,,7.00
16062,2833,29,Dendeng,Plant-Based Meat,1,20.00,,20.00
16063,2833,46,Jasmine Rice,Sides,1,2.75,,2.75
16064,2833,66,Assorted Soft Drinks,Drinks,1,2.50,,2.50
16065,2833,30,Sweet & Sour Chicken,Plant-Based Meat,1,19.00,,19.00
16066,2833,46,Jasmine Rice,Sides,1,2.75,,2.75
16067,2833,62,Iced Lychee,Drinks,1,7.50,,7.50
16068,2833,27,Kung Pao Chicken,Plant-Based Meat,1,20.00,Less Spicy,20.00
16069,2833,46,Jasmine Rice,Sides,1,2.75,,2.75
16070,2833,51,Soy Latte,Coffee,1,5.50,,5.50
16071,2833,7,Roti Canai,Starters,1,13.00,,13.00
16072,2834,35,Sweet & Sour Shrimp,Plant-Based Meat,1,20.00,,20.00
16073,2834,66,Assorted Soft Drinks,Drinks,1,2.50,,2.50
16074,2834,28,Ginger Beef,Plant-Based Meat,1,21.00,Extra Sauce,21.00
16075,2834,70,Panna Cotta,Desserts,1,9.00,,9.00
16076,2835,13,Tom Yum Soup,Soups,1,18.00,Sauce on Side,18.00
16077,2835,79,Add Noodles (Soup),Extras,1,3.00,,3.00
16078,2835,53,Vegan Iced Coffee,Coffee,1,5.50,,5.50
16079,2835,22,Pan-Fried Broccoli & Cauliflower,Veggie & Tofu,1,18.00,,18.00
16080,2835,74,Extra Protein,Extras,1,5.00,,5.00
16081,2836,18,King Oyster Mushroom Gaylan,Veggie & Tofu,1,20.00,No Onion,20.00
16082,2836,51,Soy Latte,Coffee,1,5.50,,5.50
16083,2836,16,Chili Green Beans,Veggie & Tofu,1,19.00,,19.00
16084,2836,47,Coconut Rice,Sides,1,3.00,,3.00
16085,2837,28,Ginger Beef,Plant-Based Meat,1,21.00,,21.00
16086,2837,73,Chocolate Mousse,Desserts,1,9.00,,9.00
16087,2838,15,Padmanadi Vegetable Deluxe,Veggie & Tofu,1,19.00,No Mushrooms,19.00
16088,2838,56,Organic Tea,Tea,1,3.50,,3.50
16089,2838,44,Lemongrass Vermicelli Bowl,Rice & Noodles,1,20.00,,20.00
16090,2838,37,Teriyaki Chicken,Plant-Based Meat,1,19.00,,19.00
16091,2838,33,Curry Chicken,Plant-Based Meat,1,22.00,,22.00
16092,2838,46,Jasmine Rice,Sides,1,2.75,,2.75
16093,2838,6,Gado Gado,Starters,1,14.00,,14.00
16094,2839,39,Nasi Goreng,Rice & Noodles,1,18.00,No Onion,18.00
16095,2839,75,Extra Tofu,Extras,1,4.00,,4.00
16096,2839,55,Decaf Coffee,Coffee,1,4.50,,4.50
16097,2839,28,Ginger Beef,Plant-Based Meat,1,21.00,No Cilantro,21.00
16098,2839,46,Jasmine Rice,Sides,1,2.75,,2.75
16099,2839,64,Sparkling Yuzu,Drinks,1,8.50,,8.50
16100,2840,26,Chili Tofu,Veggie & Tofu,1,19.00,,19.00
16101,2840,51,Soy Latte,Coffee,1,5.50,,5.50
16102,2840,20,Spicy Coconut Eggplant,Veggie & Tofu,1,18.00,No Onion,18.00
16103,2840,72,Vegan Ice Cream,Desserts,1,7.00,,7.00
16104,2840,69,Cheesecake,Desserts,1,11.00,,11.00
16105,2841,38,Rendang,Plant-Based Meat,1,20.00,No Mushrooms,20.00
16106,2841,47,Coconut Rice,Sides,1,3.00,,3.00
16107,2841,76,Extra Veggies,Extras,1,4.00,,4.00
16108,2841,52,Soy Mocha,Coffee,1,6.00,,6.00
16109,2841,28,Ginger Beef,Plant-Based Meat,1,21.00,,21.00
16110,2842,27,Kung Pao Chicken,Plant-Based Meat,1,20.00,,20.00
16111,2842,13,Tom Yum Soup,Soups,1,18.00,,18.00
16112,2843,31,Spicy Chicken,Plant-Based Meat,1,19.00,,19.00
16113,2844,43,Singapore Noodle,Rice & Noodles,1,19.00,No Onion,19.00
16114,2844,18,King Oyster Mushroom Gaylan,Veggie & Tofu,1,20.00,,20.00
16115,2844,48,Brown Rice,Sides,1,3.00,,3.00
16116,2844,33,Curry Chicken,Plant-Based Meat,1,22.00,,22.00
16117,2844,48,Brown Rice,Sides,1,3.00,,3.00
16118,2844,63,Iced Pineapple,Drinks,1,7.50,,7.50
16119,2844,12,Wonton Soup,Soups,1,18.00,,18.00
16120,2844,60,Matcha Latte,Tea,1,6.50,,6.50
16121,2844,73,Chocolate Mousse,Desserts,1,9.00,,9.00
16122,2844,73,Chocolate Mousse,Desserts,1,9.00,,9.00
