order_id,order_number,order_date,created_at,closed_at,order_type,table_number,party_size,server_id,subtotal,discount_amount,discount_reason,gst,tip,total,payment_method,card_brand,card_last_four,delivery_platform,status
1,#001,2026-05-01,2026-05-01 11:32:30,2026-05-01 12:32:30,dine_in,5,3,7,70.50,0.00,,3.53,14.10,88.13,Debit,Interac Debit,6642,,completed
2,#002,2026-05-01,2026-05-01 11:58:02,2026-05-01 13:05:02,dine_in,13,7,1,170.00,0.00,,8.50,25.50,204.00,Mobile,Apple Pay,9161,,completed
3,#003,2026-05-01,2026-05-01 11:08:17,2026-05-01 11:59:17,dine_in,6,4,7,119.00,0.00,,5.95,0.00,0.00,Mobile,Google Pay,9938,,voided
4,#004,2026-05-01,2026-05-01 11:07:20,2026-05-01 11:56:20,dine_in,9,5,2,112.75,0.00,,5.64,16.91,135.30,Credit,Mastercard,0356,,completed
5,#005,2026-05-01,2026-05-01 11:20:02,2026-05-01 11:58:02,dine_in,9,4,2,89.50,0.00,,4.48,16.11,110.09,Credit,Visa,8422,,completed
6,#006,2026-05-01,2026-05-01 11:10:06,2026-05-01 11:50:06,dine_in,6,2,2,49.00,0.00,,2.45,7.35,58.80,Cash,,,,completed
7,#007,2026-05-01,2026-05-01 11:08:11,2026-05-01 11:56:11,dine_in,13,2,7,48.00,0.00,,2.40,7.20,57.60,Debit,Interac Debit,5413,,completed
8,#008,2026-05-01,2026-05-01 11:51:57,2026-05-01 12:06:57,delivery,,3,5,87.50,0.00,,4.38,0.00,91.88,Debit,Interac Debit,9785,DoorDash,completed
9,#009,2026-05-01,2026-05-01 12:00:39,2026-05-01 12:20:39,takeout,,2,5,76.50,10.00,Yelp check-in,3.33,3.33,73.16,Mobile,Google Pay,0435,,completed
10,#010,2026-05-01,2026-05-01 12:33:11,2026-05-01 13:18:11,dine_in,9,5,7,120.50,0.00,,6.03,18.07,144.60,Credit,Visa,8519,,completed
11,#011,2026-05-01,2026-05-01 12:24:17,2026-05-01 13:29:17,dine_in,5,3,7,87.00,0.00,,4.35,15.66,107.01,Mobile,Google Pay,2568,,completed
12,#012,2026-05-01,2026-05-01 12:12:49,2026-05-01 12:52:49,dine_in,8,4,8,90.75,0.00,,4.54,0.00,95.29,Mobile,Google Pay,4712,,completed
13,#013,2026-05-01,2026-05-01 12:36:27,2026-05-01 12:41:27,delivery,,3,5,108.50,0.00,,5.43,0.00,113.93,Cash,,,DoorDash,completed
14,#014,2026-05-01,2026-05-01 12:26:04,2026-05-01 12:40:04,delivery,,1,1,18.00,0.00,,0.90,0.00,18.90,Credit,Interac Debit,5836,SkipTheDishes,completed
15,#015,2026-05-01,2026-05-01 12:39:40,2026-05-01 12:56:40,takeout,,3,1,89.00,0.00,,4.45,4.45,97.90,Mobile,Google Pay,0419,,completed
16,#016,2026-05-01,2026-05-01 12:17:29,2026-05-01 13:13:29,dine_in,13,5,1,114.75,0.00,,5.74,20.65,141.14,Mobile,Apple Pay,6587,,completed
17,#017,2026-05-01,2026-05-01 12:29:28,2026-05-01 13:40:28,dine_in,15,2,7,61.00,0.00,,3.05,9.15,73.20,Mobile,Apple Pay,6587,,completed
18,#018,2026-05-01,2026-05-01 12:52:23,2026-05-01 12:57:23,delivery,,2,2,52.00,0.00,,2.60,0.00,54.60,Credit,Mastercard,2134,UberEats,completed
19,#019,2026-05-01,2026-05-01 12:21:52,2026-05-01 13:35:52,dine_in,9,4,8,92.00,0.00,,4.60,18.40,115.00,Debit,Interac Debit,3965,,completed
20,#020,2026-05-01,2026-05-01 12:21:12,2026-05-01 13:29:12,dine_in,8,4,5,109.75,0.00,,5.49,21.95,137.19,Credit,Interac Debit,2798,,completed
21,#021,2026-05-01,2026-05-01 13:30:55,2026-05-01 13:39:55,delivery,,1,2,26.50,0.00,,1.33,0.00,27.83,Cash,,,UberEats,completed
22,#022,2026-05-01,2026-05-01 13:04:19,2026-05-01 13:11:19,delivery,,1,4,20.00,0.00,,1.00,0.00,21.00,Credit,Visa,1844,SkipTheDishes,completed
23,#023,2026-05-01,2026-05-01 13:18:14,2026-05-01 13:25:14,delivery,,2,7,54.00,0.00,,2.70,0.00,56.70,Mobile,Google Pay,3090,DoorDash,completed
24,#024,2026-05-01,2026-05-01 13:34:24,2026-05-01 14:17:24,dine_in,13,4,2,127.50,0.00,,6.38,25.50,159.38,Debit,Interac Debit,9596,,completed
25,#025,2026-05-01,2026-05-01 13:52:24,2026-05-01 14:38:24,dine_in,6,2,8,51.50,0.00,,2.58,9.27,63.35,Credit,Mastercard,6043,,completed
26,#026,2026-05-01,2026-05-01 13:50:00,2026-05-01 14:06:00,takeout,,1,3,21.00,0.00,,1.05,1.05,23.10,Credit,Visa,1925,,completed
27,#027,2026-05-01,2026-05-01 13:46:55,2026-05-01 14:50:55,dine_in,6,3,2,72.00,0.00,,3.60,14.40,90.00,Mobile,Apple Pay,8689,,completed
28,#028,2026-05-01,2026-05-01 13:35:51,2026-05-01 13:45:51,delivery,,1,6,28.50,0.00,,1.43,0.00,29.93,Cash,,,DoorDash,completed
29,#029,2026-05-01,2026-05-01 13:14:26,2026-05-01 13:32:26,takeout,,3,5,83.50,0.00,,4.17,12.53,100.20,Credit,Interac Debit,3457,,completed
30,#030,2026-05-01,2026-05-01 13:05:33,2026-05-01 13:13:33,delivery,,2,4,58.00,0.00,,2.90,0.00,60.90,Credit,Visa,5843,UberEats,completed
31,#031,2026-05-01,2026-05-01 13:27:32,2026-05-01 14:31:32,dine_in,5,4,8,150.50,0.00,,7.53,27.09,185.12,Cash,,,,completed
32,#032,2026-05-01,2026-05-01 13:11:57,2026-05-01 14:22:57,dine_in,11,2,5,50.00,0.00,,2.50,7.50,60.00,Credit,Mastercard,1475,,completed
33,#033,2026-05-01,2026-05-01 14:48:31,2026-05-01 15:13:31,takeout,,1,6,38.75,0.00,,1.94,0.00,40.69,Debit,Interac Debit,9194,,completed
34,#034,2026-05-01,2026-05-01 15:39:30,2026-05-01 16:26:30,dine_in,11,2,8,45.50,0.00,,2.27,9.10,56.87,Debit,Interac Debit,3074,,completed
35,#035,2026-05-01,2026-05-01 15:41:39,2026-05-01 16:51:39,dine_in,2,2,5,62.50,0.00,,3.12,11.25,76.87,Mobile,Google Pay,0565,,completed
36,#036,2026-05-01,2026-05-01 15:38:56,2026-05-01 16:39:56,dine_in,9,2,8,53.50,0.00,,2.68,8.03,64.21,Credit,Interac Debit,8104,,completed
37,#037,2026-05-01,2026-05-01 15:56:32,2026-05-01 16:26:32,takeout,,1,5,19.00,0.00,,0.95,0.00,19.95,Mobile,Google Pay,4595,,completed
38,#038,2026-05-01,2026-05-01 16:05:58,2026-05-01 16:13:58,delivery,,2,1,63.25,0.00,,3.16,0.00,66.41,Credit,Visa,5641,DoorDash,completed
39,#039,2026-05-01,2026-05-01 17:23:12,2026-05-01 18:38:12,dine_in,3,2,8,71.50,0.00,,3.58,12.87,87.95,Credit,Visa,5069,,completed
40,#040,2026-05-01,2026-05-01 17:31:49,2026-05-01 18:17:49,dine_in,14,4,8,104.00,0.00,,5.20,20.80,130.00,Debit,Interac Debit,1073,,completed
41,#041,2026-05-01,2026-05-01 17:52:01,2026-05-01 18:43:01,dine_in,4,4,2,125.75,0.00,,6.29,25.15,157.19,Credit,Interac Debit,9930,,completed
42,#042,2026-05-01,2026-05-01 17:18:47,2026-05-01 18:10:47,dine_in,13,7,2,206.75,0.00,,10.34,37.21,254.30,Credit,Visa,1650,,completed
43,#043,2026-05-01,2026-05-01 17:40:04,2026-05-01 18:00:04,takeout,,2,4,44.00,0.00,,2.20,0.00,46.20,Credit,Mastercard,9785,,completed
44,#044,2026-05-01,2026-05-01 17:41:08,2026-05-01 18:53:08,dine_in,4,4,5,103.25,0.00,,5.16,15.49,123.90,Debit,Interac Debit,7841,,completed
45,#045,2026-05-01,2026-05-01 17:35:54,2026-05-01 18:10:54,dine_in,9,5,8,134.25,0.00,,6.71,26.85,167.81,Credit,Interac Debit,1956,,completed
46,#046,2026-05-01,2026-05-01 17:13:25,2026-05-01 18:01:25,dine_in,7,2,2,59.00,0.00,,2.95,8.85,70.80,Cash,,,,completed
47,#047,2026-05-01,2026-05-01 17:08:44,2026-05-01 17:23:44,delivery,,3,6,90.50,0.00,,4.53,0.00,95.03,Credit,Interac Debit,9441,DoorDash,completed
48,#048,2026-05-01,2026-05-01 17:17:46,2026-05-01 18:27:46,dine_in,3,2,3,57.50,0.00,,2.88,10.35,70.73,Mobile,Google Pay,6690,,completed
49,#049,2026-05-01,2026-05-01 17:23:06,2026-05-01 18:27:06,dine_in,9,5,7,139.75,0.00,,6.99,27.95,174.69,Mobile,Apple Pay,6738,,completed
50,#050,2026-05-01,2026-05-01 17:24:54,2026-05-01 17:53:54,takeout,,1,8,29.25,0.00,,1.46,1.46,32.17,Cash,,,,completed
51,#051,2026-05-01,2026-05-01 18:47:08,2026-05-01 19:09:08,takeout,,1,4,32.00,0.00,,1.60,1.60,35.20,Credit,Visa,5577,,completed
52,#052,2026-05-01,2026-05-01 18:08:29,2026-05-01 18:48:29,dine_in,14,2,3,41.00,0.00,,2.05,7.38,50.43,Debit,Interac Debit,5827,,completed
53,#053,2026-05-01,2026-05-01 18:16:49,2026-05-01 18:39:49,takeout,,1,1,21.00,0.00,,1.05,1.05,23.10,Debit,Interac Debit,7850,,completed
54,#054,2026-05-01,2026-05-01 18:46:24,2026-05-01 18:58:24,delivery,,2,6,50.00,0.00,,2.50,0.00,52.50,Credit,Interac Debit,4610,SkipTheDishes,completed
55,#055,2026-05-01,2026-05-01 18:36:27,2026-05-01 19:43:27,dine_in,7,2,2,52.00,10.00,Loyalty,2.10,8.40,52.50,Credit,Visa,8457,,completed
56,#056,2026-05-01,2026-05-01 18:11:57,2026-05-01 18:49:57,dine_in,1,1,5,29.00,0.00,,1.45,5.22,35.67,Cash,,,,completed
57,#057,2026-05-01,2026-05-01 18:33:56,2026-05-01 19:25:56,dine_in,12,2,2,52.50,0.00,,2.62,0.00,0.00,Debit,Interac Debit,6021,,voided
58,#058,2026-05-01,2026-05-01 18:47:07,2026-05-01 19:52:07,dine_in,14,1,6,18.00,0.00,,0.90,1.80,20.70,Cash,,,,completed
59,#059,2026-05-01,2026-05-01 18:45:57,2026-05-01 19:53:57,dine_in,5,3,7,65.25,0.00,,3.26,13.05,81.56,Credit,Visa,2004,,completed
60,#060,2026-05-01,2026-05-01 18:06:12,2026-05-01 19:16:12,dine_in,9,3,4,72.25,0.00,,3.61,14.45,90.31,Credit,Mastercard,2069,,completed
61,#061,2026-05-01,2026-05-01 18:45:43,2026-05-01 19:23:43,dine_in,14,2,8,53.50,0.00,,2.68,13.38,69.56,Cash,,,,completed
62,#062,2026-05-01,2026-05-01 18:40:40,2026-05-01 19:31:40,dine_in,4,2,7,51.75,0.00,,2.59,7.76,62.10,Credit,Mastercard,5413,,completed
63,#063,2026-05-01,2026-05-01 18:58:38,2026-05-01 20:04:38,dine_in,13,4,5,104.00,0.00,,5.20,15.60,124.80,Credit,Interac Debit,5135,,completed
64,#064,2026-05-01,2026-05-01 18:30:03,2026-05-01 19:21:03,dine_in,12,2,5,53.00,0.00,,2.65,10.60,66.25,Credit,Visa,2358,,completed
65,#065,2026-05-01,2026-05-01 18:01:41,2026-05-01 18:08:41,delivery,,3,3,121.25,0.00,,6.06,0.00,127.31,Credit,Interac Debit,5769,UberEats,completed
66,#066,2026-05-01,2026-05-01 18:45:33,2026-05-01 18:53:33,delivery,,1,3,35.50,0.00,,1.78,0.00,37.28,Debit,Interac Debit,6917,UberEats,completed
67,#067,2026-05-01,2026-05-01 18:27:48,2026-05-01 18:45:48,takeout,,1,1,30.00,0.00,,1.50,1.50,33.00,Credit,Mastercard,6252,,completed
68,#068,2026-05-01,2026-05-01 18:27:19,2026-05-01 18:35:19,delivery,,4,5,103.25,0.00,,5.16,0.00,108.41,Mobile,Google Pay,2381,SkipTheDishes,completed
69,#069,2026-05-01,2026-05-01 18:01:10,2026-05-01 18:42:10,dine_in,2,2,2,66.50,0.00,,3.33,13.30,83.13,Credit,Visa,3067,,completed
70,#070,2026-05-01,2026-05-01 18:00:21,2026-05-01 18:35:21,dine_in,10,4,3,86.00,0.00,,4.30,17.20,107.50,Cash,,,,completed
71,#071,2026-05-01,2026-05-01 19:30:50,2026-05-01 20:24:50,dine_in,9,5,4,119.50,0.00,,5.98,23.90,149.38,Mobile,Google Pay,2767,,completed
72,#072,2026-05-01,2026-05-01 19:11:37,2026-05-01 19:49:37,dine_in,1,2,4,79.00,0.00,,3.95,15.80,98.75,Cash,,,,completed
73,#073,2026-05-01,2026-05-01 19:50:04,2026-05-01 20:15:04,takeout,,3,7,82.50,0.00,,4.12,0.00,86.62,Mobile,Apple Pay,0944,,completed
74,#074,2026-05-01,2026-05-01 19:19:25,2026-05-01 19:26:25,delivery,,1,2,20.00,0.00,,1.00,0.00,21.00,Debit,Interac Debit,5324,SkipTheDishes,completed
75,#075,2026-05-01,2026-05-01 19:35:15,2026-05-01 20:44:15,dine_in,10,2,5,80.25,0.00,,4.01,16.05,100.31,Debit,Interac Debit,2209,,completed
76,#076,2026-05-01,2026-05-01 19:59:33,2026-05-01 20:11:33,takeout,,2,2,82.50,0.00,,4.12,0.00,86.62,Cash,,,,completed
77,#077,2026-05-01,2026-05-01 19:12:28,2026-05-01 19:50:28,dine_in,6,4,7,99.50,0.00,,4.98,19.90,124.38,Mobile,Apple Pay,7096,,completed
78,#078,2026-05-01,2026-05-01 19:43:09,2026-05-01 20:38:09,dine_in,15,2,2,50.50,0.00,,2.53,10.10,63.13,Credit,Interac Debit,0800,,completed
79,#079,2026-05-01,2026-05-01 19:07:50,2026-05-01 20:04:50,dine_in,10,3,4,110.00,0.00,,5.50,16.50,132.00,Mobile,Apple Pay,0731,,completed
80,#080,2026-05-01,2026-05-01 19:01:12,2026-05-01 20:01:12,dine_in,9,3,8,83.00,0.00,,4.15,20.75,107.90,Debit,Interac Debit,3041,,completed
81,#081,2026-05-01,2026-05-01 19:19:06,2026-05-01 20:22:06,dine_in,9,2,3,62.25,0.00,,3.11,12.45,77.81,Cash,,,,completed
82,#082,2026-05-01,2026-05-01 19:05:12,2026-05-01 19:41:12,dine_in,9,5,6,125.00,0.00,,6.25,25.00,156.25,Debit,Interac Debit,9178,,completed
83,#083,2026-05-01,2026-05-01 19:59:40,2026-05-01 20:08:40,delivery,,4,6,88.00,0.00,,4.40,0.00,92.40,Credit,Mastercard,5667,UberEats,completed
84,#084,2026-05-01,2026-05-01 19:11:30,2026-05-01 19:55:30,dine_in,13,2,4,43.00,0.00,,2.15,8.60,53.75,Credit,Visa,3703,,completed
85,#085,2026-05-01,2026-05-01 19:13:07,2026-05-01 19:59:07,dine_in,9,4,1,94.75,0.00,,4.74,18.95,118.44,Debit,Interac Debit,7496,,completed
86,#086,2026-05-01,2026-05-01 19:06:28,2026-05-01 20:05:28,dine_in,8,3,6,119.50,0.00,,5.98,21.51,146.99,Cash,,,,completed
87,#087,2026-05-01,2026-05-01 19:24:27,2026-05-01 20:19:27,dine_in,7,4,5,120.50,0.00,,6.03,18.07,144.60,Credit,Visa,0515,,completed
88,#088,2026-05-01,2026-05-01 19:32:57,2026-05-01 20:37:57,dine_in,4,4,7,105.75,0.00,,5.29,19.04,130.08,Cash,,,,completed
89,#089,2026-05-01,2026-05-01 19:30:02,2026-05-01 19:59:02,takeout,,2,3,56.50,0.00,,2.83,0.00,59.33,Debit,Interac Debit,6100,,completed
90,#090,2026-05-01,2026-05-01 19:13:01,2026-05-01 19:50:01,dine_in,8,2,3,77.25,0.00,,3.86,15.45,96.56,Debit,Interac Debit,1432,,completed
91,#091,2026-05-01,2026-05-01 20:22:15,2026-05-01 20:51:15,takeout,,4,3,111.50,0.00,,5.58,0.00,117.08,Credit,Visa,4196,,completed
92,#092,2026-05-01,2026-05-01 20:53:24,2026-05-01 21:03:24,delivery,,2,2,44.00,0.00,,2.20,0.00,46.20,Credit,Mastercard,8109,SkipTheDishes,completed
93,#093,2026-05-01,2026-05-01 20:30:47,2026-05-01 21:14:47,dine_in,9,2,5,63.00,0.00,,3.15,9.45,75.60,Credit,Mastercard,0419,,completed
94,#094,2026-05-01,2026-05-01 20:13:13,2026-05-01 20:27:13,takeout,,4,4,105.00,0.00,,5.25,5.25,115.50,Debit,Interac Debit,3619,,completed
95,#095,2026-05-01,2026-05-01 20:27:01,2026-05-01 20:39:01,delivery,,1,5,30.50,0.00,,1.53,0.00,32.03,Debit,Interac Debit,3067,UberEats,completed
96,#096,2026-05-01,2026-05-01 20:46:07,2026-05-01 21:04:07,takeout,,2,6,47.00,0.00,,2.35,7.05,56.40,Credit,Interac Debit,4261,,completed
97,#097,2026-05-01,2026-05-01 20:29:11,2026-05-01 21:05:11,dine_in,4,1,5,20.00,0.00,,1.00,3.00,24.00,Cash,,,,completed
98,#098,2026-05-01,2026-05-01 20:48:33,2026-05-01 22:02:33,dine_in,13,4,4,85.75,0.00,,4.29,15.43,105.47,Cash,,,,completed
99,#001,2026-05-02,2026-05-02 11:03:49,2026-05-02 11:18:49,delivery,,2,3,40.50,0.00,,2.02,0.00,42.52,Credit,Mastercard,6438,SkipTheDishes,completed
100,#002,2026-05-02,2026-05-02 11:32:52,2026-05-02 12:38:52,dine_in,10,2,6,47.50,0.00,,2.38,9.50,59.38,Credit,Mastercard,2937,,completed
101,#003,2026-05-02,2026-05-02 11:41:03,2026-05-02 11:50:03,delivery,,3,6,74.25,0.00,,3.71,0.00,77.96,Credit,Visa,7898,DoorDash,completed
102,#004,2026-05-02,2026-05-02 11:58:27,2026-05-02 12:45:27,dine_in,14,3,2,80.75,0.00,,4.04,16.15,100.94,Debit,Interac Debit,6711,,completed
103,#005,2026-05-02,2026-05-02 11:29:44,2026-05-02 12:26:44,dine_in,7,4,4,126.00,0.00,,6.30,18.90,151.20,Cash,,,,completed
104,#006,2026-05-02,2026-05-02 11:24:55,2026-05-02 11:29:55,delivery,,2,4,58.00,0.00,,2.90,0.00,60.90,Credit,Visa,1583,UberEats,completed
105,#007,2026-05-02,2026-05-02 11:49:16,2026-05-02 12:41:16,dine_in,10,2,4,42.75,0.00,,2.14,7.69,52.58,Cash,,,,completed
106,#008,2026-05-02,2026-05-02 11:01:22,2026-05-02 12:04:22,dine_in,15,2,6,51.75,0.00,,2.59,10.35,64.69,Credit,Visa,1890,,completed
107,#009,2026-05-02,2026-05-02 12:36:19,2026-05-02 13:32:19,dine_in,13,8,8,196.25,0.00,,9.81,39.25,245.31,Mobile,Apple Pay,7943,,completed
108,#010,2026-05-02,2026-05-02 12:30:00,2026-05-02 13:42:00,dine_in,13,3,3,86.00,0.00,,4.30,12.90,103.20,Debit,Interac Debit,2875,,completed
109,#011,2026-05-02,2026-05-02 12:44:16,2026-05-02 13:19:16,dine_in,13,4,2,105.50,0.00,,5.28,18.99,129.77,Credit,Visa,4060,,completed
110,#012,2026-05-02,2026-05-02 12:50:31,2026-05-02 13:39:31,dine_in,4,4,8,109.00,0.00,,5.45,16.35,130.80,Credit,Mastercard,6139,,completed
111,#013,2026-05-02,2026-05-02 12:55:00,2026-05-02 14:09:00,dine_in,9,4,1,105.50,0.00,,5.28,15.82,126.60,Cash,,,,completed
112,#014,2026-05-02,2026-05-02 12:30:05,2026-05-02 13:09:05,dine_in,3,2,2,49.00,0.00,,2.45,7.35,58.80,Debit,Interac Debit,1118,,completed
113,#015,2026-05-02,2026-05-02 12:39:44,2026-05-02 13:53:44,dine_in,13,2,4,47.50,0.00,,2.38,8.55,58.43,Credit,Mastercard,8020,,completed
114,#016,2026-05-02,2026-05-02 12:44:00,2026-05-02 13:31:00,dine_in,13,8,5,187.00,0.00,,9.35,18.70,215.05,Mobile,Apple Pay,9380,,completed
115,#017,2026-05-02,2026-05-02 12:09:18,2026-05-02 13:11:18,dine_in,6,2,7,61.50,0.00,,3.08,15.38,79.96,Credit,Visa,4772,,completed
116,#018,2026-05-02,2026-05-02 12:47:03,2026-05-02 13:37:03,dine_in,15,1,5,19.00,0.00,,0.95,3.80,23.75,Credit,Visa,5137,,completed
117,#019,2026-05-02,2026-05-02 12:01:29,2026-05-02 12:17:29,takeout,,2,7,44.50,0.00,,2.23,0.00,46.73,Cash,,,,completed
118,#020,2026-05-02,2026-05-02 12:08:07,2026-05-02 12:38:07,takeout,,2,1,67.75,0.00,,3.39,0.00,71.14,Credit,Mastercard,5983,,completed
119,#021,2026-05-02,2026-05-02 12:22:17,2026-05-02 13:25:17,dine_in,2,2,3,42.50,0.00,,2.12,4.25,48.87,Mobile,Apple Pay,6738,,completed
120,#022,2026-05-02,2026-05-02 12:05:24,2026-05-02 13:16:24,dine_in,10,2,7,61.00,0.00,,3.05,9.15,73.20,Credit,Visa,2797,,completed
121,#023,2026-05-02,2026-05-02 12:29:25,2026-05-02 12:44:25,delivery,,1,5,32.00,0.00,,1.60,0.00,33.60,Mobile,Google Pay,7625,SkipTheDishes,completed
122,#024,2026-05-02,2026-05-02 12:53:40,2026-05-02 12:58:40,delivery,,3,1,74.50,0.00,,3.73,0.00,78.23,Credit,Visa,0611,DoorDash,completed
123,#025,2026-05-02,2026-05-02 12:02:19,2026-05-02 12:12:19,delivery,,2,6,46.00,0.00,,2.30,0.00,48.30,Mobile,Apple Pay,1583,DoorDash,completed
124,#026,2026-05-02,2026-05-02 12:12:43,2026-05-02 13:25:43,dine_in,12,1,2,24.00,0.00,,1.20,4.32,29.52,Credit,Mastercard,2999,,completed
125,#027,2026-05-02,2026-05-02 12:28:14,2026-05-02 13:31:14,dine_in,13,2,6,63.50,5.00,Manager comp,2.93,10.53,71.96,Debit,Interac Debit,8866,,completed
126,#028,2026-05-02,2026-05-02 12:54:50,2026-05-02 13:30:50,dine_in,14,2,7,37.00,0.00,,1.85,5.55,44.40,Cash,,,,completed
127,#029,2026-05-02,2026-05-02 12:24:50,2026-05-02 13:25:50,dine_in,14,4,1,113.00,0.00,,5.65,16.95,135.60,Cash,,,,completed
128,#030,2026-05-02,2026-05-02 12:55:42,2026-05-02 13:39:42,dine_in,6,3,5,95.50,0.00,,4.78,19.10,119.38,Cash,,,,completed
129,#031,2026-05-02,2026-05-02 13:38:14,2026-05-02 14:36:14,dine_in,6,4,7,107.25,0.00,,5.36,19.30,131.91,Cash,,,,completed
130,#032,2026-05-02,2026-05-02 13:08:36,2026-05-02 14:06:36,dine_in,6,1,6,21.75,0.00,,1.09,5.44,28.28,Debit,Interac Debit,3234,,completed
131,#033,2026-05-02,2026-05-02 13:32:36,2026-05-02 14:38:36,dine_in,14,3,2,70.25,35.12,Staff meal 50%,1.76,5.27,42.16,Mobile,Apple Pay,2256,,completed
132,#034,2026-05-02,2026-05-02 13:10:10,2026-05-02 13:26:10,takeout,,3,1,102.00,0.00,,5.10,0.00,107.10,Credit,Visa,7010,,completed
133,#035,2026-05-02,2026-05-02 13:12:59,2026-05-02 14:11:59,dine_in,13,7,7,178.00,0.00,,8.90,32.04,218.94,Credit,Visa,6179,,completed
134,#036,2026-05-02,2026-05-02 13:41:57,2026-05-02 14:03:57,takeout,,1,5,18.00,0.00,,0.90,0.00,18.90,Debit,Interac Debit,2623,,completed
135,#037,2026-05-02,2026-05-02 13:40:38,2026-05-02 13:52:38,delivery,,1,2,28.25,0.00,,1.41,0.00,29.66,Credit,Mastercard,9651,UberEats,completed
136,#038,2026-05-02,2026-05-02 13:58:05,2026-05-02 14:21:05,takeout,,2,8,47.00,0.00,,2.35,4.70,54.05,Debit,Interac Debit,5139,,completed
137,#039,2026-05-02,2026-05-02 13:37:02,2026-05-02 14:26:02,dine_in,5,3,2,93.50,0.00,,4.67,23.38,121.55,Debit,Interac Debit,2256,,completed
138,#040,2026-05-02,2026-05-02 13:32:28,2026-05-02 13:39:28,delivery,,2,5,67.00,0.00,,3.35,0.00,70.35,Credit,Mastercard,6959,UberEats,completed
139,#041,2026-05-02,2026-05-02 13:06:51,2026-05-02 13:54:51,dine_in,7,2,6,56.50,0.00,,2.83,11.30,70.63,Credit,Mastercard,1198,,completed
140,#042,2026-05-02,2026-05-02 13:30:45,2026-05-02 14:11:45,dine_in,9,3,2,74.25,0.00,,3.71,14.85,92.81,Credit,Mastercard,2786,,completed
141,#043,2026-05-02,2026-05-02 13:53:01,2026-05-02 14:08:01,delivery,,3,5,54.00,0.00,,2.70,0.00,56.70,Credit,Visa,4342,DoorDash,completed
142,#044,2026-05-02,2026-05-02 13:46:58,2026-05-02 14:29:58,dine_in,13,2,2,52.00,0.00,,2.60,5.20,59.80,Mobile,Google Pay,9107,,completed
143,#045,2026-05-02,2026-05-02 13:27:00,2026-05-02 14:15:00,dine_in,5,4,2,125.00,0.00,,6.25,22.50,153.75,Credit,Visa,7898,,completed
144,#046,2026-05-02,2026-05-02 14:05:11,2026-05-02 14:55:11,dine_in,7,2,6,43.50,0.00,,2.18,6.52,52.20,Credit,Visa,2899,,completed
145,#047,2026-05-02,2026-05-02 14:21:02,2026-05-02 15:17:02,dine_in,3,1,1,22.00,0.00,,1.10,3.96,27.06,Credit,Visa,5085,,completed
146,#048,2026-05-02,2026-05-02 14:49:28,2026-05-02 15:27:28,dine_in,10,2,5,58.75,0.00,,2.94,10.57,72.26,Debit,Interac Debit,9726,,completed
147,#049,2026-05-02,2026-05-02 14:42:16,2026-05-02 15:41:16,dine_in,13,4,7,107.50,0.00,,5.38,10.75,123.63,Credit,Interac Debit,3039,,completed
148,#050,2026-05-02,2026-05-02 15:44:01,2026-05-02 15:54:01,delivery,,2,5,57.00,0.00,,2.85,0.00,59.85,Debit,Interac Debit,0582,SkipTheDishes,completed
149,#051,2026-05-02,2026-05-02 15:22:08,2026-05-02 16:10:08,dine_in,10,1,2,26.25,0.00,,1.31,4.72,32.28,Mobile,Google Pay,4951,,completed
150,#052,2026-05-02,2026-05-02 15:12:50,2026-05-02 15:21:50,delivery,,1,4,22.50,0.00,,1.12,0.00,23.62,Credit,Interac Debit,4301,DoorDash,completed
151,#053,2026-05-02,2026-05-02 15:43:07,2026-05-02 15:54:07,delivery,,2,3,52.00,0.00,,2.60,0.00,54.60,Debit,Interac Debit,3202,SkipTheDishes,completed
152,#054,2026-05-02,2026-05-02 16:48:52,2026-05-02 17:13:52,takeout,,1,2,27.25,0.00,,1.36,4.09,32.70,Credit,Visa,1566,,completed
153,#055,2026-05-02,2026-05-02 16:00:29,2026-05-02 16:44:29,dine_in,4,4,1,97.00,0.00,,4.85,19.40,121.25,Cash,,,,completed
154,#056,2026-05-02,2026-05-02 16:18:27,2026-05-02 17:17:27,dine_in,14,1,6,50.50,0.00,,2.53,9.09,62.12,Mobile,Google Pay,1960,,completed
155,#057,2026-05-02,2026-05-02 16:45:18,2026-05-02 17:00:18,takeout,,1,5,28.50,0.00,,1.43,1.43,31.36,Mobile,Google Pay,0419,,completed
156,#058,2026-05-02,2026-05-02 17:05:15,2026-05-02 18:07:15,dine_in,13,4,4,108.00,0.00,,5.40,19.44,132.84,Mobile,Apple Pay,2589,,completed
157,#059,2026-05-02,2026-05-02 17:41:47,2026-05-02 18:42:47,dine_in,7,3,1,67.25,0.00,,3.36,0.00,70.61,Debit,Interac Debit,6183,,completed
158,#060,2026-05-02,2026-05-02 17:31:21,2026-05-02 18:06:21,dine_in,7,3,5,79.50,0.00,,3.98,14.31,97.79,Debit,Interac Debit,9169,,completed
159,#061,2026-05-02,2026-05-02 17:14:29,2026-05-02 17:29:29,takeout,,1,8,18.00,0.00,,0.90,0.00,18.90,Mobile,Apple Pay,0475,,completed
160,#062,2026-05-02,2026-05-02 17:07:19,2026-05-02 17:48:19,dine_in,7,4,1,96.50,0.00,,4.83,19.30,120.63,Credit,Interac Debit,8393,,completed
161,#063,2026-05-02,2026-05-02 17:06:43,2026-05-02 17:46:43,dine_in,10,2,2,50.50,0.00,,2.53,10.10,63.13,Credit,Visa,4384,,completed
162,#064,2026-05-02,2026-05-02 17:45:20,2026-05-02 18:52:20,dine_in,6,1,5,43.25,0.00,,2.16,8.65,54.06,Credit,Visa,1549,,completed
163,#065,2026-05-02,2026-05-02 17:17:29,2026-05-02 17:57:29,dine_in,2,1,5,42.50,0.00,,2.12,8.50,53.12,Credit,Mastercard,8080,,completed
164,#066,2026-05-02,2026-05-02 17:09:01,2026-05-02 17:55:01,dine_in,7,2,1,67.75,0.00,,3.39,12.20,83.34,Mobile,Google Pay,7216,,completed
165,#067,2026-05-02,2026-05-02 17:11:01,2026-05-02 17:24:01,delivery,,1,7,33.00,0.00,,1.65,0.00,34.65,Debit,Interac Debit,3056,UberEats,completed
166,#068,2026-05-02,2026-05-02 17:46:29,2026-05-02 18:07:29,takeout,,1,5,21.00,0.00,,1.05,2.10,24.15,Credit,Mastercard,4899,,completed
167,#069,2026-05-02,2026-05-02 18:39:10,2026-05-02 18:48:10,delivery,,4,1,116.75,0.00,,5.84,0.00,122.59,Debit,Interac Debit,2989,DoorDash,completed
168,#070,2026-05-02,2026-05-02 18:41:26,2026-05-02 19:33:26,dine_in,5,3,1,65.75,0.00,,3.29,11.83,80.87,Credit,Visa,0467,,completed
169,#071,2026-05-02,2026-05-02 18:56:30,2026-05-02 19:10:30,takeout,,2,1,50.50,0.00,,2.53,2.53,55.56,Credit,Visa,8804,,completed
170,#072,2026-05-02,2026-05-02 18:57:46,2026-05-02 19:33:46,dine_in,10,1,7,35.50,5.00,Loyalty,1.53,0.00,32.03,Credit,Interac Debit,9711,,completed
171,#073,2026-05-02,2026-05-02 18:16:00,2026-05-02 19:00:00,dine_in,13,3,6,84.75,0.00,,4.24,16.95,105.94,Debit,Interac Debit,6826,,completed
172,#074,2026-05-02,2026-05-02 18:01:39,2026-05-02 18:48:39,dine_in,14,3,1,75.75,0.00,,3.79,13.63,93.17,Credit,Visa,2899,,completed
173,#075,2026-05-02,2026-05-02 18:51:55,2026-05-02 19:05:55,delivery,,1,1,30.50,0.00,,1.53,0.00,32.03,Credit,Visa,3487,UberEats,completed
174,#076,2026-05-02,2026-05-02 18:09:54,2026-05-02 19:11:54,dine_in,10,3,6,81.50,0.00,,4.08,16.30,101.88,Debit,Interac Debit,1583,,completed
175,#077,2026-05-02,2026-05-02 18:36:33,2026-05-02 19:45:33,dine_in,9,5,6,149.50,0.00,,7.48,0.00,156.98,Credit,Amex,5790,,completed
176,#078,2026-05-02,2026-05-02 18:22:26,2026-05-02 19:21:26,dine_in,6,2,4,49.50,0.00,,2.48,7.42,59.40,Debit,Interac Debit,5564,,completed
177,#079,2026-05-02,2026-05-02 18:43:42,2026-05-02 18:58:42,delivery,,3,2,68.00,0.00,,3.40,0.00,71.40,Credit,Amex,7724,DoorDash,completed
178,#080,2026-05-02,2026-05-02 18:21:32,2026-05-02 18:35:32,delivery,,1,1,27.50,0.00,,1.38,0.00,28.88,Debit,Interac Debit,8436,DoorDash,completed
179,#081,2026-05-02,2026-05-02 18:08:57,2026-05-02 18:57:57,dine_in,14,1,7,37.25,0.00,,1.86,7.45,46.56,Credit,Visa,1576,,completed
180,#082,2026-05-02,2026-05-02 18:45:27,2026-05-02 19:50:27,dine_in,1,2,8,45.50,0.00,,2.27,6.83,54.60,Credit,Mastercard,8830,,completed
181,#083,2026-05-02,2026-05-02 18:50:51,2026-05-02 19:43:51,dine_in,9,1,7,32.00,0.00,,1.60,4.80,38.40,Credit,Visa,5148,,completed
182,#084,2026-05-02,2026-05-02 18:57:34,2026-05-02 19:24:34,takeout,,3,8,85.50,0.00,,4.28,0.00,89.78,Credit,Visa,3519,,completed
183,#085,2026-05-02,2026-05-02 18:16:00,2026-05-02 18:25:00,delivery,,1,6,18.00,0.00,,0.90,0.00,18.90,Debit,Interac Debit,7392,DoorDash,completed
184,#086,2026-05-02,2026-05-02 18:23:58,2026-05-02 18:53:58,takeout,,2,3,45.00,0.00,,2.25,4.50,51.75,Credit,Interac Debit,5487,,completed
185,#087,2026-05-02,2026-05-02 18:36:49,2026-05-02 19:40:49,dine_in,4,1,3,34.00,0.00,,1.70,0.00,35.70,Credit,Visa,0559,,completed
186,#088,2026-05-02,2026-05-02 18:12:57,2026-05-02 18:25:57,delivery,,4,7,103.00,0.00,,5.15,0.00,108.15,Debit,Interac Debit,3739,DoorDash,completed
187,#089,2026-05-02,2026-05-02 18:37:43,2026-05-02 18:51:43,delivery,,2,7,52.50,0.00,,2.62,0.00,55.12,Cash,,,DoorDash,completed
188,#090,2026-05-02,2026-05-02 18:07:59,2026-05-02 18:46:59,dine_in,14,2,2,68.50,0.00,,3.43,17.12,89.05,Mobile,Apple Pay,2797,,completed
189,#091,2026-05-02,2026-05-02 18:23:44,2026-05-02 18:29:44,delivery,,1,5,27.50,0.00,,1.38,0.00,28.88,Cash,,,DoorDash,completed
190,#092,2026-05-02,2026-05-02 18:46:50,2026-05-02 20:01:50,dine_in,13,2,4,61.25,0.00,,3.06,9.19,73.50,Debit,Interac Debit,5135,,completed
191,#093,2026-05-02,2026-05-02 18:21:42,2026-05-02 18:29:42,delivery,,3,4,94.25,0.00,,4.71,0.00,98.96,Debit,Interac Debit,1138,DoorDash,completed
192,#094,2026-05-02,2026-05-02 19:46:25,2026-05-02 21:00:25,dine_in,13,1,8,19.00,0.00,,0.95,2.85,22.80,Cash,,,,completed
193,#095,2026-05-02,2026-05-02 19:50:13,2026-05-02 20:02:13,delivery,,1,4,23.50,0.00,,1.18,0.00,24.68,Cash,,,SkipTheDishes,completed
194,#096,2026-05-02,2026-05-02 19:50:42,2026-05-02 20:45:42,dine_in,7,3,5,70.75,0.00,,3.54,10.61,84.90,Credit,Mastercard,1042,,completed
195,#097,2026-05-02,2026-05-02 19:10:07,2026-05-02 19:33:07,takeout,,3,4,75.50,0.00,,3.78,0.00,79.28,Cash,,,,completed
196,#098,2026-05-02,2026-05-02 19:38:29,2026-05-02 19:47:29,delivery,,1,2,19.00,0.00,,0.95,0.00,19.95,Credit,Mastercard,3740,DoorDash,completed
197,#099,2026-05-02,2026-05-02 19:20:23,2026-05-02 20:11:23,dine_in,14,2,3,49.50,0.00,,2.48,8.91,60.89,Mobile,Apple Pay,9196,,completed
198,#100,2026-05-02,2026-05-02 19:52:43,2026-05-02 20:54:43,dine_in,4,3,7,102.75,0.00,,5.14,15.41,123.30,Cash,,,,completed
199,#101,2026-05-02,2026-05-02 19:03:31,2026-05-02 20:03:31,dine_in,7,2,2,42.00,0.00,,2.10,6.30,50.40,Cash,,,,completed
200,#102,2026-05-02,2026-05-02 19:26:04,2026-05-02 19:34:04,delivery,,1,6,24.50,0.00,,1.23,0.00,25.73,Credit,Interac Debit,7713,UberEats,completed
201,#103,2026-05-02,2026-05-02 19:03:44,2026-05-02 19:16:44,delivery,,2,4,46.50,0.00,,2.33,0.00,48.83,Mobile,Apple Pay,5511,DoorDash,completed
202,#104,2026-05-02,2026-05-02 19:01:29,2026-05-02 19:54:29,dine_in,11,2,4,76.50,0.00,,3.83,13.77,94.10,Cash,,,,completed
203,#105,2026-05-02,2026-05-02 19:42:18,2026-05-02 20:49:18,dine_in,9,2,1,60.00,0.00,,3.00,12.00,75.00,Credit,Mastercard,1731,,completed
204,#106,2026-05-02,2026-05-02 19:59:46,2026-05-02 20:13:46,delivery,,2,7,86.25,0.00,,4.31,0.00,90.56,Credit,Interac Debit,9742,DoorDash,completed
205,#107,2026-05-02,2026-05-02 19:49:59,2026-05-02 20:58:59,dine_in,14,1,5,39.50,0.00,,1.98,5.92,47.40,Debit,Interac Debit,4133,,completed
206,#108,2026-05-02,2026-05-02 19:10:07,2026-05-02 20:08:07,dine_in,8,2,6,44.50,0.00,,2.23,4.45,51.18,Debit,Interac Debit,9785,,completed
207,#109,2026-05-02,2026-05-02 19:26:35,2026-05-02 19:49:35,takeout,,3,2,84.00,0.00,,4.20,8.40,96.60,Cash,,,,completed
208,#110,2026-05-02,2026-05-02 19:53:59,2026-05-02 20:33:59,dine_in,6,2,3,47.50,0.00,,2.38,8.55,58.43,Credit,Interac Debit,6858,,completed
209,#111,2026-05-02,2026-05-02 19:30:03,2026-05-02 19:42:03,delivery,,2,4,65.50,0.00,,3.28,0.00,68.78,Credit,Interac Debit,4939,SkipTheDishes,completed
210,#112,2026-05-02,2026-05-02 20:47:46,2026-05-02 21:15:46,takeout,,2,8,63.25,0.00,,3.16,0.00,66.41,Debit,Interac Debit,2418,,completed
211,#113,2026-05-02,2026-05-02 20:59:56,2026-05-02 21:22:56,takeout,,1,6,24.50,0.00,,1.23,0.00,25.73,Cash,,,,completed
212,#114,2026-05-02,2026-05-02 20:39:07,2026-05-02 21:33:07,dine_in,9,2,7,50.50,0.00,,2.53,5.05,58.08,Debit,Interac Debit,2685,,completed
213,#115,2026-05-02,2026-05-02 20:27:35,2026-05-02 21:14:35,dine_in,9,5,2,152.50,0.00,,7.62,27.45,187.57,Cash,,,,completed
214,#116,2026-05-02,2026-05-02 20:16:07,2026-05-02 20:52:07,dine_in,7,3,2,86.00,0.00,,4.30,12.90,103.20,Debit,Interac Debit,8404,,completed
215,#117,2026-05-02,2026-05-02 20:14:12,2026-05-02 21:22:12,dine_in,4,2,4,60.00,0.00,,3.00,6.00,69.00,Credit,Mastercard,5320,,completed
216,#118,2026-05-02,2026-05-02 20:44:52,2026-05-02 21:23:52,dine_in,14,2,5,67.00,0.00,,3.35,13.40,83.75,Credit,Visa,6726,,completed
217,#119,2026-05-02,2026-05-02 20:00:45,2026-05-02 20:08:45,delivery,,1,5,25.25,0.00,,1.26,0.00,0.00,Debit,Interac Debit,8541,DoorDash,voided
218,#120,2026-05-02,2026-05-02 20:07:07,2026-05-02 21:21:07,dine_in,14,4,5,123.00,0.00,,6.15,18.45,147.60,Mobile,Google Pay,7498,,completed
219,#121,2026-05-02,2026-05-02 20:05:44,2026-05-02 21:15:44,dine_in,4,2,1,47.00,0.00,,2.35,8.46,57.81,Credit,Visa,5434,,completed
220,#001,2026-05-03,2026-05-03 11:47:04,2026-05-03 12:22:04,dine_in,10,2,5,43.50,0.00,,2.18,7.83,53.51,Cash,,,,completed
221,#002,2026-05-03,2026-05-03 11:02:55,2026-05-03 11:20:55,takeout,,1,3,19.00,0.00,,0.95,2.85,22.80,Cash,,,,completed
222,#003,2026-05-03,2026-05-03 11:12:15,2026-05-03 11:28:15,takeout,,3,5,67.00,0.00,,3.35,0.00,70.35,Mobile,Google Pay,3352,,completed
223,#004,2026-05-03,2026-05-03 11:36:21,2026-05-03 12:36:21,dine_in,12,2,6,43.50,0.00,,2.18,8.70,54.38,Credit,Interac Debit,3532,,completed
224,#005,2026-05-03,2026-05-03 11:26:47,2026-05-03 11:37:47,delivery,,2,4,59.50,0.00,,2.98,0.00,62.48,Credit,Visa,9246,UberEats,completed
225,#006,2026-05-03,2026-05-03 11:23:00,2026-05-03 12:09:00,dine_in,13,7,1,188.00,0.00,,9.40,33.84,231.24,Debit,Interac Debit,1583,,completed
226,#007,2026-05-03,2026-05-03 12:47:57,2026-05-03 13:36:57,dine_in,9,4,6,113.50,0.00,,5.68,22.70,141.88,Credit,Mastercard,7645,,completed
227,#008,2026-05-03,2026-05-03 12:39:15,2026-05-03 13:18:15,dine_in,13,2,7,53.00,5.30,Birthday 10%,2.39,7.16,57.25,Mobile,Google Pay,5216,,completed
228,#009,2026-05-03,2026-05-03 12:16:53,2026-05-03 12:24:53,delivery,,1,3,18.00,0.00,,0.90,0.00,18.90,Debit,Interac Debit,0267,SkipTheDishes,completed
229,#010,2026-05-03,2026-05-03 12:29:01,2026-05-03 12:44:01,takeout,,1,1,22.50,0.00,,1.12,2.25,25.87,Debit,Interac Debit,2508,,completed
230,#011,2026-05-03,2026-05-03 12:02:52,2026-05-03 12:07:52,delivery,,2,5,67.25,0.00,,3.36,0.00,70.61,Debit,Interac Debit,6587,SkipTheDishes,completed
231,#012,2026-05-03,2026-05-03 12:42:58,2026-05-03 12:51:58,delivery,,4,6,110.50,0.00,,5.53,0.00,116.03,Credit,Visa,9201,DoorDash,completed
232,#013,2026-05-03,2026-05-03 12:13:50,2026-05-03 12:26:50,delivery,,2,8,49.25,0.00,,2.46,0.00,51.71,Mobile,Google Pay,8404,UberEats,completed
233,#014,2026-05-03,2026-05-03 12:17:49,2026-05-03 12:59:49,dine_in,8,1,6,24.50,0.00,,1.23,3.67,29.40,Debit,Interac Debit,9299,,completed
234,#015,2026-05-03,2026-05-03 12:42:44,2026-05-03 12:50:44,delivery,,2,2,74.50,0.00,,3.73,0.00,78.23,Credit,Visa,8682,DoorDash,completed
235,#016,2026-05-03,2026-05-03 12:08:03,2026-05-03 13:08:03,dine_in,4,3,3,84.75,0.00,,4.24,15.25,104.24,Debit,Interac Debit,4569,,completed
236,#017,2026-05-03,2026-05-03 12:00:32,2026-05-03 12:57:32,dine_in,5,4,3,107.50,10.00,Loyalty,4.88,17.55,119.93,Cash,,,,completed
237,#018,2026-05-03,2026-05-03 12:12:07,2026-05-03 12:22:07,delivery,,3,4,83.75,0.00,,4.19,0.00,87.94,Credit,Interac Debit,1556,UberEats,completed
238,#019,2026-05-03,2026-05-03 12:13:58,2026-05-03 12:19:58,delivery,,2,5,50.00,0.00,,2.50,0.00,52.50,Mobile,Google Pay,8939,UberEats,completed
239,#020,2026-05-03,2026-05-03 12:12:44,2026-05-03 12:41:44,takeout,,1,6,19.00,0.00,,0.95,0.00,19.95,Debit,Interac Debit,8850,,completed
240,#021,2026-05-03,2026-05-03 12:29:00,2026-05-03 12:39:00,delivery,,1,3,40.50,0.00,,2.02,0.00,42.52,Credit,Visa,8882,SkipTheDishes,completed
241,#022,2026-05-03,2026-05-03 12:15:49,2026-05-03 12:25:49,delivery,,1,5,25.50,3.82,Loyalty,1.08,0.00,22.76,Debit,Interac Debit,1319,SkipTheDishes,completed
242,#023,2026-05-03,2026-05-03 12:28:19,2026-05-03 12:36:19,delivery,,1,2,35.50,0.00,,1.78,0.00,37.28,Credit,Visa,4131,SkipTheDishes,completed
243,#024,2026-05-03,2026-05-03 13:05:50,2026-05-03 13:42:50,dine_in,5,2,4,56.00,0.00,,2.80,8.40,67.20,Debit,Interac Debit,4365,,completed
244,#025,2026-05-03,2026-05-03 13:41:21,2026-05-03 14:28:21,dine_in,10,5,4,147.50,0.00,,7.38,26.55,181.43,Credit,Visa,0955,,completed
245,#026,2026-05-03,2026-05-03 13:22:22,2026-05-03 14:14:22,dine_in,6,1,7,38.50,0.00,,1.93,6.93,47.36,Credit,Mastercard,2568,,completed
246,#027,2026-05-03,2026-05-03 13:41:34,2026-05-03 14:19:34,dine_in,1,2,3,50.00,0.00,,2.50,5.00,57.50,Credit,Interac Debit,9282,,completed
247,#028,2026-05-03,2026-05-03 13:36:33,2026-05-03 14:00:33,takeout,,2,6,86.25,0.00,,4.31,4.31,94.87,Credit,Mastercard,7035,,completed
248,#029,2026-05-03,2026-05-03 13:29:20,2026-05-03 14:38:20,dine_in,5,4,6,102.75,0.00,,5.14,20.55,128.44,Credit,Visa,7850,,completed
249,#030,2026-05-03,2026-05-03 13:10:04,2026-05-03 13:22:04,delivery,,2,7,51.00,0.00,,2.55,0.00,53.55,Cash,,,DoorDash,completed
250,#031,2026-05-03,2026-05-03 13:36:49,2026-05-03 14:50:49,dine_in,7,2,8,49.00,0.00,,2.45,9.80,61.25,Debit,Interac Debit,4762,,completed
251,#032,2026-05-03,2026-05-03 13:15:44,2026-05-03 14:25:44,dine_in,13,4,2,97.50,9.75,Birthday 10%,4.39,13.16,105.30,Credit,Amex,8527,,completed
252,#033,2026-05-03,2026-05-03 13:35:15,2026-05-03 14:38:15,dine_in,4,2,1,55.50,0.00,,2.78,9.99,68.27,Debit,Interac Debit,7897,,completed
253,#034,2026-05-03,2026-05-03 13:40:08,2026-05-03 14:37:08,dine_in,7,4,8,120.75,0.00,,6.04,24.15,150.94,Mobile,Apple Pay,5435,,completed
254,#035,2026-05-03,2026-05-03 13:23:09,2026-05-03 14:26:09,dine_in,14,1,6,18.00,0.00,,0.90,0.00,18.90,Debit,Interac Debit,1467,,completed
255,#036,2026-05-03,2026-05-03 13:53:15,2026-05-03 14:37:15,dine_in,11,2,1,41.00,0.00,,2.05,7.38,50.43,Credit,Mastercard,6130,,completed
256,#037,2026-05-03,2026-05-03 13:13:41,2026-05-03 13:27:41,delivery,,2,4,61.75,0.00,,3.09,0.00,64.84,Credit,Visa,4841,DoorDash,completed
257,#038,2026-05-03,2026-05-03 13:28:12,2026-05-03 13:41:12,delivery,,3,8,100.25,0.00,,5.01,0.00,105.26,Cash,,,UberEats,completed
258,#039,2026-05-03,2026-05-03 13:20:51,2026-05-03 14:28:51,dine_in,13,4,7,107.50,0.00,,5.38,21.50,134.38,Cash,,,,completed
259,#040,2026-05-03,2026-05-03 14:17:19,2026-05-03 14:28:19,delivery,,2,6,53.00,0.00,,2.65,0.00,55.65,Debit,Interac Debit,6846,SkipTheDishes,completed
260,#041,2026-05-03,2026-05-03 14:09:52,2026-05-03 14:58:52,dine_in,9,2,8,52.25,0.00,,2.61,10.45,65.31,Debit,Interac Debit,9664,,completed
261,#042,2026-05-03,2026-05-03 14:17:06,2026-05-03 14:55:06,dine_in,7,4,2,105.00,0.00,,5.25,21.00,131.25,Cash,,,,completed
262,#043,2026-05-03,2026-05-03 14:29:41,2026-05-03 15:16:41,dine_in,7,4,1,115.50,0.00,,5.78,20.79,142.07,Debit,Interac Debit,8271,,completed
263,#044,2026-05-03,2026-05-03 14:37:07,2026-05-03 14:56:07,takeout,,2,5,57.50,0.00,,2.88,0.00,60.38,Debit,Interac Debit,2607,,completed
264,#045,2026-05-03,2026-05-03 15:52:37,2026-05-03 17:02:37,dine_in,14,4,6,91.75,13.76,Manager comp,3.90,11.70,93.59,Mobile,Google Pay,1863,,completed
265,#046,2026-05-03,2026-05-03 15:31:45,2026-05-03 15:44:45,takeout,,2,8,40.00,0.00,,2.00,6.00,48.00,Credit,Interac Debit,5783,,completed
266,#047,2026-05-03,2026-05-03 16:32:13,2026-05-03 16:49:13,takeout,,3,3,66.75,0.00,,3.34,0.00,70.09,Debit,Interac Debit,5522,,completed
267,#048,2026-05-03,2026-05-03 16:37:27,2026-05-03 17:28:27,dine_in,12,2,2,46.50,0.00,,2.33,9.30,58.13,Debit,Interac Debit,3439,,completed
268,#049,2026-05-03,2026-05-03 16:09:40,2026-05-03 16:52:40,dine_in,3,2,7,44.25,0.00,,2.21,6.64,53.10,Debit,Interac Debit,2521,,completed
269,#050,2026-05-03,2026-05-03 17:40:00,2026-05-03 18:23:00,dine_in,10,5,8,129.75,0.00,,6.49,23.36,159.60,Credit,Interac Debit,0601,,completed
270,#051,2026-05-03,2026-05-03 17:10:26,2026-05-03 17:22:26,delivery,,3,7,88.50,0.00,,4.42,0.00,92.92,Credit,Visa,0252,UberEats,completed
271,#052,2026-05-03,2026-05-03 17:54:55,2026-05-03 18:56:55,dine_in,8,3,3,79.25,0.00,,3.96,14.26,97.47,Credit,Visa,8895,,completed
272,#053,2026-05-03,2026-05-03 17:07:26,2026-05-03 17:43:26,dine_in,10,4,1,122.00,0.00,,6.10,21.96,150.06,Mobile,Google Pay,3597,,completed
273,#054,2026-05-03,2026-05-03 17:40:19,2026-05-03 18:01:19,takeout,,3,4,77.25,0.00,,3.86,3.86,84.97,Debit,Interac Debit,0355,,completed
274,#055,2026-05-03,2026-05-03 17:54:08,2026-05-03 18:29:08,dine_in,11,2,6,50.25,0.00,,2.51,12.56,65.32,Debit,Interac Debit,4762,,completed
275,#056,2026-05-03,2026-05-03 17:46:18,2026-05-03 17:51:18,delivery,,2,2,72.25,0.00,,3.61,0.00,75.86,Cash,,,DoorDash,completed
276,#057,2026-05-03,2026-05-03 17:42:26,2026-05-03 18:27:26,dine_in,9,2,1,45.50,0.00,,2.27,6.83,54.60,Cash,,,,completed
277,#058,2026-05-03,2026-05-03 17:51:22,2026-05-03 18:47:22,dine_in,9,3,2,75.75,0.00,,3.79,11.36,90.90,Debit,Interac Debit,2768,,completed
278,#059,2026-05-03,2026-05-03 17:09:15,2026-05-03 17:23:15,takeout,,4,6,147.25,0.00,,7.36,14.73,169.34,Credit,Visa,0271,,completed
279,#060,2026-05-03,2026-05-03 17:37:20,2026-05-03 17:45:20,delivery,,4,7,121.25,0.00,,6.06,0.00,127.31,Debit,Interac Debit,0837,DoorDash,completed
280,#061,2026-05-03,2026-05-03 17:40:30,2026-05-03 18:21:30,dine_in,7,2,7,57.50,0.00,,2.88,8.62,69.00,Debit,Interac Debit,8513,,completed
281,#062,2026-05-03,2026-05-03 17:55:30,2026-05-03 18:51:30,dine_in,10,6,7,177.50,0.00,,8.88,35.50,221.88,Debit,Interac Debit,1797,,completed
282,#063,2026-05-03,2026-05-03 17:53:05,2026-05-03 18:45:05,dine_in,8,4,5,113.25,0.00,,5.66,22.65,141.56,Credit,Visa,2924,,completed
283,#064,2026-05-03,2026-05-03 17:39:57,2026-05-03 18:14:57,dine_in,5,3,7,91.25,0.00,,4.56,18.25,114.06,Credit,Mastercard,3435,,completed
284,#065,2026-05-03,2026-05-03 17:22:57,2026-05-03 17:59:57,dine_in,10,1,7,24.25,0.00,,1.21,3.64,29.10,Credit,Visa,9285,,completed
285,#066,2026-05-03,2026-05-03 17:43:09,2026-05-03 18:30:09,dine_in,2,2,2,65.00,0.00,,3.25,9.75,78.00,Credit,Mastercard,7580,,completed
286,#067,2026-05-03,2026-05-03 18:31:19,2026-05-03 19:22:19,dine_in,10,5,5,151.00,0.00,,7.55,27.18,185.73,Credit,Visa,6664,,completed
287,#068,2026-05-03,2026-05-03 18:42:19,2026-05-03 19:49:19,dine_in,8,2,3,53.25,0.00,,2.66,10.65,66.56,Debit,Interac Debit,4402,,completed
288,#069,2026-05-03,2026-05-03 18:48:34,2026-05-03 19:03:34,delivery,,1,4,19.00,0.00,,0.95,0.00,19.95,Debit,Interac Debit,8559,SkipTheDishes,completed
289,#070,2026-05-03,2026-05-03 18:15:40,2026-05-03 18:39:40,takeout,,1,2,19.00,0.00,,0.95,0.00,19.95,Credit,Mastercard,3513,,completed
290,#071,2026-05-03,2026-05-03 18:34:11,2026-05-03 19:37:11,dine_in,5,2,8,66.25,0.00,,3.31,9.94,79.50,Mobile,Apple Pay,7227,,completed
291,#072,2026-05-03,2026-05-03 18:59:37,2026-05-03 20:02:37,dine_in,5,1,3,18.00,0.00,,0.90,2.70,21.60,Credit,Mastercard,7897,,completed
292,#073,2026-05-03,2026-05-03 18:55:22,2026-05-03 19:07:22,delivery,,2,6,48.00,0.00,,2.40,0.00,50.40,Debit,Interac Debit,5414,DoorDash,completed
293,#074,2026-05-03,2026-05-03 18:15:11,2026-05-03 19:23:11,dine_in,3,2,7,65.25,0.00,,3.26,9.79,78.30,Credit,Visa,4249,,completed
294,#075,2026-05-03,2026-05-03 18:13:18,2026-05-03 18:27:18,delivery,,2,3,41.50,0.00,,2.08,0.00,43.58,Credit,Visa,6917,DoorDash,completed
295,#076,2026-05-03,2026-05-03 18:24:51,2026-05-03 19:16:51,dine_in,9,2,3,66.50,0.00,,3.33,13.30,83.13,Credit,Amex,8467,,completed
296,#077,2026-05-03,2026-05-03 18:04:24,2026-05-03 18:11:24,delivery,,1,6,19.00,0.00,,0.95,0.00,19.95,Credit,Amex,0731,DoorDash,completed
297,#078,2026-05-03,2026-05-03 18:13:36,2026-05-03 18:19:36,delivery,,1,5,27.50,0.00,,1.38,0.00,28.88,Credit,Interac Debit,7749,DoorDash,completed
298,#079,2026-05-03,2026-05-03 18:17:14,2026-05-03 18:30:14,delivery,,2,8,52.25,0.00,,2.61,0.00,54.86,Credit,Visa,6396,DoorDash,completed
299,#080,2026-05-03,2026-05-03 18:16:35,2026-05-03 18:34:35,takeout,,2,6,52.50,0.00,,2.62,0.00,55.12,Credit,Mastercard,4375,,completed
300,#081,2026-05-03,2026-05-03 19:31:00,2026-05-03 19:42:00,delivery,,1,2,19.00,0.00,,0.95,0.00,19.95,Cash,,,DoorDash,completed
301,#082,2026-05-03,2026-05-03 19:58:41,2026-05-03 21:01:41,dine_in,6,4,1,105.25,0.00,,5.26,18.95,129.46,Mobile,Google Pay,8720,,completed
302,#083,2026-05-03,2026-05-03 19:44:39,2026-05-03 19:59:39,delivery,,2,1,42.50,0.00,,2.12,0.00,44.62,Cash,,,UberEats,completed
303,#084,2026-05-03,2026-05-03 19:47:28,2026-05-03 20:06:28,takeout,,2,5,53.00,0.00,,2.65,0.00,55.65,Debit,Interac Debit,5282,,completed
304,#085,2026-05-03,2026-05-03 19:54:33,2026-05-03 20:15:33,takeout,,2,8,43.50,0.00,,2.18,0.00,45.68,Mobile,Apple Pay,5966,,completed
305,#086,2026-05-03,2026-05-03 19:54:34,2026-05-03 20:34:34,dine_in,7,1,8,23.50,0.00,,1.18,3.52,28.20,Credit,Visa,2899,,completed
306,#087,2026-05-03,2026-05-03 19:18:19,2026-05-03 20:14:19,dine_in,10,5,6,101.00,0.00,,5.05,18.18,124.23,Debit,Interac Debit,7893,,completed
307,#088,2026-05-03,2026-05-03 19:42:05,2026-05-03 19:49:05,delivery,,1,5,23.50,0.00,,1.18,0.00,24.68,Debit,Interac Debit,7155,SkipTheDishes,completed
308,#089,2026-05-03,2026-05-03 19:34:04,2026-05-03 19:39:04,delivery,,2,3,54.75,0.00,,2.74,0.00,57.49,Credit,Mastercard,2090,SkipTheDishes,completed
309,#090,2026-05-03,2026-05-03 19:17:45,2026-05-03 20:28:45,dine_in,3,2,8,67.25,0.00,,3.36,12.11,82.72,Credit,Visa,2280,,completed
310,#091,2026-05-03,2026-05-03 19:11:44,2026-05-03 20:16:44,dine_in,9,5,4,148.00,0.00,,7.40,26.64,182.04,Mobile,Google Pay,7678,,completed
311,#092,2026-05-03,2026-05-03 19:35:12,2026-05-03 20:12:12,dine_in,13,2,8,57.00,0.00,,2.85,10.26,70.11,Credit,Visa,4799,,completed
312,#093,2026-05-03,2026-05-03 19:17:13,2026-05-03 20:03:13,dine_in,9,3,5,82.00,0.00,,4.10,14.76,100.86,Mobile,Google Pay,8869,,completed
313,#094,2026-05-03,2026-05-03 19:19:59,2026-05-03 20:30:59,dine_in,2,2,7,68.25,0.00,,3.41,10.24,81.90,Credit,Mastercard,1507,,completed
314,#095,2026-05-03,2026-05-03 19:53:09,2026-05-03 20:59:09,dine_in,10,2,4,46.50,0.00,,2.33,8.37,57.20,Cash,,,,completed
315,#096,2026-05-03,2026-05-03 19:10:35,2026-05-03 20:18:35,dine_in,6,4,1,133.00,0.00,,6.65,13.30,152.95,Debit,Interac Debit,5791,,completed
316,#097,2026-05-03,2026-05-03 20:25:09,2026-05-03 20:38:09,delivery,,2,2,55.75,0.00,,2.79,0.00,58.54,Credit,Mastercard,1907,SkipTheDishes,completed
317,#098,2026-05-03,2026-05-03 20:11:19,2026-05-03 20:17:19,delivery,,4,8,108.75,0.00,,5.44,0.00,114.19,Debit,Interac Debit,0024,UberEats,completed
318,#099,2026-05-03,2026-05-03 20:33:37,2026-05-03 21:37:37,dine_in,2,2,6,51.50,0.00,,2.58,7.72,61.80,Debit,Interac Debit,7035,,completed
319,#100,2026-05-03,2026-05-03 20:04:38,2026-05-03 20:17:38,delivery,,1,6,19.00,0.00,,0.95,0.00,19.95,Debit,Interac Debit,8682,UberEats,completed
320,#101,2026-05-03,2026-05-03 20:50:22,2026-05-03 21:10:22,takeout,,1,4,30.50,0.00,,1.53,0.00,32.03,Debit,Interac Debit,1907,,completed
321,#102,2026-05-03,2026-05-03 20:48:50,2026-05-03 21:57:50,dine_in,6,2,3,89.00,0.00,,4.45,17.80,111.25,Mobile,Google Pay,3427,,completed
322,#103,2026-05-03,2026-05-03 20:11:23,2026-05-03 20:53:23,dine_in,10,5,1,131.00,0.00,,6.55,26.20,163.75,Credit,Mastercard,6573,,completed
323,#104,2026-05-03,2026-05-03 20:25:11,2026-05-03 21:25:11,dine_in,3,2,2,74.50,0.00,,3.73,14.90,93.13,Credit,Mastercard,2195,,completed
324,#105,2026-05-03,2026-05-03 20:49:06,2026-05-03 22:00:06,dine_in,13,2,4,57.00,0.00,,2.85,10.26,70.11,Mobile,Google Pay,3219,,completed
325,#106,2026-05-03,2026-05-03 20:18:26,2026-05-03 21:27:26,dine_in,8,3,1,88.75,0.00,,4.44,17.75,110.94,Cash,,,,completed
326,#107,2026-05-03,2026-05-03 20:54:33,2026-05-03 21:32:33,dine_in,14,2,3,48.00,0.00,,2.40,9.60,60.00,Credit,Mastercard,4678,,completed
327,#001,2026-05-04,2026-05-04 11:11:20,2026-05-04 12:22:20,dine_in,11,2,4,58.75,0.00,,2.94,8.81,70.50,Credit,Interac Debit,3658,,completed
328,#002,2026-05-04,2026-05-04 11:02:31,2026-05-04 11:40:31,dine_in,7,4,3,101.00,0.00,,5.05,18.18,124.23,Debit,Interac Debit,4700,,completed
329,#003,2026-05-04,2026-05-04 11:51:10,2026-05-04 11:57:10,delivery,,1,4,26.00,0.00,,1.30,0.00,27.30,Cash,,,UberEats,completed
330,#004,2026-05-04,2026-05-04 11:56:24,2026-05-04 13:07:24,dine_in,14,2,10,55.50,0.00,,2.78,8.32,66.60,Credit,Visa,8704,,completed
331,#005,2026-05-04,2026-05-04 11:22:48,2026-05-04 12:18:48,dine_in,15,2,9,47.25,0.00,,2.36,9.45,59.06,Credit,Visa,5148,,completed
332,#006,2026-05-04,2026-05-04 12:17:18,2026-05-04 12:22:18,delivery,,2,9,64.50,0.00,,3.23,0.00,67.73,Mobile,Apple Pay,0359,DoorDash,completed
333,#007,2026-05-04,2026-05-04 12:26:04,2026-05-04 13:07:04,dine_in,5,3,2,89.50,0.00,,4.48,16.11,110.09,Debit,Interac Debit,3607,,completed
334,#008,2026-05-04,2026-05-04 12:19:17,2026-05-04 12:26:17,delivery,,1,9,25.25,0.00,,1.26,0.00,26.51,Mobile,Google Pay,0151,SkipTheDishes,completed
335,#009,2026-05-04,2026-05-04 12:46:14,2026-05-04 13:24:14,dine_in,5,1,3,27.50,0.00,,1.38,4.95,33.83,Debit,Interac Debit,0041,,completed
336,#010,2026-05-04,2026-05-04 12:37:39,2026-05-04 13:46:39,dine_in,10,2,1,47.00,0.00,,2.35,9.40,58.75,Credit,Visa,8682,,completed
337,#011,2026-05-04,2026-05-04 12:55:27,2026-05-04 13:34:27,dine_in,9,3,2,83.00,0.00,,4.15,12.45,99.60,Debit,Interac Debit,7367,,completed
338,#012,2026-05-04,2026-05-04 12:30:15,2026-05-04 12:51:15,takeout,,1,1,22.50,0.00,,1.12,2.25,25.87,Mobile,Google Pay,5178,,completed
339,#013,2026-05-04,2026-05-04 12:43:35,2026-05-04 13:19:35,dine_in,13,2,9,52.00,0.00,,2.60,5.20,59.80,Credit,Visa,4958,,completed
340,#014,2026-05-04,2026-05-04 12:24:26,2026-05-04 12:46:26,takeout,,3,9,69.00,0.00,,3.45,0.00,72.45,Cash,,,,completed
341,#015,2026-05-04,2026-05-04 12:47:15,2026-05-04 13:08:15,takeout,,1,9,18.00,5.00,Manager comp,0.65,0.00,13.65,Credit,Interac Debit,7073,,completed
342,#016,2026-05-04,2026-05-04 13:37:45,2026-05-04 14:36:45,dine_in,14,2,1,57.50,0.00,,2.88,10.35,70.73,Debit,Interac Debit,9420,,completed
343,#017,2026-05-04,2026-05-04 13:38:24,2026-05-04 14:40:24,dine_in,4,4,10,130.00,0.00,,6.50,26.00,162.50,Credit,Visa,1951,,completed
344,#018,2026-05-04,2026-05-04 13:17:10,2026-05-04 14:00:10,dine_in,4,4,5,96.00,0.00,,4.80,17.28,118.08,Debit,Interac Debit,1610,,completed
345,#019,2026-05-04,2026-05-04 13:05:46,2026-05-04 14:15:46,dine_in,9,4,5,136.25,0.00,,6.81,24.52,167.58,Cash,,,,completed
346,#020,2026-05-04,2026-05-04 13:21:52,2026-05-04 14:07:52,dine_in,10,1,9,21.00,0.00,,1.05,3.15,25.20,Credit,Mastercard,5472,,completed
347,#021,2026-05-04,2026-05-04 13:01:47,2026-05-04 13:29:47,takeout,,3,5,95.50,0.00,,4.78,4.78,105.06,Credit,Interac Debit,8159,,completed
348,#022,2026-05-04,2026-05-04 13:00:37,2026-05-04 13:46:37,dine_in,6,2,3,56.50,0.00,,2.83,14.12,73.45,Debit,Interac Debit,3602,,completed
349,#023,2026-05-04,2026-05-04 13:56:45,2026-05-04 15:04:45,dine_in,7,3,3,77.75,0.00,,3.89,11.66,93.30,Mobile,Google Pay,5881,,completed
350,#024,2026-05-04,2026-05-04 13:10:40,2026-05-04 13:32:40,takeout,,3,3,76.25,0.00,,3.81,11.44,91.50,Debit,Interac Debit,9105,,completed
351,#025,2026-05-04,2026-05-04 13:17:29,2026-05-04 14:03:29,dine_in,8,3,1,89.00,0.00,,4.45,13.35,106.80,Mobile,Apple Pay,7470,,completed
352,#026,2026-05-04,2026-05-04 14:27:09,2026-05-04 14:37:09,delivery,,3,2,83.50,0.00,,4.17,0.00,87.67,Credit,Interac Debit,1759,UberEats,completed
353,#027,2026-05-04,2026-05-04 14:17:10,2026-05-04 14:58:10,dine_in,15,2,10,61.75,0.00,,3.09,12.35,77.19,Credit,Visa,1106,,completed
354,#028,2026-05-04,2026-05-04 14:12:32,2026-05-04 14:53:32,dine_in,13,2,4,66.75,0.00,,3.34,16.69,86.78,Cash,,,,completed
355,#029,2026-05-04,2026-05-04 15:37:38,2026-05-04 16:41:38,dine_in,7,2,2,49.50,0.00,,2.48,4.95,56.93,Cash,,,,completed
356,#030,2026-05-04,2026-05-04 15:01:45,2026-05-04 16:00:45,dine_in,10,4,4,111.25,0.00,,5.56,20.02,136.83,Cash,,,,completed
357,#031,2026-05-04,2026-05-04 16:03:04,2026-05-04 16:48:04,dine_in,2,1,7,29.25,0.00,,1.46,4.39,35.10,Mobile,Apple Pay,2072,,completed
358,#032,2026-05-04,2026-05-04 16:21:11,2026-05-04 16:37:11,takeout,,2,8,58.25,0.00,,2.91,5.83,66.99,Debit,Interac Debit,0082,,completed
359,#033,2026-05-04,2026-05-04 16:08:19,2026-05-04 16:53:19,dine_in,12,2,8,47.00,0.00,,2.35,0.00,0.00,Credit,Visa,8245,,voided
360,#034,2026-05-04,2026-05-04 16:16:31,2026-05-04 17:12:31,dine_in,6,4,4,119.50,0.00,,5.98,17.93,143.41,Credit,Mastercard,5337,,completed
361,#035,2026-05-04,2026-05-04 16:31:23,2026-05-04 17:30:23,dine_in,5,3,6,89.00,0.00,,4.45,22.25,115.70,Credit,Interac Debit,8234,,completed
362,#036,2026-05-04,2026-05-04 17:13:51,2026-05-04 17:19:51,delivery,,1,6,35.00,0.00,,1.75,0.00,36.75,Credit,Visa,0567,SkipTheDishes,completed
363,#037,2026-05-04,2026-05-04 17:54:06,2026-05-04 18:37:06,dine_in,4,2,7,66.00,0.00,,3.30,13.20,82.50,Debit,Interac Debit,0557,,completed
364,#038,2026-05-04,2026-05-04 17:58:54,2026-05-04 18:51:54,dine_in,14,2,6,57.00,0.00,,2.85,8.55,68.40,Mobile,Google Pay,5550,,completed
365,#039,2026-05-04,2026-05-04 17:59:34,2026-05-04 18:52:34,dine_in,2,2,4,65.50,0.00,,3.28,9.82,78.60,Debit,Interac Debit,2899,,completed
366,#040,2026-05-04,2026-05-04 17:04:48,2026-05-04 17:31:48,takeout,,2,6,44.50,0.00,,2.23,0.00,46.73,Cash,,,,completed
367,#041,2026-05-04,2026-05-04 17:20:54,2026-05-04 17:50:54,takeout,,1,3,21.00,0.00,,1.05,0.00,22.05,Credit,Mastercard,4121,,completed
368,#042,2026-05-04,2026-05-04 18:21:18,2026-05-04 19:08:18,dine_in,8,2,3,46.50,0.00,,2.33,9.30,58.13,Mobile,Apple Pay,2840,,completed
369,#043,2026-05-04,2026-05-04 18:47:11,2026-05-04 19:58:11,dine_in,6,4,8,108.00,0.00,,5.40,21.60,135.00,Credit,Interac Debit,7803,,completed
370,#044,2026-05-04,2026-05-04 18:38:00,2026-05-04 19:07:00,takeout,,2,2,66.75,0.00,,3.34,0.00,70.09,Debit,Interac Debit,8980,,completed
371,#045,2026-05-04,2026-05-04 18:02:58,2026-05-04 18:10:58,delivery,,1,3,29.50,0.00,,1.48,0.00,30.98,Mobile,Google Pay,7471,UberEats,completed
372,#046,2026-05-04,2026-05-04 18:26:22,2026-05-04 19:10:22,dine_in,13,3,2,86.00,0.00,,4.30,12.90,103.20,Credit,Visa,6376,,completed
373,#047,2026-05-04,2026-05-04 18:54:30,2026-05-04 19:08:30,takeout,,4,6,126.50,0.00,,6.33,0.00,132.83,Credit,Mastercard,6443,,completed
374,#048,2026-05-04,2026-05-04 18:20:51,2026-05-04 18:34:51,delivery,,4,10,120.00,0.00,,6.00,0.00,126.00,Cash,,,SkipTheDishes,completed
375,#049,2026-05-04,2026-05-04 18:16:12,2026-05-04 19:06:12,dine_in,12,2,6,66.00,0.00,,3.30,9.90,79.20,Debit,Interac Debit,4175,,completed
376,#050,2026-05-04,2026-05-04 18:36:59,2026-05-04 19:37:59,dine_in,4,4,10,125.50,0.00,,6.28,18.82,150.60,Credit,Visa,4177,,completed
377,#051,2026-05-04,2026-05-04 18:19:26,2026-05-04 18:34:26,delivery,,2,10,66.50,0.00,,3.33,0.00,69.83,Credit,Interac Debit,3552,UberEats,completed
378,#052,2026-05-04,2026-05-04 18:16:19,2026-05-04 19:21:19,dine_in,3,2,7,66.00,0.00,,3.30,13.20,82.50,Cash,,,,completed
379,#053,2026-05-04,2026-05-04 18:58:26,2026-05-04 19:35:26,dine_in,6,2,2,64.50,0.00,,3.23,11.61,79.34,Credit,Interac Debit,6244,,completed
380,#054,2026-05-04,2026-05-04 18:40:53,2026-05-04 19:46:53,dine_in,13,3,2,77.25,0.00,,3.86,7.73,88.84,Credit,Visa,5591,,completed
381,#055,2026-05-04,2026-05-04 19:07:46,2026-05-04 19:46:46,dine_in,2,2,4,54.00,0.00,,2.70,13.50,70.20,Debit,Interac Debit,6166,,completed
382,#056,2026-05-04,2026-05-04 19:08:11,2026-05-04 19:18:11,delivery,,2,10,61.50,0.00,,3.08,0.00,64.58,Credit,Visa,6873,UberEats,completed
383,#057,2026-05-04,2026-05-04 19:20:31,2026-05-04 19:57:31,dine_in,8,3,8,88.00,0.00,,4.40,17.60,110.00,Credit,Mastercard,6933,,completed
384,#058,2026-05-04,2026-05-04 19:40:46,2026-05-04 20:53:46,dine_in,1,2,7,68.00,0.00,,3.40,12.24,83.64,Debit,Interac Debit,8513,,completed
385,#059,2026-05-04,2026-05-04 19:13:38,2026-05-04 20:08:38,dine_in,9,4,8,112.50,0.00,,5.62,20.25,138.37,Mobile,Google Pay,1738,,refunded
386,#060,2026-05-04,2026-05-04 19:00:55,2026-05-04 19:45:55,dine_in,13,5,2,141.25,0.00,,7.06,28.25,176.56,Debit,Interac Debit,5739,,completed
387,#061,2026-05-04,2026-05-04 19:13:50,2026-05-04 19:25:50,delivery,,2,3,46.75,0.00,,2.34,0.00,49.09,Mobile,Apple Pay,4712,UberEats,completed
388,#062,2026-05-04,2026-05-04 19:54:02,2026-05-04 20:50:02,dine_in,13,2,7,57.50,0.00,,2.88,8.62,69.00,Cash,,,,completed
389,#063,2026-05-04,2026-05-04 20:02:47,2026-05-04 20:42:47,dine_in,5,2,2,57.50,0.00,,2.88,10.35,70.73,Credit,Interac Debit,9306,,completed
390,#064,2026-05-04,2026-05-04 20:00:24,2026-05-04 20:35:24,dine_in,15,2,2,55.00,0.00,,2.75,9.90,67.65,Credit,Visa,2833,,completed
391,#065,2026-05-04,2026-05-04 20:01:20,2026-05-04 20:45:20,dine_in,6,3,3,65.25,0.00,,3.26,11.74,80.25,Credit,Visa,0376,,completed
392,#066,2026-05-04,2026-05-04 20:07:28,2026-05-04 20:20:28,takeout,,2,2,63.00,31.50,Staff meal 50%,1.58,0.00,33.08,Debit,Interac Debit,5027,,completed
393,#067,2026-05-04,2026-05-04 20:52:25,2026-05-04 21:55:25,dine_in,1,1,8,22.50,0.00,,1.12,4.50,28.12,Credit,Mastercard,7552,,completed
394,#001,2026-05-05,2026-05-05 11:17:35,2026-05-05 12:24:35,dine_in,9,2,10,46.50,0.00,,2.33,8.37,57.20,Credit,Interac Debit,4392,,completed
395,#002,2026-05-05,2026-05-05 11:52:47,2026-05-05 12:45:47,dine_in,9,5,2,106.00,0.00,,5.30,21.20,132.50,Cash,,,,completed
396,#003,2026-05-05,2026-05-05 11:03:45,2026-05-05 12:16:45,dine_in,7,3,5,76.00,0.00,,3.80,15.20,95.00,Credit,Mastercard,2999,,completed
397,#004,2026-05-05,2026-05-05 11:00:49,2026-05-05 12:11:49,dine_in,5,4,10,85.25,0.00,,4.26,12.79,102.30,Credit,Mastercard,8952,,completed
398,#005,2026-05-05,2026-05-05 12:30:18,2026-05-05 12:43:18,delivery,,1,5,27.00,0.00,,1.35,0.00,28.35,Credit,Mastercard,8404,UberEats,completed
399,#006,2026-05-05,2026-05-05 12:08:35,2026-05-05 12:32:35,takeout,,1,1,20.50,0.00,,1.03,0.00,21.53,Cash,,,,completed
400,#007,2026-05-05,2026-05-05 12:50:49,2026-05-05 13:05:49,delivery,,1,2,31.50,0.00,,1.58,0.00,33.08,Credit,Visa,5148,SkipTheDishes,completed
401,#008,2026-05-05,2026-05-05 12:09:45,2026-05-05 12:18:45,delivery,,1,5,25.00,0.00,,1.25,0.00,26.25,Credit,Mastercard,8638,DoorDash,completed
402,#009,2026-05-05,2026-05-05 12:35:25,2026-05-05 13:14:25,dine_in,9,5,5,148.00,0.00,,7.40,26.64,182.04,Credit,Amex,0614,,completed
403,#010,2026-05-05,2026-05-05 12:22:02,2026-05-05 12:34:02,delivery,,2,5,49.75,0.00,,2.49,0.00,52.24,Cash,,,UberEats,completed
404,#011,2026-05-05,2026-05-05 12:37:20,2026-05-05 13:32:20,dine_in,5,2,1,72.75,0.00,,3.64,14.55,90.94,Debit,Interac Debit,4904,,completed
405,#012,2026-05-05,2026-05-05 12:01:35,2026-05-05 12:36:35,dine_in,3,2,4,50.50,0.00,,2.53,10.10,63.13,Credit,Mastercard,3580,,completed
406,#013,2026-05-05,2026-05-05 12:08:29,2026-05-05 12:47:29,dine_in,10,5,2,154.50,0.00,,7.73,27.81,190.04,Credit,Visa,2256,,completed
407,#014,2026-05-05,2026-05-05 12:27:30,2026-05-05 13:35:30,dine_in,6,2,3,53.00,0.00,,2.65,9.54,65.19,Cash,,,,completed
408,#015,2026-05-05,2026-05-05 13:51:53,2026-05-05 14:37:53,dine_in,1,1,5,18.00,0.00,,0.90,3.24,22.14,Debit,Interac Debit,6811,,completed
409,#016,2026-05-05,2026-05-05 13:29:15,2026-05-05 13:51:15,takeout,,4,3,115.25,0.00,,5.76,0.00,121.01,Credit,Mastercard,6969,,completed
410,#017,2026-05-05,2026-05-05 13:11:43,2026-05-05 13:56:43,dine_in,4,4,3,97.25,0.00,,4.86,19.45,121.56,Debit,Interac Debit,0731,,completed
411,#018,2026-05-05,2026-05-05 13:31:22,2026-05-05 14:36:22,dine_in,5,3,10,94.50,0.00,,4.73,18.90,118.13,Credit,Mastercard,1138,,completed
412,#019,2026-05-05,2026-05-05 13:16:58,2026-05-05 14:28:58,dine_in,10,2,9,53.25,0.00,,2.66,7.99,63.90,Mobile,Google Pay,8411,,completed
413,#020,2026-05-05,2026-05-05 13:26:53,2026-05-05 13:48:53,takeout,,2,9,63.00,0.00,,3.15,0.00,66.15,Debit,Interac Debit,0460,,completed
414,#021,2026-05-05,2026-05-05 13:05:37,2026-05-05 13:15:37,delivery,,1,2,22.50,0.00,,1.12,0.00,23.62,Credit,Amex,9409,SkipTheDishes,completed
415,#022,2026-05-05,2026-05-05 13:43:00,2026-05-05 14:02:00,takeout,,2,9,41.75,0.00,,2.09,0.00,43.84,Credit,Mastercard,1981,,completed
416,#023,2026-05-05,2026-05-05 13:00:59,2026-05-05 13:07:59,delivery,,1,5,31.00,0.00,,1.55,0.00,32.55,Mobile,Google Pay,0714,UberEats,completed
417,#024,2026-05-05,2026-05-05 13:14:21,2026-05-05 13:38:21,takeout,,2,4,68.75,0.00,,3.44,6.88,79.07,Debit,Interac Debit,4762,,completed
418,#025,2026-05-05,2026-05-05 13:40:14,2026-05-05 13:49:14,delivery,,2,4,45.50,0.00,,2.27,0.00,47.77,Debit,Interac Debit,6052,SkipTheDishes,completed
419,#026,2026-05-05,2026-05-05 13:17:55,2026-05-05 14:28:55,dine_in,8,4,2,88.00,0.00,,4.40,13.20,105.60,Credit,Visa,1549,,completed
420,#027,2026-05-05,2026-05-05 14:07:05,2026-05-05 14:31:05,takeout,,1,5,26.50,0.00,,1.33,3.97,31.80,Mobile,Google Pay,8536,,completed
421,#028,2026-05-05,2026-05-05 14:51:35,2026-05-05 15:43:35,dine_in,5,2,9,54.25,0.00,,2.71,0.00,0.00,Mobile,Apple Pay,0953,,voided
422,#029,2026-05-05,2026-05-05 14:59:59,2026-05-05 16:01:59,dine_in,4,2,2,49.25,0.00,,2.46,9.85,61.56,Credit,Visa,1951,,completed
423,#030,2026-05-05,2026-05-05 15:10:57,2026-05-05 16:20:57,dine_in,14,3,5,96.00,0.00,,4.80,14.40,115.20,Credit,Interac Debit,8549,,completed
424,#031,2026-05-05,2026-05-05 16:26:50,2026-05-05 16:36:50,delivery,,1,2,40.50,0.00,,2.02,0.00,42.52,Credit,Amex,0990,DoorDash,completed
425,#032,2026-05-05,2026-05-05 16:28:14,2026-05-05 17:29:14,dine_in,10,2,2,48.50,0.00,,2.43,12.12,63.05,Credit,Interac Debit,2440,,completed
426,#033,2026-05-05,2026-05-05 17:40:43,2026-05-05 18:53:43,dine_in,4,3,2,93.00,0.00,,4.65,0.00,97.65,Cash,,,,completed
427,#034,2026-05-05,2026-05-05 17:16:40,2026-05-05 17:54:40,dine_in,10,4,7,100.50,0.00,,5.03,18.09,123.62,Cash,,,,completed
428,#035,2026-05-05,2026-05-05 17:29:58,2026-05-05 18:38:58,dine_in,5,3,7,63.00,0.00,,3.15,11.34,77.49,Cash,,,,completed
429,#036,2026-05-05,2026-05-05 17:58:34,2026-05-05 18:09:34,delivery,,2,10,60.50,0.00,,3.03,0.00,63.53,Mobile,Google Pay,2806,UberEats,completed
430,#037,2026-05-05,2026-05-05 17:07:34,2026-05-05 18:13:34,dine_in,13,4,2,93.25,0.00,,4.66,16.79,114.70,Credit,Visa,4768,,completed
431,#038,2026-05-05,2026-05-05 17:02:20,2026-05-05 17:10:20,delivery,,2,10,42.50,0.00,,2.12,0.00,44.62,Credit,Visa,2746,DoorDash,completed
432,#039,2026-05-05,2026-05-05 17:27:48,2026-05-05 18:32:48,dine_in,13,2,8,67.25,0.00,,3.36,16.81,87.42,Mobile,Google Pay,8969,,completed
433,#040,2026-05-05,2026-05-05 17:53:01,2026-05-05 18:01:01,delivery,,1,4,22.00,0.00,,1.10,0.00,23.10,Mobile,Apple Pay,7506,SkipTheDishes,completed
434,#041,2026-05-05,2026-05-05 17:10:49,2026-05-05 17:53:49,dine_in,9,6,8,160.75,0.00,,8.04,32.15,200.94,Mobile,Apple Pay,4060,,completed
435,#042,2026-05-05,2026-05-05 17:55:24,2026-05-05 18:43:24,dine_in,14,4,6,147.25,0.00,,7.36,0.00,0.00,Credit,Visa,1886,,voided
436,#043,2026-05-05,2026-05-05 18:43:53,2026-05-05 19:27:53,dine_in,1,2,8,48.25,0.00,,2.41,12.06,62.72,Mobile,Apple Pay,4065,,completed
437,#044,2026-05-05,2026-05-05 18:00:44,2026-05-05 19:03:44,dine_in,15,2,6,49.50,0.00,,2.48,7.42,59.40,Debit,Interac Debit,4712,,completed
438,#045,2026-05-05,2026-05-05 18:28:48,2026-05-05 18:37:48,delivery,,2,2,57.75,0.00,,2.89,0.00,60.64,Debit,Interac Debit,9594,UberEats,completed
439,#046,2026-05-05,2026-05-05 18:26:21,2026-05-05 18:39:21,takeout,,2,6,68.25,0.00,,3.41,0.00,71.66,Credit,Visa,1719,,completed
440,#047,2026-05-05,2026-05-05 18:07:01,2026-05-05 18:16:01,delivery,,1,8,19.00,0.00,,0.95,0.00,19.95,Debit,Interac Debit,4393,DoorDash,completed
441,#048,2026-05-05,2026-05-05 18:10:23,2026-05-05 19:07:23,dine_in,9,4,3,102.00,0.00,,5.10,20.40,127.50,Debit,Interac Debit,7772,,completed
442,#049,2026-05-05,2026-05-05 18:27:14,2026-05-05 19:14:14,dine_in,1,2,10,54.25,0.00,,2.71,10.85,67.81,Credit,Mastercard,1138,,completed
443,#050,2026-05-05,2026-05-05 18:11:19,2026-05-05 19:20:19,dine_in,13,7,10,178.00,0.00,,8.90,35.60,222.50,Mobile,Google Pay,5148,,completed
444,#051,2026-05-05,2026-05-05 18:48:55,2026-05-05 19:28:55,dine_in,10,2,8,52.50,0.00,,2.62,7.88,63.00,Credit,Mastercard,9609,,completed
445,#052,2026-05-05,2026-05-05 18:38:37,2026-05-05 19:35:37,dine_in,10,3,4,83.75,0.00,,4.19,15.07,103.01,Credit,Interac Debit,1979,,completed
446,#053,2026-05-05,2026-05-05 19:52:32,2026-05-05 20:21:32,takeout,,3,6,85.50,0.00,,4.28,12.82,102.60,Debit,Interac Debit,1165,,completed
447,#054,2026-05-05,2026-05-05 19:42:33,2026-05-05 19:50:33,delivery,,2,2,60.50,0.00,,3.03,0.00,63.53,Credit,Mastercard,7650,SkipTheDishes,completed
448,#055,2026-05-05,2026-05-05 19:23:07,2026-05-05 19:37:07,delivery,,2,4,43.50,0.00,,2.18,0.00,45.68,Debit,Interac Debit,2989,DoorDash,completed
449,#056,2026-05-05,2026-05-05 19:47:06,2026-05-05 19:56:06,delivery,,4,4,96.00,0.00,,4.80,0.00,100.80,Credit,Visa,2797,UberEats,completed
450,#057,2026-05-05,2026-05-05 19:15:00,2026-05-05 19:28:00,delivery,,1,10,32.00,0.00,,1.60,0.00,33.60,Credit,Mastercard,7645,UberEats,completed
451,#058,2026-05-05,2026-05-05 19:46:31,2026-05-05 20:54:31,dine_in,10,3,8,71.50,0.00,,3.58,10.72,85.80,Cash,,,,completed
452,#059,2026-05-05,2026-05-05 19:38:18,2026-05-05 20:19:18,dine_in,9,5,10,135.50,0.00,,6.78,27.10,169.38,Credit,Mastercard,6774,,completed
453,#060,2026-05-05,2026-05-05 19:24:24,2026-05-05 20:07:24,dine_in,9,3,4,70.00,0.00,,3.50,10.50,84.00,Mobile,Google Pay,5692,,completed
454,#061,2026-05-05,2026-05-05 19:42:19,2026-05-05 20:43:19,dine_in,15,2,3,73.50,0.00,,3.68,13.23,90.41,Debit,Interac Debit,9541,,completed
455,#062,2026-05-05,2026-05-05 19:04:03,2026-05-05 19:09:03,delivery,,2,2,51.50,0.00,,2.58,0.00,54.08,Debit,Interac Debit,9387,SkipTheDishes,completed
456,#063,2026-05-05,2026-05-05 19:01:22,2026-05-05 20:16:22,dine_in,13,8,7,212.75,0.00,,10.64,38.30,261.69,Credit,Visa,3097,,completed
457,#064,2026-05-05,2026-05-05 19:08:52,2026-05-05 20:15:52,dine_in,15,2,3,47.00,10.00,Google review promo,1.85,7.40,46.25,Credit,Interac Debit,4083,,completed
458,#065,2026-05-05,2026-05-05 19:06:26,2026-05-05 19:16:26,delivery,,2,4,43.50,0.00,,2.18,0.00,45.68,Cash,,,DoorDash,completed
459,#066,2026-05-05,2026-05-05 19:57:27,2026-05-05 20:43:27,dine_in,2,1,7,20.50,0.00,,1.03,3.07,24.60,Credit,Mastercard,8528,,completed
460,#067,2026-05-05,2026-05-05 19:26:51,2026-05-05 20:17:51,dine_in,6,4,8,136.50,0.00,,6.83,20.47,163.80,Debit,Interac Debit,8641,,completed
461,#068,2026-05-05,2026-05-05 19:36:25,2026-05-05 20:24:25,dine_in,8,1,8,21.50,0.00,,1.07,3.23,25.80,Mobile,Google Pay,8718,,completed
462,#069,2026-05-05,2026-05-05 19:03:01,2026-05-05 20:10:01,dine_in,4,4,3,102.50,0.00,,5.12,18.45,126.07,Credit,Mastercard,9091,,completed
463,#070,2026-05-05,2026-05-05 19:19:13,2026-05-05 19:34:13,delivery,,1,3,24.00,2.40,Birthday 10%,1.08,0.00,22.68,Mobile,Apple Pay,0065,DoorDash,completed
464,#071,2026-05-05,2026-05-05 19:47:04,2026-05-05 20:04:04,takeout,,1,2,26.50,0.00,,1.33,1.33,29.16,Mobile,Apple Pay,2209,,completed
465,#072,2026-05-05,2026-05-05 20:31:54,2026-05-05 20:53:54,takeout,,1,2,29.50,0.00,,1.48,0.00,30.98,Credit,Interac Debit,4399,,completed
466,#073,2026-05-05,2026-05-05 20:01:17,2026-05-05 20:15:17,delivery,,1,4,19.00,0.00,,0.95,0.00,19.95,Credit,Interac Debit,5393,DoorDash,completed
467,#074,2026-05-05,2026-05-05 20:18:02,2026-05-05 20:24:02,delivery,,3,7,84.50,0.00,,4.23,0.00,88.73,Debit,Interac Debit,8513,UberEats,completed
468,#001,2026-05-06,2026-05-06 11:05:31,2026-05-06 11:57:31,dine_in,8,3,3,60.50,0.00,,3.03,15.12,78.65,Credit,Interac Debit,1742,,completed
469,#002,2026-05-06,2026-05-06 11:37:09,2026-05-06 11:48:09,delivery,,2,2,54.00,0.00,,2.70,0.00,56.70,Debit,Interac Debit,0156,UberEats,completed
470,#003,2026-05-06,2026-05-06 11:11:29,2026-05-06 11:39:29,takeout,,2,5,48.25,0.00,,2.41,0.00,50.66,Credit,Mastercard,8779,,completed
471,#004,2026-05-06,2026-05-06 11:08:38,2026-05-06 11:52:38,dine_in,9,1,9,29.50,0.00,,1.48,5.31,36.29,Cash,,,,completed
472,#005,2026-05-06,2026-05-06 11:15:24,2026-05-06 11:29:24,delivery,,1,2,18.00,0.00,,0.90,0.00,18.90,Cash,,,UberEats,completed
473,#006,2026-05-06,2026-05-06 11:03:18,2026-05-06 11:14:18,delivery,,2,9,50.00,0.00,,2.50,0.00,52.50,Mobile,Apple Pay,8954,UberEats,completed
474,#007,2026-05-06,2026-05-06 12:24:21,2026-05-06 13:35:21,dine_in,13,2,2,51.50,0.00,,2.58,10.30,64.38,Credit,Mastercard,4211,,completed
475,#008,2026-05-06,2026-05-06 12:20:15,2026-05-06 13:12:15,dine_in,8,4,10,109.50,0.00,,5.48,21.90,136.88,Credit,Mastercard,9862,,completed
476,#009,2026-05-06,2026-05-06 12:15:05,2026-05-06 12:55:05,dine_in,10,3,4,83.25,0.00,,4.16,14.98,102.39,Credit,Mastercard,3906,,completed
477,#010,2026-05-06,2026-05-06 12:39:27,2026-05-06 13:23:27,dine_in,10,2,3,49.00,0.00,,2.45,7.35,58.80,Debit,Interac Debit,7035,,completed
478,#011,2026-05-06,2026-05-06 12:58:10,2026-05-06 13:45:10,dine_in,11,2,10,81.00,0.00,,4.05,14.58,99.63,Credit,Visa,5148,,completed
479,#012,2026-05-06,2026-05-06 12:47:10,2026-05-06 13:38:10,dine_in,6,4,3,127.75,0.00,,6.39,22.99,157.13,Debit,Interac Debit,5121,,completed
480,#013,2026-05-06,2026-05-06 12:26:10,2026-05-06 13:22:10,dine_in,11,1,5,36.50,0.00,,1.83,6.57,44.90,Credit,Visa,4827,,completed
481,#014,2026-05-06,2026-05-06 12:01:38,2026-05-06 12:07:38,delivery,,3,10,75.00,0.00,,3.75,0.00,78.75,Credit,Visa,2989,DoorDash,completed
482,#015,2026-05-06,2026-05-06 12:15:53,2026-05-06 12:38:53,takeout,,2,4,46.50,0.00,,2.33,4.65,53.48,Cash,,,,completed
483,#016,2026-05-06,2026-05-06 12:40:06,2026-05-06 13:35:06,dine_in,9,2,3,69.50,0.00,,3.48,10.42,83.40,Debit,Interac Debit,4060,,completed
484,#017,2026-05-06,2026-05-06 12:06:42,2026-05-06 13:15:42,dine_in,14,4,4,133.75,0.00,,6.69,0.00,140.44,Credit,Visa,5112,,completed
485,#018,2026-05-06,2026-05-06 12:28:00,2026-05-06 12:48:00,takeout,,3,9,94.50,0.00,,4.73,0.00,99.23,Mobile,Google Pay,2183,,completed
486,#019,2026-05-06,2026-05-06 12:12:30,2026-05-06 12:56:30,dine_in,2,2,2,44.50,0.00,,2.23,8.01,54.74,Credit,Interac Debit,9799,,completed
487,#020,2026-05-06,2026-05-06 12:42:35,2026-05-06 13:56:35,dine_in,15,2,3,89.00,0.00,,4.45,16.02,109.47,Credit,Visa,9280,,completed
488,#021,2026-05-06,2026-05-06 13:10:03,2026-05-06 13:25:03,takeout,,2,1,61.00,0.00,,3.05,0.00,64.05,Cash,,,,completed
489,#022,2026-05-06,2026-05-06 13:07:08,2026-05-06 13:20:08,delivery,,2,4,43.00,0.00,,2.15,0.00,45.15,Mobile,Google Pay,3461,SkipTheDishes,completed
490,#023,2026-05-06,2026-05-06 13:35:36,2026-05-06 14:22:36,dine_in,2,2,4,59.50,0.00,,2.98,5.95,68.43,Credit,Mastercard,5807,,completed
491,#024,2026-05-06,2026-05-06 13:46:25,2026-05-06 14:31:25,dine_in,11,1,4,18.00,0.00,,0.90,3.24,22.14,Credit,Visa,8004,,completed
492,#025,2026-05-06,2026-05-06 13:36:54,2026-05-06 14:28:54,dine_in,7,4,5,93.75,0.00,,4.69,0.00,98.44,Debit,Interac Debit,1288,,completed
493,#026,2026-05-06,2026-05-06 13:56:14,2026-05-06 15:04:14,dine_in,2,2,4,50.00,0.00,,2.50,9.00,61.50,Cash,,,,completed
494,#027,2026-05-06,2026-05-06 13:17:14,2026-05-06 13:29:14,delivery,,2,3,52.00,0.00,,2.60,0.00,54.60,Credit,Visa,7599,UberEats,completed
495,#028,2026-05-06,2026-05-06 13:57:04,2026-05-06 14:04:04,delivery,,1,2,35.50,0.00,,1.78,0.00,37.28,Mobile,Google Pay,7392,UberEats,completed
496,#029,2026-05-06,2026-05-06 13:07:46,2026-05-06 13:20:46,takeout,,2,10,43.50,0.00,,2.18,4.35,50.03,Credit,Visa,5406,,completed
497,#030,2026-05-06,2026-05-06 13:17:01,2026-05-06 13:53:01,dine_in,14,3,4,65.50,0.00,,3.28,11.79,80.57,Credit,Interac Debit,0186,,completed
498,#031,2026-05-06,2026-05-06 13:34:04,2026-05-06 14:38:04,dine_in,1,2,10,71.00,0.00,,3.55,12.78,87.33,Cash,,,,completed
499,#032,2026-05-06,2026-05-06 14:37:37,2026-05-06 15:38:37,dine_in,4,3,5,78.50,0.00,,3.93,7.85,90.28,Debit,Interac Debit,1814,,completed
500,#033,2026-05-06,2026-05-06 14:42:26,2026-05-06 14:55:26,delivery,,2,9,68.00,0.00,,3.40,0.00,71.40,Credit,Visa,7898,SkipTheDishes,completed
501,#034,2026-05-06,2026-05-06 14:29:50,2026-05-06 15:38:50,dine_in,7,4,4,94.75,0.00,,4.74,14.21,113.70,Debit,Interac Debit,3078,,completed
502,#035,2026-05-06,2026-05-06 14:07:34,2026-05-06 14:43:34,dine_in,10,2,5,42.25,0.00,,2.11,4.23,48.59,Credit,Visa,1951,,completed
503,#036,2026-05-06,2026-05-06 15:43:10,2026-05-06 16:08:10,takeout,,2,2,71.50,0.00,,3.58,10.72,85.80,Mobile,Apple Pay,4401,,completed
504,#037,2026-05-06,2026-05-06 15:22:26,2026-05-06 16:36:26,dine_in,9,2,1,77.50,0.00,,3.88,13.95,95.33,Debit,Interac Debit,5316,,completed
505,#038,2026-05-06,2026-05-06 16:01:51,2026-05-06 16:42:51,dine_in,7,4,6,111.00,0.00,,5.55,16.65,133.20,Debit,Interac Debit,6793,,completed
506,#039,2026-05-06,2026-05-06 17:04:09,2026-05-06 17:11:09,delivery,,1,2,24.50,0.00,,1.23,0.00,25.73,Debit,Interac Debit,8323,DoorDash,completed
507,#040,2026-05-06,2026-05-06 17:07:23,2026-05-06 17:21:23,delivery,,1,8,37.50,0.00,,1.88,0.00,39.38,Mobile,Apple Pay,5201,DoorDash,completed
508,#041,2026-05-06,2026-05-06 17:37:06,2026-05-06 17:51:06,delivery,,1,10,28.50,0.00,,1.43,0.00,29.93,Cash,,,DoorDash,completed
509,#042,2026-05-06,2026-05-06 17:15:17,2026-05-06 17:25:17,delivery,,4,6,125.25,0.00,,6.26,0.00,131.51,Cash,,,SkipTheDishes,completed
510,#043,2026-05-06,2026-05-06 17:13:34,2026-05-06 18:09:34,dine_in,13,2,7,49.00,0.00,,2.45,4.90,56.35,Mobile,Apple Pay,8465,,completed
511,#044,2026-05-06,2026-05-06 17:19:17,2026-05-06 17:33:17,delivery,,1,7,19.00,0.00,,0.95,0.00,19.95,Credit,Visa,8114,UberEats,completed
512,#045,2026-05-06,2026-05-06 17:09:58,2026-05-06 17:50:58,dine_in,1,1,10,30.50,0.00,,1.53,5.49,37.52,Debit,Interac Debit,4060,,completed
513,#046,2026-05-06,2026-05-06 17:31:24,2026-05-06 18:38:24,dine_in,13,8,3,232.50,0.00,,11.62,0.00,244.12,Debit,Interac Debit,6523,,completed
514,#047,2026-05-06,2026-05-06 17:12:27,2026-05-06 17:59:27,dine_in,9,2,2,52.50,0.00,,2.62,10.50,65.62,Credit,Visa,8739,,completed
515,#048,2026-05-06,2026-05-06 17:35:20,2026-05-06 17:41:20,delivery,,1,7,30.50,0.00,,1.53,0.00,32.03,Cash,,,SkipTheDishes,completed
516,#049,2026-05-06,2026-05-06 17:01:49,2026-05-06 17:50:49,dine_in,1,2,2,56.00,0.00,,2.80,10.08,68.88,Mobile,Apple Pay,0291,,refunded
517,#050,2026-05-06,2026-05-06 18:57:51,2026-05-06 19:45:51,dine_in,8,2,6,42.00,0.00,,2.10,6.30,50.40,Cash,,,,completed
518,#051,2026-05-06,2026-05-06 18:49:06,2026-05-06 20:01:06,dine_in,15,1,4,41.50,0.00,,2.08,6.22,49.80,Mobile,Google Pay,2510,,completed
519,#052,2026-05-06,2026-05-06 18:11:32,2026-05-06 19:09:32,dine_in,13,8,8,189.00,0.00,,9.45,28.35,226.80,Credit,Visa,7492,,completed
520,#053,2026-05-06,2026-05-06 18:52:01,2026-05-06 20:07:01,dine_in,15,2,3,49.00,0.00,,2.45,8.82,60.27,Cash,,,,completed
521,#054,2026-05-06,2026-05-06 18:27:21,2026-05-06 18:40:21,takeout,,1,4,29.00,0.00,,1.45,1.45,31.90,Credit,Mastercard,4782,,completed
522,#055,2026-05-06,2026-05-06 18:58:27,2026-05-06 19:59:27,dine_in,13,3,4,73.25,0.00,,3.66,10.99,87.90,Cash,,,,completed
523,#056,2026-05-06,2026-05-06 18:01:08,2026-05-06 18:13:08,delivery,,1,4,28.75,0.00,,1.44,0.00,30.19,Cash,,,DoorDash,completed
524,#057,2026-05-06,2026-05-06 18:42:55,2026-05-06 19:12:55,takeout,,1,2,18.00,0.00,,0.90,0.90,19.80,Cash,,,,completed
525,#058,2026-05-06,2026-05-06 18:24:12,2026-05-06 19:30:12,dine_in,9,2,2,65.00,0.00,,3.25,11.70,79.95,Debit,Interac Debit,5876,,completed
526,#059,2026-05-06,2026-05-06 18:47:56,2026-05-06 19:30:56,dine_in,13,3,3,66.50,0.00,,3.33,13.30,83.13,Credit,Mastercard,8644,,completed
527,#060,2026-05-06,2026-05-06 18:44:32,2026-05-06 19:45:32,dine_in,14,4,10,85.50,0.00,,4.28,15.39,105.17,Cash,,,,completed
528,#061,2026-05-06,2026-05-06 18:59:05,2026-05-06 19:49:05,dine_in,14,3,3,69.00,0.00,,3.45,12.42,84.87,Mobile,Apple Pay,0154,,completed
529,#062,2026-05-06,2026-05-06 18:27:06,2026-05-06 19:37:06,dine_in,4,2,2,64.00,0.00,,3.20,12.80,80.00,Debit,Interac Debit,8294,,completed
530,#063,2026-05-06,2026-05-06 19:50:24,2026-05-06 20:00:24,delivery,,2,3,46.50,0.00,,2.33,0.00,48.83,Mobile,Apple Pay,5209,UberEats,completed
531,#064,2026-05-06,2026-05-06 19:28:38,2026-05-06 20:37:38,dine_in,10,1,7,43.50,0.00,,2.18,8.70,54.38,Debit,Interac Debit,1738,,completed
532,#065,2026-05-06,2026-05-06 19:37:33,2026-05-06 20:29:33,dine_in,4,3,8,101.50,0.00,,5.08,18.27,124.85,Credit,Visa,0686,,completed
533,#066,2026-05-06,2026-05-06 19:12:06,2026-05-06 20:07:06,dine_in,6,1,2,29.50,0.00,,1.48,4.42,35.40,Debit,Interac Debit,5832,,completed
534,#067,2026-05-06,2026-05-06 19:46:48,2026-05-06 20:28:48,dine_in,4,2,10,56.00,0.00,,2.80,8.40,67.20,Credit,Mastercard,3222,,completed
535,#068,2026-05-06,2026-05-06 19:51:13,2026-05-06 20:06:13,takeout,,1,3,44.50,4.45,Birthday 10%,2.00,2.00,44.05,Mobile,Apple Pay,9780,,completed
536,#069,2026-05-06,2026-05-06 19:23:53,2026-05-06 20:16:53,dine_in,8,4,6,109.75,0.00,,5.49,27.44,142.68,Credit,Visa,2256,,completed
537,#070,2026-05-06,2026-05-06 19:43:45,2026-05-06 20:22:45,dine_in,13,3,10,81.25,0.00,,4.06,14.62,99.93,Credit,Interac Debit,0800,,completed
538,#071,2026-05-06,2026-05-06 19:49:29,2026-05-06 20:29:29,dine_in,12,2,4,44.50,0.00,,2.23,8.90,55.63,Credit,Interac Debit,6549,,completed
539,#072,2026-05-06,2026-05-06 19:37:00,2026-05-06 20:43:00,dine_in,7,2,8,55.00,0.00,,2.75,11.00,68.75,Credit,Mastercard,1291,,completed
540,#073,2026-05-06,2026-05-06 19:43:32,2026-05-06 20:08:32,takeout,,2,8,52.00,0.00,,2.60,2.60,57.20,Mobile,Apple Pay,6552,,completed
541,#074,2026-05-06,2026-05-06 19:49:46,2026-05-06 20:01:46,delivery,,2,7,55.75,0.00,,2.79,0.00,58.54,Cash,,,UberEats,completed
542,#075,2026-05-06,2026-05-06 19:07:46,2026-05-06 20:14:46,dine_in,5,2,2,53.00,0.00,,2.65,9.54,65.19,Credit,Mastercard,8562,,completed
543,#076,2026-05-06,2026-05-06 19:29:10,2026-05-06 20:20:10,dine_in,14,1,4,30.00,0.00,,1.50,5.40,36.90,Credit,Mastercard,8020,,completed
544,#077,2026-05-06,2026-05-06 19:29:14,2026-05-06 20:40:14,dine_in,6,1,6,25.50,0.00,,1.28,5.10,31.88,Debit,Interac Debit,6917,,completed
545,#078,2026-05-06,2026-05-06 20:12:09,2026-05-06 21:19:09,dine_in,1,2,2,86.25,0.00,,4.31,15.52,106.08,Cash,,,,completed
546,#079,2026-05-06,2026-05-06 20:03:20,2026-05-06 20:17:20,delivery,,1,6,27.50,0.00,,1.38,0.00,28.88,Credit,Interac Debit,7524,DoorDash,completed
547,#080,2026-05-06,2026-05-06 20:02:29,2026-05-06 21:11:29,dine_in,8,3,10,93.00,0.00,,4.65,23.25,120.90,Credit,Interac Debit,2324,,completed
548,#081,2026-05-06,2026-05-06 20:40:56,2026-05-06 21:23:56,dine_in,10,2,2,50.00,25.00,Staff meal 50%,1.25,5.00,31.25,Cash,,,,completed
549,#001,2026-05-07,2026-05-07 11:52:12,2026-05-07 12:52:12,dine_in,13,1,1,20.50,0.00,,1.03,3.07,24.60,Debit,Interac Debit,1514,,completed
550,#002,2026-05-07,2026-05-07 11:42:10,2026-05-07 12:32:10,dine_in,1,2,1,48.50,0.00,,2.43,9.70,60.63,Debit,Interac Debit,1580,,completed
551,#003,2026-05-07,2026-05-07 11:52:55,2026-05-07 13:01:55,dine_in,13,5,5,120.75,0.00,,6.04,30.19,156.98,Debit,Interac Debit,2015,,completed
552,#004,2026-05-07,2026-05-07 11:29:32,2026-05-07 12:29:32,dine_in,10,3,9,83.50,0.00,,4.17,15.03,102.70,Credit,Visa,8028,,completed
553,#005,2026-05-07,2026-05-07 11:29:31,2026-05-07 12:06:31,dine_in,6,3,3,74.75,0.00,,3.74,18.69,97.18,Credit,Amex,7236,,completed
554,#006,2026-05-07,2026-05-07 11:38:39,2026-05-07 11:55:39,takeout,,2,3,48.50,0.00,,2.43,7.27,58.20,Mobile,Google Pay,9409,,completed
555,#007,2026-05-07,2026-05-07 11:11:44,2026-05-07 12:00:44,dine_in,11,2,3,40.00,0.00,,2.00,8.00,50.00,Cash,,,,completed
556,#008,2026-05-07,2026-05-07 11:07:34,2026-05-07 11:55:34,dine_in,7,3,4,91.50,10.00,Google review promo,4.08,16.30,101.88,Credit,Visa,5148,,completed
557,#009,2026-05-07,2026-05-07 12:47:57,2026-05-07 12:58:57,delivery,,2,9,41.50,0.00,,2.08,0.00,43.58,Cash,,,DoorDash,completed
558,#010,2026-05-07,2026-05-07 12:34:53,2026-05-07 12:55:53,takeout,,2,10,36.00,0.00,,1.80,3.60,41.40,Credit,Interac Debit,7749,,completed
559,#011,2026-05-07,2026-05-07 12:26:12,2026-05-07 13:24:12,dine_in,7,2,5,42.00,0.00,,2.10,7.56,51.66,Credit,Interac Debit,1057,,completed
560,#012,2026-05-07,2026-05-07 12:48:48,2026-05-07 13:30:48,dine_in,6,3,1,91.50,0.00,,4.58,13.72,109.80,Cash,,,,completed
561,#013,2026-05-07,2026-05-07 12:32:07,2026-05-07 13:16:07,dine_in,6,4,4,113.00,0.00,,5.65,20.34,138.99,Mobile,Google Pay,5358,,completed
562,#014,2026-05-07,2026-05-07 12:35:17,2026-05-07 12:42:17,delivery,,1,10,24.00,0.00,,1.20,0.00,25.20,Debit,Interac Debit,7498,SkipTheDishes,completed
563,#015,2026-05-07,2026-05-07 12:21:01,2026-05-07 12:30:01,delivery,,2,1,59.75,0.00,,2.99,0.00,62.74,Debit,Interac Debit,6538,UberEats,completed
564,#016,2026-05-07,2026-05-07 12:57:44,2026-05-07 14:00:44,dine_in,5,2,5,56.00,0.00,,2.80,14.00,72.80,Credit,Interac Debit,7767,,completed
565,#017,2026-05-07,2026-05-07 12:49:13,2026-05-07 13:40:13,dine_in,9,5,1,121.50,0.00,,6.08,30.38,157.96,Credit,Interac Debit,5135,,completed
566,#018,2026-05-07,2026-05-07 12:11:57,2026-05-07 12:18:57,delivery,,1,4,45.50,0.00,,2.27,0.00,47.77,Credit,Mastercard,8638,DoorDash,completed
567,#019,2026-05-07,2026-05-07 12:49:46,2026-05-07 13:38:46,dine_in,15,2,3,56.50,0.00,,2.83,11.30,70.63,Credit,Visa,4214,,completed
568,#020,2026-05-07,2026-05-07 13:17:34,2026-05-07 13:24:34,delivery,,2,5,42.75,0.00,,2.14,0.00,44.89,Credit,Mastercard,4712,SkipTheDishes,completed
569,#021,2026-05-07,2026-05-07 13:02:48,2026-05-07 14:17:48,dine_in,9,3,9,97.00,0.00,,4.85,14.55,116.40,Credit,Visa,2968,,completed
570,#022,2026-05-07,2026-05-07 13:27:14,2026-05-07 13:35:14,delivery,,3,5,98.00,0.00,,4.90,0.00,102.90,Debit,Interac Debit,4218,DoorDash,completed
571,#023,2026-05-07,2026-05-07 13:45:07,2026-05-07 14:20:07,dine_in,10,5,5,113.00,16.95,Yelp check-in,4.80,9.61,110.46,Mobile,Google Pay,5582,,completed
572,#024,2026-05-07,2026-05-07 13:14:08,2026-05-07 13:27:08,delivery,,3,2,92.75,0.00,,4.64,0.00,97.39,Credit,Mastercard,2568,DoorDash,completed
573,#025,2026-05-07,2026-05-07 13:40:12,2026-05-07 14:31:12,dine_in,10,5,3,154.50,0.00,,7.73,15.45,177.68,Debit,Interac Debit,3109,,completed
574,#026,2026-05-07,2026-05-07 13:31:07,2026-05-07 14:35:07,dine_in,4,1,3,26.00,0.00,,1.30,6.50,33.80,Credit,Visa,2010,,completed
575,#027,2026-05-07,2026-05-07 13:59:33,2026-05-07 14:06:33,delivery,,2,2,47.00,0.00,,2.35,0.00,49.35,Credit,Interac Debit,2758,DoorDash,completed
576,#028,2026-05-07,2026-05-07 15:59:15,2026-05-07 16:41:15,dine_in,10,5,3,138.00,0.00,,6.90,13.80,158.70,Mobile,Google Pay,8502,,completed
577,#029,2026-05-07,2026-05-07 15:31:57,2026-05-07 15:41:57,delivery,,1,4,29.75,0.00,,1.49,0.00,31.24,Debit,Interac Debit,7998,DoorDash,completed
578,#030,2026-05-07,2026-05-07 15:34:03,2026-05-07 16:27:03,dine_in,10,3,9,91.75,0.00,,4.59,18.35,114.69,Credit,Mastercard,8023,,completed
579,#031,2026-05-07,2026-05-07 16:45:57,2026-05-07 16:56:57,delivery,,1,2,27.00,0.00,,1.35,0.00,28.35,Cash,,,DoorDash,completed
580,#032,2026-05-07,2026-05-07 16:41:26,2026-05-07 17:45:26,dine_in,8,1,10,19.00,0.00,,0.95,3.42,23.37,Debit,Interac Debit,4862,,completed
581,#033,2026-05-07,2026-05-07 17:21:29,2026-05-07 17:33:29,delivery,,2,3,51.00,0.00,,2.55,0.00,53.55,Cash,,,SkipTheDishes,completed
582,#034,2026-05-07,2026-05-07 17:08:24,2026-05-07 17:18:24,delivery,,3,7,114.00,0.00,,5.70,0.00,119.70,Cash,,,SkipTheDishes,completed
583,#035,2026-05-07,2026-05-07 17:32:28,2026-05-07 17:40:28,delivery,,3,6,67.00,0.00,,3.35,0.00,70.35,Credit,Mastercard,4892,SkipTheDishes,completed
584,#036,2026-05-07,2026-05-07 17:59:18,2026-05-07 18:24:18,takeout,,2,10,66.00,0.00,,3.30,3.30,72.60,Credit,Mastercard,0032,,completed
585,#037,2026-05-07,2026-05-07 17:41:11,2026-05-07 18:43:11,dine_in,5,2,10,81.50,10.00,Google review promo,3.58,17.88,92.96,Credit,Visa,1662,,completed
586,#038,2026-05-07,2026-05-07 17:28:32,2026-05-07 17:43:32,takeout,,4,6,98.00,0.00,,4.90,9.80,112.70,Cash,,,,completed
587,#039,2026-05-07,2026-05-07 17:53:29,2026-05-07 18:02:29,delivery,,2,6,70.25,0.00,,3.51,0.00,73.76,Credit,Visa,0298,DoorDash,completed
588,#040,2026-05-07,2026-05-07 17:04:37,2026-05-07 17:46:37,dine_in,9,6,4,148.75,0.00,,7.44,37.19,193.38,Cash,,,,completed
589,#041,2026-05-07,2026-05-07 18:19:23,2026-05-07 18:34:23,takeout,,4,2,101.50,0.00,,5.08,10.15,116.73,Mobile,Google Pay,3984,,completed
590,#042,2026-05-07,2026-05-07 18:12:54,2026-05-07 18:27:54,takeout,,2,2,50.00,0.00,,2.50,2.50,55.00,Credit,Interac Debit,8957,,completed
591,#043,2026-05-07,2026-05-07 18:29:11,2026-05-07 19:29:11,dine_in,9,3,4,74.50,0.00,,3.73,7.45,85.68,Cash,,,,completed
592,#044,2026-05-07,2026-05-07 18:02:10,2026-05-07 18:41:10,dine_in,13,2,10,37.00,0.00,,1.85,6.66,45.51,Debit,Interac Debit,2755,,completed
593,#045,2026-05-07,2026-05-07 18:37:22,2026-05-07 19:35:22,dine_in,2,2,6,56.25,0.00,,2.81,8.44,67.50,Cash,,,,completed
594,#046,2026-05-07,2026-05-07 18:15:34,2026-05-07 19:09:34,dine_in,5,4,2,102.25,0.00,,5.11,18.40,125.76,Debit,Interac Debit,0887,,completed
595,#047,2026-05-07,2026-05-07 18:48:29,2026-05-07 19:09:29,takeout,,4,6,130.75,0.00,,6.54,13.08,150.37,Mobile,Apple Pay,5057,,completed
596,#048,2026-05-07,2026-05-07 18:06:16,2026-05-07 18:55:16,dine_in,12,2,10,42.50,0.00,,2.12,8.50,53.12,Mobile,Apple Pay,5630,,completed
597,#049,2026-05-07,2026-05-07 18:55:41,2026-05-07 19:10:41,takeout,,2,10,76.00,0.00,,3.80,0.00,79.80,Credit,Mastercard,9941,,completed
598,#050,2026-05-07,2026-05-07 18:42:01,2026-05-07 18:48:01,delivery,,3,7,90.50,0.00,,4.53,0.00,95.03,Credit,Mastercard,1893,SkipTheDishes,completed
599,#051,2026-05-07,2026-05-07 18:52:21,2026-05-07 20:05:21,dine_in,5,1,6,24.50,0.00,,1.23,3.67,29.40,Cash,,,,completed
600,#052,2026-05-07,2026-05-07 18:26:50,2026-05-07 19:37:50,dine_in,8,3,2,91.25,0.00,,4.56,13.69,109.50,Debit,Interac Debit,6917,,completed
601,#053,2026-05-07,2026-05-07 18:27:11,2026-05-07 19:24:11,dine_in,8,3,4,113.75,0.00,,5.69,22.75,142.19,Credit,Visa,8440,,completed
602,#054,2026-05-07,2026-05-07 18:07:20,2026-05-07 19:14:20,dine_in,4,3,7,89.00,0.00,,4.45,13.35,106.80,Debit,Interac Debit,6568,,completed
603,#055,2026-05-07,2026-05-07 19:12:48,2026-05-07 19:24:48,delivery,,4,4,95.00,0.00,,4.75,0.00,99.75,Debit,Interac Debit,5013,DoorDash,completed
604,#056,2026-05-07,2026-05-07 19:31:41,2026-05-07 19:43:41,delivery,,1,2,30.00,0.00,,1.50,0.00,31.50,Mobile,Apple Pay,7636,UberEats,completed
605,#057,2026-05-07,2026-05-07 19:54:01,2026-05-07 21:04:01,dine_in,3,1,4,21.50,0.00,,1.07,4.30,26.87,Debit,Interac Debit,1579,,completed
606,#058,2026-05-07,2026-05-07 19:04:46,2026-05-07 19:15:46,delivery,,2,6,60.25,9.04,Yelp check-in,2.56,0.00,0.00,Cash,,,DoorDash,voided
607,#059,2026-05-07,2026-05-07 19:14:02,2026-05-07 20:26:02,dine_in,5,3,6,82.25,0.00,,4.11,16.45,102.81,Cash,,,,completed
608,#060,2026-05-07,2026-05-07 19:13:36,2026-05-07 19:21:36,delivery,,1,8,20.00,10.00,Loyalty,0.50,0.00,10.50,Cash,,,UberEats,completed
609,#061,2026-05-07,2026-05-07 19:30:11,2026-05-07 19:42:11,takeout,,1,3,41.00,0.00,,2.05,4.10,47.15,Credit,Visa,8939,,completed
610,#062,2026-05-07,2026-05-07 19:35:02,2026-05-07 20:37:02,dine_in,12,2,3,52.00,0.00,,2.60,10.40,65.00,Debit,Interac Debit,7593,,completed
611,#063,2026-05-07,2026-05-07 19:55:45,2026-05-07 21:10:45,dine_in,3,2,6,48.50,0.00,,2.43,0.00,0.00,Cash,,,,voided
612,#064,2026-05-07,2026-05-07 19:05:09,2026-05-07 19:13:09,delivery,,2,3,58.75,0.00,,2.94,0.00,61.69,Mobile,Google Pay,3576,UberEats,completed
613,#065,2026-05-07,2026-05-07 19:06:38,2026-05-07 19:43:38,dine_in,6,3,4,96.50,0.00,,4.83,19.30,120.63,Cash,,,,completed
614,#066,2026-05-07,2026-05-07 19:23:47,2026-05-07 20:15:47,dine_in,7,2,2,60.00,0.00,,3.00,15.00,78.00,Mobile,Apple Pay,8874,,completed
615,#067,2026-05-07,2026-05-07 19:22:20,2026-05-07 19:43:20,takeout,,4,6,102.25,0.00,,5.11,0.00,107.36,Mobile,Apple Pay,5950,,completed
616,#068,2026-05-07,2026-05-07 19:19:56,2026-05-07 20:27:56,dine_in,11,1,6,22.00,0.00,,1.10,3.96,27.06,Mobile,Apple Pay,8326,,completed
617,#069,2026-05-07,2026-05-07 19:46:04,2026-05-07 20:13:04,takeout,,2,6,68.50,0.00,,3.43,0.00,71.93,Debit,Interac Debit,5897,,completed
618,#070,2026-05-07,2026-05-07 19:27:35,2026-05-07 19:43:35,takeout,,1,2,19.00,0.00,,0.95,0.00,19.95,Debit,Interac Debit,1439,,completed
619,#071,2026-05-07,2026-05-07 19:36:35,2026-05-07 20:40:35,dine_in,15,1,3,36.75,10.00,Google review promo,1.34,4.01,32.10,Debit,Interac Debit,9508,,completed
620,#072,2026-05-07,2026-05-07 19:05:45,2026-05-07 20:11:45,dine_in,9,4,4,92.75,0.00,,4.64,23.19,120.58,Cash,,,,completed
621,#073,2026-05-07,2026-05-07 19:33:13,2026-05-07 19:44:13,delivery,,4,10,115.00,0.00,,5.75,0.00,120.75,Debit,Interac Debit,5710,DoorDash,completed
622,#074,2026-05-07,2026-05-07 19:56:53,2026-05-07 20:10:53,delivery,,2,4,62.00,0.00,,3.10,0.00,65.10,Debit,Interac Debit,0151,SkipTheDishes,completed
623,#075,2026-05-07,2026-05-07 19:34:13,2026-05-07 20:38:13,dine_in,14,3,4,88.75,0.00,,4.44,22.19,115.38,Mobile,Google Pay,7392,,completed
624,#076,2026-05-07,2026-05-07 19:57:02,2026-05-07 20:51:02,dine_in,8,2,2,56.50,0.00,,2.83,11.30,70.63,Mobile,Apple Pay,0919,,completed
625,#077,2026-05-07,2026-05-07 20:26:32,2026-05-07 21:05:32,dine_in,1,1,3,44.00,0.00,,2.20,7.92,54.12,Debit,Interac Debit,6804,,completed
626,#078,2026-05-07,2026-05-07 20:14:11,2026-05-07 20:59:11,dine_in,10,5,4,126.25,0.00,,6.31,18.94,151.50,Credit,Visa,2942,,completed
627,#079,2026-05-07,2026-05-07 20:41:59,2026-05-07 21:38:59,dine_in,8,2,4,44.00,0.00,,2.20,6.60,52.80,Cash,,,,completed
628,#080,2026-05-07,2026-05-07 20:24:41,2026-05-07 20:31:41,delivery,,3,10,85.50,0.00,,4.28,0.00,89.78,Debit,Interac Debit,7833,SkipTheDishes,completed
629,#001,2026-05-08,2026-05-08 11:27:24,2026-05-08 11:33:24,delivery,,2,1,46.00,0.00,,2.30,0.00,48.30,Debit,Interac Debit,9635,UberEats,completed
630,#002,2026-05-08,2026-05-08 11:20:32,2026-05-08 12:04:32,dine_in,7,4,3,99.50,0.00,,4.98,9.95,114.43,Credit,Mastercard,7864,,completed
631,#003,2026-05-08,2026-05-08 11:17:07,2026-05-08 11:57:07,dine_in,9,4,6,104.25,0.00,,5.21,18.77,128.23,Debit,Interac Debit,3881,,completed
632,#004,2026-05-08,2026-05-08 11:06:23,2026-05-08 11:19:23,delivery,,1,7,27.00,0.00,,1.35,0.00,28.35,Cash,,,DoorDash,completed
633,#005,2026-05-08,2026-05-08 11:14:41,2026-05-08 12:10:41,dine_in,11,1,1,22.50,0.00,,1.12,3.38,27.00,Credit,Visa,7714,,completed
634,#006,2026-05-08,2026-05-08 11:01:46,2026-05-08 11:42:46,dine_in,9,2,4,68.50,0.00,,3.43,12.33,84.26,Credit,Visa,9429,,completed
635,#007,2026-05-08,2026-05-08 11:14:57,2026-05-08 12:13:57,dine_in,3,2,5,52.00,0.00,,2.60,9.36,63.96,Credit,Visa,8939,,completed
636,#008,2026-05-08,2026-05-08 11:54:24,2026-05-08 12:18:24,takeout,,3,2,83.50,0.00,,4.17,0.00,87.67,Mobile,Apple Pay,9213,,completed
637,#009,2026-05-08,2026-05-08 11:29:34,2026-05-08 12:27:34,dine_in,5,2,1,67.00,0.00,,3.35,10.05,80.40,Cash,,,,completed
638,#010,2026-05-08,2026-05-08 12:36:09,2026-05-08 13:22:09,dine_in,8,1,2,26.50,0.00,,1.33,5.30,33.13,Credit,Visa,9716,,completed
639,#011,2026-05-08,2026-05-08 12:36:52,2026-05-08 13:06:52,takeout,,1,7,26.50,0.00,,1.33,3.97,31.80,Cash,,,,completed
640,#012,2026-05-08,2026-05-08 12:58:01,2026-05-08 13:06:01,delivery,,2,3,47.50,0.00,,2.38,0.00,49.88,Credit,Visa,2796,SkipTheDishes,completed
641,#013,2026-05-08,2026-05-08 12:56:57,2026-05-08 14:09:57,dine_in,7,1,5,39.75,0.00,,1.99,7.95,49.69,Credit,Interac Debit,8338,,completed
642,#014,2026-05-08,2026-05-08 12:24:49,2026-05-08 13:22:49,dine_in,3,2,6,52.50,0.00,,2.62,7.88,63.00,Cash,,,,completed
643,#015,2026-05-08,2026-05-08 12:38:56,2026-05-08 12:51:56,takeout,,1,3,24.50,0.00,,1.23,2.45,28.18,Credit,Visa,9687,,completed
644,#016,2026-05-08,2026-05-08 12:45:06,2026-05-08 12:56:06,delivery,,2,1,49.00,0.00,,2.45,0.00,51.45,Cash,,,SkipTheDishes,completed
645,#017,2026-05-08,2026-05-08 12:52:04,2026-05-08 13:49:04,dine_in,10,2,4,44.25,0.00,,2.21,8.85,55.31,Debit,Interac Debit,8333,,completed
646,#018,2026-05-08,2026-05-08 12:00:07,2026-05-08 12:16:07,takeout,,1,8,23.00,0.00,,1.15,1.15,25.30,Mobile,Google Pay,6396,,completed
647,#019,2026-05-08,2026-05-08 12:56:48,2026-05-08 13:32:48,dine_in,8,4,8,88.75,0.00,,4.44,17.75,110.94,Cash,,,,completed
648,#020,2026-05-08,2026-05-08 12:46:07,2026-05-08 13:06:07,takeout,,1,8,22.50,0.00,,1.12,0.00,23.62,Credit,Visa,8682,,completed
649,#021,2026-05-08,2026-05-08 13:27:36,2026-05-08 14:27:36,dine_in,1,2,5,43.00,0.00,,2.15,6.45,51.60,Credit,Mastercard,6043,,completed
650,#022,2026-05-08,2026-05-08 13:51:26,2026-05-08 14:40:26,dine_in,13,2,5,49.50,0.00,,2.48,9.90,61.88,Debit,Interac Debit,0227,,completed
651,#023,2026-05-08,2026-05-08 13:14:36,2026-05-08 13:25:36,delivery,,1,2,38.00,19.00,Staff meal 50%,0.95,0.00,19.95,Mobile,Google Pay,9380,SkipTheDishes,completed
652,#024,2026-05-08,2026-05-08 13:56:36,2026-05-08 15:02:36,dine_in,4,1,4,23.50,0.00,,1.18,4.70,29.38,Debit,Interac Debit,8960,,completed
653,#025,2026-05-08,2026-05-08 13:59:52,2026-05-08 15:11:52,dine_in,1,2,2,56.75,0.00,,2.84,8.51,68.10,Credit,Interac Debit,3335,,completed
654,#026,2026-05-08,2026-05-08 13:06:58,2026-05-08 13:14:58,delivery,,3,4,100.00,0.00,,5.00,0.00,105.00,Debit,Interac Debit,7797,DoorDash,completed
655,#027,2026-05-08,2026-05-08 13:18:04,2026-05-08 13:33:04,delivery,,1,5,45.00,0.00,,2.25,0.00,47.25,Credit,Mastercard,3973,DoorDash,completed
656,#028,2026-05-08,2026-05-08 13:34:58,2026-05-08 14:35:58,dine_in,14,3,8,97.25,0.00,,4.86,17.50,119.61,Credit,Visa,6419,,completed
657,#029,2026-05-08,2026-05-08 14:41:33,2026-05-08 15:02:33,takeout,,1,8,20.50,0.00,,1.03,0.00,21.53,Mobile,Google Pay,2019,,completed
658,#030,2026-05-08,2026-05-08 14:00:36,2026-05-08 14:49:36,dine_in,6,3,6,74.00,0.00,,3.70,7.40,85.10,Cash,,,,completed
659,#031,2026-05-08,2026-05-08 14:50:10,2026-05-08 14:58:10,delivery,,1,8,21.75,0.00,,1.09,0.00,22.84,Cash,,,SkipTheDishes,completed
660,#032,2026-05-08,2026-05-08 14:39:45,2026-05-08 14:53:45,takeout,,2,4,64.00,0.00,,3.20,0.00,67.20,Debit,Interac Debit,9822,,completed
661,#033,2026-05-08,2026-05-08 14:21:22,2026-05-08 15:26:22,dine_in,1,2,7,50.50,0.00,,2.53,10.10,63.13,Debit,Interac Debit,4399,,completed
662,#034,2026-05-08,2026-05-08 14:12:09,2026-05-08 15:09:09,dine_in,8,3,8,77.50,0.00,,3.88,7.75,89.13,Debit,Interac Debit,2797,,completed
663,#035,2026-05-08,2026-05-08 14:51:29,2026-05-08 15:06:29,delivery,,3,2,76.75,0.00,,3.84,0.00,80.59,Credit,Mastercard,1911,UberEats,completed
664,#036,2026-05-08,2026-05-08 15:48:38,2026-05-08 16:25:38,dine_in,7,3,6,88.50,0.00,,4.42,0.00,0.00,Debit,Interac Debit,5736,,voided
665,#037,2026-05-08,2026-05-08 15:12:38,2026-05-08 15:23:38,delivery,,2,3,52.00,0.00,,2.60,0.00,54.60,Cash,,,DoorDash,completed
666,#038,2026-05-08,2026-05-08 16:06:10,2026-05-08 17:20:10,dine_in,14,2,7,55.75,0.00,,2.79,11.15,69.69,Credit,Mastercard,5013,,completed
667,#039,2026-05-08,2026-05-08 16:13:36,2026-05-08 17:00:36,dine_in,14,4,2,91.00,0.00,,4.55,13.65,109.20,Credit,Visa,2827,,completed
668,#040,2026-05-08,2026-05-08 16:18:39,2026-05-08 16:26:39,delivery,,1,1,24.50,0.00,,1.23,0.00,25.73,Debit,Interac Debit,3019,DoorDash,completed
669,#041,2026-05-08,2026-05-08 16:42:37,2026-05-08 17:19:37,dine_in,12,2,5,64.00,0.00,,3.20,11.52,78.72,Cash,,,,completed
670,#042,2026-05-08,2026-05-08 16:41:27,2026-05-08 17:18:27,dine_in,9,3,1,71.00,0.00,,3.55,17.75,92.30,Debit,Interac Debit,2623,,completed
671,#043,2026-05-08,2026-05-08 16:37:25,2026-05-08 17:29:25,dine_in,14,4,2,94.50,0.00,,4.73,14.17,113.40,Debit,Interac Debit,7035,,completed
672,#044,2026-05-08,2026-05-08 16:00:32,2026-05-08 17:05:32,dine_in,9,3,7,79.50,0.00,,3.98,15.90,99.38,Debit,Interac Debit,6422,,completed
673,#045,2026-05-08,2026-05-08 16:03:27,2026-05-08 17:15:27,dine_in,13,2,8,70.25,0.00,,3.51,12.64,86.40,Credit,Mastercard,1741,,completed
674,#046,2026-05-08,2026-05-08 17:45:05,2026-05-08 18:00:05,delivery,,1,8,28.50,0.00,,1.43,0.00,29.93,Credit,Visa,0559,DoorDash,completed
675,#047,2026-05-08,2026-05-08 17:47:15,2026-05-08 18:54:15,dine_in,10,2,7,64.00,0.00,,3.20,9.60,76.80,Debit,Interac Debit,7281,,completed
676,#048,2026-05-08,2026-05-08 17:13:01,2026-05-08 17:34:01,takeout,,2,1,62.50,0.00,,3.12,0.00,65.62,Credit,Visa,1385,,completed
677,#049,2026-05-08,2026-05-08 17:29:35,2026-05-08 17:37:35,delivery,,1,1,31.25,0.00,,1.56,0.00,32.81,Credit,Visa,9621,DoorDash,completed
678,#050,2026-05-08,2026-05-08 17:50:12,2026-05-08 18:05:12,delivery,,3,8,67.00,0.00,,3.35,0.00,70.35,Debit,Interac Debit,6523,UberEats,completed
679,#051,2026-05-08,2026-05-08 17:55:19,2026-05-08 18:52:19,dine_in,13,3,4,86.00,0.00,,4.30,12.90,103.20,Cash,,,,completed
680,#052,2026-05-08,2026-05-08 17:56:27,2026-05-08 19:10:27,dine_in,1,1,7,21.75,0.00,,1.09,3.92,26.76,Debit,Interac Debit,7103,,completed
681,#053,2026-05-08,2026-05-08 17:26:58,2026-05-08 18:01:58,dine_in,5,2,1,60.00,0.00,,3.00,12.00,75.00,Cash,,,,completed
682,#054,2026-05-08,2026-05-08 17:16:25,2026-05-08 18:28:25,dine_in,8,1,8,27.50,0.00,,1.38,5.50,34.38,Credit,Interac Debit,6328,,completed
683,#055,2026-05-08,2026-05-08 17:31:50,2026-05-08 18:43:50,dine_in,5,2,4,56.25,0.00,,2.81,8.44,67.50,Credit,Interac Debit,8852,,completed
684,#056,2026-05-08,2026-05-08 18:01:04,2026-05-08 18:29:04,takeout,,4,8,118.00,0.00,,5.90,5.90,129.80,Debit,Interac Debit,8102,,completed
685,#057,2026-05-08,2026-05-08 18:15:03,2026-05-08 18:43:03,takeout,,1,3,18.00,0.00,,0.90,0.00,18.90,Mobile,Google Pay,2999,,completed
686,#058,2026-05-08,2026-05-08 18:13:55,2026-05-08 18:58:55,dine_in,5,2,8,39.00,0.00,,1.95,7.80,48.75,Mobile,Google Pay,2051,,completed
687,#059,2026-05-08,2026-05-08 18:47:31,2026-05-08 19:53:31,dine_in,3,2,8,49.00,0.00,,2.45,8.82,60.27,Debit,Interac Debit,9156,,completed
688,#060,2026-05-08,2026-05-08 18:27:11,2026-05-08 18:37:11,delivery,,1,4,22.50,0.00,,1.12,0.00,23.62,Credit,Mastercard,4183,DoorDash,completed
689,#061,2026-05-08,2026-05-08 18:43:22,2026-05-08 18:59:22,takeout,,2,5,67.50,0.00,,3.38,6.75,77.63,Debit,Interac Debit,8608,,completed
690,#062,2026-05-08,2026-05-08 18:34:21,2026-05-08 19:45:21,dine_in,9,4,1,141.75,0.00,,7.09,25.52,174.36,Cash,,,,completed
691,#063,2026-05-08,2026-05-08 18:28:57,2026-05-08 18:48:57,takeout,,2,1,45.00,0.00,,2.25,0.00,47.25,Cash,,,,completed
692,#064,2026-05-08,2026-05-08 18:22:59,2026-05-08 18:52:59,takeout,,1,1,27.00,0.00,,1.35,1.35,29.70,Cash,,,,completed
693,#065,2026-05-08,2026-05-08 18:08:18,2026-05-08 18:37:18,takeout,,1,1,31.75,0.00,,1.59,0.00,33.34,Cash,,,,completed
694,#066,2026-05-08,2026-05-08 18:14:54,2026-05-08 18:57:54,dine_in,6,2,5,40.00,0.00,,2.00,8.00,50.00,Debit,Interac Debit,6897,,completed
695,#067,2026-05-08,2026-05-08 18:23:04,2026-05-08 18:34:04,delivery,,3,5,89.25,0.00,,4.46,0.00,93.71,Cash,,,DoorDash,completed
696,#068,2026-05-08,2026-05-08 18:58:27,2026-05-08 20:01:27,dine_in,9,2,1,69.00,0.00,,3.45,13.80,86.25,Credit,Amex,1131,,completed
697,#069,2026-05-08,2026-05-08 18:01:18,2026-05-08 18:45:18,dine_in,5,2,1,47.50,0.00,,2.38,8.55,58.43,Debit,Interac Debit,5345,,completed
698,#070,2026-05-08,2026-05-08 18:36:40,2026-05-08 19:06:40,takeout,,3,3,86.50,0.00,,4.33,8.65,99.48,Credit,Mastercard,3035,,completed
699,#071,2026-05-08,2026-05-08 18:39:02,2026-05-08 19:45:02,dine_in,6,2,3,42.00,0.00,,2.10,8.40,52.50,Debit,Interac Debit,4474,,completed
700,#072,2026-05-08,2026-05-08 18:49:08,2026-05-08 19:29:08,dine_in,3,2,8,57.00,0.00,,2.85,10.26,70.11,Credit,Mastercard,9380,,completed
701,#073,2026-05-08,2026-05-08 18:19:34,2026-05-08 19:04:34,dine_in,9,3,4,80.75,0.00,,4.04,12.11,96.90,Debit,Interac Debit,9208,,completed
702,#074,2026-05-08,2026-05-08 18:02:39,2026-05-08 18:13:39,delivery,,3,5,73.00,0.00,,3.65,0.00,76.65,Credit,Visa,0463,DoorDash,completed
703,#075,2026-05-08,2026-05-08 19:21:00,2026-05-08 20:26:00,dine_in,6,2,7,48.25,0.00,,2.41,7.24,57.90,Credit,Visa,2644,,completed
704,#076,2026-05-08,2026-05-08 19:44:31,2026-05-08 20:44:31,dine_in,10,4,1,115.50,0.00,,5.78,23.10,144.38,Credit,Visa,1930,,completed
705,#077,2026-05-08,2026-05-08 19:40:20,2026-05-08 20:18:20,dine_in,2,2,4,51.50,0.00,,2.58,7.72,61.80,Mobile,Google Pay,4129,,completed
706,#078,2026-05-08,2026-05-08 19:09:50,2026-05-08 19:30:50,takeout,,1,1,27.00,0.00,,1.35,0.00,28.35,Credit,Visa,5853,,completed
707,#079,2026-05-08,2026-05-08 19:00:39,2026-05-08 20:00:39,dine_in,7,3,3,75.75,0.00,,3.79,15.15,94.69,Debit,Interac Debit,4379,,completed
708,#080,2026-05-08,2026-05-08 19:20:58,2026-05-08 20:04:58,dine_in,3,2,2,55.00,0.00,,2.75,11.00,68.75,Cash,,,,completed
709,#081,2026-05-08,2026-05-08 19:50:42,2026-05-08 20:25:42,dine_in,6,2,2,54.00,0.00,,2.70,8.10,64.80,Debit,Interac Debit,1244,,completed
710,#082,2026-05-08,2026-05-08 19:15:22,2026-05-08 19:25:22,delivery,,1,1,39.50,0.00,,1.98,0.00,41.48,Debit,Interac Debit,1590,SkipTheDishes,completed
711,#083,2026-05-08,2026-05-08 19:52:09,2026-05-08 19:59:09,delivery,,2,3,51.50,0.00,,2.58,0.00,54.08,Cash,,,SkipTheDishes,completed
712,#084,2026-05-08,2026-05-08 19:51:48,2026-05-08 19:59:48,delivery,,2,7,42.75,0.00,,2.14,0.00,44.89,Credit,Mastercard,5326,DoorDash,completed
713,#085,2026-05-08,2026-05-08 19:27:10,2026-05-08 20:15:10,dine_in,4,1,7,23.00,0.00,,1.15,0.00,24.15,Mobile,Apple Pay,3978,,completed
714,#086,2026-05-08,2026-05-08 19:24:21,2026-05-08 19:39:21,delivery,,2,6,51.50,0.00,,2.58,0.00,54.08,Credit,Interac Debit,4399,DoorDash,completed
715,#087,2026-05-08,2026-05-08 19:22:36,2026-05-08 20:33:36,dine_in,5,4,5,123.25,0.00,,6.16,22.18,151.59,Mobile,Google Pay,8970,,completed
716,#088,2026-05-08,2026-05-08 19:22:36,2026-05-08 20:02:36,dine_in,5,4,6,123.75,0.00,,6.19,22.27,152.21,Mobile,Apple Pay,7367,,completed
717,#089,2026-05-08,2026-05-08 19:21:04,2026-05-08 19:58:04,dine_in,14,3,6,111.00,0.00,,5.55,27.75,144.30,Credit,Visa,1760,,completed
718,#090,2026-05-08,2026-05-08 19:10:48,2026-05-08 20:23:48,dine_in,8,4,3,106.50,0.00,,5.33,19.17,131.00,Cash,,,,completed
719,#091,2026-05-08,2026-05-08 20:32:09,2026-05-08 20:47:09,delivery,,4,2,101.50,0.00,,5.08,0.00,106.58,Credit,Visa,4002,DoorDash,completed
720,#092,2026-05-08,2026-05-08 20:12:05,2026-05-08 21:14:05,dine_in,13,2,1,59.50,0.00,,2.98,8.92,71.40,Credit,Visa,0841,,completed
721,#093,2026-05-08,2026-05-08 20:30:51,2026-05-08 21:17:51,dine_in,14,2,6,62.50,0.00,,3.12,6.25,71.87,Credit,Mastercard,1486,,completed
722,#094,2026-05-08,2026-05-08 20:28:51,2026-05-08 21:12:51,dine_in,9,3,5,87.75,0.00,,4.39,17.55,109.69,Debit,Interac Debit,9381,,completed
723,#095,2026-05-08,2026-05-08 20:54:07,2026-05-08 21:05:07,delivery,,2,1,61.50,0.00,,3.08,0.00,64.58,Credit,Mastercard,4808,SkipTheDishes,completed
724,#096,2026-05-08,2026-05-08 20:23:38,2026-05-08 20:38:38,delivery,,1,6,21.00,0.00,,1.05,0.00,22.05,Credit,Mastercard,7846,SkipTheDishes,completed
725,#097,2026-05-08,2026-05-08 20:38:09,2026-05-08 21:41:09,dine_in,14,2,8,48.50,0.00,,2.43,7.27,58.20,Debit,Interac Debit,7888,,completed
726,#001,2026-05-09,2026-05-09 11:56:36,2026-05-09 12:51:36,dine_in,6,2,2,53.00,0.00,,2.65,9.54,65.19,Debit,Interac Debit,9380,,completed
727,#002,2026-05-09,2026-05-09 11:53:50,2026-05-09 12:11:50,takeout,,2,8,52.00,0.00,,2.60,2.60,57.20,Debit,Interac Debit,7846,,completed
728,#003,2026-05-09,2026-05-09 11:37:04,2026-05-09 12:39:04,dine_in,6,2,3,87.25,0.00,,4.36,15.71,107.32,Debit,Interac Debit,8832,,completed
729,#004,2026-05-09,2026-05-09 11:54:09,2026-05-09 12:01:09,delivery,,4,4,79.50,0.00,,3.98,0.00,83.48,Credit,Amex,0878,SkipTheDishes,completed
730,#005,2026-05-09,2026-05-09 11:48:22,2026-05-09 12:02:22,delivery,,1,2,27.00,0.00,,1.35,0.00,28.35,Debit,Interac Debit,7279,SkipTheDishes,completed
731,#006,2026-05-09,2026-05-09 11:57:44,2026-05-09 13:06:44,dine_in,1,2,4,76.75,0.00,,3.84,13.81,94.40,Mobile,Google Pay,3091,,completed
732,#007,2026-05-09,2026-05-09 11:41:50,2026-05-09 12:30:50,dine_in,13,1,1,18.00,0.00,,0.90,3.60,22.50,Credit,Mastercard,9220,,completed
733,#008,2026-05-09,2026-05-09 12:38:40,2026-05-09 12:56:40,takeout,,2,5,42.50,0.00,,2.12,0.00,44.62,Credit,Mastercard,4828,,completed
734,#009,2026-05-09,2026-05-09 12:24:25,2026-05-09 13:04:25,dine_in,8,4,7,108.50,0.00,,5.43,21.70,135.63,Credit,Mastercard,4364,,completed
735,#010,2026-05-09,2026-05-09 12:35:56,2026-05-09 13:32:56,dine_in,8,1,8,24.00,0.00,,1.20,3.60,28.80,Cash,,,,completed
736,#011,2026-05-09,2026-05-09 12:58:45,2026-05-09 13:06:45,delivery,,2,3,43.50,10.00,Google review promo,1.68,0.00,35.18,Credit,Visa,5415,DoorDash,completed
737,#012,2026-05-09,2026-05-09 12:55:35,2026-05-09 14:05:35,dine_in,4,2,7,48.50,0.00,,2.43,7.27,58.20,Mobile,Google Pay,4010,,completed
738,#013,2026-05-09,2026-05-09 12:15:04,2026-05-09 13:13:04,dine_in,4,3,2,88.25,0.00,,4.41,22.06,114.72,Cash,,,,completed
739,#014,2026-05-09,2026-05-09 12:54:31,2026-05-09 13:36:31,dine_in,10,2,3,43.00,0.00,,2.15,10.75,55.90,Credit,Mastercard,6043,,completed
740,#015,2026-05-09,2026-05-09 12:12:48,2026-05-09 12:34:48,takeout,,2,7,55.50,5.00,Loyalty,2.53,0.00,53.03,Debit,Interac Debit,3680,,completed
741,#016,2026-05-09,2026-05-09 12:27:43,2026-05-09 13:38:43,dine_in,13,3,2,93.00,0.00,,4.65,13.95,111.60,Mobile,Google Pay,5999,,completed
742,#017,2026-05-09,2026-05-09 12:27:24,2026-05-09 13:39:24,dine_in,8,3,4,65.00,0.00,,3.25,11.70,79.95,Debit,Interac Debit,7504,,completed
743,#018,2026-05-09,2026-05-09 12:24:23,2026-05-09 13:21:23,dine_in,3,2,8,56.50,0.00,,2.83,11.30,70.63,Debit,Interac Debit,0676,,completed
744,#019,2026-05-09,2026-05-09 12:22:26,2026-05-09 13:06:26,dine_in,9,3,4,89.50,0.00,,4.48,13.42,107.40,Credit,Visa,4120,,completed
745,#020,2026-05-09,2026-05-09 12:06:40,2026-05-09 12:25:40,takeout,,3,2,84.50,0.00,,4.23,0.00,88.73,Mobile,Google Pay,4261,,completed
746,#021,2026-05-09,2026-05-09 12:04:21,2026-05-09 12:53:21,dine_in,13,4,8,79.00,0.00,,3.95,15.80,98.75,Credit,Mastercard,7330,,completed
747,#022,2026-05-09,2026-05-09 12:38:38,2026-05-09 12:54:38,takeout,,1,4,20.00,0.00,,1.00,1.00,22.00,Debit,Interac Debit,5156,,completed
748,#023,2026-05-09,2026-05-09 12:08:11,2026-05-09 12:25:11,takeout,,3,1,98.50,0.00,,4.93,4.93,108.36,Mobile,Google Pay,7375,,completed
749,#024,2026-05-09,2026-05-09 12:28:35,2026-05-09 12:43:35,takeout,,1,2,23.75,0.00,,1.19,1.19,26.13,Cash,,,,completed
750,#025,2026-05-09,2026-05-09 12:57:00,2026-05-09 13:32:00,dine_in,11,2,1,50.75,0.00,,2.54,9.13,62.42,Mobile,Apple Pay,5654,,completed
751,#026,2026-05-09,2026-05-09 12:32:15,2026-05-09 13:20:15,dine_in,13,5,7,135.25,0.00,,6.76,13.53,155.54,Credit,Interac Debit,8980,,completed
752,#027,2026-05-09,2026-05-09 12:28:25,2026-05-09 12:51:25,takeout,,1,6,23.50,0.00,,1.18,2.35,27.03,Debit,Interac Debit,9512,,completed
753,#028,2026-05-09,2026-05-09 12:19:25,2026-05-09 12:28:25,delivery,,2,7,39.00,0.00,,1.95,0.00,40.95,Credit,Mastercard,0622,UberEats,completed
754,#029,2026-05-09,2026-05-09 12:13:14,2026-05-09 12:27:14,delivery,,1,8,18.00,0.00,,0.90,0.00,18.90,Mobile,Google Pay,5135,UberEats,completed
755,#030,2026-05-09,2026-05-09 13:36:10,2026-05-09 13:50:10,takeout,,2,2,53.75,0.00,,2.69,5.38,61.82,Credit,Visa,6811,,completed
756,#031,2026-05-09,2026-05-09 13:34:13,2026-05-09 14:12:13,dine_in,8,3,8,54.00,10.00,Google review promo,2.20,7.92,54.12,Credit,Visa,9460,,completed
757,#032,2026-05-09,2026-05-09 13:45:53,2026-05-09 13:57:53,delivery,,1,5,35.75,0.00,,1.79,0.00,37.54,Credit,Mastercard,4316,SkipTheDishes,completed
758,#033,2026-05-09,2026-05-09 13:06:25,2026-05-09 13:11:25,delivery,,4,6,113.50,5.00,Google review promo,5.43,0.00,113.93,Debit,Interac Debit,3088,SkipTheDishes,completed
759,#034,2026-05-09,2026-05-09 13:57:53,2026-05-09 14:39:53,dine_in,15,1,6,18.00,0.00,,0.90,2.70,21.60,Credit,Mastercard,5013,,completed
760,#035,2026-05-09,2026-05-09 13:03:52,2026-05-09 14:17:52,dine_in,9,4,8,116.50,0.00,,5.83,29.12,151.45,Cash,,,,refunded
761,#036,2026-05-09,2026-05-09 13:42:07,2026-05-09 14:01:07,takeout,,1,7,26.00,0.00,,1.30,0.00,27.30,Cash,,,,completed
762,#037,2026-05-09,2026-05-09 13:49:27,2026-05-09 14:50:27,dine_in,9,3,5,83.50,0.00,,4.17,16.70,104.37,Credit,Mastercard,9785,,completed
763,#038,2026-05-09,2026-05-09 13:49:20,2026-05-09 14:54:20,dine_in,8,2,2,62.50,0.00,,3.12,12.50,78.12,Debit,Interac Debit,2623,,completed
764,#039,2026-05-09,2026-05-09 13:29:47,2026-05-09 14:10:47,dine_in,10,1,1,30.25,0.00,,1.51,6.05,37.81,Debit,Interac Debit,1951,,completed
765,#040,2026-05-09,2026-05-09 13:54:16,2026-05-09 14:06:16,takeout,,2,4,42.50,0.00,,2.12,0.00,44.62,Credit,Mastercard,5511,,completed
766,#041,2026-05-09,2026-05-09 13:13:33,2026-05-09 14:20:33,dine_in,2,2,2,78.50,0.00,,3.93,15.70,98.13,Debit,Interac Debit,1814,,completed
767,#042,2026-05-09,2026-05-09 13:47:03,2026-05-09 14:08:03,takeout,,2,7,43.25,0.00,,2.16,4.33,49.74,Credit,Mastercard,6043,,completed
768,#043,2026-05-09,2026-05-09 13:23:59,2026-05-09 14:28:59,dine_in,14,2,8,45.50,4.55,Birthday 10%,2.05,10.24,53.24,Credit,Mastercard,7645,,completed
769,#044,2026-05-09,2026-05-09 13:11:45,2026-05-09 14:04:45,dine_in,10,2,4,46.50,0.00,,2.33,9.30,58.13,Mobile,Apple Pay,6811,,completed
770,#045,2026-05-09,2026-05-09 13:56:29,2026-05-09 14:06:29,delivery,,3,8,66.00,0.00,,3.30,0.00,69.30,Credit,Mastercard,5413,SkipTheDishes,completed
771,#046,2026-05-09,2026-05-09 13:48:21,2026-05-09 14:56:21,dine_in,7,3,1,62.00,0.00,,3.10,11.16,76.26,Mobile,Google Pay,1814,,completed
772,#047,2026-05-09,2026-05-09 13:46:18,2026-05-09 14:47:18,dine_in,8,4,6,110.75,16.61,Yelp check-in,4.71,16.95,115.80,Credit,Mastercard,9377,,completed
773,#048,2026-05-09,2026-05-09 13:47:03,2026-05-09 14:34:03,dine_in,14,2,1,43.50,0.00,,2.18,6.52,52.20,Mobile,Google Pay,2623,,completed
774,#049,2026-05-09,2026-05-09 13:02:17,2026-05-09 13:22:17,takeout,,1,6,39.25,19.62,Staff meal 50%,0.98,0.00,20.61,Debit,Interac Debit,4316,,completed
775,#050,2026-05-09,2026-05-09 13:05:46,2026-05-09 14:12:46,dine_in,12,2,8,45.00,0.00,,2.25,9.00,56.25,Debit,Interac Debit,5370,,completed
776,#051,2026-05-09,2026-05-09 13:30:48,2026-05-09 14:15:48,dine_in,12,2,2,50.75,0.00,,2.54,7.61,60.90,Debit,Interac Debit,7846,,completed
777,#052,2026-05-09,2026-05-09 14:16:22,2026-05-09 15:11:22,dine_in,8,2,7,68.25,0.00,,3.41,12.29,83.95,Mobile,Apple Pay,9460,,completed
778,#053,2026-05-09,2026-05-09 14:30:20,2026-05-09 15:43:20,dine_in,15,2,8,70.00,0.00,,3.50,7.00,80.50,Debit,Interac Debit,9380,,completed
779,#054,2026-05-09,2026-05-09 14:46:06,2026-05-09 16:00:06,dine_in,9,2,5,40.50,0.00,,2.02,10.12,52.64,Mobile,Google Pay,7898,,completed
780,#055,2026-05-09,2026-05-09 15:52:36,2026-05-09 16:33:36,dine_in,14,3,5,73.75,0.00,,3.69,13.28,90.72,Cash,,,,completed
781,#056,2026-05-09,2026-05-09 16:57:58,2026-05-09 17:09:58,takeout,,2,3,49.50,0.00,,2.48,7.42,59.40,Credit,Visa,6738,,completed
782,#057,2026-05-09,2026-05-09 17:32:51,2026-05-09 18:21:51,dine_in,2,2,7,54.75,0.00,,2.74,10.95,68.44,Credit,Visa,8440,,completed
783,#058,2026-05-09,2026-05-09 17:13:17,2026-05-09 17:57:17,dine_in,10,5,8,121.00,0.00,,6.05,18.15,145.20,Mobile,Apple Pay,7850,,completed
784,#059,2026-05-09,2026-05-09 17:51:56,2026-05-09 18:02:56,delivery,,3,6,86.75,0.00,,4.34,0.00,91.09,Credit,Visa,7498,SkipTheDishes,completed
785,#060,2026-05-09,2026-05-09 17:58:12,2026-05-09 19:05:12,dine_in,13,4,2,130.00,0.00,,6.50,0.00,136.50,Credit,Amex,5790,,completed
786,#061,2026-05-09,2026-05-09 17:52:23,2026-05-09 18:55:23,dine_in,8,3,5,73.75,0.00,,3.69,13.28,90.72,Debit,Interac Debit,8980,,completed
787,#062,2026-05-09,2026-05-09 17:47:50,2026-05-09 18:25:50,dine_in,7,2,3,42.00,0.00,,2.10,10.50,54.60,Cash,,,,completed
788,#063,2026-05-09,2026-05-09 17:55:54,2026-05-09 18:59:54,dine_in,7,3,8,100.75,0.00,,5.04,20.15,125.94,Mobile,Google Pay,5853,,completed
789,#064,2026-05-09,2026-05-09 17:01:40,2026-05-09 17:46:40,dine_in,13,7,1,194.25,0.00,,9.71,38.85,242.81,Credit,Mastercard,3222,,completed
790,#065,2026-05-09,2026-05-09 17:53:49,2026-05-09 18:47:49,dine_in,9,5,7,122.00,0.00,,6.10,30.50,158.60,Debit,Interac Debit,5577,,completed
791,#066,2026-05-09,2026-05-09 17:13:17,2026-05-09 17:53:17,dine_in,1,2,4,58.50,0.00,,2.93,10.53,71.96,Cash,,,,completed
792,#067,2026-05-09,2026-05-09 17:25:18,2026-05-09 17:35:18,delivery,,1,3,38.50,0.00,,1.93,0.00,40.43,Cash,,,DoorDash,completed
793,#068,2026-05-09,2026-05-09 17:32:17,2026-05-09 18:24:17,dine_in,14,3,2,77.00,0.00,,3.85,11.55,92.40,Debit,Interac Debit,9596,,completed
794,#069,2026-05-09,2026-05-09 17:42:56,2026-05-09 18:31:56,dine_in,12,2,3,63.50,0.00,,3.18,11.43,78.11,Debit,Interac Debit,5577,,completed
795,#070,2026-05-09,2026-05-09 17:47:40,2026-05-09 17:56:40,delivery,,2,3,65.00,0.00,,3.25,0.00,68.25,Debit,Interac Debit,7114,SkipTheDishes,completed
796,#071,2026-05-09,2026-05-09 18:15:01,2026-05-09 19:08:01,dine_in,13,2,1,69.50,0.00,,3.48,13.90,86.88,Credit,Amex,0731,,completed
797,#072,2026-05-09,2026-05-09 18:45:50,2026-05-09 19:27:50,dine_in,1,1,4,20.00,0.00,,1.00,5.00,26.00,Credit,Visa,7375,,completed
798,#073,2026-05-09,2026-05-09 18:05:04,2026-05-09 18:41:04,dine_in,15,2,6,49.50,0.00,,2.48,8.91,60.89,Credit,Visa,5148,,completed
799,#074,2026-05-09,2026-05-09 18:31:39,2026-05-09 19:42:39,dine_in,10,3,8,89.25,0.00,,4.46,13.39,107.10,Mobile,Apple Pay,3088,,completed
800,#075,2026-05-09,2026-05-09 18:38:38,2026-05-09 19:49:38,dine_in,5,4,7,110.25,0.00,,5.51,22.05,137.81,Credit,Mastercard,2568,,completed
801,#076,2026-05-09,2026-05-09 18:15:09,2026-05-09 19:08:09,dine_in,5,2,1,56.00,0.00,,2.80,14.00,72.80,Mobile,Apple Pay,5148,,completed
802,#077,2026-05-09,2026-05-09 18:13:39,2026-05-09 18:56:39,dine_in,9,2,2,49.00,0.00,,2.45,9.80,61.25,Credit,Mastercard,8152,,completed
803,#078,2026-05-09,2026-05-09 18:41:50,2026-05-09 19:38:50,dine_in,13,8,5,217.25,0.00,,10.86,21.73,249.84,Debit,Interac Debit,7114,,completed
804,#079,2026-05-09,2026-05-09 18:31:07,2026-05-09 18:53:07,takeout,,3,2,67.00,0.00,,3.35,0.00,70.35,Cash,,,,completed
805,#080,2026-05-09,2026-05-09 18:57:27,2026-05-09 20:06:27,dine_in,13,2,7,79.25,0.00,,3.96,11.89,95.10,Credit,Visa,0550,,completed
806,#081,2026-05-09,2026-05-09 18:52:50,2026-05-09 20:07:50,dine_in,9,1,4,40.75,0.00,,2.04,8.15,50.94,Debit,Interac Debit,1907,,completed
807,#082,2026-05-09,2026-05-09 18:35:02,2026-05-09 19:16:02,dine_in,10,4,5,120.50,0.00,,6.03,24.10,150.63,Credit,Visa,9460,,completed
808,#083,2026-05-09,2026-05-09 18:24:15,2026-05-09 19:38:15,dine_in,12,2,7,45.00,0.00,,2.25,6.75,54.00,Credit,Mastercard,7114,,completed
809,#084,2026-05-09,2026-05-09 18:24:37,2026-05-09 18:50:37,takeout,,1,1,23.50,0.00,,1.18,2.35,27.03,Credit,Interac Debit,8980,,completed
810,#085,2026-05-09,2026-05-09 18:41:14,2026-05-09 19:52:14,dine_in,6,2,2,48.00,0.00,,2.40,8.64,59.04,Credit,Mastercard,4712,,completed
811,#086,2026-05-09,2026-05-09 18:22:09,2026-05-09 19:09:09,dine_in,13,2,5,90.25,0.00,,4.51,18.05,112.81,Credit,Mastercard,4365,,completed
812,#087,2026-05-09,2026-05-09 18:58:28,2026-05-09 19:35:28,dine_in,13,1,6,23.75,11.88,Staff meal 50%,0.59,2.37,14.83,Mobile,Google Pay,4712,,completed
813,#088,2026-05-09,2026-05-09 18:02:39,2026-05-09 18:14:39,delivery,,1,6,33.75,0.00,,1.69,0.00,35.44,Cash,,,DoorDash,completed
814,#089,2026-05-09,2026-05-09 19:47:13,2026-05-09 20:01:13,takeout,,2,2,57.50,0.00,,2.88,0.00,60.38,Mobile,Apple Pay,1288,,completed
815,#090,2026-05-09,2026-05-09 19:17:46,2026-05-09 19:54:46,dine_in,10,4,2,93.50,0.00,,4.67,16.83,115.00,Credit,Visa,3318,,completed
816,#091,2026-05-09,2026-05-09 19:30:21,2026-05-09 20:20:21,dine_in,3,2,5,39.00,0.00,,1.95,7.02,47.97,Credit,Visa,7367,,completed
817,#092,2026-05-09,2026-05-09 19:31:51,2026-05-09 19:45:51,delivery,,3,3,80.50,0.00,,4.03,0.00,84.53,Debit,Interac Debit,0335,DoorDash,completed
818,#093,2026-05-09,2026-05-09 19:47:08,2026-05-09 20:23:08,dine_in,5,4,8,143.00,0.00,,7.15,28.60,178.75,Mobile,Google Pay,0841,,completed
819,#094,2026-05-09,2026-05-09 19:57:55,2026-05-09 20:10:55,takeout,,1,7,31.00,0.00,,1.55,0.00,32.55,Credit,Mastercard,8152,,completed
820,#095,2026-05-09,2026-05-09 19:03:27,2026-05-09 19:14:27,delivery,,4,5,122.50,61.25,Staff meal 50%,3.06,0.00,64.31,Credit,Amex,9409,SkipTheDishes,completed
821,#096,2026-05-09,2026-05-09 19:01:53,2026-05-09 19:17:53,takeout,,1,8,22.75,0.00,,1.14,0.00,23.89,Credit,Visa,3318,,completed
822,#097,2026-05-09,2026-05-09 19:32:22,2026-05-09 19:50:22,takeout,,1,4,27.00,0.00,,1.35,2.70,31.05,Debit,Interac Debit,1951,,completed
823,#098,2026-05-09,2026-05-09 19:48:44,2026-05-09 20:25:44,dine_in,13,4,6,97.75,0.00,,4.89,14.66,117.30,Debit,Interac Debit,8440,,completed
824,#099,2026-05-09,2026-05-09 19:58:20,2026-05-09 21:11:20,dine_in,5,2,6,46.75,0.00,,2.34,8.41,57.50,Credit,Interac Debit,4261,,completed
825,#100,2026-05-09,2026-05-09 19:47:44,2026-05-09 20:01:44,takeout,,2,6,54.00,0.00,,2.70,5.40,62.10,Mobile,Google Pay,9609,,completed
826,#101,2026-05-09,2026-05-09 19:14:10,2026-05-09 19:49:10,dine_in,14,3,4,83.50,0.00,,4.17,15.03,102.70,Debit,Interac Debit,8152,,completed
827,#102,2026-05-09,2026-05-09 19:21:14,2026-05-09 20:01:14,dine_in,12,2,7,55.00,0.00,,2.75,9.90,67.65,Debit,Interac Debit,5577,,refunded
828,#103,2026-05-09,2026-05-09 19:05:58,2026-05-09 19:20:58,delivery,,2,1,46.50,0.00,,2.33,0.00,48.83,Debit,Interac Debit,8925,UberEats,completed
829,#104,2026-05-09,2026-05-09 19:03:52,2026-05-09 20:01:52,dine_in,7,4,2,109.00,0.00,,5.45,21.80,136.25,Credit,Mastercard,7392,,completed
830,#105,2026-05-09,2026-05-09 19:11:44,2026-05-09 20:11:44,dine_in,13,6,6,132.50,0.00,,6.62,19.88,159.00,Cash,,,,completed
831,#106,2026-05-09,2026-05-09 20:26:14,2026-05-09 21:40:14,dine_in,10,4,6,140.00,0.00,,7.00,0.00,147.00,Debit,Interac Debit,1288,,completed
832,#107,2026-05-09,2026-05-09 20:20:27,2026-05-09 21:14:27,dine_in,4,2,7,42.00,0.00,,2.10,8.40,52.50,Debit,Interac Debit,1360,,completed
833,#108,2026-05-09,2026-05-09 20:43:19,2026-05-09 21:37:19,dine_in,3,2,3,63.50,6.35,Birthday 10%,2.86,5.71,65.72,Credit,Interac Debit,9799,,completed
834,#109,2026-05-09,2026-05-09 20:06:11,2026-05-09 20:58:11,dine_in,14,2,1,54.00,0.00,,2.70,8.10,64.80,Credit,Visa,2840,,completed
835,#110,2026-05-09,2026-05-09 20:08:59,2026-05-09 20:57:59,dine_in,5,4,1,99.50,0.00,,4.98,14.92,119.40,Credit,Mastercard,5413,,completed
836,#111,2026-05-09,2026-05-09 20:39:01,2026-05-09 21:37:01,dine_in,13,5,6,127.50,0.00,,6.38,12.75,146.63,Credit,Mastercard,7035,,completed
837,#112,2026-05-09,2026-05-09 20:44:48,2026-05-09 21:12:48,takeout,,1,5,34.00,0.00,,1.70,0.00,35.70,Credit,Mastercard,4316,,completed
838,#113,2026-05-09,2026-05-09 20:00:45,2026-05-09 20:53:45,dine_in,8,1,1,21.00,0.00,,1.05,3.78,25.83,Debit,Interac Debit,0335,,completed
839,#001,2026-05-10,2026-05-10 11:26:23,2026-05-10 11:38:23,delivery,,2,1,67.00,0.00,,3.35,0.00,70.35,Cash,,,DoorDash,completed
840,#002,2026-05-10,2026-05-10 11:42:56,2026-05-10 12:40:56,dine_in,8,2,5,76.50,0.00,,3.83,15.30,95.63,Cash,,,,completed
841,#003,2026-05-10,2026-05-10 11:19:24,2026-05-10 12:02:24,dine_in,4,3,4,80.00,0.00,,4.00,14.40,98.40,Mobile,Apple Pay,0800,,completed
842,#004,2026-05-10,2026-05-10 11:35:51,2026-05-10 11:58:51,takeout,,2,6,48.75,0.00,,2.44,0.00,51.19,Debit,Interac Debit,8152,,completed
843,#005,2026-05-10,2026-05-10 11:54:11,2026-05-10 12:41:11,dine_in,10,2,4,42.50,0.00,,2.12,10.62,55.24,Cash,,,,completed
844,#006,2026-05-10,2026-05-10 11:44:44,2026-05-10 11:56:44,takeout,,3,4,67.50,0.00,,3.38,3.38,74.26,Cash,,,,completed
845,#007,2026-05-10,2026-05-10 11:08:22,2026-05-10 12:09:22,dine_in,10,3,6,86.25,0.00,,4.31,15.52,106.08,Mobile,Google Pay,9377,,completed
846,#008,2026-05-10,2026-05-10 11:07:02,2026-05-10 11:20:02,takeout,,1,4,21.00,0.00,,1.05,1.05,23.10,Cash,,,,completed
847,#009,2026-05-10,2026-05-10 11:41:01,2026-05-10 12:08:01,takeout,,1,4,18.00,0.00,,0.90,0.90,19.80,Debit,Interac Debit,5511,,completed
848,#010,2026-05-10,2026-05-10 12:37:20,2026-05-10 12:58:20,takeout,,3,8,67.00,0.00,,3.35,0.00,70.35,Credit,Interac Debit,5370,,completed
849,#011,2026-05-10,2026-05-10 12:02:57,2026-05-10 12:43:57,dine_in,10,2,7,52.50,0.00,,2.62,9.45,64.57,Debit,Interac Debit,0080,,completed
850,#012,2026-05-10,2026-05-10 12:34:08,2026-05-10 13:46:08,dine_in,6,3,7,79.50,0.00,,3.98,7.95,91.43,Credit,Visa,2840,,completed
851,#013,2026-05-10,2026-05-10 12:23:35,2026-05-10 12:38:35,delivery,,3,7,72.50,0.00,,3.62,0.00,76.12,Credit,Visa,5148,DoorDash,completed
852,#014,2026-05-10,2026-05-10 12:15:18,2026-05-10 12:26:18,delivery,,4,2,97.00,0.00,,4.85,0.00,101.85,Credit,Visa,7898,UberEats,completed
853,#015,2026-05-10,2026-05-10 12:59:36,2026-05-10 14:05:36,dine_in,13,8,8,206.25,0.00,,10.31,51.56,268.12,Credit,Mastercard,6880,,completed
854,#016,2026-05-10,2026-05-10 12:23:28,2026-05-10 12:29:28,delivery,,2,5,78.75,0.00,,3.94,0.00,82.69,Credit,Visa,7367,DoorDash,completed
855,#017,2026-05-10,2026-05-10 12:06:21,2026-05-10 13:19:21,dine_in,4,3,7,85.25,0.00,,4.26,17.05,106.56,Credit,Mastercard,7114,,completed
856,#018,2026-05-10,2026-05-10 12:25:14,2026-05-10 12:31:14,delivery,,1,8,28.75,0.00,,1.44,0.00,30.19,Cash,,,DoorDash,completed
857,#019,2026-05-10,2026-05-10 13:15:47,2026-05-10 13:29:47,delivery,,3,3,78.00,0.00,,3.90,0.00,81.90,Credit,Visa,0550,UberEats,completed
858,#020,2026-05-10,2026-05-10 13:00:07,2026-05-10 13:44:07,dine_in,7,2,7,55.50,0.00,,2.78,11.10,69.38,Mobile,Apple Pay,3047,,completed
859,#021,2026-05-10,2026-05-10 13:56:59,2026-05-10 14:26:59,takeout,,2,4,44.00,0.00,,2.20,0.00,46.20,Credit,Mastercard,6043,,completed
860,#022,2026-05-10,2026-05-10 13:28:16,2026-05-10 14:17:16,dine_in,9,4,1,100.75,0.00,,5.04,18.13,123.92,Debit,Interac Debit,6969,,completed
861,#023,2026-05-10,2026-05-10 13:22:55,2026-05-10 13:51:55,takeout,,3,2,80.00,0.00,,4.00,4.00,88.00,Mobile,Google Pay,7898,,completed
862,#024,2026-05-10,2026-05-10 13:52:12,2026-05-10 14:42:12,dine_in,9,5,4,121.25,0.00,,6.06,21.82,149.13,Credit,Mastercard,8638,,completed
863,#025,2026-05-10,2026-05-10 13:13:46,2026-05-10 14:26:46,dine_in,14,4,8,111.25,0.00,,5.56,20.02,136.83,Debit,Interac Debit,3088,,completed
864,#026,2026-05-10,2026-05-10 13:10:22,2026-05-10 13:57:22,dine_in,8,3,2,94.25,0.00,,4.71,18.85,117.81,Cash,,,,completed
865,#027,2026-05-10,2026-05-10 13:36:34,2026-05-10 13:47:34,delivery,,2,8,46.50,0.00,,2.33,0.00,48.83,Debit,Interac Debit,9380,UberEats,completed
866,#028,2026-05-10,2026-05-10 13:54:50,2026-05-10 14:34:50,dine_in,8,3,1,62.50,0.00,,3.12,11.25,76.87,Credit,Mastercard,9596,,completed
867,#029,2026-05-10,2026-05-10 13:04:24,2026-05-10 14:18:24,dine_in,13,4,4,105.25,0.00,,5.26,15.79,126.30,Debit,Interac Debit,6396,,completed
868,#030,2026-05-10,2026-05-10 13:13:13,2026-05-10 14:20:13,dine_in,13,2,3,44.00,0.00,,2.20,8.80,55.00,Credit,Interac Debit,5370,,completed
869,#031,2026-05-10,2026-05-10 14:22:08,2026-05-10 15:20:08,dine_in,14,2,4,71.50,0.00,,3.58,14.30,89.38,Mobile,Google Pay,4365,,completed
870,#032,2026-05-10,2026-05-10 14:09:57,2026-05-10 14:22:57,delivery,,1,6,23.00,0.00,,1.15,0.00,24.15,Credit,Interac Debit,3658,UberEats,completed
871,#033,2026-05-10,2026-05-10 15:55:47,2026-05-10 16:02:47,delivery,,2,5,63.75,0.00,,3.19,0.00,66.94,Mobile,Apple Pay,4399,DoorDash,completed
872,#034,2026-05-10,2026-05-10 16:32:17,2026-05-10 16:45:17,takeout,,3,1,70.50,0.00,,3.53,0.00,74.03,Credit,Visa,5577,,completed
873,#035,2026-05-10,2026-05-10 16:23:51,2026-05-10 16:30:51,delivery,,3,6,76.00,0.00,,3.80,0.00,79.80,Debit,Interac Debit,6880,UberEats,completed
874,#036,2026-05-10,2026-05-10 16:04:51,2026-05-10 16:16:51,delivery,,1,7,26.25,0.00,,1.31,0.00,27.56,Cash,,,SkipTheDishes,completed
875,#037,2026-05-10,2026-05-10 17:36:18,2026-05-10 18:12:18,dine_in,1,2,6,55.75,0.00,,2.79,11.15,69.69,Credit,Mastercard,3047,,completed
876,#038,2026-05-10,2026-05-10 17:53:39,2026-05-10 18:48:39,dine_in,8,4,1,85.50,0.00,,4.28,17.10,106.88,Cash,,,,completed
877,#039,2026-05-10,2026-05-10 17:24:47,2026-05-10 17:36:47,delivery,,4,4,109.50,16.43,Manager comp,4.65,0.00,97.72,Mobile,Google Pay,5577,DoorDash,completed
878,#040,2026-05-10,2026-05-10 17:31:44,2026-05-10 17:41:44,delivery,,1,6,18.00,0.00,,0.90,0.00,18.90,Mobile,Google Pay,8939,SkipTheDishes,completed
879,#041,2026-05-10,2026-05-10 17:07:36,2026-05-10 17:22:36,takeout,,2,3,54.25,0.00,,2.71,5.43,62.39,Debit,Interac Debit,9799,,completed
880,#042,2026-05-10,2026-05-10 17:29:49,2026-05-10 17:56:49,takeout,,1,5,25.50,0.00,,1.28,0.00,26.78,Debit,Interac Debit,4712,,completed
881,#043,2026-05-10,2026-05-10 17:34:48,2026-05-10 17:54:48,takeout,,1,1,31.50,0.00,,1.58,1.58,34.66,Cash,,,,completed
882,#044,2026-05-10,2026-05-10 17:32:21,2026-05-10 17:50:21,takeout,,3,2,91.00,0.00,,4.55,9.10,104.65,Debit,Interac Debit,9799,,completed
883,#045,2026-05-10,2026-05-10 17:55:34,2026-05-10 18:02:34,delivery,,2,4,72.75,0.00,,3.64,0.00,76.39,Credit,Interac Debit,3822,DoorDash,completed
884,#046,2026-05-10,2026-05-10 18:24:34,2026-05-10 19:16:34,dine_in,4,2,3,54.50,0.00,,2.73,13.62,70.85,Mobile,Apple Pay,3088,,completed
885,#047,2026-05-10,2026-05-10 18:31:08,2026-05-10 19:09:08,dine_in,10,5,8,134.25,0.00,,6.71,13.43,154.39,Credit,Interac Debit,3822,,completed
886,#048,2026-05-10,2026-05-10 18:46:53,2026-05-10 19:27:53,dine_in,6,4,3,102.50,0.00,,5.12,20.50,128.12,Cash,,,,completed
887,#049,2026-05-10,2026-05-10 18:16:44,2026-05-10 18:22:44,delivery,,1,6,18.00,0.00,,0.90,0.00,18.90,Cash,,,SkipTheDishes,completed
888,#050,2026-05-10,2026-05-10 18:17:06,2026-05-10 19:18:06,dine_in,13,2,3,45.50,0.00,,2.27,9.10,56.87,Credit,Mastercard,3047,,completed
889,#051,2026-05-10,2026-05-10 18:30:22,2026-05-10 18:35:22,delivery,,4,4,89.25,0.00,,4.46,0.00,93.71,Debit,Interac Debit,0335,SkipTheDishes,completed
890,#052,2026-05-10,2026-05-10 18:27:50,2026-05-10 19:12:50,dine_in,2,1,5,28.00,0.00,,1.40,4.20,33.60,Mobile,Apple Pay,9380,,completed
891,#053,2026-05-10,2026-05-10 18:06:15,2026-05-10 19:20:15,dine_in,6,2,4,48.50,0.00,,2.43,8.73,59.66,Credit,Mastercard,6880,,completed
892,#054,2026-05-10,2026-05-10 18:53:10,2026-05-10 19:13:10,takeout,,1,3,26.50,0.00,,1.33,0.00,27.83,Credit,Interac Debit,3658,,completed
893,#055,2026-05-10,2026-05-10 18:37:45,2026-05-10 18:45:45,delivery,,2,1,58.50,0.00,,2.93,0.00,61.43,Credit,Visa,6917,UberEats,completed
894,#056,2026-05-10,2026-05-10 18:11:39,2026-05-10 19:02:39,dine_in,4,1,1,31.50,0.00,,1.58,6.30,39.38,Debit,Interac Debit,2840,,completed
895,#057,2026-05-10,2026-05-10 18:07:03,2026-05-10 18:26:03,takeout,,2,2,76.25,0.00,,3.81,0.00,80.06,Credit,Mastercard,6969,,completed
896,#058,2026-05-10,2026-05-10 18:55:26,2026-05-10 19:04:26,delivery,,3,2,67.75,0.00,,3.39,0.00,71.14,Credit,Mastercard,6043,UberEats,completed
897,#059,2026-05-10,2026-05-10 18:11:44,2026-05-10 19:18:44,dine_in,6,3,1,80.50,0.00,,4.03,12.07,96.60,Debit,Interac Debit,6043,,completed
898,#060,2026-05-10,2026-05-10 18:42:41,2026-05-10 19:55:41,dine_in,3,2,7,51.00,0.00,,2.55,10.20,63.75,Mobile,Apple Pay,1814,,completed
899,#061,2026-05-10,2026-05-10 18:51:47,2026-05-10 19:17:47,takeout,,2,7,51.25,0.00,,2.56,0.00,0.00,Credit,Visa,8925,,voided
900,#062,2026-05-10,2026-05-10 18:05:56,2026-05-10 19:08:56,dine_in,9,5,7,132.00,0.00,,6.60,23.76,162.36,Credit,Mastercard,6880,,completed
901,#063,2026-05-10,2026-05-10 18:22:28,2026-05-10 19:25:28,dine_in,2,2,6,51.00,0.00,,2.55,10.20,63.75,Cash,,,,completed
902,#064,2026-05-10,2026-05-10 18:10:09,2026-05-10 18:15:09,delivery,,2,2,64.00,0.00,,3.20,0.00,67.20,Credit,Visa,0080,UberEats,completed
903,#065,2026-05-10,2026-05-10 18:37:31,2026-05-10 19:23:31,dine_in,9,4,4,130.00,0.00,,6.50,26.00,162.50,Cash,,,,completed
904,#066,2026-05-10,2026-05-10 18:37:33,2026-05-10 18:49:33,takeout,,2,2,63.25,0.00,,3.16,0.00,66.41,Credit,Visa,1814,,completed
905,#067,2026-05-10,2026-05-10 18:13:43,2026-05-10 19:10:43,dine_in,9,1,4,29.50,0.00,,1.48,4.42,35.40,Credit,Visa,0080,,completed
906,#068,2026-05-10,2026-05-10 18:19:44,2026-05-10 19:11:44,dine_in,9,5,7,147.75,0.00,,7.39,29.55,184.69,Debit,Interac Debit,0841,,completed
907,#069,2026-05-10,2026-05-10 18:04:27,2026-05-10 19:02:27,dine_in,10,3,7,105.25,0.00,,5.26,18.95,129.46,Cash,,,,completed
908,#070,2026-05-10,2026-05-10 18:40:22,2026-05-10 19:53:22,dine_in,15,1,5,20.00,0.00,,1.00,4.00,25.00,Mobile,Apple Pay,8925,,completed
909,#071,2026-05-10,2026-05-10 19:20:27,2026-05-10 19:56:27,dine_in,6,2,4,46.00,0.00,,2.30,6.90,55.20,Credit,Visa,0841,,completed
910,#072,2026-05-10,2026-05-10 19:00:16,2026-05-10 20:09:16,dine_in,10,5,6,131.00,0.00,,6.55,23.58,161.13,Credit,Visa,7850,,completed
911,#073,2026-05-10,2026-05-10 19:32:51,2026-05-10 20:16:51,dine_in,7,4,4,111.25,0.00,,5.56,22.25,139.06,Debit,Interac Debit,6917,,completed
912,#074,2026-05-10,2026-05-10 19:27:03,2026-05-10 19:34:03,delivery,,2,5,54.75,0.00,,2.74,0.00,57.49,Credit,Interac Debit,3822,SkipTheDishes,completed
913,#075,2026-05-10,2026-05-10 19:10:52,2026-05-10 19:17:52,delivery,,2,2,58.00,0.00,,2.90,0.00,60.90,Credit,Visa,0335,UberEats,completed
914,#076,2026-05-10,2026-05-10 19:48:20,2026-05-10 20:35:20,dine_in,2,1,6,26.50,0.00,,1.33,5.30,33.13,Cash,,,,completed
915,#077,2026-05-10,2026-05-10 19:01:29,2026-05-10 19:57:29,dine_in,2,2,5,48.50,0.00,,2.43,9.70,60.63,Credit,Visa,6396,,completed
916,#078,2026-05-10,2026-05-10 19:27:44,2026-05-10 19:35:44,delivery,,2,2,48.75,0.00,,2.44,0.00,51.19,Credit,Visa,0229,DoorDash,completed
917,#079,2026-05-10,2026-05-10 19:32:07,2026-05-10 19:58:07,takeout,,4,7,134.75,0.00,,6.74,0.00,141.49,Credit,Mastercard,6523,,completed
918,#080,2026-05-10,2026-05-10 19:05:56,2026-05-10 19:22:56,takeout,,3,8,103.00,0.00,,5.15,10.30,118.45,Debit,Interac Debit,5511,,completed
919,#081,2026-05-10,2026-05-10 19:46:47,2026-05-10 20:06:47,takeout,,2,1,58.50,0.00,,2.93,0.00,61.43,Debit,Interac Debit,7484,,completed
920,#082,2026-05-10,2026-05-10 19:27:27,2026-05-10 19:40:27,delivery,,1,3,38.00,0.00,,1.90,0.00,39.90,Debit,Interac Debit,3822,SkipTheDishes,completed
921,#083,2026-05-10,2026-05-10 19:14:11,2026-05-10 20:05:11,dine_in,11,2,8,43.75,0.00,,2.19,8.75,54.69,Cash,,,,completed
922,#084,2026-05-10,2026-05-10 19:00:16,2026-05-10 19:29:16,takeout,,3,6,73.00,0.00,,3.65,3.65,80.30,Debit,Interac Debit,2999,,completed
923,#085,2026-05-10,2026-05-10 19:18:48,2026-05-10 19:32:48,takeout,,4,5,110.00,0.00,,5.50,5.50,121.00,Debit,Interac Debit,9380,,completed
924,#086,2026-05-10,2026-05-10 19:04:21,2026-05-10 20:07:21,dine_in,13,5,4,138.50,0.00,,6.93,20.77,166.20,Cash,,,,completed
925,#087,2026-05-10,2026-05-10 19:53:02,2026-05-10 20:39:02,dine_in,13,2,7,43.00,0.00,,2.15,7.74,52.89,Debit,Interac Debit,9380,,completed
926,#088,2026-05-10,2026-05-10 19:06:54,2026-05-10 19:29:54,takeout,,2,6,75.50,0.00,,3.78,0.00,79.28,Cash,,,,completed
927,#089,2026-05-10,2026-05-10 19:46:28,2026-05-10 20:38:28,dine_in,15,2,6,54.50,0.00,,2.73,10.90,68.13,Debit,Interac Debit,0800,,completed
928,#090,2026-05-10,2026-05-10 19:28:31,2026-05-10 20:14:31,dine_in,6,1,5,29.00,0.00,,1.45,5.22,35.67,Cash,,,,completed
929,#091,2026-05-10,2026-05-10 19:23:27,2026-05-10 19:38:27,delivery,,2,5,59.00,0.00,,2.95,0.00,61.95,Credit,Interac Debit,7484,SkipTheDishes,completed
930,#092,2026-05-10,2026-05-10 19:03:15,2026-05-10 19:39:15,dine_in,8,3,6,67.25,0.00,,3.36,13.45,84.06,Credit,Visa,9429,,completed
931,#093,2026-05-10,2026-05-10 19:05:43,2026-05-10 20:03:43,dine_in,6,4,1,97.25,0.00,,4.86,14.59,116.70,Debit,Interac Debit,9596,,completed
932,#094,2026-05-10,2026-05-10 19:52:15,2026-05-10 20:07:15,delivery,,4,4,105.75,0.00,,5.29,0.00,111.04,Credit,Mastercard,8404,SkipTheDishes,completed
933,#095,2026-05-10,2026-05-10 19:54:33,2026-05-10 21:03:33,dine_in,10,5,8,121.50,0.00,,6.08,18.22,145.80,Cash,,,,completed
934,#096,2026-05-10,2026-05-10 19:20:54,2026-05-10 20:02:54,dine_in,1,2,3,49.50,0.00,,2.48,8.91,60.89,Mobile,Google Pay,0559,,completed
935,#097,2026-05-10,2026-05-10 20:51:40,2026-05-10 21:52:40,dine_in,7,2,1,37.00,0.00,,1.85,6.66,45.51,Credit,Mastercard,9380,,completed
936,#098,2026-05-10,2026-05-10 20:44:22,2026-05-10 21:02:22,takeout,,3,2,64.75,0.00,,3.24,0.00,67.99,Credit,Visa,6917,,completed
937,#099,2026-05-10,2026-05-10 20:19:58,2026-05-10 20:54:58,dine_in,13,4,3,94.25,0.00,,4.71,18.85,117.81,Mobile,Google Pay,3318,,completed
938,#100,2026-05-10,2026-05-10 20:31:08,2026-05-10 21:43:08,dine_in,7,4,7,139.75,0.00,,6.99,34.94,181.68,Debit,Interac Debit,7367,,completed
939,#101,2026-05-10,2026-05-10 20:21:52,2026-05-10 20:35:52,delivery,,1,4,22.00,0.00,,1.10,0.00,23.10,Cash,,,SkipTheDishes,completed
940,#102,2026-05-10,2026-05-10 20:51:05,2026-05-10 21:50:05,dine_in,15,2,2,45.50,0.00,,2.27,8.19,55.96,Cash,,,,completed
941,#001,2026-05-11,2026-05-11 11:05:11,2026-05-11 12:19:11,dine_in,11,2,2,77.00,0.00,,3.85,15.40,96.25,Mobile,Apple Pay,9609,,completed
942,#002,2026-05-11,2026-05-11 11:52:03,2026-05-11 12:27:03,dine_in,13,2,9,85.25,0.00,,4.26,12.79,102.30,Credit,Visa,0550,,completed
943,#003,2026-05-11,2026-05-11 11:46:59,2026-05-11 12:25:59,dine_in,13,8,4,175.25,0.00,,8.76,43.81,227.82,Credit,Visa,0559,,completed
944,#004,2026-05-11,2026-05-11 11:50:12,2026-05-11 12:33:12,dine_in,12,2,5,58.25,0.00,,2.91,11.65,72.81,Debit,Interac Debit,8404,,completed
945,#005,2026-05-11,2026-05-11 11:45:15,2026-05-11 11:50:15,delivery,,2,10,47.00,0.00,,2.35,0.00,49.35,Credit,Interac Debit,0800,DoorDash,completed
946,#006,2026-05-11,2026-05-11 12:32:33,2026-05-11 13:45:33,dine_in,3,2,4,70.00,0.00,,3.50,14.00,87.50,Credit,Visa,9460,,completed
947,#007,2026-05-11,2026-05-11 12:39:11,2026-05-11 13:50:11,dine_in,7,3,10,99.50,0.00,,4.98,14.92,119.40,Mobile,Apple Pay,9460,,completed
948,#008,2026-05-11,2026-05-11 12:45:30,2026-05-11 13:20:30,dine_in,6,4,10,105.00,0.00,,5.25,26.25,136.50,Credit,Mastercard,9609,,completed
949,#009,2026-05-11,2026-05-11 12:01:55,2026-05-11 12:47:55,dine_in,5,2,4,45.00,0.00,,2.25,4.50,51.75,Mobile,Google Pay,1360,,completed
950,#010,2026-05-11,2026-05-11 12:09:46,2026-05-11 12:35:46,takeout,,1,9,24.50,0.00,,1.23,1.23,26.96,Mobile,Apple Pay,9429,,completed
951,#011,2026-05-11,2026-05-11 12:43:17,2026-05-11 13:10:17,takeout,,2,1,56.00,0.00,,2.80,0.00,58.80,Debit,Interac Debit,0229,,completed
952,#012,2026-05-11,2026-05-11 12:33:56,2026-05-11 13:17:56,dine_in,7,2,4,66.00,0.00,,3.30,11.88,81.18,Cash,,,,completed
953,#013,2026-05-11,2026-05-11 12:34:45,2026-05-11 12:39:45,delivery,,2,1,45.50,0.00,,2.27,0.00,47.77,Credit,Visa,5577,UberEats,completed
954,#014,2026-05-11,2026-05-11 12:48:51,2026-05-11 13:44:51,dine_in,5,2,4,71.50,0.00,,3.58,12.87,87.95,Credit,Visa,5577,,completed
955,#015,2026-05-11,2026-05-11 12:19:24,2026-05-11 12:56:24,dine_in,6,3,4,71.00,0.00,,3.55,12.78,87.33,Cash,,,,completed
956,#016,2026-05-11,2026-05-11 12:46:09,2026-05-11 13:45:09,dine_in,6,3,3,85.75,0.00,,4.29,17.15,107.19,Cash,,,,completed
957,#017,2026-05-11,2026-05-11 13:13:33,2026-05-11 13:33:33,takeout,,2,9,60.00,0.00,,3.00,3.00,66.00,Credit,Visa,9429,,completed
958,#018,2026-05-11,2026-05-11 13:21:07,2026-05-11 13:34:07,takeout,,3,2,83.50,0.00,,4.17,0.00,87.67,Credit,Visa,5148,,completed
959,#019,2026-05-11,2026-05-11 13:00:53,2026-05-11 13:30:53,takeout,,1,4,20.50,0.00,,1.03,0.00,21.53,Debit,Interac Debit,7035,,completed
960,#020,2026-05-11,2026-05-11 13:24:10,2026-05-11 14:09:10,dine_in,6,1,2,19.00,0.00,,0.95,3.42,23.37,Credit,Mastercard,9596,,completed
961,#021,2026-05-11,2026-05-11 13:41:10,2026-05-11 14:45:10,dine_in,5,2,4,44.50,4.45,Birthday 10%,2.00,7.21,49.26,Credit,Visa,9429,,completed
962,#022,2026-05-11,2026-05-11 13:07:26,2026-05-11 13:49:26,dine_in,2,2,10,87.00,0.00,,4.35,15.66,107.01,Cash,,,,completed
963,#023,2026-05-11,2026-05-11 13:27:26,2026-05-11 13:43:26,takeout,,2,2,43.50,0.00,,2.18,2.18,47.86,Cash,,,,completed
964,#024,2026-05-11,2026-05-11 14:31:37,2026-05-11 15:19:37,dine_in,7,2,1,49.00,0.00,,2.45,0.00,51.45,Credit,Mastercard,6880,,completed
965,#025,2026-05-11,2026-05-11 14:43:07,2026-05-11 14:53:07,delivery,,1,5,30.00,5.00,Loyalty,1.25,0.00,26.25,Credit,Visa,4120,DoorDash,completed
966,#026,2026-05-11,2026-05-11 15:06:59,2026-05-11 15:57:59,dine_in,15,2,2,54.50,0.00,,2.73,10.90,68.13,Cash,,,,completed
967,#027,2026-05-11,2026-05-11 15:18:47,2026-05-11 15:32:47,delivery,,1,3,38.50,0.00,,1.93,0.00,40.43,Cash,,,DoorDash,completed
968,#028,2026-05-11,2026-05-11 16:14:38,2026-05-11 16:37:38,takeout,,1,2,28.50,0.00,,1.43,0.00,29.93,Credit,Mastercard,9380,,completed
969,#029,2026-05-11,2026-05-11 16:10:44,2026-05-11 17:08:44,dine_in,7,3,2,69.00,0.00,,3.45,12.42,84.87,Cash,,,,completed
970,#030,2026-05-11,2026-05-11 16:06:00,2026-05-11 16:13:00,delivery,,1,10,21.75,0.00,,1.09,0.00,22.84,Credit,Interac Debit,3658,SkipTheDishes,completed
971,#031,2026-05-11,2026-05-11 16:46:00,2026-05-11 17:37:00,dine_in,7,2,4,57.00,0.00,,2.85,11.40,71.25,Mobile,Apple Pay,9609,,completed
972,#032,2026-05-11,2026-05-11 16:25:43,2026-05-11 17:22:43,dine_in,7,2,2,70.25,0.00,,3.51,14.05,87.81,Credit,Interac Debit,7484,,completed
973,#033,2026-05-11,2026-05-11 17:19:05,2026-05-11 18:31:05,dine_in,4,4,3,128.25,0.00,,6.41,19.24,153.90,Cash,,,,completed
974,#034,2026-05-11,2026-05-11 17:10:52,2026-05-11 17:15:52,delivery,,1,8,39.50,0.00,,1.98,0.00,41.48,Cash,,,UberEats,completed
975,#035,2026-05-11,2026-05-11 17:46:35,2026-05-11 18:35:35,dine_in,9,2,10,43.50,0.00,,2.18,6.52,52.20,Credit,Visa,5577,,completed
976,#036,2026-05-11,2026-05-11 17:56:59,2026-05-11 18:32:59,dine_in,8,1,8,40.50,0.00,,2.02,6.08,48.60,Credit,Mastercard,9609,,completed
977,#037,2026-05-11,2026-05-11 17:22:42,2026-05-11 18:00:42,dine_in,6,4,10,110.00,0.00,,5.50,11.00,126.50,Credit,Mastercard,9596,,completed
978,#038,2026-05-11,2026-05-11 17:58:44,2026-05-11 18:13:44,delivery,,2,4,54.00,0.00,,2.70,0.00,56.70,Debit,Interac Debit,0800,DoorDash,completed
979,#039,2026-05-11,2026-05-11 17:30:07,2026-05-11 18:36:07,dine_in,9,4,3,102.00,0.00,,5.10,15.30,122.40,Debit,Interac Debit,9429,,completed
980,#040,2026-05-11,2026-05-11 17:46:20,2026-05-11 17:57:20,delivery,,3,7,83.25,0.00,,4.16,0.00,87.41,Debit,Interac Debit,9609,DoorDash,completed
981,#041,2026-05-11,2026-05-11 17:49:32,2026-05-11 18:56:32,dine_in,6,2,8,57.00,0.00,,2.85,11.40,71.25,Credit,Mastercard,9596,,completed
982,#042,2026-05-11,2026-05-11 18:43:12,2026-05-11 19:27:12,dine_in,6,4,6,98.75,0.00,,4.94,17.77,121.46,Credit,Visa,6917,,completed
983,#043,2026-05-11,2026-05-11 18:55:59,2026-05-11 19:12:59,takeout,,2,3,55.50,0.00,,2.78,0.00,58.28,Debit,Interac Debit,9609,,completed
984,#044,2026-05-11,2026-05-11 18:44:37,2026-05-11 19:20:37,dine_in,13,5,2,133.00,0.00,,6.65,26.60,166.25,Debit,Interac Debit,6880,,completed
985,#045,2026-05-11,2026-05-11 18:14:54,2026-05-11 18:53:54,dine_in,15,2,8,58.50,0.00,,2.93,10.53,71.96,Debit,Interac Debit,4120,,completed
986,#046,2026-05-11,2026-05-11 18:06:15,2026-05-11 18:41:15,dine_in,5,2,8,53.50,0.00,,2.68,0.00,0.00,Cash,,,,voided
987,#047,2026-05-11,2026-05-11 18:17:50,2026-05-11 18:54:50,dine_in,5,3,6,65.50,0.00,,3.28,16.38,85.16,Debit,Interac Debit,6917,,completed
988,#048,2026-05-11,2026-05-11 18:01:10,2026-05-11 18:12:10,delivery,,3,10,74.00,0.00,,3.70,0.00,77.70,Mobile,Google Pay,6523,SkipTheDishes,completed
989,#049,2026-05-11,2026-05-11 18:28:27,2026-05-11 19:43:27,dine_in,8,2,3,75.50,0.00,,3.78,11.32,90.60,Debit,Interac Debit,6043,,completed
990,#050,2026-05-11,2026-05-11 18:35:40,2026-05-11 19:44:40,dine_in,5,4,7,93.25,0.00,,4.66,13.99,111.90,Debit,Interac Debit,4120,,completed
991,#051,2026-05-11,2026-05-11 18:13:15,2026-05-11 18:20:15,delivery,,1,2,20.00,0.00,,1.00,0.00,21.00,Cash,,,SkipTheDishes,completed
992,#052,2026-05-11,2026-05-11 19:05:04,2026-05-11 19:17:04,takeout,,2,2,41.00,0.00,,2.05,4.10,47.15,Cash,,,,completed
993,#053,2026-05-11,2026-05-11 19:16:16,2026-05-11 20:02:16,dine_in,9,4,2,91.50,0.00,,4.58,16.47,112.55,Credit,Visa,7367,,completed
994,#054,2026-05-11,2026-05-11 19:34:14,2026-05-11 20:20:14,dine_in,9,3,4,87.75,0.00,,4.39,13.16,105.30,Credit,Visa,6917,,completed
995,#055,2026-05-11,2026-05-11 19:07:32,2026-05-11 19:12:32,delivery,,1,4,36.50,0.00,,1.83,0.00,38.33,Debit,Interac Debit,7367,DoorDash,completed
996,#056,2026-05-11,2026-05-11 19:34:36,2026-05-11 20:38:36,dine_in,11,2,10,57.50,0.00,,2.88,10.35,70.73,Credit,Interac Debit,0041,,completed
997,#057,2026-05-11,2026-05-11 19:06:17,2026-05-11 20:18:17,dine_in,4,2,6,37.00,0.00,,1.85,5.55,44.40,Debit,Interac Debit,4120,,completed
998,#058,2026-05-11,2026-05-11 19:03:59,2026-05-11 19:12:59,delivery,,4,4,105.25,0.00,,5.26,0.00,110.51,Debit,Interac Debit,9380,SkipTheDishes,completed
999,#059,2026-05-11,2026-05-11 19:07:58,2026-05-11 19:45:58,dine_in,2,1,7,30.00,0.00,,1.50,5.40,36.90,Credit,Interac Debit,3658,,completed
1000,#060,2026-05-11,2026-05-11 19:06:15,2026-05-11 19:17:15,delivery,,1,4,30.50,0.00,,1.53,0.00,32.03,Debit,Interac Debit,9596,UberEats,completed
1001,#061,2026-05-11,2026-05-11 19:50:08,2026-05-11 21:05:08,dine_in,7,2,10,48.75,0.00,,2.44,9.75,60.94,Debit,Interac Debit,6523,,completed
1002,#062,2026-05-11,2026-05-11 19:10:25,2026-05-11 20:08:25,dine_in,13,5,6,140.00,0.00,,7.00,28.00,175.00,Credit,Visa,7367,,completed
1003,#063,2026-05-11,2026-05-11 19:00:08,2026-05-11 20:00:08,dine_in,9,4,8,98.50,0.00,,4.93,14.77,118.20,Cash,,,,completed
1004,#064,2026-05-11,2026-05-11 20:28:30,2026-05-11 21:39:30,dine_in,12,2,3,57.50,0.00,,2.88,8.62,69.00,Credit,Mastercard,9596,,completed
1005,#065,2026-05-11,2026-05-11 20:26:39,2026-05-11 21:41:39,dine_in,11,2,2,49.50,0.00,,2.48,8.91,60.89,Credit,Mastercard,1907,,completed
1006,#066,2026-05-11,2026-05-11 20:01:44,2026-05-11 20:55:44,dine_in,14,1,3,26.00,0.00,,1.30,6.50,33.80,Mobile,Google Pay,1814,,completed
1007,#067,2026-05-11,2026-05-11 20:39:45,2026-05-11 21:21:45,dine_in,6,1,6,26.00,0.00,,1.30,6.50,33.80,Cash,,,,completed
1008,#068,2026-05-11,2026-05-11 20:25:03,2026-05-11 21:40:03,dine_in,4,4,7,103.50,0.00,,5.18,18.63,127.31,Debit,Interac Debit,4120,,completed
1009,#069,2026-05-11,2026-05-11 20:59:43,2026-05-11 21:07:43,delivery,,3,7,111.00,0.00,,5.55,0.00,116.55,Debit,Interac Debit,7367,UberEats,completed
1010,#070,2026-05-11,2026-05-11 20:10:05,2026-05-11 20:22:05,delivery,,1,7,22.75,0.00,,1.14,0.00,23.89,Credit,Mastercard,6880,DoorDash,completed
1011,#001,2026-05-12,2026-05-12 11:10:50,2026-05-12 12:05:50,dine_in,7,3,4,85.00,0.00,,4.25,21.25,110.50,Mobile,Apple Pay,6917,,completed
1012,#002,2026-05-12,2026-05-12 11:12:58,2026-05-12 12:13:58,dine_in,8,2,5,47.00,0.00,,2.35,9.40,58.75,Credit,Mastercard,6043,,completed
1013,#003,2026-05-12,2026-05-12 11:28:41,2026-05-12 12:38:41,dine_in,1,2,3,53.00,0.00,,2.65,7.95,63.60,Debit,Interac Debit,9596,,completed
1014,#004,2026-05-12,2026-05-12 11:34:25,2026-05-12 12:39:25,dine_in,2,2,3,41.75,0.00,,2.09,8.35,52.19,Credit,Visa,4120,,completed
1015,#005,2026-05-12,2026-05-12 11:46:09,2026-05-12 12:30:09,dine_in,5,3,5,68.00,0.00,,3.40,13.60,85.00,Credit,Mastercard,9596,,completed
1016,#006,2026-05-12,2026-05-12 11:47:52,2026-05-12 12:26:52,dine_in,6,2,9,47.50,0.00,,2.38,8.55,58.43,Cash,,,,completed
1017,#007,2026-05-12,2026-05-12 11:29:40,2026-05-12 11:57:40,takeout,,2,9,54.50,0.00,,2.73,0.00,57.23,Credit,Visa,4120,,completed
1018,#008,2026-05-12,2026-05-12 11:06:37,2026-05-12 11:49:37,dine_in,5,4,3,108.75,0.00,,5.44,19.57,133.76,Cash,,,,completed
1019,#009,2026-05-12,2026-05-12 12:27:32,2026-05-12 13:23:32,dine_in,13,5,4,126.00,0.00,,6.30,22.68,154.98,Debit,Interac Debit,9429,,completed
1020,#010,2026-05-12,2026-05-12 12:12:09,2026-05-12 12:23:09,delivery,,4,3,108.00,0.00,,5.40,0.00,113.40,Credit,Mastercard,1907,SkipTheDishes,completed
1021,#011,2026-05-12,2026-05-12 12:12:52,2026-05-12 12:59:52,dine_in,6,4,5,93.00,0.00,,4.65,13.95,111.60,Mobile,Apple Pay,1907,,completed
1022,#012,2026-05-12,2026-05-12 12:05:33,2026-05-12 13:16:33,dine_in,8,1,3,18.00,0.00,,0.90,0.00,0.00,Mobile,Apple Pay,5148,,voided
1023,#013,2026-05-12,2026-05-12 12:30:59,2026-05-12 13:30:59,dine_in,13,8,4,238.00,0.00,,11.90,47.60,297.50,Cash,,,,completed
1024,#014,2026-05-12,2026-05-12 12:20:41,2026-05-12 13:22:41,dine_in,9,5,2,143.25,0.00,,7.16,28.65,179.06,Credit,Visa,4120,,completed
1025,#015,2026-05-12,2026-05-12 12:02:04,2026-05-12 12:31:04,takeout,,3,5,77.00,0.00,,3.85,7.70,88.55,Credit,Mastercard,9596,,completed
1026,#016,2026-05-12,2026-05-12 12:32:40,2026-05-12 13:27:40,dine_in,13,2,3,46.25,0.00,,2.31,9.25,57.81,Debit,Interac Debit,7035,,completed
1027,#017,2026-05-12,2026-05-12 12:38:18,2026-05-12 13:51:18,dine_in,14,2,4,58.25,0.00,,2.91,8.74,69.90,Credit,Visa,7367,,completed
1028,#018,2026-05-12,2026-05-12 12:15:16,2026-05-12 13:18:16,dine_in,1,2,2,51.00,0.00,,2.55,0.00,0.00,Credit,Mastercard,6523,,voided
1029,#019,2026-05-12,2026-05-12 13:48:39,2026-05-12 14:55:39,dine_in,3,2,3,47.00,4.70,Birthday 10%,2.11,7.61,52.02,Credit,Visa,7367,,completed
1030,#020,2026-05-12,2026-05-12 13:59:36,2026-05-12 14:08:36,delivery,,3,5,73.00,0.00,,3.65,0.00,76.65,Credit,Visa,1951,SkipTheDishes,completed
1031,#021,2026-05-12,2026-05-12 13:28:31,2026-05-12 13:33:31,delivery,,3,10,80.25,0.00,,4.01,0.00,84.26,Cash,,,DoorDash,completed
1032,#022,2026-05-12,2026-05-12 13:40:59,2026-05-12 14:27:59,dine_in,10,2,4,52.50,26.25,Staff meal 50%,1.31,4.72,32.28,Credit,Visa,4120,,completed
1033,#023,2026-05-12,2026-05-12 13:32:21,2026-05-12 14:18:21,dine_in,4,1,4,21.50,10.00,Yelp check-in,0.58,2.30,14.38,Debit,Interac Debit,3658,,completed
1034,#024,2026-05-12,2026-05-12 13:00:46,2026-05-12 13:53:46,dine_in,13,3,5,90.00,0.00,,4.50,13.50,108.00,Credit,Mastercard,6523,,completed
1035,#025,2026-05-12,2026-05-12 13:50:29,2026-05-12 14:48:29,dine_in,8,4,3,103.75,0.00,,5.19,20.75,129.69,Cash,,,,completed
1036,#026,2026-05-12,2026-05-12 13:20:19,2026-05-12 14:29:19,dine_in,9,2,5,43.25,0.00,,2.16,6.49,51.90,Credit,Interac Debit,0041,,completed
1037,#027,2026-05-12,2026-05-12 13:40:46,2026-05-12 14:45:46,dine_in,8,1,5,18.00,0.00,,0.90,3.24,22.14,Credit,Interac Debit,0041,,completed
1038,#028,2026-05-12,2026-05-12 14:33:47,2026-05-12 15:24:47,dine_in,5,4,10,102.50,0.00,,5.12,20.50,128.12,Debit,Interac Debit,7367,,completed
1039,#029,2026-05-12,2026-05-12 14:31:32,2026-05-12 15:35:32,dine_in,5,4,4,92.25,0.00,,4.61,13.84,110.70,Credit,Mastercard,6880,,completed
1040,#030,2026-05-12,2026-05-12 14:41:03,2026-05-12 15:04:03,takeout,,2,4,46.25,0.00,,2.31,4.62,53.18,Credit,Mastercard,6880,,completed
1041,#031,2026-05-12,2026-05-12 16:41:18,2026-05-12 17:07:18,takeout,,3,2,92.50,0.00,,4.62,13.88,111.00,Credit,Interac Debit,3658,,completed
1042,#032,2026-05-12,2026-05-12 16:16:42,2026-05-12 17:22:42,dine_in,9,3,3,85.25,0.00,,4.26,17.05,106.56,Mobile,Google Pay,6523,,completed
1043,#033,2026-05-12,2026-05-12 16:53:26,2026-05-12 17:37:26,dine_in,7,2,7,63.75,0.00,,3.19,12.75,79.69,Cash,,,,completed
1044,#034,2026-05-12,2026-05-12 16:35:15,2026-05-12 17:15:15,dine_in,14,4,7,118.25,0.00,,5.91,21.29,145.45,Credit,Interac Debit,3658,,completed
1045,#035,2026-05-12,2026-05-12 16:33:35,2026-05-12 17:44:35,dine_in,5,4,8,96.50,0.00,,4.83,17.37,118.70,Cash,,,,completed
1046,#036,2026-05-12,2026-05-12 17:40:52,2026-05-12 18:43:52,dine_in,8,3,3,77.75,0.00,,3.89,11.66,93.30,Debit,Interac Debit,0041,,completed
1047,#037,2026-05-12,2026-05-12 17:30:45,2026-05-12 18:00:45,takeout,,1,8,45.25,0.00,,2.26,0.00,47.51,Cash,,,,completed
1048,#038,2026-05-12,2026-05-12 17:39:55,2026-05-12 18:17:55,dine_in,6,2,4,45.50,0.00,,2.27,8.19,55.96,Credit,Interac Debit,0041,,completed
1049,#039,2026-05-12,2026-05-12 17:46:32,2026-05-12 18:21:32,dine_in,2,2,3,43.50,0.00,,2.18,10.88,56.56,Debit,Interac Debit,6880,,completed
1050,#040,2026-05-12,2026-05-12 17:40:49,2026-05-12 17:45:49,delivery,,1,6,26.50,0.00,,1.33,0.00,27.83,Debit,Interac Debit,3658,UberEats,completed
1051,#041,2026-05-12,2026-05-12 17:00:43,2026-05-12 17:16:43,takeout,,1,4,23.75,0.00,,1.19,0.00,24.94,Cash,,,,completed
1052,#042,2026-05-12,2026-05-12 17:22:21,2026-05-12 18:35:21,dine_in,14,2,4,40.00,0.00,,2.00,4.00,46.00,Credit,Mastercard,6880,,completed
1053,#043,2026-05-12,2026-05-12 17:41:50,2026-05-12 18:30:50,dine_in,4,2,7,80.50,0.00,,4.03,16.10,100.63,Debit,Interac Debit,6043,,completed
1054,#044,2026-05-12,2026-05-12 17:04:15,2026-05-12 18:11:15,dine_in,13,2,2,49.00,0.00,,2.45,8.82,60.27,Credit,Mastercard,6523,,completed
1055,#045,2026-05-12,2026-05-12 17:24:27,2026-05-12 18:13:27,dine_in,5,1,6,27.50,0.00,,1.38,5.50,34.38,Debit,Interac Debit,7484,,completed
1056,#046,2026-05-12,2026-05-12 17:14:56,2026-05-12 18:29:56,dine_in,11,1,8,24.50,0.00,,1.23,4.41,30.14,Credit,Mastercard,1907,,completed
1057,#047,2026-05-12,2026-05-12 17:14:57,2026-05-12 17:59:57,dine_in,6,2,3,50.25,0.00,,2.51,7.54,60.30,Credit,Mastercard,6880,,completed
1058,#048,2026-05-12,2026-05-12 17:41:12,2026-05-12 18:33:12,dine_in,7,4,4,108.75,0.00,,5.44,21.75,135.94,Debit,Interac Debit,3658,,completed
1059,#049,2026-05-12,2026-05-12 18:43:33,2026-05-12 18:58:33,delivery,,1,7,32.00,0.00,,1.60,0.00,33.60,Cash,,,UberEats,completed
1060,#050,2026-05-12,2026-05-12 18:28:36,2026-05-12 18:34:36,delivery,,2,8,62.00,0.00,,3.10,0.00,65.10,Mobile,Google Pay,3658,SkipTheDishes,refunded
1061,#051,2026-05-12,2026-05-12 18:35:36,2026-05-12 19:04:36,takeout,,4,6,109.00,0.00,,5.45,0.00,114.45,Credit,Amex,6166,,completed
1062,#052,2026-05-12,2026-05-12 18:34:53,2026-05-12 19:44:53,dine_in,4,2,7,54.50,0.00,,2.73,13.62,70.85,Mobile,Apple Pay,1907,,completed
1063,#053,2026-05-12,2026-05-12 18:28:28,2026-05-12 19:08:28,dine_in,6,3,7,100.50,0.00,,5.03,20.10,125.63,Cash,,,,completed
1064,#054,2026-05-12,2026-05-12 18:01:58,2026-05-12 18:09:58,delivery,,4,7,151.00,0.00,,7.55,0.00,158.55,Debit,Interac Debit,6043,UberEats,completed
1065,#055,2026-05-12,2026-05-12 18:50:47,2026-05-12 18:57:47,delivery,,1,7,21.75,0.00,,1.09,0.00,22.84,Debit,Interac Debit,6043,DoorDash,completed
1066,#056,2026-05-12,2026-05-12 18:05:24,2026-05-12 18:18:24,delivery,,3,4,98.50,49.25,Staff meal 50%,2.46,0.00,51.71,Debit,Interac Debit,6166,SkipTheDishes,completed
1067,#057,2026-05-12,2026-05-12 18:12:38,2026-05-12 19:11:38,dine_in,13,2,6,55.50,0.00,,2.78,11.10,69.38,Credit,Mastercard,1907,,completed
1068,#058,2026-05-12,2026-05-12 18:24:16,2026-05-12 18:35:16,delivery,,1,4,19.00,0.00,,0.95,0.00,19.95,Debit,Interac Debit,6166,SkipTheDishes,completed
1069,#059,2026-05-12,2026-05-12 19:03:31,2026-05-12 19:12:31,delivery,,1,10,33.50,10.00,Yelp check-in,1.18,0.00,24.68,Debit,Interac Debit,6166,UberEats,completed
1070,#060,2026-05-12,2026-05-12 19:39:51,2026-05-12 20:42:51,dine_in,2,2,8,51.00,0.00,,2.55,9.18,62.73,Debit,Interac Debit,1907,,completed
1071,#061,2026-05-12,2026-05-12 19:33:56,2026-05-12 20:21:56,dine_in,9,5,8,144.50,0.00,,7.23,0.00,0.00,Debit,Interac Debit,1907,,voided
1072,#062,2026-05-12,2026-05-12 19:22:04,2026-05-12 19:30:04,delivery,,1,3,33.50,0.00,,1.68,0.00,35.18,Debit,Interac Debit,7484,SkipTheDishes,completed
1073,#063,2026-05-12,2026-05-12 19:36:09,2026-05-12 20:23:09,dine_in,5,4,7,106.00,0.00,,5.30,10.60,121.90,Cash,,,,completed
1074,#064,2026-05-12,2026-05-12 19:48:54,2026-05-12 20:35:54,dine_in,5,2,4,62.75,0.00,,3.14,12.55,78.44,Credit,Interac Debit,7484,,completed
1075,#065,2026-05-12,2026-05-12 19:44:13,2026-05-12 20:56:13,dine_in,11,2,3,46.50,0.00,,2.33,8.37,57.20,Debit,Interac Debit,1907,,completed
1076,#066,2026-05-12,2026-05-12 19:31:05,2026-05-12 20:22:05,dine_in,5,1,7,27.00,0.00,,1.35,4.86,33.21,Debit,Interac Debit,6166,,completed
1077,#067,2026-05-12,2026-05-12 19:46:10,2026-05-12 20:36:10,dine_in,9,4,2,107.25,0.00,,5.36,19.30,131.91,Debit,Interac Debit,7484,,completed
1078,#068,2026-05-12,2026-05-12 19:00:21,2026-05-12 19:17:21,takeout,,2,10,41.50,0.00,,2.08,2.08,45.66,Debit,Interac Debit,7484,,completed
1079,#069,2026-05-12,2026-05-12 19:12:39,2026-05-12 19:54:39,dine_in,10,1,4,27.50,0.00,,1.38,4.95,33.83,Credit,Interac Debit,7484,,completed
1080,#070,2026-05-12,2026-05-12 19:28:25,2026-05-12 19:42:25,delivery,,3,2,75.50,0.00,,3.78,0.00,79.28,Debit,Interac Debit,7484,DoorDash,completed
1081,#071,2026-05-12,2026-05-12 19:52:26,2026-05-12 20:04:26,delivery,,1,7,29.00,0.00,,1.45,0.00,30.45,Credit,Interac Debit,7484,SkipTheDishes,completed
1082,#072,2026-05-12,2026-05-12 19:22:33,2026-05-12 20:05:33,dine_in,3,2,4,61.75,0.00,,3.09,11.12,75.96,Debit,Interac Debit,7484,,completed
1083,#073,2026-05-12,2026-05-12 19:32:56,2026-05-12 20:18:56,dine_in,5,4,7,138.75,0.00,,6.94,24.97,170.66,Debit,Interac Debit,9999,,completed
1084,#074,2026-05-12,2026-05-12 19:46:05,2026-05-12 20:30:05,dine_in,10,5,7,126.50,0.00,,6.33,22.77,155.60,Mobile,Apple Pay,9999,,completed
1085,#075,2026-05-12,2026-05-12 19:38:31,2026-05-12 20:45:31,dine_in,13,2,7,38.00,0.00,,1.90,7.60,47.50,Mobile,Google Pay,9999,,completed
1086,#076,2026-05-12,2026-05-12 20:05:59,2026-05-12 20:59:59,dine_in,14,4,4,120.75,0.00,,6.04,30.19,156.98,Cash,,,,completed
1087,#077,2026-05-12,2026-05-12 20:00:12,2026-05-12 21:14:12,dine_in,15,2,3,47.75,0.00,,2.39,7.16,57.30,Debit,Interac Debit,9999,,completed
1088,#078,2026-05-12,2026-05-12 20:22:42,2026-05-12 21:16:42,dine_in,7,4,10,98.00,0.00,,4.90,19.60,122.50,Credit,Visa,9999,,completed
1089,#001,2026-05-13,2026-05-13 11:13:07,2026-05-13 12:13:07,dine_in,10,6,4,135.25,0.00,,6.76,24.34,166.35,Cash,,,,completed
1090,#002,2026-05-13,2026-05-13 11:10:12,2026-05-13 12:18:12,dine_in,4,4,5,120.50,0.00,,6.03,21.69,148.22,Debit,Interac Debit,9999,,completed
1091,#003,2026-05-13,2026-05-13 11:19:05,2026-05-13 12:29:05,dine_in,12,2,5,46.50,0.00,,2.33,6.97,55.80,Debit,Interac Debit,9999,,completed
1092,#004,2026-05-13,2026-05-13 11:22:42,2026-05-13 12:20:42,dine_in,13,4,5,84.00,0.00,,4.20,15.12,103.32,Debit,Interac Debit,9999,,completed
1093,#005,2026-05-13,2026-05-13 11:47:34,2026-05-13 12:37:34,dine_in,4,4,2,117.25,0.00,,5.86,0.00,123.11,Debit,Interac Debit,9999,,completed
1094,#006,2026-05-13,2026-05-13 11:50:44,2026-05-13 13:00:44,dine_in,7,4,3,100.25,0.00,,5.01,15.04,120.30,Debit,Interac Debit,9999,,completed
1095,#007,2026-05-13,2026-05-13 11:58:59,2026-05-13 12:58:59,dine_in,8,4,2,131.50,0.00,,6.58,26.30,164.38,Debit,Interac Debit,9999,,completed
1096,#008,2026-05-13,2026-05-13 11:06:52,2026-05-13 12:13:52,dine_in,10,2,2,45.50,0.00,,2.27,9.10,56.87,Credit,Visa,9999,,completed
1097,#009,2026-05-13,2026-05-13 12:21:40,2026-05-13 13:32:40,dine_in,8,4,5,101.75,0.00,,5.09,25.44,132.28,Debit,Interac Debit,9999,,completed
1098,#010,2026-05-13,2026-05-13 12:04:44,2026-05-13 13:02:44,dine_in,2,2,2,49.50,0.00,,2.48,7.42,59.40,Credit,Visa,9999,,completed
1099,#011,2026-05-13,2026-05-13 12:28:41,2026-05-13 13:35:41,dine_in,2,2,4,50.50,0.00,,2.53,10.10,63.13,Credit,Visa,9999,,completed
1100,#012,2026-05-13,2026-05-13 12:41:05,2026-05-13 12:52:05,delivery,,2,5,55.50,0.00,,2.78,0.00,58.28,Credit,Visa,9999,SkipTheDishes,completed
1101,#013,2026-05-13,2026-05-13 12:22:03,2026-05-13 12:40:03,takeout,,2,4,51.25,0.00,,2.56,5.12,58.93,Debit,Interac Debit,9999,,completed
1102,#014,2026-05-13,2026-05-13 12:29:42,2026-05-13 12:43:42,delivery,,2,2,55.00,0.00,,2.75,0.00,57.75,Credit,Visa,9999,DoorDash,completed
1103,#015,2026-05-13,2026-05-13 12:00:50,2026-05-13 12:09:50,delivery,,2,10,41.50,0.00,,2.08,0.00,43.58,Credit,Visa,9999,DoorDash,completed
1104,#016,2026-05-13,2026-05-13 12:55:36,2026-05-13 13:23:36,takeout,,1,3,24.00,0.00,,1.20,0.00,25.20,Debit,Interac Debit,9999,,completed
1105,#017,2026-05-13,2026-05-13 12:15:56,2026-05-13 13:03:56,dine_in,8,2,1,43.25,0.00,,2.16,6.49,51.90,Debit,Interac Debit,9999,,completed
1106,#018,2026-05-13,2026-05-13 12:58:42,2026-05-13 14:03:42,dine_in,11,2,10,69.25,0.00,,3.46,12.46,85.17,Credit,Visa,9999,,completed
1107,#019,2026-05-13,2026-05-13 12:52:11,2026-05-13 13:03:11,delivery,,3,4,70.00,0.00,,3.50,0.00,73.50,Credit,Visa,9999,SkipTheDishes,completed
1108,#020,2026-05-13,2026-05-13 12:37:36,2026-05-13 12:54:36,takeout,,2,10,41.50,0.00,,2.08,4.15,47.73,Credit,Visa,9999,,completed
1109,#021,2026-05-13,2026-05-13 12:34:57,2026-05-13 13:43:57,dine_in,10,3,4,86.00,12.90,Yelp check-in,3.65,13.16,89.91,Credit,Visa,9999,,completed
1110,#022,2026-05-13,2026-05-13 13:49:28,2026-05-13 14:00:28,delivery,,1,5,19.00,0.00,,0.95,0.00,19.95,Debit,Interac Debit,9999,UberEats,completed
1111,#023,2026-05-13,2026-05-13 13:00:03,2026-05-13 14:05:03,dine_in,12,2,2,42.50,0.00,,2.12,6.38,51.00,Mobile,Google Pay,9999,,completed
1112,#024,2026-05-13,2026-05-13 13:58:30,2026-05-13 14:57:30,dine_in,4,2,3,62.00,0.00,,3.10,12.40,77.50,Credit,Visa,9999,,completed
1113,#025,2026-05-13,2026-05-13 13:34:34,2026-05-13 14:41:34,dine_in,9,4,3,113.50,0.00,,5.68,22.70,141.88,Debit,Interac Debit,9999,,completed
1114,#026,2026-05-13,2026-05-13 13:32:06,2026-05-13 14:29:06,dine_in,1,1,4,37.50,0.00,,1.88,3.75,43.13,Credit,Visa,9999,,completed
1115,#027,2026-05-13,2026-05-13 14:53:22,2026-05-13 15:29:22,dine_in,14,1,5,28.50,0.00,,1.43,5.70,35.63,Credit,Visa,9999,,completed
1116,#028,2026-05-13,2026-05-13 14:52:26,2026-05-13 15:48:26,dine_in,6,2,2,72.00,0.00,,3.60,12.96,88.56,Credit,Visa,9999,,completed
1117,#029,2026-05-13,2026-05-13 14:57:03,2026-05-13 16:03:03,dine_in,8,4,2,98.00,0.00,,4.90,17.64,120.54,Credit,Visa,9999,,completed
1118,#030,2026-05-13,2026-05-13 14:08:57,2026-05-13 14:43:57,dine_in,8,2,5,36.00,0.00,,1.80,6.48,44.28,Cash,,,,completed
1119,#031,2026-05-13,2026-05-13 14:30:33,2026-05-13 15:00:33,takeout,,2,5,92.00,0.00,,4.60,0.00,96.60,Credit,Visa,9999,,completed
1120,#032,2026-05-13,2026-05-13 14:11:32,2026-05-13 14:27:32,takeout,,2,9,62.50,0.00,,3.12,6.25,71.87,Debit,Interac Debit,9999,,completed
1121,#033,2026-05-13,2026-05-13 14:11:47,2026-05-13 15:14:47,dine_in,13,1,4,25.50,0.00,,1.28,3.82,30.60,Credit,Visa,9999,,completed
1122,#034,2026-05-13,2026-05-13 15:59:26,2026-05-13 16:34:26,dine_in,7,3,1,64.25,0.00,,3.21,16.06,83.52,Credit,Visa,9999,,completed
1123,#035,2026-05-13,2026-05-13 15:07:17,2026-05-13 16:06:17,dine_in,9,6,4,135.50,0.00,,6.78,20.32,162.60,Debit,Interac Debit,9999,,completed
1124,#036,2026-05-13,2026-05-13 16:57:23,2026-05-13 17:51:23,dine_in,4,4,3,93.75,0.00,,4.69,14.06,112.50,Credit,Visa,9999,,completed
1125,#037,2026-05-13,2026-05-13 16:03:40,2026-05-13 16:14:40,delivery,,2,2,40.00,0.00,,2.00,0.00,42.00,Debit,Interac Debit,9999,SkipTheDishes,completed
1126,#038,2026-05-13,2026-05-13 16:14:50,2026-05-13 17:20:50,dine_in,6,3,2,74.25,0.00,,3.71,7.43,85.39,Debit,Interac Debit,9999,,completed
1127,#039,2026-05-13,2026-05-13 17:33:25,2026-05-13 17:57:25,takeout,,1,4,29.50,0.00,,1.48,1.48,32.46,Mobile,Google Pay,9999,,completed
1128,#040,2026-05-13,2026-05-13 17:03:29,2026-05-13 17:17:29,delivery,,1,4,18.00,0.00,,0.90,0.00,18.90,Credit,Visa,9999,DoorDash,completed
1129,#041,2026-05-13,2026-05-13 17:22:20,2026-05-13 18:23:20,dine_in,15,2,7,45.25,0.00,,2.26,0.00,0.00,Debit,Interac Debit,9999,,voided
1130,#042,2026-05-13,2026-05-13 17:16:40,2026-05-13 17:23:40,delivery,,4,7,150.50,0.00,,7.53,0.00,158.03,Credit,Visa,9999,SkipTheDishes,completed
1131,#043,2026-05-13,2026-05-13 17:28:33,2026-05-13 17:43:33,takeout,,2,10,42.00,0.00,,2.10,4.20,48.30,Credit,Visa,9999,,completed
1132,#044,2026-05-13,2026-05-13 17:32:09,2026-05-13 18:11:09,dine_in,8,1,7,38.50,0.00,,1.93,6.93,47.36,Mobile,Apple Pay,9999,,completed
1133,#045,2026-05-13,2026-05-13 17:07:27,2026-05-13 18:16:27,dine_in,2,2,4,58.25,0.00,,2.91,8.74,69.90,Debit,Interac Debit,9999,,completed
1134,#046,2026-05-13,2026-05-13 18:43:47,2026-05-13 18:54:47,delivery,,4,6,113.50,0.00,,5.68,0.00,119.18,Debit,Interac Debit,9999,DoorDash,completed
1135,#047,2026-05-13,2026-05-13 18:53:57,2026-05-13 19:43:57,dine_in,8,3,4,66.75,0.00,,3.34,10.01,80.10,Debit,Interac Debit,9999,,completed
1136,#048,2026-05-13,2026-05-13 18:09:12,2026-05-13 18:31:12,takeout,,1,7,39.50,0.00,,1.98,1.98,43.46,Mobile,Apple Pay,9999,,completed
1137,#049,2026-05-13,2026-05-13 18:48:44,2026-05-13 19:01:44,delivery,,2,7,53.75,0.00,,2.69,0.00,56.44,Cash,,,DoorDash,completed
1138,#050,2026-05-13,2026-05-13 18:58:01,2026-05-13 19:09:01,delivery,,1,10,32.00,0.00,,1.60,0.00,33.60,Credit,Visa,9999,UberEats,completed
1139,#051,2026-05-13,2026-05-13 18:53:30,2026-05-13 19:58:30,dine_in,4,4,2,107.50,0.00,,5.38,19.35,132.23,Credit,Visa,9999,,completed
1140,#052,2026-05-13,2026-05-13 18:27:38,2026-05-13 19:40:38,dine_in,3,1,10,25.25,0.00,,1.26,4.54,31.05,Credit,Visa,9999,,completed
1141,#053,2026-05-13,2026-05-13 18:50:56,2026-05-13 19:38:56,dine_in,13,7,7,189.00,0.00,,9.45,37.80,236.25,Cash,,,,completed
1142,#054,2026-05-13,2026-05-13 18:51:57,2026-05-13 19:05:57,delivery,,4,2,94.50,0.00,,4.73,0.00,99.23,Credit,Visa,9999,SkipTheDishes,completed
1143,#055,2026-05-13,2026-05-13 18:30:17,2026-05-13 18:35:17,delivery,,4,7,143.00,0.00,,7.15,0.00,150.15,Credit,Visa,9999,DoorDash,completed
1144,#056,2026-05-13,2026-05-13 18:14:01,2026-05-13 18:29:01,delivery,,4,4,119.75,0.00,,5.99,0.00,125.74,Credit,Visa,9999,SkipTheDishes,completed
1145,#057,2026-05-13,2026-05-13 18:35:46,2026-05-13 19:25:46,dine_in,4,2,7,72.75,0.00,,3.64,7.28,83.67,Cash,,,,completed
1146,#058,2026-05-13,2026-05-13 18:06:14,2026-05-13 18:28:14,takeout,,2,10,59.25,0.00,,2.96,2.96,65.17,Cash,,,,completed
1147,#059,2026-05-13,2026-05-13 18:04:39,2026-05-13 18:44:39,dine_in,8,1,3,24.50,0.00,,1.23,4.90,30.63,Cash,,,,completed
1148,#060,2026-05-13,2026-05-13 18:37:28,2026-05-13 18:49:28,delivery,,1,7,21.50,0.00,,1.07,0.00,22.57,Credit,Visa,9999,UberEats,completed
1149,#061,2026-05-13,2026-05-13 18:04:02,2026-05-13 18:50:02,dine_in,4,2,4,85.00,0.00,,4.25,12.75,102.00,Cash,,,,completed
1150,#062,2026-05-13,2026-05-13 18:00:07,2026-05-13 18:59:07,dine_in,9,3,8,80.75,0.00,,4.04,0.00,84.79,Credit,Visa,9999,,completed
1151,#063,2026-05-13,2026-05-13 19:50:57,2026-05-13 21:05:57,dine_in,14,3,8,73.75,0.00,,3.69,11.06,88.50,Mobile,Apple Pay,9999,,completed
1152,#064,2026-05-13,2026-05-13 19:47:22,2026-05-13 19:56:22,delivery,,2,8,62.00,0.00,,3.10,0.00,65.10,Credit,Visa,9999,SkipTheDishes,completed
1153,#065,2026-05-13,2026-05-13 19:19:06,2026-05-13 20:00:06,dine_in,14,4,6,111.00,0.00,,5.55,19.98,136.53,Credit,Visa,9999,,completed
1154,#066,2026-05-13,2026-05-13 19:41:25,2026-05-13 19:54:25,delivery,,2,10,54.75,0.00,,2.74,0.00,57.49,Mobile,Google Pay,9999,DoorDash,completed
1155,#067,2026-05-13,2026-05-13 19:21:03,2026-05-13 20:30:03,dine_in,9,5,2,142.25,0.00,,7.11,21.34,170.70,Credit,Visa,9999,,completed
1156,#068,2026-05-13,2026-05-13 19:27:03,2026-05-13 20:11:03,dine_in,4,2,6,57.00,0.00,,2.85,10.26,70.11,Debit,Interac Debit,9999,,completed
1157,#069,2026-05-13,2026-05-13 19:55:43,2026-05-13 20:56:43,dine_in,14,4,2,93.00,0.00,,4.65,18.60,116.25,Debit,Interac Debit,9999,,completed
1158,#070,2026-05-13,2026-05-13 19:13:42,2026-05-13 20:27:42,dine_in,6,2,3,61.75,0.00,,3.09,0.00,0.00,Mobile,Google Pay,9999,,voided
1159,#071,2026-05-13,2026-05-13 19:19:32,2026-05-13 19:55:32,dine_in,5,2,8,43.00,0.00,,2.15,6.45,51.60,Debit,Interac Debit,9999,,completed
1160,#072,2026-05-13,2026-05-13 19:12:41,2026-05-13 19:23:41,delivery,,1,7,36.00,0.00,,1.80,0.00,37.80,Debit,Interac Debit,9999,SkipTheDishes,completed
1161,#073,2026-05-13,2026-05-13 20:39:20,2026-05-13 21:07:20,takeout,,2,2,85.00,0.00,,4.25,8.50,97.75,Credit,Visa,9999,,completed
1162,#074,2026-05-13,2026-05-13 20:49:05,2026-05-13 21:35:05,dine_in,14,4,10,129.50,0.00,,6.48,32.38,168.36,Cash,,,,completed
1163,#075,2026-05-13,2026-05-13 20:04:55,2026-05-13 20:48:55,dine_in,4,2,2,47.50,0.00,,2.38,9.50,59.38,Cash,,,,completed
1164,#076,2026-05-13,2026-05-13 20:47:04,2026-05-13 21:34:04,dine_in,2,2,2,71.50,0.00,,3.58,14.30,89.38,Credit,Visa,9999,,completed
1165,#001,2026-05-14,2026-05-14 11:09:05,2026-05-14 11:21:05,takeout,,1,5,34.50,5.17,Yelp check-in,1.47,2.93,33.73,Debit,Interac Debit,9999,,completed
1166,#002,2026-05-14,2026-05-14 11:06:02,2026-05-14 12:15:02,dine_in,5,1,9,32.00,0.00,,1.60,4.80,38.40,Cash,,,,completed
1167,#003,2026-05-14,2026-05-14 11:33:09,2026-05-14 12:43:09,dine_in,5,2,1,42.00,0.00,,2.10,6.30,50.40,Credit,Visa,9999,,completed
1168,#004,2026-05-14,2026-05-14 11:54:14,2026-05-14 12:16:14,takeout,,4,9,108.25,0.00,,5.41,0.00,113.66,Debit,Interac Debit,9999,,completed
1169,#005,2026-05-14,2026-05-14 11:28:29,2026-05-14 12:37:29,dine_in,9,3,3,76.50,0.00,,3.83,11.47,91.80,Debit,Interac Debit,9999,,completed
1170,#006,2026-05-14,2026-05-14 11:52:52,2026-05-14 12:50:52,dine_in,7,2,1,49.00,0.00,,2.45,8.82,60.27,Debit,Interac Debit,9999,,completed
1171,#007,2026-05-14,2026-05-14 11:23:56,2026-05-14 12:06:56,dine_in,5,2,5,46.50,0.00,,2.33,6.97,55.80,Credit,Visa,9999,,completed
1172,#008,2026-05-14,2026-05-14 12:54:52,2026-05-14 14:00:52,dine_in,3,1,4,27.50,0.00,,1.38,6.88,35.76,Debit,Interac Debit,9999,,completed
1173,#009,2026-05-14,2026-05-14 12:54:06,2026-05-14 13:19:06,takeout,,2,10,56.25,0.00,,2.81,0.00,59.06,Cash,,,,completed
1174,#010,2026-05-14,2026-05-14 12:41:24,2026-05-14 12:54:24,delivery,,2,9,59.75,0.00,,2.99,0.00,62.74,Credit,Visa,9999,SkipTheDishes,completed
1175,#011,2026-05-14,2026-05-14 12:05:07,2026-05-14 13:17:07,dine_in,13,7,3,210.75,0.00,,10.54,37.93,259.22,Debit,Interac Debit,9999,,completed
1176,#012,2026-05-14,2026-05-14 12:01:45,2026-05-14 12:53:45,dine_in,12,2,10,48.25,0.00,,2.41,0.00,0.00,Credit,Visa,9999,,voided
1177,#013,2026-05-14,2026-05-14 12:08:56,2026-05-14 12:14:56,delivery,,1,2,36.00,0.00,,1.80,0.00,37.80,Debit,Interac Debit,9999,UberEats,completed
1178,#014,2026-05-14,2026-05-14 12:36:46,2026-05-14 13:15:46,dine_in,4,4,2,101.00,0.00,,5.05,20.20,126.25,Mobile,Apple Pay,9999,,completed
1179,#015,2026-05-14,2026-05-14 12:46:32,2026-05-14 13:34:32,dine_in,9,4,2,115.00,10.00,Google review promo,5.25,21.00,131.25,Credit,Visa,9999,,completed
1180,#016,2026-05-14,2026-05-14 12:32:07,2026-05-14 12:43:07,delivery,,1,5,27.75,0.00,,1.39,0.00,29.14,Cash,,,SkipTheDishes,completed
1181,#017,2026-05-14,2026-05-14 13:29:23,2026-05-14 14:21:23,dine_in,2,2,4,51.00,0.00,,2.55,9.18,62.73,Cash,,,,completed
1182,#018,2026-05-14,2026-05-14 13:32:24,2026-05-14 14:01:24,takeout,,2,5,57.25,0.00,,2.86,0.00,60.11,Cash,,,,completed
1183,#019,2026-05-14,2026-05-14 13:50:26,2026-05-14 14:59:26,dine_in,13,4,2,106.00,0.00,,5.30,19.08,130.38,Credit,Visa,9999,,completed
1184,#020,2026-05-14,2026-05-14 13:57:58,2026-05-14 14:52:58,dine_in,6,4,3,104.25,5.00,Loyalty,4.96,17.86,122.07,Debit,Interac Debit,9999,,completed
1185,#021,2026-05-14,2026-05-14 13:02:44,2026-05-14 13:11:44,delivery,,2,1,60.00,0.00,,3.00,0.00,63.00,Credit,Visa,9999,UberEats,completed
1186,#022,2026-05-14,2026-05-14 14:52:21,2026-05-14 15:02:21,delivery,,2,9,73.25,0.00,,3.66,0.00,76.91,Credit,Visa,9999,SkipTheDishes,completed
1187,#023,2026-05-14,2026-05-14 14:05:55,2026-05-14 14:31:55,takeout,,4,1,106.50,0.00,,5.33,10.65,122.48,Cash,,,,completed
1188,#024,2026-05-14,2026-05-14 14:10:54,2026-05-14 14:22:54,delivery,,3,10,66.50,0.00,,3.33,0.00,69.83,Mobile,Google Pay,9999,UberEats,completed
1189,#025,2026-05-14,2026-05-14 14:04:46,2026-05-14 14:14:46,delivery,,3,3,99.25,0.00,,4.96,0.00,104.21,Cash,,,UberEats,completed
1190,#026,2026-05-14,2026-05-14 14:48:13,2026-05-14 15:23:13,dine_in,9,2,5,49.50,0.00,,2.48,9.90,61.88,Credit,Visa,9999,,completed
1191,#027,2026-05-14,2026-05-14 14:26:55,2026-05-14 15:25:55,dine_in,5,2,10,56.50,0.00,,2.83,11.30,70.63,Credit,Visa,9999,,completed
1192,#028,2026-05-14,2026-05-14 14:21:07,2026-05-14 14:30:07,delivery,,1,9,31.50,0.00,,1.58,0.00,33.08,Credit,Visa,9999,UberEats,completed
1193,#029,2026-05-14,2026-05-14 14:36:05,2026-05-14 14:43:05,delivery,,1,10,23.50,0.00,,1.18,0.00,24.68,Credit,Visa,9999,UberEats,completed
1194,#030,2026-05-14,2026-05-14 14:49:56,2026-05-14 15:25:56,dine_in,5,4,2,119.75,0.00,,5.99,21.55,147.29,Mobile,Apple Pay,9999,,completed
1195,#031,2026-05-14,2026-05-14 15:46:24,2026-05-14 16:09:24,takeout,,1,3,37.50,0.00,,1.88,1.88,41.26,Cash,,,,completed
1196,#032,2026-05-14,2026-05-14 15:35:25,2026-05-14 16:20:25,dine_in,4,3,4,72.25,10.00,Manager comp,3.11,11.21,76.57,Mobile,Google Pay,9999,,completed
1197,#033,2026-05-14,2026-05-14 16:23:16,2026-05-14 17:34:16,dine_in,2,2,6,63.25,0.00,,3.16,9.49,75.90,Cash,,,,completed
1198,#034,2026-05-14,2026-05-14 16:31:40,2026-05-14 17:29:40,dine_in,10,5,2,147.25,0.00,,7.36,22.09,176.70,Cash,,,,completed
1199,#035,2026-05-14,2026-05-14 16:16:27,2026-05-14 17:23:27,dine_in,14,4,10,116.75,0.00,,5.84,17.51,140.10,Mobile,Google Pay,9999,,completed
1200,#036,2026-05-14,2026-05-14 16:13:20,2026-05-14 17:08:20,dine_in,4,2,2,38.00,0.00,,1.90,7.60,47.50,Credit,Visa,9999,,completed
1201,#037,2026-05-14,2026-05-14 16:41:54,2026-05-14 16:52:54,delivery,,1,7,26.00,13.00,Staff meal 50%,0.65,0.00,13.65,Credit,Visa,9999,DoorDash,completed
1202,#038,2026-05-14,2026-05-14 16:54:33,2026-05-14 17:22:33,takeout,,1,7,31.50,0.00,,1.58,3.15,36.23,Credit,Visa,9999,,completed
1203,#039,2026-05-14,2026-05-14 17:44:02,2026-05-14 18:34:02,dine_in,10,2,4,72.00,0.00,,3.60,14.40,90.00,Debit,Interac Debit,9999,,completed
1204,#040,2026-05-14,2026-05-14 17:00:49,2026-05-14 18:07:49,dine_in,13,5,4,148.50,0.00,,7.43,22.27,178.20,Cash,,,,completed
1205,#041,2026-05-14,2026-05-14 17:33:07,2026-05-14 18:30:07,dine_in,10,5,7,142.75,0.00,,7.14,35.69,185.58,Mobile,Google Pay,9999,,completed
1206,#042,2026-05-14,2026-05-14 17:31:30,2026-05-14 18:14:30,dine_in,10,4,7,115.00,0.00,,5.75,23.00,143.75,Credit,Visa,9999,,completed
1207,#043,2026-05-14,2026-05-14 17:13:24,2026-05-14 18:00:24,dine_in,8,2,6,47.25,0.00,,2.36,8.50,58.11,Cash,,,,completed
1208,#044,2026-05-14,2026-05-14 17:09:04,2026-05-14 17:22:04,delivery,,1,4,27.50,0.00,,1.38,0.00,28.88,Debit,Interac Debit,9999,SkipTheDishes,completed
1209,#045,2026-05-14,2026-05-14 17:01:56,2026-05-14 17:51:56,dine_in,7,4,8,100.00,0.00,,5.00,20.00,125.00,Debit,Interac Debit,9999,,completed
1210,#046,2026-05-14,2026-05-14 17:49:23,2026-05-14 18:44:23,dine_in,2,1,10,19.00,0.00,,0.95,3.42,23.37,Credit,Visa,9999,,completed
1211,#047,2026-05-14,2026-05-14 17:06:32,2026-05-14 17:54:32,dine_in,7,4,4,103.75,0.00,,5.19,15.56,124.50,Credit,Visa,9999,,completed
1212,#048,2026-05-14,2026-05-14 17:44:27,2026-05-14 18:22:27,dine_in,8,4,8,87.50,0.00,,4.38,0.00,91.88,Cash,,,,completed
1213,#049,2026-05-14,2026-05-14 18:15:42,2026-05-14 19:05:42,dine_in,10,3,4,87.00,0.00,,4.35,17.40,108.75,Credit,Visa,9999,,completed
1214,#050,2026-05-14,2026-05-14 18:55:23,2026-05-14 19:43:23,dine_in,10,1,10,25.00,0.00,,1.25,3.75,30.00,Mobile,Apple Pay,9999,,completed
1215,#051,2026-05-14,2026-05-14 18:38:39,2026-05-14 19:15:39,dine_in,11,2,2,47.75,0.00,,2.39,8.59,58.73,Cash,,,,completed
1216,#052,2026-05-14,2026-05-14 18:21:00,2026-05-14 18:36:00,delivery,,3,7,77.00,0.00,,3.85,0.00,80.85,Credit,Visa,9999,SkipTheDishes,completed
1217,#053,2026-05-14,2026-05-14 18:59:09,2026-05-14 20:10:09,dine_in,9,2,3,62.50,0.00,,3.12,12.50,78.12,Credit,Visa,9999,,completed
1218,#054,2026-05-14,2026-05-14 18:19:47,2026-05-14 18:59:47,dine_in,10,5,3,133.25,0.00,,6.66,23.98,163.89,Debit,Interac Debit,9999,,completed
1219,#055,2026-05-14,2026-05-14 18:23:24,2026-05-14 18:32:24,delivery,,1,8,27.50,0.00,,1.38,0.00,28.88,Debit,Interac Debit,9999,UberEats,completed
1220,#056,2026-05-14,2026-05-14 18:21:06,2026-05-14 19:27:06,dine_in,8,3,4,84.25,0.00,,4.21,16.85,105.31,Mobile,Google Pay,9999,,completed
1221,#057,2026-05-14,2026-05-14 18:12:34,2026-05-14 18:26:34,takeout,,3,7,86.00,0.00,,4.30,0.00,90.30,Credit,Visa,9999,,completed
1222,#058,2026-05-14,2026-05-14 18:49:57,2026-05-14 19:01:57,takeout,,1,8,20.00,0.00,,1.00,2.00,23.00,Debit,Interac Debit,9999,,completed
1223,#059,2026-05-14,2026-05-14 18:53:00,2026-05-14 19:54:00,dine_in,15,1,8,28.50,0.00,,1.43,5.13,35.06,Credit,Visa,9999,,completed
1224,#060,2026-05-14,2026-05-14 18:45:37,2026-05-14 19:43:37,dine_in,1,2,3,44.00,0.00,,2.20,7.92,54.12,Debit,Interac Debit,9999,,completed
1225,#061,2026-05-14,2026-05-14 18:26:16,2026-05-14 18:35:16,delivery,,4,2,130.50,0.00,,6.53,0.00,137.03,Mobile,Google Pay,9999,SkipTheDishes,completed
1226,#062,2026-05-14,2026-05-14 19:52:21,2026-05-14 20:31:21,dine_in,6,3,10,76.75,0.00,,3.84,15.35,95.94,Mobile,Google Pay,9999,,completed
1227,#063,2026-05-14,2026-05-14 19:06:28,2026-05-14 19:28:28,takeout,,1,2,22.00,0.00,,1.10,2.20,25.30,Credit,Visa,9999,,completed
1228,#064,2026-05-14,2026-05-14 19:26:56,2026-05-14 19:37:56,delivery,,1,7,37.50,0.00,,1.88,0.00,39.38,Credit,Visa,9999,SkipTheDishes,completed
1229,#065,2026-05-14,2026-05-14 19:49:58,2026-05-14 20:28:58,dine_in,11,2,7,41.50,0.00,,2.08,7.47,51.05,Credit,Visa,9999,,completed
1230,#066,2026-05-14,2026-05-14 19:46:55,2026-05-14 21:00:55,dine_in,5,3,3,70.50,0.00,,3.53,12.69,86.72,Credit,Visa,9999,,completed
1231,#067,2026-05-14,2026-05-14 19:00:16,2026-05-14 20:02:16,dine_in,12,2,6,65.50,0.00,,3.28,13.10,81.88,Credit,Visa,9999,,completed
1232,#068,2026-05-14,2026-05-14 19:13:21,2026-05-14 19:56:21,dine_in,10,2,10,66.00,0.00,,3.30,11.88,81.18,Credit,Visa,9999,,completed
1233,#069,2026-05-14,2026-05-14 19:10:02,2026-05-14 19:54:02,dine_in,9,3,6,67.50,0.00,,3.38,13.50,84.38,Credit,Visa,9999,,completed
1234,#070,2026-05-14,2026-05-14 19:02:39,2026-05-14 20:11:39,dine_in,9,2,4,45.25,0.00,,2.26,8.14,55.65,Debit,Interac Debit,9999,,completed
1235,#071,2026-05-14,2026-05-14 19:43:22,2026-05-14 19:50:22,delivery,,1,3,31.50,0.00,,1.58,0.00,33.08,Cash,,,UberEats,completed
1236,#072,2026-05-14,2026-05-14 19:49:09,2026-05-14 20:13:09,takeout,,2,7,59.50,0.00,,2.98,5.95,68.43,Debit,Interac Debit,9999,,completed
1237,#073,2026-05-14,2026-05-14 20:00:19,2026-05-14 21:05:19,dine_in,2,2,7,53.75,0.00,,2.69,8.06,64.50,Cash,,,,completed
1238,#074,2026-05-14,2026-05-14 20:25:25,2026-05-14 21:04:25,dine_in,2,2,6,73.75,5.00,Manager comp,3.44,13.75,85.94,Credit,Visa,9999,,completed
1239,#075,2026-05-14,2026-05-14 20:50:52,2026-05-14 21:54:52,dine_in,4,3,4,64.00,0.00,,3.20,12.80,80.00,Debit,Interac Debit,9999,,completed
1240,#076,2026-05-14,2026-05-14 20:03:51,2026-05-14 20:24:51,takeout,,2,4,50.50,0.00,,2.53,5.05,58.08,Debit,Interac Debit,9999,,completed
1241,#077,2026-05-14,2026-05-14 20:12:52,2026-05-14 20:36:52,takeout,,2,7,93.25,0.00,,4.66,0.00,97.91,Mobile,Google Pay,9999,,completed
1242,#078,2026-05-14,2026-05-14 20:19:01,2026-05-14 21:04:01,dine_in,10,5,2,148.25,0.00,,7.41,29.65,185.31,Mobile,Google Pay,9999,,completed
1243,#079,2026-05-14,2026-05-14 20:00:00,2026-05-14 20:29:00,takeout,,2,2,51.50,0.00,,2.58,0.00,54.08,Credit,Visa,9999,,completed
1244,#001,2026-05-15,2026-05-15 11:42:36,2026-05-15 11:48:36,delivery,,2,3,54.00,0.00,,2.70,0.00,56.70,Credit,Visa,9999,SkipTheDishes,completed
1245,#002,2026-05-15,2026-05-15 11:56:37,2026-05-15 12:48:37,dine_in,10,6,4,172.50,0.00,,8.62,43.12,224.24,Credit,Visa,9999,,completed
1246,#003,2026-05-15,2026-05-15 11:21:06,2026-05-15 11:28:06,delivery,,3,3,81.50,0.00,,4.08,0.00,85.58,Credit,Visa,9999,UberEats,completed
1247,#004,2026-05-15,2026-05-15 11:18:30,2026-05-15 12:12:30,dine_in,7,2,7,76.00,0.00,,3.80,11.40,91.20,Credit,Visa,9999,,completed
1248,#005,2026-05-15,2026-05-15 11:32:02,2026-05-15 12:28:02,dine_in,8,1,7,24.50,0.00,,1.23,3.67,29.40,Cash,,,,completed
1249,#006,2026-05-15,2026-05-15 12:17:00,2026-05-15 13:14:00,dine_in,4,3,4,88.00,0.00,,4.40,13.20,105.60,Mobile,Google Pay,9999,,completed
1250,#007,2026-05-15,2026-05-15 12:19:06,2026-05-15 13:19:06,dine_in,9,4,2,104.25,0.00,,5.21,18.77,128.23,Credit,Visa,9999,,completed
1251,#008,2026-05-15,2026-05-15 12:38:58,2026-05-15 12:49:58,delivery,,2,3,44.50,0.00,,2.23,0.00,46.73,Debit,Interac Debit,9999,UberEats,completed
1252,#009,2026-05-15,2026-05-15 12:54:20,2026-05-15 13:41:20,dine_in,9,2,6,59.25,0.00,,2.96,8.89,71.10,Credit,Visa,9999,,completed
1253,#010,2026-05-15,2026-05-15 12:40:59,2026-05-15 12:46:59,delivery,,2,3,74.50,0.00,,3.73,0.00,78.23,Credit,Visa,9999,SkipTheDishes,completed
1254,#011,2026-05-15,2026-05-15 12:27:16,2026-05-15 12:36:16,delivery,,2,8,39.50,0.00,,1.98,0.00,41.48,Debit,Interac Debit,9999,UberEats,completed
1255,#012,2026-05-15,2026-05-15 12:52:33,2026-05-15 13:12:33,takeout,,3,1,72.00,0.00,,3.60,0.00,75.60,Credit,Visa,9999,,completed
1256,#013,2026-05-15,2026-05-15 12:10:26,2026-05-15 13:06:26,dine_in,12,1,3,28.50,0.00,,1.43,4.27,34.20,Debit,Interac Debit,9999,,completed
1257,#014,2026-05-15,2026-05-15 12:23:00,2026-05-15 12:39:00,takeout,,1,8,28.50,0.00,,1.43,0.00,29.93,Debit,Interac Debit,9999,,completed
1258,#015,2026-05-15,2026-05-15 12:24:01,2026-05-15 13:16:01,dine_in,13,3,4,88.50,0.00,,4.42,15.93,108.85,Mobile,Apple Pay,9999,,completed
1259,#016,2026-05-15,2026-05-15 12:17:24,2026-05-15 13:07:24,dine_in,1,2,6,55.00,0.00,,2.75,9.90,67.65,Cash,,,,completed
1260,#017,2026-05-15,2026-05-15 12:28:25,2026-05-15 13:12:25,dine_in,9,4,6,105.50,0.00,,5.28,18.99,129.77,Mobile,Apple Pay,9999,,completed
1261,#018,2026-05-15,2026-05-15 12:53:06,2026-05-15 12:58:06,delivery,,3,8,68.75,0.00,,3.44,0.00,72.19,Debit,Interac Debit,9999,UberEats,completed
1262,#019,2026-05-15,2026-05-15 12:49:03,2026-05-15 13:31:03,dine_in,14,4,8,108.50,0.00,,5.43,16.27,130.20,Mobile,Apple Pay,9999,,completed
1263,#020,2026-05-15,2026-05-15 12:20:59,2026-05-15 13:10:59,dine_in,10,2,8,44.50,0.00,,2.23,8.90,55.63,Debit,Interac Debit,9999,,completed
1264,#021,2026-05-15,2026-05-15 12:59:37,2026-05-15 13:07:37,delivery,,2,2,56.50,0.00,,2.83,0.00,59.33,Debit,Interac Debit,9999,DoorDash,completed
1265,#022,2026-05-15,2026-05-15 12:15:43,2026-05-15 13:21:43,dine_in,10,5,5,136.50,0.00,,6.83,24.57,167.90,Cash,,,,completed
1266,#023,2026-05-15,2026-05-15 12:22:14,2026-05-15 13:12:14,dine_in,4,4,5,107.75,0.00,,5.39,19.39,132.53,Credit,Visa,9999,,completed
1267,#024,2026-05-15,2026-05-15 12:13:49,2026-05-15 12:28:49,delivery,,2,7,41.50,0.00,,2.08,0.00,43.58,Credit,Visa,9999,SkipTheDishes,completed
1268,#025,2026-05-15,2026-05-15 12:09:18,2026-05-15 13:16:18,dine_in,2,2,4,39.75,0.00,,1.99,7.15,48.89,Debit,Interac Debit,9999,,completed
1269,#026,2026-05-15,2026-05-15 12:39:01,2026-05-15 13:15:01,dine_in,5,4,1,120.00,0.00,,6.00,24.00,150.00,Credit,Visa,9999,,completed
1270,#027,2026-05-15,2026-05-15 13:23:45,2026-05-15 13:53:45,takeout,,1,8,25.50,0.00,,1.28,2.55,29.33,Debit,Interac Debit,9999,,completed
1271,#028,2026-05-15,2026-05-15 13:12:07,2026-05-15 14:00:07,dine_in,10,2,2,48.50,0.00,,2.43,12.12,63.05,Debit,Interac Debit,9999,,completed
1272,#029,2026-05-15,2026-05-15 13:25:29,2026-05-15 14:37:29,dine_in,3,2,2,42.50,0.00,,2.12,8.50,53.12,Credit,Visa,9999,,completed
1273,#030,2026-05-15,2026-05-15 13:20:39,2026-05-15 14:27:39,dine_in,12,2,4,36.00,0.00,,1.80,6.48,44.28,Mobile,Apple Pay,9999,,completed
1274,#031,2026-05-15,2026-05-15 13:37:57,2026-05-15 13:42:57,delivery,,3,7,95.50,0.00,,4.78,0.00,100.28,Credit,Visa,9999,UberEats,completed
1275,#032,2026-05-15,2026-05-15 13:34:52,2026-05-15 14:10:52,dine_in,9,3,8,100.25,0.00,,5.01,18.04,123.30,Mobile,Apple Pay,9999,,completed
1276,#033,2026-05-15,2026-05-15 14:26:15,2026-05-15 15:17:15,dine_in,14,3,4,58.00,0.00,,2.90,11.60,72.50,Debit,Interac Debit,9999,,completed
1277,#034,2026-05-15,2026-05-15 14:52:38,2026-05-15 15:01:38,delivery,,3,7,82.00,0.00,,4.10,0.00,86.10,Cash,,,SkipTheDishes,completed
1278,#035,2026-05-15,2026-05-15 15:24:32,2026-05-15 16:12:32,dine_in,3,1,6,25.50,0.00,,1.28,5.10,31.88,Credit,Visa,9999,,completed
1279,#036,2026-05-15,2026-05-15 15:29:53,2026-05-15 15:42:53,delivery,,1,6,18.00,0.00,,0.90,0.00,0.00,Credit,Visa,9999,DoorDash,voided
1280,#037,2026-05-15,2026-05-15 15:17:57,2026-05-15 16:21:57,dine_in,9,2,2,60.50,0.00,,3.03,12.10,75.63,Debit,Interac Debit,9999,,completed
1281,#038,2026-05-15,2026-05-15 16:51:47,2026-05-15 17:27:47,dine_in,9,2,8,45.00,0.00,,2.25,8.10,55.35,Cash,,,,completed
1282,#039,2026-05-15,2026-05-15 16:21:36,2026-05-15 17:04:36,dine_in,8,2,5,67.00,0.00,,3.35,13.40,83.75,Credit,Visa,9999,,completed
1283,#040,2026-05-15,2026-05-15 16:20:09,2026-05-15 16:29:09,delivery,,2,4,48.50,0.00,,2.43,0.00,50.93,Cash,,,DoorDash,completed
1284,#041,2026-05-15,2026-05-15 16:57:17,2026-05-15 17:50:17,dine_in,9,4,2,91.75,0.00,,4.59,18.35,114.69,Credit,Visa,9999,,completed
1285,#042,2026-05-15,2026-05-15 16:50:37,2026-05-15 16:55:37,delivery,,1,6,23.50,0.00,,1.18,0.00,24.68,Debit,Interac Debit,9999,UberEats,completed
1286,#043,2026-05-15,2026-05-15 17:41:15,2026-05-15 18:52:15,dine_in,11,2,2,61.00,0.00,,3.05,9.15,73.20,Credit,Visa,9999,,completed
1287,#044,2026-05-15,2026-05-15 17:32:43,2026-05-15 17:38:43,delivery,,2,7,59.00,0.00,,2.95,0.00,61.95,Cash,,,UberEats,completed
1288,#045,2026-05-15,2026-05-15 17:25:56,2026-05-15 18:28:56,dine_in,9,5,7,152.50,0.00,,7.62,27.45,187.57,Credit,Visa,9999,,completed
1289,#046,2026-05-15,2026-05-15 17:25:45,2026-05-15 18:01:45,dine_in,8,4,2,103.50,0.00,,5.18,25.88,134.56,Cash,,,,completed
1290,#047,2026-05-15,2026-05-15 17:11:16,2026-05-15 17:54:16,dine_in,12,2,1,86.50,0.00,,4.33,12.97,103.80,Mobile,Apple Pay,9999,,completed
1291,#048,2026-05-15,2026-05-15 17:34:56,2026-05-15 18:35:56,dine_in,10,2,6,48.00,0.00,,2.40,8.64,59.04,Debit,Interac Debit,9999,,completed
1292,#049,2026-05-15,2026-05-15 17:59:48,2026-05-15 18:39:48,dine_in,9,5,3,152.25,0.00,,7.61,38.06,197.92,Mobile,Google Pay,9999,,completed
1293,#050,2026-05-15,2026-05-15 17:30:33,2026-05-15 18:14:33,dine_in,10,1,3,29.50,0.00,,1.48,5.31,36.29,Credit,Visa,9999,,completed
1294,#051,2026-05-15,2026-05-15 17:35:42,2026-05-15 18:45:42,dine_in,3,2,7,77.00,11.55,Google review promo,3.27,13.09,81.81,Mobile,Google Pay,9999,,completed
1295,#052,2026-05-15,2026-05-15 17:28:30,2026-05-15 18:18:30,dine_in,11,2,4,72.00,0.00,,3.60,10.80,86.40,Debit,Interac Debit,9999,,completed
1296,#053,2026-05-15,2026-05-15 17:55:18,2026-05-15 19:02:18,dine_in,11,2,8,47.50,0.00,,2.38,9.50,59.38,Mobile,Apple Pay,9999,,completed
1297,#054,2026-05-15,2026-05-15 17:32:48,2026-05-15 18:46:48,dine_in,14,3,1,84.50,0.00,,4.23,12.67,101.40,Cash,,,,completed
1298,#055,2026-05-15,2026-05-15 17:14:35,2026-05-15 18:21:35,dine_in,4,3,4,101.50,0.00,,5.08,15.22,121.80,Debit,Interac Debit,9999,,completed
1299,#056,2026-05-15,2026-05-15 17:03:11,2026-05-15 17:33:11,takeout,,2,8,61.25,0.00,,3.06,0.00,64.31,Credit,Visa,9999,,completed
1300,#057,2026-05-15,2026-05-15 17:17:43,2026-05-15 18:14:43,dine_in,1,2,8,52.50,0.00,,2.62,10.50,65.62,Mobile,Google Pay,9999,,completed
1301,#058,2026-05-15,2026-05-15 17:46:36,2026-05-15 18:57:36,dine_in,9,2,2,54.50,0.00,,2.73,10.90,68.13,Credit,Visa,9999,,completed
1302,#059,2026-05-15,2026-05-15 17:24:09,2026-05-15 18:27:09,dine_in,10,3,8,80.50,0.00,,4.03,14.49,99.02,Debit,Interac Debit,9999,,completed
1303,#060,2026-05-15,2026-05-15 17:31:18,2026-05-15 18:16:18,dine_in,12,1,4,21.00,0.00,,1.05,4.20,26.25,Credit,Visa,9999,,completed
1304,#061,2026-05-15,2026-05-15 18:39:13,2026-05-15 19:15:13,dine_in,4,3,2,64.75,0.00,,3.24,9.71,77.70,Cash,,,,completed
1305,#062,2026-05-15,2026-05-15 18:13:28,2026-05-15 18:32:28,takeout,,4,2,110.50,0.00,,5.53,0.00,116.03,Mobile,Google Pay,9999,,completed
1306,#063,2026-05-15,2026-05-15 18:06:07,2026-05-15 19:03:07,dine_in,10,1,2,24.50,0.00,,1.23,4.90,30.63,Credit,Visa,9999,,completed
1307,#064,2026-05-15,2026-05-15 18:49:15,2026-05-15 19:49:15,dine_in,5,3,6,86.75,0.00,,4.34,15.62,106.71,Cash,,,,completed
1308,#065,2026-05-15,2026-05-15 18:59:13,2026-05-15 19:35:13,dine_in,4,4,3,117.50,0.00,,5.88,23.50,146.88,Mobile,Apple Pay,9999,,completed
1309,#066,2026-05-15,2026-05-15 18:28:15,2026-05-15 19:05:15,dine_in,1,2,8,69.25,0.00,,3.46,10.39,83.10,Debit,Interac Debit,9999,,completed
1310,#067,2026-05-15,2026-05-15 18:57:12,2026-05-15 19:51:12,dine_in,7,2,7,42.75,0.00,,2.14,6.41,51.30,Debit,Interac Debit,9999,,completed
1311,#068,2026-05-15,2026-05-15 18:30:03,2026-05-15 19:28:03,dine_in,4,4,3,108.75,0.00,,5.44,19.57,133.76,Credit,Visa,9999,,completed
1312,#069,2026-05-15,2026-05-15 18:40:09,2026-05-15 19:21:09,dine_in,6,2,5,65.75,0.00,,3.29,6.58,75.62,Debit,Interac Debit,9999,,completed
1313,#070,2026-05-15,2026-05-15 18:48:13,2026-05-15 18:55:13,delivery,,1,5,41.50,0.00,,2.08,0.00,43.58,Debit,Interac Debit,9999,UberEats,completed
1314,#071,2026-05-15,2026-05-15 18:23:50,2026-05-15 19:17:50,dine_in,10,5,7,125.25,0.00,,6.26,22.54,154.05,Credit,Visa,9999,,completed
1315,#072,2026-05-15,2026-05-15 18:47:45,2026-05-15 19:01:45,takeout,,2,4,65.00,0.00,,3.25,0.00,68.25,Credit,Visa,9999,,completed
1316,#073,2026-05-15,2026-05-15 18:45:14,2026-05-15 19:54:14,dine_in,10,6,8,181.50,0.00,,9.08,36.30,226.88,Debit,Interac Debit,9999,,completed
1317,#074,2026-05-15,2026-05-15 18:30:42,2026-05-15 18:37:42,delivery,,3,2,75.75,0.00,,3.79,0.00,79.54,Mobile,Google Pay,9999,SkipTheDishes,completed
1318,#075,2026-05-15,2026-05-15 18:29:25,2026-05-15 19:20:25,dine_in,6,3,6,68.50,10.28,Yelp check-in,2.91,10.48,71.61,Credit,Visa,9999,,completed
1319,#076,2026-05-15,2026-05-15 18:02:27,2026-05-15 18:50:27,dine_in,5,1,5,21.00,0.00,,1.05,3.15,25.20,Credit,Visa,9999,,completed
1320,#077,2026-05-15,2026-05-15 18:11:49,2026-05-15 19:08:49,dine_in,13,5,3,121.25,0.00,,6.06,24.25,151.56,Debit,Interac Debit,9999,,completed
1321,#078,2026-05-15,2026-05-15 18:10:31,2026-05-15 19:15:31,dine_in,7,2,1,44.50,0.00,,2.23,6.67,53.40,Credit,Visa,9999,,completed
1322,#079,2026-05-15,2026-05-15 18:45:01,2026-05-15 19:49:01,dine_in,6,3,1,72.75,0.00,,3.64,14.55,90.94,Cash,,,,refunded
1323,#080,2026-05-15,2026-05-15 18:07:48,2026-05-15 18:35:48,takeout,,1,2,28.50,0.00,,1.43,0.00,29.93,Debit,Interac Debit,9999,,completed
1324,#081,2026-05-15,2026-05-15 18:19:34,2026-05-15 19:15:34,dine_in,10,5,2,133.50,0.00,,6.68,13.35,153.53,Credit,Visa,9999,,completed
1325,#082,2026-05-15,2026-05-15 19:48:26,2026-05-15 20:54:26,dine_in,8,1,4,25.50,0.00,,1.28,4.59,31.37,Credit,Visa,9999,,completed
1326,#083,2026-05-15,2026-05-15 19:12:44,2026-05-15 19:22:44,delivery,,3,3,80.75,0.00,,4.04,0.00,84.79,Debit,Interac Debit,9999,UberEats,completed
1327,#084,2026-05-15,2026-05-15 19:46:36,2026-05-15 20:09:36,takeout,,1,6,29.50,0.00,,1.48,0.00,30.98,Credit,Visa,9999,,completed
1328,#085,2026-05-15,2026-05-15 19:05:01,2026-05-15 20:15:01,dine_in,14,3,7,81.50,0.00,,4.08,14.67,100.25,Credit,Visa,9999,,completed
1329,#086,2026-05-15,2026-05-15 19:17:14,2026-05-15 19:33:14,takeout,,1,2,41.50,0.00,,2.08,2.08,45.66,Credit,Visa,9999,,completed
1330,#087,2026-05-15,2026-05-15 19:17:13,2026-05-15 19:56:13,dine_in,6,2,8,63.00,0.00,,3.15,11.34,77.49,Cash,,,,completed
1331,#088,2026-05-15,2026-05-15 19:34:34,2026-05-15 20:28:34,dine_in,10,2,3,53.25,0.00,,2.66,9.58,65.49,Credit,Visa,9999,,completed
1332,#089,2026-05-15,2026-05-15 19:03:34,2026-05-15 20:17:34,dine_in,13,7,1,162.50,0.00,,8.12,32.50,203.12,Debit,Interac Debit,9999,,completed
1333,#090,2026-05-15,2026-05-15 19:38:51,2026-05-15 20:33:51,dine_in,11,1,4,20.00,0.00,,1.00,3.60,24.60,Credit,Visa,9999,,completed
1334,#091,2026-05-15,2026-05-15 19:01:28,2026-05-15 20:14:28,dine_in,1,2,7,42.50,0.00,,2.12,6.38,51.00,Cash,,,,completed
1335,#092,2026-05-15,2026-05-15 19:27:11,2026-05-15 20:28:11,dine_in,14,4,5,93.50,0.00,,4.67,18.70,116.87,Debit,Interac Debit,9999,,completed
1336,#093,2026-05-15,2026-05-15 19:35:32,2026-05-15 20:00:32,takeout,,2,8,78.75,0.00,,3.94,0.00,82.69,Cash,,,,completed
1337,#094,2026-05-15,2026-05-15 19:56:26,2026-05-15 20:56:26,dine_in,8,4,4,93.00,0.00,,4.65,16.74,114.39,Credit,Visa,9999,,completed
1338,#095,2026-05-15,2026-05-15 19:00:21,2026-05-15 19:22:21,takeout,,1,1,42.25,21.12,Staff meal 50%,1.06,2.11,24.30,Mobile,Google Pay,9999,,completed
1339,#096,2026-05-15,2026-05-15 19:32:32,2026-05-15 19:44:32,delivery,,4,1,111.25,0.00,,5.56,0.00,116.81,Cash,,,SkipTheDishes,completed
1340,#097,2026-05-15,2026-05-15 19:35:37,2026-05-15 19:48:37,delivery,,1,3,21.00,0.00,,1.05,0.00,22.05,Credit,Visa,9999,UberEats,completed
1341,#098,2026-05-15,2026-05-15 19:36:38,2026-05-15 19:59:38,takeout,,3,3,87.00,0.00,,4.35,0.00,91.35,Credit,Visa,9999,,completed
1342,#099,2026-05-15,2026-05-15 20:41:21,2026-05-15 21:51:21,dine_in,8,3,3,71.75,0.00,,3.59,17.94,93.28,Debit,Interac Debit,9999,,completed
1343,#100,2026-05-15,2026-05-15 20:21:41,2026-05-15 20:28:41,delivery,,1,5,22.75,0.00,,1.14,0.00,0.00,Credit,Visa,9999,UberEats,voided
1344,#101,2026-05-15,2026-05-15 20:21:53,2026-05-15 21:11:53,dine_in,11,2,8,48.50,0.00,,2.43,8.73,59.66,Mobile,Apple Pay,9999,,completed
1345,#102,2026-05-15,2026-05-15 20:57:06,2026-05-15 21:25:06,takeout,,2,4,48.00,0.00,,2.40,2.40,52.80,Cash,,,,completed
1346,#103,2026-05-15,2026-05-15 20:18:34,2026-05-15 21:28:34,dine_in,10,2,6,46.00,0.00,,2.30,9.20,57.50,Debit,Interac Debit,9999,,completed
1347,#104,2026-05-15,2026-05-15 20:04:22,2026-05-15 20:56:22,dine_in,1,2,5,49.50,0.00,,2.48,7.42,59.40,Debit,Interac Debit,9999,,completed
1348,#105,2026-05-15,2026-05-15 20:07:16,2026-05-15 21:18:16,dine_in,15,2,1,53.00,0.00,,2.65,7.95,63.60,Cash,,,,completed
1349,#106,2026-05-15,2026-05-15 20:42:50,2026-05-15 21:48:50,dine_in,10,2,3,66.50,0.00,,3.33,0.00,69.83,Debit,Interac Debit,9999,,completed
1350,#107,2026-05-15,2026-05-15 20:26:38,2026-05-15 21:19:38,dine_in,10,1,7,18.00,0.00,,0.90,3.60,22.50,Credit,Visa,9999,,completed
1351,#108,2026-05-15,2026-05-15 20:14:11,2026-05-15 20:27:11,delivery,,2,4,50.00,0.00,,2.50,0.00,52.50,Debit,Interac Debit,9999,UberEats,completed
1352,#001,2026-05-16,2026-05-16 11:23:06,2026-05-16 12:25:06,dine_in,10,5,7,144.00,0.00,,7.20,25.92,177.12,Debit,Interac Debit,9999,,completed
1353,#002,2026-05-16,2026-05-16 11:19:00,2026-05-16 11:36:00,takeout,,1,8,29.00,0.00,,1.45,0.00,30.45,Debit,Interac Debit,9999,,completed
1354,#003,2026-05-16,2026-05-16 11:04:59,2026-05-16 11:12:59,delivery,,3,2,65.50,0.00,,3.28,0.00,68.78,Credit,Visa,9999,SkipTheDishes,completed
1355,#004,2026-05-16,2026-05-16 11:33:08,2026-05-16 12:42:08,dine_in,7,1,5,33.75,0.00,,1.69,6.75,42.19,Credit,Visa,9999,,completed
1356,#005,2026-05-16,2026-05-16 11:35:56,2026-05-16 12:13:56,dine_in,9,6,4,153.25,0.00,,7.66,38.31,199.22,Cash,,,,completed
1357,#006,2026-05-16,2026-05-16 11:18:49,2026-05-16 12:03:49,dine_in,12,2,2,63.00,0.00,,3.15,12.60,78.75,Cash,,,,completed
1358,#007,2026-05-16,2026-05-16 11:27:29,2026-05-16 11:45:29,takeout,,1,5,18.00,0.00,,0.90,1.80,20.70,Credit,Visa,9999,,completed
1359,#008,2026-05-16,2026-05-16 11:56:35,2026-05-16 12:12:35,takeout,,3,4,65.50,0.00,,3.28,0.00,68.78,Cash,,,,completed
1360,#009,2026-05-16,2026-05-16 11:59:45,2026-05-16 12:11:45,takeout,,2,1,43.00,0.00,,2.15,2.15,47.30,Credit,Visa,9999,,completed
1361,#010,2026-05-16,2026-05-16 12:30:01,2026-05-16 13:14:01,dine_in,10,4,2,109.00,0.00,,5.45,27.25,141.70,Credit,Visa,9999,,completed
1362,#011,2026-05-16,2026-05-16 12:49:24,2026-05-16 13:38:24,dine_in,10,2,4,71.75,0.00,,3.59,12.91,88.25,Debit,Interac Debit,9999,,completed
1363,#012,2026-05-16,2026-05-16 12:20:59,2026-05-16 13:01:59,dine_in,11,2,5,58.00,0.00,,2.90,8.70,69.60,Credit,Visa,9999,,completed
1364,#013,2026-05-16,2026-05-16 12:46:24,2026-05-16 13:48:24,dine_in,8,3,2,76.75,0.00,,3.84,11.51,92.10,Mobile,Google Pay,9999,,completed
1365,#014,2026-05-16,2026-05-16 12:03:09,2026-05-16 13:14:09,dine_in,10,6,7,148.00,0.00,,7.40,26.64,182.04,Credit,Visa,9999,,completed
1366,#015,2026-05-16,2026-05-16 12:47:49,2026-05-16 14:00:49,dine_in,7,3,4,89.50,0.00,,4.48,22.38,116.36,Mobile,Apple Pay,9999,,completed
1367,#016,2026-05-16,2026-05-16 12:29:52,2026-05-16 12:58:52,takeout,,1,6,29.00,0.00,,1.45,1.45,31.90,Credit,Visa,9999,,completed
1368,#017,2026-05-16,2026-05-16 12:31:25,2026-05-16 12:37:25,delivery,,1,5,18.00,0.00,,0.90,0.00,18.90,Debit,Interac Debit,9999,SkipTheDishes,completed
1369,#018,2026-05-16,2026-05-16 12:14:46,2026-05-16 13:29:46,dine_in,13,6,6,159.75,0.00,,7.99,23.96,191.70,Mobile,Apple Pay,9999,,completed
1370,#019,2026-05-16,2026-05-16 12:05:55,2026-05-16 12:10:55,delivery,,2,8,42.50,0.00,,2.12,0.00,44.62,Mobile,Apple Pay,9999,DoorDash,completed
1371,#020,2026-05-16,2026-05-16 12:23:30,2026-05-16 12:37:30,delivery,,3,5,96.75,0.00,,4.84,0.00,101.59,Mobile,Google Pay,9999,SkipTheDishes,completed
1372,#021,2026-05-16,2026-05-16 12:38:45,2026-05-16 13:31:45,dine_in,15,2,4,59.25,8.89,Loyalty,2.52,12.59,65.47,Debit,Interac Debit,9999,,completed
1373,#022,2026-05-16,2026-05-16 12:24:49,2026-05-16 13:01:49,dine_in,4,2,6,47.00,0.00,,2.35,7.05,56.40,Debit,Interac Debit,9999,,completed
1374,#023,2026-05-16,2026-05-16 12:36:10,2026-05-16 13:31:10,dine_in,13,5,5,129.50,0.00,,6.48,19.43,155.41,Mobile,Apple Pay,9999,,completed
1375,#024,2026-05-16,2026-05-16 12:33:23,2026-05-16 13:26:23,dine_in,2,2,1,57.00,0.00,,2.85,5.70,65.55,Credit,Visa,9999,,completed
1376,#025,2026-05-16,2026-05-16 12:13:59,2026-05-16 13:15:59,dine_in,15,2,6,70.00,0.00,,3.50,12.60,86.10,Debit,Interac Debit,9999,,completed
1377,#026,2026-05-16,2026-05-16 12:40:42,2026-05-16 13:19:42,dine_in,11,2,1,46.50,0.00,,2.33,8.37,57.20,Cash,,,,completed
1378,#027,2026-05-16,2026-05-16 12:27:26,2026-05-16 13:19:26,dine_in,13,3,3,71.50,0.00,,3.58,12.87,87.95,Credit,Visa,9999,,completed
1379,#028,2026-05-16,2026-05-16 12:33:00,2026-05-16 13:03:00,takeout,,2,5,49.00,0.00,,2.45,0.00,51.45,Debit,Interac Debit,9999,,completed
1380,#029,2026-05-16,2026-05-16 13:08:27,2026-05-16 14:23:27,dine_in,6,1,7,33.00,0.00,,1.65,4.95,39.60,Debit,Interac Debit,9999,,completed
1381,#030,2026-05-16,2026-05-16 13:51:31,2026-05-16 14:47:31,dine_in,6,4,1,90.00,0.00,,4.50,9.00,103.50,Debit,Interac Debit,9999,,completed
1382,#031,2026-05-16,2026-05-16 13:29:37,2026-05-16 13:39:37,delivery,,2,5,41.50,0.00,,2.08,0.00,43.58,Credit,Visa,9999,UberEats,completed
1383,#032,2026-05-16,2026-05-16 13:33:59,2026-05-16 14:35:59,dine_in,1,2,6,39.50,0.00,,1.98,9.88,51.36,Cash,,,,completed
1384,#033,2026-05-16,2026-05-16 13:30:02,2026-05-16 14:44:02,dine_in,7,2,3,57.50,0.00,,2.88,10.35,70.73,Credit,Visa,9999,,completed
1385,#034,2026-05-16,2026-05-16 13:05:37,2026-05-16 14:10:37,dine_in,9,6,5,143.50,0.00,,7.18,25.83,176.51,Mobile,Google Pay,9999,,completed
1386,#035,2026-05-16,2026-05-16 13:27:51,2026-05-16 14:25:51,dine_in,14,2,5,65.00,0.00,,3.25,11.70,79.95,Credit,Visa,9999,,completed
1387,#036,2026-05-16,2026-05-16 13:32:06,2026-05-16 14:43:06,dine_in,7,2,5,53.50,0.00,,2.68,13.38,69.56,Credit,Visa,9999,,completed
1388,#037,2026-05-16,2026-05-16 13:53:50,2026-05-16 14:37:50,dine_in,5,3,1,67.00,0.00,,3.35,10.05,80.40,Debit,Interac Debit,9999,,completed
1389,#038,2026-05-16,2026-05-16 13:37:22,2026-05-16 13:50:22,delivery,,2,6,53.50,0.00,,2.68,0.00,56.18,Cash,,,DoorDash,completed
1390,#039,2026-05-16,2026-05-16 13:43:26,2026-05-16 14:28:26,dine_in,7,2,5,54.50,0.00,,2.73,9.81,67.04,Debit,Interac Debit,9999,,completed
1391,#040,2026-05-16,2026-05-16 13:18:31,2026-05-16 13:30:31,delivery,,4,2,82.00,0.00,,4.10,0.00,86.10,Credit,Visa,9999,DoorDash,completed
1392,#041,2026-05-16,2026-05-16 13:41:08,2026-05-16 14:05:08,takeout,,4,8,107.50,0.00,,5.38,10.75,123.63,Credit,Visa,9999,,completed
1393,#042,2026-05-16,2026-05-16 13:28:30,2026-05-16 14:10:30,dine_in,10,2,1,44.50,0.00,,2.23,8.90,55.63,Cash,,,,completed
1394,#043,2026-05-16,2026-05-16 13:27:24,2026-05-16 14:07:24,dine_in,11,2,5,54.00,0.00,,2.70,9.72,66.42,Cash,,,,completed
1395,#044,2026-05-16,2026-05-16 13:51:45,2026-05-16 14:48:45,dine_in,13,2,7,57.50,0.00,,2.88,10.35,70.73,Debit,Interac Debit,9999,,completed
1396,#045,2026-05-16,2026-05-16 13:00:27,2026-05-16 13:29:27,takeout,,1,7,28.00,0.00,,1.40,4.20,33.60,Mobile,Google Pay,9999,,completed
1397,#046,2026-05-16,2026-05-16 13:54:33,2026-05-16 14:03:33,delivery,,4,5,105.75,0.00,,5.29,0.00,111.04,Credit,Visa,9999,UberEats,completed
1398,#047,2026-05-16,2026-05-16 14:26:22,2026-05-16 14:46:22,takeout,,1,2,30.50,10.00,Google review promo,1.03,0.00,21.53,Credit,Visa,9999,,completed
1399,#048,2026-05-16,2026-05-16 14:15:02,2026-05-16 15:09:02,dine_in,5,2,6,50.75,0.00,,2.54,10.15,63.44,Debit,Interac Debit,9999,,completed
1400,#049,2026-05-16,2026-05-16 15:29:12,2026-05-16 16:17:12,dine_in,2,2,2,39.00,0.00,,1.95,5.85,46.80,Debit,Interac Debit,9999,,completed
1401,#050,2026-05-16,2026-05-16 15:27:05,2026-05-16 16:18:05,dine_in,9,1,6,26.50,0.00,,1.33,3.97,31.80,Debit,Interac Debit,9999,,completed
1402,#051,2026-05-16,2026-05-16 15:50:06,2026-05-16 16:33:06,dine_in,11,1,6,22.00,0.00,,1.10,3.30,26.40,Credit,Visa,9999,,completed
1403,#052,2026-05-16,2026-05-16 15:54:35,2026-05-16 16:19:35,takeout,,3,6,84.00,0.00,,4.20,0.00,88.20,Credit,Visa,9999,,completed
1404,#053,2026-05-16,2026-05-16 15:43:59,2026-05-16 16:41:59,dine_in,13,3,8,74.00,0.00,,3.70,14.80,92.50,Debit,Interac Debit,9999,,completed
1405,#054,2026-05-16,2026-05-16 15:00:56,2026-05-16 16:04:56,dine_in,7,4,1,142.75,0.00,,7.14,28.55,178.44,Debit,Interac Debit,9999,,completed
1406,#055,2026-05-16,2026-05-16 15:12:38,2026-05-16 16:12:38,dine_in,1,1,3,40.25,0.00,,2.01,10.06,52.32,Credit,Visa,9999,,completed
1407,#056,2026-05-16,2026-05-16 16:14:00,2026-05-16 17:09:00,dine_in,14,3,2,78.25,0.00,,3.91,11.74,93.90,Debit,Interac Debit,9999,,completed
1408,#057,2026-05-16,2026-05-16 16:52:43,2026-05-16 18:01:43,dine_in,4,3,1,70.50,0.00,,3.53,12.69,86.72,Credit,Visa,9999,,completed
1409,#058,2026-05-16,2026-05-16 16:54:13,2026-05-16 17:32:13,dine_in,13,4,8,102.50,0.00,,5.12,18.45,126.07,Debit,Interac Debit,9999,,completed
1410,#059,2026-05-16,2026-05-16 16:10:47,2026-05-16 17:04:47,dine_in,9,2,4,61.00,0.00,,3.05,6.10,70.15,Cash,,,,completed
1411,#060,2026-05-16,2026-05-16 17:06:29,2026-05-16 17:19:29,delivery,,1,7,36.50,0.00,,1.83,0.00,38.33,Mobile,Google Pay,9999,SkipTheDishes,completed
1412,#061,2026-05-16,2026-05-16 17:00:17,2026-05-16 17:27:17,takeout,,2,7,55.00,0.00,,2.75,8.25,66.00,Credit,Visa,9999,,completed
1413,#062,2026-05-16,2026-05-16 17:46:25,2026-05-16 18:47:25,dine_in,12,2,2,39.50,0.00,,1.98,7.90,49.38,Credit,Visa,9999,,completed
1414,#063,2026-05-16,2026-05-16 17:16:47,2026-05-16 17:54:47,dine_in,11,2,4,61.00,0.00,,3.05,10.98,75.03,Debit,Interac Debit,9999,,completed
1415,#064,2026-05-16,2026-05-16 17:25:29,2026-05-16 18:01:29,dine_in,9,5,5,117.00,0.00,,5.85,0.00,0.00,Mobile,Apple Pay,9999,,voided
1416,#065,2026-05-16,2026-05-16 17:19:54,2026-05-16 18:23:54,dine_in,5,4,4,129.75,0.00,,6.49,23.36,159.60,Cash,,,,completed
1417,#066,2026-05-16,2026-05-16 17:34:36,2026-05-16 17:46:36,delivery,,1,3,37.50,0.00,,1.88,0.00,39.38,Debit,Interac Debit,9999,DoorDash,completed
1418,#067,2026-05-16,2026-05-16 17:51:23,2026-05-16 18:40:23,dine_in,14,3,8,59.75,0.00,,2.99,10.75,73.49,Credit,Visa,9999,,completed
1419,#068,2026-05-16,2026-05-16 17:47:38,2026-05-16 18:53:38,dine_in,6,4,2,95.50,0.00,,4.78,14.32,114.60,Credit,Visa,9999,,completed
1420,#069,2026-05-16,2026-05-16 17:01:39,2026-05-16 17:24:39,takeout,,4,4,120.00,0.00,,6.00,0.00,126.00,Mobile,Google Pay,9999,,completed
1421,#070,2026-05-16,2026-05-16 17:21:36,2026-05-16 17:33:36,delivery,,3,3,84.25,0.00,,4.21,0.00,88.46,Debit,Interac Debit,9999,UberEats,completed
1422,#071,2026-05-16,2026-05-16 17:21:00,2026-05-16 17:37:00,takeout,,1,8,19.00,0.00,,0.95,0.00,19.95,Credit,Visa,9999,,completed
1423,#072,2026-05-16,2026-05-16 17:34:35,2026-05-16 18:27:35,dine_in,5,4,4,94.25,0.00,,4.71,18.85,117.81,Credit,Visa,9999,,completed
1424,#073,2026-05-16,2026-05-16 17:30:33,2026-05-16 18:36:33,dine_in,4,2,5,47.00,0.00,,2.35,8.46,57.81,Mobile,Google Pay,9999,,completed
1425,#074,2026-05-16,2026-05-16 18:44:56,2026-05-16 19:42:56,dine_in,12,2,5,75.00,0.00,,3.75,7.50,86.25,Credit,Visa,9999,,completed
1426,#075,2026-05-16,2026-05-16 18:59:04,2026-05-16 20:03:04,dine_in,13,4,7,121.25,0.00,,6.06,21.82,149.13,Credit,Visa,9999,,completed
1427,#076,2026-05-16,2026-05-16 18:15:57,2026-05-16 18:50:57,dine_in,9,1,2,29.00,0.00,,1.45,4.35,34.80,Credit,Visa,9999,,completed
1428,#077,2026-05-16,2026-05-16 18:06:24,2026-05-16 19:05:24,dine_in,4,4,1,135.50,0.00,,6.78,27.10,169.38,Mobile,Apple Pay,9999,,completed
1429,#078,2026-05-16,2026-05-16 18:58:10,2026-05-16 20:05:10,dine_in,8,3,4,97.25,0.00,,4.86,19.45,121.56,Debit,Interac Debit,9999,,completed
1430,#079,2026-05-16,2026-05-16 18:52:17,2026-05-16 19:37:17,dine_in,9,4,1,108.00,0.00,,5.40,0.00,0.00,Cash,,,,voided
1431,#080,2026-05-16,2026-05-16 18:26:07,2026-05-16 19:37:07,dine_in,2,2,6,60.50,0.00,,3.03,9.07,72.60,Cash,,,,completed
1432,#081,2026-05-16,2026-05-16 18:57:12,2026-05-16 19:19:12,takeout,,1,2,28.50,0.00,,1.43,0.00,29.93,Mobile,Apple Pay,9999,,completed
1433,#082,2026-05-16,2026-05-16 18:49:01,2026-05-16 19:26:01,dine_in,5,2,1,54.00,0.00,,2.70,10.80,67.50,Debit,Interac Debit,9999,,completed
1434,#083,2026-05-16,2026-05-16 18:34:36,2026-05-16 18:45:36,delivery,,2,8,50.75,0.00,,2.54,0.00,53.29,Credit,Visa,9999,SkipTheDishes,completed
1435,#084,2026-05-16,2026-05-16 18:16:44,2026-05-16 18:54:44,dine_in,13,1,1,21.75,0.00,,1.09,4.35,27.19,Debit,Interac Debit,9999,,completed
1436,#085,2026-05-16,2026-05-16 18:44:16,2026-05-16 19:20:16,dine_in,1,1,2,34.50,0.00,,1.73,5.17,41.40,Debit,Interac Debit,9999,,completed
1437,#086,2026-05-16,2026-05-16 18:11:40,2026-05-16 19:02:40,dine_in,1,2,1,55.00,0.00,,2.75,8.25,66.00,Cash,,,,completed
1438,#087,2026-05-16,2026-05-16 18:33:27,2026-05-16 19:39:27,dine_in,1,2,1,57.75,0.00,,2.89,8.66,69.30,Mobile,Apple Pay,9999,,completed
1439,#088,2026-05-16,2026-05-16 18:42:08,2026-05-16 19:50:08,dine_in,6,2,2,48.50,0.00,,2.43,8.73,59.66,Credit,Visa,9999,,completed
1440,#089,2026-05-16,2026-05-16 18:29:53,2026-05-16 19:24:53,dine_in,4,4,7,122.50,0.00,,6.12,22.05,150.67,Debit,Interac Debit,9999,,completed
1441,#090,2026-05-16,2026-05-16 18:12:13,2026-05-16 19:24:13,dine_in,6,4,3,104.50,0.00,,5.23,20.90,130.63,Debit,Interac Debit,9999,,completed
1442,#091,2026-05-16,2026-05-16 18:09:52,2026-05-16 19:09:52,dine_in,14,2,4,53.00,0.00,,2.65,9.54,65.19,Credit,Visa,9999,,completed
1443,#092,2026-05-16,2026-05-16 18:21:21,2026-05-16 18:49:21,takeout,,2,7,46.25,0.00,,2.31,0.00,0.00,Credit,Visa,9999,,voided
1444,#093,2026-05-16,2026-05-16 18:10:34,2026-05-16 19:15:34,dine_in,14,2,6,63.50,0.00,,3.18,12.70,79.38,Debit,Interac Debit,9999,,completed
1445,#094,2026-05-16,2026-05-16 18:08:58,2026-05-16 19:04:58,dine_in,14,2,2,51.00,0.00,,2.55,7.65,61.20,Mobile,Apple Pay,9999,,completed
1446,#095,2026-05-16,2026-05-16 18:40:38,2026-05-16 18:58:38,takeout,,3,4,94.25,0.00,,4.71,0.00,98.96,Mobile,Google Pay,9999,,completed
1447,#096,2026-05-16,2026-05-16 18:32:47,2026-05-16 19:38:47,dine_in,2,2,8,52.50,0.00,,2.62,7.88,63.00,Cash,,,,completed
1448,#097,2026-05-16,2026-05-16 18:55:52,2026-05-16 19:07:52,takeout,,2,4,41.00,0.00,,2.05,0.00,43.05,Cash,,,,completed
1449,#098,2026-05-16,2026-05-16 18:41:57,2026-05-16 19:45:57,dine_in,14,3,8,77.50,0.00,,3.88,11.62,93.00,Debit,Interac Debit,9999,,completed
1450,#099,2026-05-16,2026-05-16 19:01:13,2026-05-16 19:24:13,takeout,,1,4,33.00,0.00,,1.65,0.00,34.65,Credit,Visa,9999,,completed
1451,#100,2026-05-16,2026-05-16 19:34:19,2026-05-16 20:30:19,dine_in,10,5,6,124.50,0.00,,6.23,18.68,149.41,Debit,Interac Debit,9999,,completed
1452,#101,2026-05-16,2026-05-16 19:57:30,2026-05-16 20:19:30,takeout,,2,6,48.50,0.00,,2.43,2.43,53.36,Debit,Interac Debit,9999,,completed
1453,#102,2026-05-16,2026-05-16 19:30:51,2026-05-16 20:31:51,dine_in,3,2,8,41.00,0.00,,2.05,8.20,51.25,Cash,,,,completed
1454,#103,2026-05-16,2026-05-16 19:33:37,2026-05-16 20:41:37,dine_in,8,4,4,147.75,0.00,,7.39,22.16,177.30,Debit,Interac Debit,9999,,completed
1455,#104,2026-05-16,2026-05-16 19:03:04,2026-05-16 19:44:04,dine_in,5,3,8,87.50,0.00,,4.38,21.88,113.76,Cash,,,,completed
1456,#105,2026-05-16,2026-05-16 19:11:16,2026-05-16 19:40:16,takeout,,2,6,50.25,0.00,,2.51,2.51,55.27,Mobile,Google Pay,9999,,completed
1457,#106,2026-05-16,2026-05-16 19:36:30,2026-05-16 19:41:30,delivery,,3,7,72.00,0.00,,3.60,0.00,75.60,Debit,Interac Debit,9999,UberEats,completed
1458,#107,2026-05-16,2026-05-16 19:00:31,2026-05-16 19:11:31,delivery,,4,7,78.75,0.00,,3.94,0.00,82.69,Cash,,,SkipTheDishes,completed
1459,#108,2026-05-16,2026-05-16 19:22:24,2026-05-16 19:27:24,delivery,,1,1,21.00,0.00,,1.05,0.00,22.05,Cash,,,SkipTheDishes,completed
1460,#109,2026-05-16,2026-05-16 19:56:06,2026-05-16 20:50:06,dine_in,8,3,4,89.75,0.00,,4.49,16.16,110.40,Debit,Interac Debit,9999,,completed
1461,#110,2026-05-16,2026-05-16 19:16:20,2026-05-16 20:19:20,dine_in,9,5,2,141.50,5.00,Yelp check-in,6.83,0.00,143.33,Credit,Visa,9999,,completed
1462,#111,2026-05-16,2026-05-16 19:48:53,2026-05-16 20:23:53,dine_in,4,3,2,97.00,0.00,,4.85,17.46,119.31,Mobile,Google Pay,9999,,completed
1463,#112,2026-05-16,2026-05-16 19:08:27,2026-05-16 19:49:27,dine_in,3,2,6,44.75,0.00,,2.24,8.05,55.04,Cash,,,,completed
1464,#113,2026-05-16,2026-05-16 19:06:43,2026-05-16 19:19:43,takeout,,4,8,111.25,0.00,,5.56,5.56,122.37,Credit,Visa,9999,,completed
1465,#114,2026-05-16,2026-05-16 19:17:38,2026-05-16 20:01:38,dine_in,3,2,8,48.50,0.00,,2.43,9.70,60.63,Cash,,,,completed
1466,#115,2026-05-16,2026-05-16 19:59:00,2026-05-16 21:04:00,dine_in,13,5,7,111.75,0.00,,5.59,11.18,128.52,Debit,Interac Debit,9999,,completed
1467,#116,2026-05-16,2026-05-16 19:47:55,2026-05-16 20:37:55,dine_in,4,2,7,67.25,0.00,,3.36,10.09,80.70,Mobile,Apple Pay,9999,,completed
1468,#117,2026-05-16,2026-05-16 20:04:07,2026-05-16 21:14:07,dine_in,6,1,3,28.50,0.00,,1.43,5.70,35.63,Mobile,Apple Pay,9999,,completed
1469,#118,2026-05-16,2026-05-16 20:31:52,2026-05-16 20:44:52,delivery,,1,3,23.00,0.00,,1.15,0.00,24.15,Credit,Visa,9999,DoorDash,completed
1470,#119,2026-05-16,2026-05-16 20:45:52,2026-05-16 21:56:52,dine_in,5,2,3,64.00,0.00,,3.20,12.80,80.00,Credit,Visa,9999,,completed
1471,#120,2026-05-16,2026-05-16 20:20:08,2026-05-16 20:26:08,delivery,,3,4,80.25,0.00,,4.01,0.00,84.26,Credit,Visa,9999,UberEats,completed
1472,#121,2026-05-16,2026-05-16 20:44:37,2026-05-16 21:37:37,dine_in,12,2,4,54.25,0.00,,2.71,0.00,0.00,Cash,,,,voided
1473,#122,2026-05-16,2026-05-16 20:38:07,2026-05-16 20:51:07,delivery,,1,4,29.50,0.00,,1.48,0.00,30.98,Credit,Visa,9999,DoorDash,completed
1474,#123,2026-05-16,2026-05-16 20:27:46,2026-05-16 21:18:46,dine_in,14,4,7,128.50,0.00,,6.43,23.13,158.06,Credit,Visa,9999,,completed
1475,#124,2026-05-16,2026-05-16 20:55:26,2026-05-16 21:33:26,dine_in,7,3,3,83.00,0.00,,4.15,20.75,107.90,Credit,Visa,9999,,completed
1476,#125,2026-05-16,2026-05-16 20:23:34,2026-05-16 21:24:34,dine_in,13,5,7,129.50,0.00,,6.48,19.43,155.41,Credit,Visa,9999,,completed
1477,#126,2026-05-16,2026-05-16 20:51:32,2026-05-16 21:19:32,takeout,,3,6,68.00,0.00,,3.40,6.80,78.20,Credit,Visa,9999,,completed
1478,#001,2026-05-17,2026-05-17 11:06:46,2026-05-17 11:44:46,dine_in,6,3,4,78.00,0.00,,3.90,15.60,97.50,Debit,Interac Debit,9999,,completed
1479,#002,2026-05-17,2026-05-17 12:45:31,2026-05-17 13:47:31,dine_in,9,2,8,37.00,0.00,,1.85,7.40,46.25,Credit,Visa,9999,,completed
1480,#003,2026-05-17,2026-05-17 12:23:07,2026-05-17 12:34:07,delivery,,3,1,80.50,0.00,,4.03,0.00,84.53,Debit,Interac Debit,9999,SkipTheDishes,completed
1481,#004,2026-05-17,2026-05-17 12:57:10,2026-05-17 13:59:10,dine_in,8,3,6,88.00,0.00,,4.40,13.20,105.60,Credit,Visa,9999,,completed
1482,#005,2026-05-17,2026-05-17 12:50:10,2026-05-17 13:25:10,dine_in,10,2,7,63.25,0.00,,3.16,12.65,79.06,Cash,,,,completed
1483,#006,2026-05-17,2026-05-17 12:16:20,2026-05-17 13:22:20,dine_in,13,5,1,110.00,0.00,,5.50,16.50,132.00,Cash,,,,completed
1484,#007,2026-05-17,2026-05-17 12:49:17,2026-05-17 13:43:17,dine_in,13,2,2,62.00,0.00,,3.10,0.00,0.00,Credit,Visa,9999,,voided
1485,#008,2026-05-17,2026-05-17 12:25:01,2026-05-17 13:40:01,dine_in,8,3,3,81.00,0.00,,4.05,16.20,101.25,Credit,Visa,9999,,completed
1486,#009,2026-05-17,2026-05-17 12:03:47,2026-05-17 12:12:47,delivery,,1,1,19.00,0.00,,0.95,0.00,19.95,Mobile,Google Pay,9999,SkipTheDishes,completed
1487,#010,2026-05-17,2026-05-17 12:44:10,2026-05-17 13:19:10,dine_in,13,2,4,81.00,0.00,,4.05,16.20,101.25,Debit,Interac Debit,9999,,completed
1488,#011,2026-05-17,2026-05-17 12:40:32,2026-05-17 13:23:32,dine_in,14,2,5,69.00,0.00,,3.45,0.00,72.45,Credit,Visa,9999,,completed
1489,#012,2026-05-17,2026-05-17 12:32:30,2026-05-17 13:09:30,dine_in,6,3,7,74.75,0.00,,3.74,14.95,93.44,Debit,Interac Debit,9999,,completed
1490,#013,2026-05-17,2026-05-17 12:30:54,2026-05-17 12:43:54,delivery,,4,1,101.50,0.00,,5.08,0.00,106.58,Mobile,Google Pay,9999,UberEats,completed
1491,#014,2026-05-17,2026-05-17 12:27:05,2026-05-17 13:40:05,dine_in,14,2,4,36.00,0.00,,1.80,7.20,45.00,Credit,Visa,9999,,completed
1492,#015,2026-05-17,2026-05-17 13:32:21,2026-05-17 14:28:21,dine_in,9,5,6,144.00,10.00,Yelp check-in,6.70,26.80,167.50,Debit,Interac Debit,9999,,completed
1493,#016,2026-05-17,2026-05-17 13:49:26,2026-05-17 14:04:26,delivery,,3,8,87.00,0.00,,4.35,0.00,91.35,Debit,Interac Debit,9999,DoorDash,completed
1494,#017,2026-05-17,2026-05-17 13:02:31,2026-05-17 13:12:31,delivery,,1,6,27.00,0.00,,1.35,0.00,28.35,Debit,Interac Debit,9999,DoorDash,completed
1495,#018,2026-05-17,2026-05-17 13:03:44,2026-05-17 13:58:44,dine_in,6,3,7,87.25,0.00,,4.36,0.00,91.61,Credit,Visa,9999,,completed
1496,#019,2026-05-17,2026-05-17 13:56:18,2026-05-17 14:09:18,delivery,,1,7,30.75,0.00,,1.54,0.00,32.29,Credit,Visa,9999,UberEats,completed
1497,#020,2026-05-17,2026-05-17 13:18:09,2026-05-17 13:30:09,takeout,,1,1,20.00,2.00,Birthday 10%,0.90,0.90,19.80,Credit,Visa,9999,,completed
1498,#021,2026-05-17,2026-05-17 13:31:04,2026-05-17 13:42:04,delivery,,1,4,24.50,0.00,,1.23,0.00,25.73,Debit,Interac Debit,9999,UberEats,completed
1499,#022,2026-05-17,2026-05-17 13:54:43,2026-05-17 14:40:43,dine_in,4,4,7,94.50,0.00,,4.73,23.62,122.85,Mobile,Apple Pay,9999,,completed
1500,#023,2026-05-17,2026-05-17 13:35:00,2026-05-17 14:49:00,dine_in,3,2,2,50.50,0.00,,2.53,10.10,63.13,Debit,Interac Debit,9999,,completed
1501,#024,2026-05-17,2026-05-17 13:08:01,2026-05-17 13:55:01,dine_in,12,1,6,29.50,0.00,,1.48,5.90,36.88,Debit,Interac Debit,9999,,completed
1502,#025,2026-05-17,2026-05-17 13:04:17,2026-05-17 13:47:17,dine_in,4,4,3,102.00,0.00,,5.10,25.50,132.60,Cash,,,,completed
1503,#026,2026-05-17,2026-05-17 13:12:09,2026-05-17 14:07:09,dine_in,9,3,3,81.75,0.00,,4.09,12.26,98.10,Mobile,Apple Pay,9999,,completed
1504,#027,2026-05-17,2026-05-17 13:19:37,2026-05-17 13:33:37,takeout,,1,4,32.00,0.00,,1.60,0.00,33.60,Credit,Visa,9999,,completed
1505,#028,2026-05-17,2026-05-17 13:04:09,2026-05-17 13:17:09,delivery,,1,4,40.75,0.00,,2.04,0.00,42.79,Debit,Interac Debit,9999,DoorDash,completed
1506,#029,2026-05-17,2026-05-17 13:45:31,2026-05-17 13:50:31,delivery,,1,5,18.00,0.00,,0.90,0.00,18.90,Credit,Visa,9999,SkipTheDishes,completed
1507,#030,2026-05-17,2026-05-17 14:09:10,2026-05-17 14:15:10,delivery,,1,2,25.50,0.00,,1.28,0.00,26.78,Debit,Interac Debit,9999,UberEats,completed
1508,#031,2026-05-17,2026-05-17 14:08:22,2026-05-17 15:12:22,dine_in,6,3,3,75.25,0.00,,3.76,11.29,90.30,Credit,Visa,9999,,completed
1509,#032,2026-05-17,2026-05-17 14:35:02,2026-05-17 14:47:02,takeout,,4,6,105.50,0.00,,5.28,0.00,110.78,Credit,Visa,9999,,completed
1510,#033,2026-05-17,2026-05-17 14:02:58,2026-05-17 14:51:58,dine_in,5,3,5,76.75,0.00,,3.84,7.68,88.27,Debit,Interac Debit,9999,,completed
1511,#034,2026-05-17,2026-05-17 14:28:26,2026-05-17 15:14:26,dine_in,13,7,4,199.00,0.00,,9.95,35.82,244.77,Credit,Visa,9999,,completed
1512,#035,2026-05-17,2026-05-17 14:47:25,2026-05-17 14:59:25,delivery,,2,4,52.00,0.00,,2.60,0.00,54.60,Debit,Interac Debit,9999,DoorDash,completed
1513,#036,2026-05-17,2026-05-17 15:50:54,2026-05-17 16:40:54,dine_in,11,2,6,44.00,0.00,,2.20,8.80,55.00,Debit,Interac Debit,9999,,completed
1514,#037,2026-05-17,2026-05-17 15:50:17,2026-05-17 16:05:17,delivery,,1,1,28.50,0.00,,1.43,0.00,29.93,Debit,Interac Debit,9999,SkipTheDishes,completed
1515,#038,2026-05-17,2026-05-17 15:30:51,2026-05-17 16:42:51,dine_in,4,3,8,77.50,0.00,,3.88,15.50,96.88,Debit,Interac Debit,9999,,completed
1516,#039,2026-05-17,2026-05-17 16:39:02,2026-05-17 17:04:02,takeout,,2,1,61.00,0.00,,3.05,9.15,73.20,Debit,Interac Debit,9999,,completed
1517,#040,2026-05-17,2026-05-17 16:57:33,2026-05-17 18:01:33,dine_in,3,1,5,19.00,0.00,,0.95,2.85,22.80,Cash,,,,completed
1518,#041,2026-05-17,2026-05-17 16:14:08,2026-05-17 17:17:08,dine_in,7,1,4,35.50,0.00,,1.78,0.00,37.28,Mobile,Apple Pay,9999,,completed
1519,#042,2026-05-17,2026-05-17 16:15:55,2026-05-17 17:18:55,dine_in,6,2,6,57.50,0.00,,2.88,11.50,71.88,Debit,Interac Debit,9999,,completed
1520,#043,2026-05-17,2026-05-17 16:22:36,2026-05-17 17:19:36,dine_in,10,3,8,79.75,0.00,,3.99,14.35,98.09,Mobile,Google Pay,9999,,completed
1521,#044,2026-05-17,2026-05-17 16:10:52,2026-05-17 16:16:52,delivery,,1,5,36.25,0.00,,1.81,0.00,38.06,Cash,,,SkipTheDishes,completed
1522,#045,2026-05-17,2026-05-17 16:32:20,2026-05-17 16:43:20,delivery,,2,1,61.00,30.50,Staff meal 50%,1.53,0.00,32.03,Debit,Interac Debit,9999,DoorDash,completed
1523,#046,2026-05-17,2026-05-17 16:19:56,2026-05-17 16:55:56,dine_in,5,1,5,25.50,0.00,,1.28,5.10,31.88,Debit,Interac Debit,9999,,completed
1524,#047,2026-05-17,2026-05-17 16:18:27,2026-05-17 16:32:27,delivery,,1,2,27.50,0.00,,1.38,0.00,28.88,Credit,Visa,9999,SkipTheDishes,completed
1525,#048,2026-05-17,2026-05-17 17:45:26,2026-05-17 18:20:26,dine_in,8,3,5,80.00,0.00,,4.00,12.00,96.00,Credit,Visa,9999,,completed
1526,#049,2026-05-17,2026-05-17 17:22:59,2026-05-17 18:33:59,dine_in,1,2,6,47.50,0.00,,2.38,9.50,59.38,Debit,Interac Debit,9999,,completed
1527,#050,2026-05-17,2026-05-17 17:25:57,2026-05-17 17:40:57,delivery,,2,8,48.50,0.00,,2.43,0.00,50.93,Debit,Interac Debit,9999,SkipTheDishes,completed
1528,#051,2026-05-17,2026-05-17 17:04:46,2026-05-17 17:52:46,dine_in,10,3,8,89.50,0.00,,4.48,16.11,110.09,Credit,Visa,9999,,completed
1529,#052,2026-05-17,2026-05-17 17:00:03,2026-05-17 17:35:03,dine_in,9,2,3,52.00,0.00,,2.60,9.36,63.96,Debit,Interac Debit,9999,,completed
1530,#053,2026-05-17,2026-05-17 17:42:17,2026-05-17 18:29:17,dine_in,8,2,3,51.75,0.00,,2.59,9.31,63.65,Cash,,,,completed
1531,#054,2026-05-17,2026-05-17 17:49:32,2026-05-17 18:04:32,takeout,,1,5,26.00,0.00,,1.30,3.90,31.20,Debit,Interac Debit,9999,,completed
1532,#055,2026-05-17,2026-05-17 17:35:20,2026-05-17 17:46:20,delivery,,2,8,44.50,0.00,,2.23,0.00,46.73,Credit,Visa,9999,UberEats,completed
1533,#056,2026-05-17,2026-05-17 17:31:15,2026-05-17 18:23:15,dine_in,4,2,4,65.75,0.00,,3.29,13.15,82.19,Credit,Visa,9999,,completed
1534,#057,2026-05-17,2026-05-17 17:31:49,2026-05-17 17:44:49,delivery,,2,5,50.50,0.00,,2.53,0.00,53.03,Cash,,,UberEats,completed
1535,#058,2026-05-17,2026-05-17 17:17:12,2026-05-17 18:26:12,dine_in,11,1,3,19.00,0.00,,0.95,3.42,23.37,Credit,Visa,9999,,completed
1536,#059,2026-05-17,2026-05-17 17:50:25,2026-05-17 18:42:25,dine_in,9,3,7,68.25,0.00,,3.41,13.65,85.31,Credit,Visa,9999,,completed
1537,#060,2026-05-17,2026-05-17 17:36:47,2026-05-17 18:27:47,dine_in,9,3,8,90.25,0.00,,4.51,22.56,117.32,Debit,Interac Debit,9999,,completed
1538,#061,2026-05-17,2026-05-17 17:43:47,2026-05-17 18:55:47,dine_in,14,4,4,121.25,0.00,,6.06,18.19,145.50,Cash,,,,completed
1539,#062,2026-05-17,2026-05-17 17:18:37,2026-05-17 17:29:37,delivery,,1,2,26.00,0.00,,1.30,0.00,27.30,Debit,Interac Debit,9999,DoorDash,completed
1540,#063,2026-05-17,2026-05-17 17:28:20,2026-05-17 18:14:20,dine_in,3,2,6,57.50,0.00,,2.88,8.62,69.00,Debit,Interac Debit,9999,,completed
1541,#064,2026-05-17,2026-05-17 17:05:55,2026-05-17 17:52:55,dine_in,7,3,7,106.25,0.00,,5.31,19.12,130.68,Mobile,Apple Pay,9999,,completed
1542,#065,2026-05-17,2026-05-17 17:13:37,2026-05-17 18:11:37,dine_in,13,3,8,74.00,0.00,,3.70,11.10,88.80,Credit,Visa,9999,,completed
1543,#066,2026-05-17,2026-05-17 17:34:54,2026-05-17 18:36:54,dine_in,15,1,3,21.50,0.00,,1.07,3.87,26.44,Credit,Visa,9999,,completed
1544,#067,2026-05-17,2026-05-17 17:17:42,2026-05-17 18:32:42,dine_in,7,1,1,31.00,0.00,,1.55,5.58,38.13,Cash,,,,completed
1545,#068,2026-05-17,2026-05-17 18:07:21,2026-05-17 18:45:21,dine_in,14,4,4,104.50,0.00,,5.23,20.90,130.63,Mobile,Apple Pay,9999,,completed
1546,#069,2026-05-17,2026-05-17 18:21:39,2026-05-17 19:11:39,dine_in,7,3,5,79.00,0.00,,3.95,14.22,97.17,Cash,,,,completed
1547,#070,2026-05-17,2026-05-17 18:05:47,2026-05-17 18:48:47,dine_in,13,5,8,140.50,5.00,Yelp check-in,6.78,20.32,162.60,Debit,Interac Debit,9999,,completed
1548,#071,2026-05-17,2026-05-17 18:23:32,2026-05-17 18:35:32,delivery,,1,8,24.50,0.00,,1.23,0.00,25.73,Credit,Visa,9999,SkipTheDishes,completed
1549,#072,2026-05-17,2026-05-17 18:00:10,2026-05-17 18:39:10,dine_in,10,2,8,47.50,0.00,,2.38,9.50,59.38,Cash,,,,completed
1550,#073,2026-05-17,2026-05-17 18:33:31,2026-05-17 19:20:31,dine_in,7,4,5,98.75,0.00,,4.94,9.88,113.57,Credit,Visa,9999,,completed
1551,#074,2026-05-17,2026-05-17 18:59:44,2026-05-17 20:07:44,dine_in,5,2,4,49.25,0.00,,2.46,8.87,60.58,Credit,Visa,9999,,completed
1552,#075,2026-05-17,2026-05-17 18:05:03,2026-05-17 18:51:03,dine_in,6,3,8,82.00,0.00,,4.10,20.50,106.60,Cash,,,,completed
1553,#076,2026-05-17,2026-05-17 18:01:05,2026-05-17 18:10:05,delivery,,2,8,55.25,0.00,,2.76,0.00,58.01,Credit,Visa,9999,SkipTheDishes,completed
1554,#077,2026-05-17,2026-05-17 18:32:53,2026-05-17 18:52:53,takeout,,4,2,80.75,0.00,,4.04,4.04,88.83,Mobile,Apple Pay,9999,,completed
1555,#078,2026-05-17,2026-05-17 18:32:57,2026-05-17 19:28:57,dine_in,7,1,5,41.25,0.00,,2.06,7.42,50.73,Debit,Interac Debit,9999,,completed
1556,#079,2026-05-17,2026-05-17 18:26:57,2026-05-17 18:50:57,takeout,,2,3,55.50,0.00,,2.78,0.00,58.28,Cash,,,,completed
1557,#080,2026-05-17,2026-05-17 18:03:09,2026-05-17 19:03:09,dine_in,2,2,1,49.00,0.00,,2.45,0.00,51.45,Debit,Interac Debit,9999,,completed
1558,#081,2026-05-17,2026-05-17 18:20:14,2026-05-17 19:24:14,dine_in,9,1,3,25.25,0.00,,1.26,5.05,31.56,Credit,Visa,9999,,completed
1559,#082,2026-05-17,2026-05-17 18:26:30,2026-05-17 19:11:30,dine_in,9,1,1,32.50,0.00,,1.62,5.85,39.97,Debit,Interac Debit,9999,,completed
1560,#083,2026-05-17,2026-05-17 18:25:45,2026-05-17 19:34:45,dine_in,13,2,5,51.50,0.00,,2.58,10.30,64.38,Credit,Visa,9999,,completed
1561,#084,2026-05-17,2026-05-17 19:09:30,2026-05-17 19:34:30,takeout,,1,8,26.00,0.00,,1.30,2.60,29.90,Debit,Interac Debit,9999,,completed
1562,#085,2026-05-17,2026-05-17 19:38:08,2026-05-17 20:51:08,dine_in,9,2,2,53.50,0.00,,2.68,10.70,66.88,Debit,Interac Debit,9999,,completed
1563,#086,2026-05-17,2026-05-17 19:52:32,2026-05-17 20:13:32,takeout,,1,6,26.50,0.00,,1.33,0.00,27.83,Credit,Visa,9999,,completed
1564,#087,2026-05-17,2026-05-17 19:25:42,2026-05-17 20:03:42,dine_in,4,3,5,71.00,0.00,,3.55,10.65,85.20,Debit,Interac Debit,9999,,completed
1565,#088,2026-05-17,2026-05-17 19:09:33,2026-05-17 19:16:33,delivery,,4,1,122.00,0.00,,6.10,0.00,128.10,Cash,,,UberEats,completed
1566,#089,2026-05-17,2026-05-17 19:47:40,2026-05-17 20:12:40,takeout,,1,3,32.50,0.00,,1.62,4.88,39.00,Cash,,,,completed
1567,#090,2026-05-17,2026-05-17 19:13:06,2026-05-17 19:27:06,takeout,,1,1,24.50,0.00,,1.23,2.45,28.18,Debit,Interac Debit,9999,,completed
1568,#091,2026-05-17,2026-05-17 19:07:01,2026-05-17 19:54:01,dine_in,4,3,3,86.00,0.00,,4.30,17.20,107.50,Cash,,,,completed
1569,#092,2026-05-17,2026-05-17 19:35:06,2026-05-17 20:48:06,dine_in,7,3,5,99.75,0.00,,4.99,14.96,119.70,Credit,Visa,9999,,completed
1570,#093,2026-05-17,2026-05-17 19:50:30,2026-05-17 20:44:30,dine_in,13,4,1,97.75,0.00,,4.89,19.55,122.19,Debit,Interac Debit,9999,,completed
1571,#094,2026-05-17,2026-05-17 19:40:02,2026-05-17 20:07:02,takeout,,2,3,47.00,0.00,,2.35,0.00,49.35,Cash,,,,completed
1572,#095,2026-05-17,2026-05-17 19:06:01,2026-05-17 20:15:01,dine_in,6,3,6,76.25,0.00,,3.81,19.06,99.12,Credit,Visa,9999,,completed
1573,#096,2026-05-17,2026-05-17 19:09:37,2026-05-17 19:20:37,delivery,,1,5,24.50,0.00,,1.23,0.00,25.73,Cash,,,DoorDash,completed
1574,#097,2026-05-17,2026-05-17 19:03:40,2026-05-17 19:42:40,dine_in,8,3,2,79.50,0.00,,3.98,14.31,97.79,Credit,Visa,9999,,completed
1575,#098,2026-05-17,2026-05-17 20:27:49,2026-05-17 21:28:49,dine_in,7,3,5,72.00,0.00,,3.60,12.96,88.56,Debit,Interac Debit,9999,,completed
1576,#099,2026-05-17,2026-05-17 20:07:47,2026-05-17 21:12:47,dine_in,10,5,5,135.50,0.00,,6.78,33.88,176.16,Credit,Visa,9999,,completed
1577,#100,2026-05-17,2026-05-17 20:34:00,2026-05-17 20:42:00,delivery,,2,8,60.25,0.00,,3.01,0.00,63.26,Credit,Visa,9999,UberEats,completed
1578,#101,2026-05-17,2026-05-17 20:37:03,2026-05-17 21:24:03,dine_in,10,1,1,30.00,0.00,,1.50,6.00,37.50,Credit,Visa,9999,,completed
1579,#102,2026-05-17,2026-05-17 20:04:17,2026-05-17 20:45:17,dine_in,7,4,7,125.75,0.00,,6.29,22.63,154.67,Debit,Interac Debit,9999,,completed
1580,#103,2026-05-17,2026-05-17 20:58:11,2026-05-17 22:09:11,dine_in,4,4,7,94.25,0.00,,4.71,0.00,98.96,Credit,Visa,9999,,completed
1581,#104,2026-05-17,2026-05-17 20:04:05,2026-05-17 20:09:05,delivery,,1,4,34.50,0.00,,1.73,0.00,36.23,Debit,Interac Debit,9999,UberEats,completed
1582,#105,2026-05-17,2026-05-17 20:29:36,2026-05-17 21:08:36,dine_in,3,2,1,54.50,0.00,,2.73,10.90,68.13,Credit,Visa,9999,,completed
1583,#106,2026-05-17,2026-05-17 20:09:16,2026-05-17 20:23:16,delivery,,1,4,24.50,0.00,,1.23,0.00,25.73,Mobile,Google Pay,9999,DoorDash,completed
1584,#107,2026-05-17,2026-05-17 20:44:18,2026-05-17 21:41:18,dine_in,1,1,4,27.50,0.00,,1.38,4.95,33.83,Credit,Visa,9999,,completed
1585,#108,2026-05-17,2026-05-17 20:52:16,2026-05-17 20:59:16,delivery,,3,4,103.75,0.00,,5.19,0.00,108.94,Mobile,Apple Pay,9999,UberEats,completed
1586,#001,2026-05-18,2026-05-18 11:48:13,2026-05-18 13:01:13,dine_in,9,5,9,123.00,0.00,,6.15,22.14,151.29,Debit,Interac Debit,9999,,completed
1587,#002,2026-05-18,2026-05-18 11:28:40,2026-05-18 11:43:40,delivery,,1,1,26.50,0.00,,1.33,0.00,27.83,Credit,Visa,9999,SkipTheDishes,completed
1588,#003,2026-05-18,2026-05-18 11:18:21,2026-05-18 11:24:21,delivery,,1,10,18.00,0.00,,0.90,0.00,18.90,Debit,Interac Debit,9999,SkipTheDishes,completed
1589,#004,2026-05-18,2026-05-18 11:56:23,2026-05-18 13:09:23,dine_in,13,2,3,40.50,0.00,,2.02,4.05,46.57,Credit,Visa,9999,,completed
1590,#005,2026-05-18,2026-05-18 11:11:31,2026-05-18 11:51:31,dine_in,8,3,5,74.00,0.00,,3.70,11.10,88.80,Debit,Interac Debit,9999,,completed
1591,#006,2026-05-18,2026-05-18 11:07:42,2026-05-18 11:17:42,delivery,,1,9,18.00,0.00,,0.90,0.00,18.90,Debit,Interac Debit,9999,UberEats,completed
1592,#007,2026-05-18,2026-05-18 12:32:15,2026-05-18 12:41:15,delivery,,1,5,24.50,0.00,,1.23,0.00,25.73,Debit,Interac Debit,9999,UberEats,completed
1593,#008,2026-05-18,2026-05-18 12:54:30,2026-05-18 13:01:30,delivery,,1,2,28.50,0.00,,1.43,0.00,29.93,Debit,Interac Debit,9999,DoorDash,completed
1594,#009,2026-05-18,2026-05-18 12:28:48,2026-05-18 12:56:48,takeout,,1,3,20.00,0.00,,1.00,0.00,21.00,Debit,Interac Debit,9999,,completed
1595,#010,2026-05-18,2026-05-18 12:22:06,2026-05-18 13:29:06,dine_in,15,2,5,41.50,0.00,,2.08,8.30,51.88,Cash,,,,completed
1596,#011,2026-05-18,2026-05-18 12:17:33,2026-05-18 13:24:33,dine_in,10,2,3,51.75,0.00,,2.59,10.35,64.69,Cash,,,,completed
1597,#012,2026-05-18,2026-05-18 12:39:30,2026-05-18 12:50:30,delivery,,1,5,24.00,0.00,,1.20,0.00,25.20,Cash,,,DoorDash,completed
1598,#013,2026-05-18,2026-05-18 12:22:04,2026-05-18 13:26:04,dine_in,6,1,1,19.00,0.00,,0.95,3.42,23.37,Credit,Visa,9999,,completed
1599,#014,2026-05-18,2026-05-18 12:38:08,2026-05-18 12:43:08,delivery,,3,1,71.50,0.00,,3.58,0.00,75.08,Credit,Visa,9999,DoorDash,completed
1600,#015,2026-05-18,2026-05-18 12:48:57,2026-05-18 12:57:57,delivery,,4,2,87.00,0.00,,4.35,0.00,91.35,Cash,,,DoorDash,completed
1601,#016,2026-05-18,2026-05-18 13:06:15,2026-05-18 14:00:15,dine_in,10,5,5,136.00,0.00,,6.80,20.40,163.20,Credit,Visa,9999,,completed
1602,#017,2026-05-18,2026-05-18 13:08:41,2026-05-18 13:52:41,dine_in,14,2,9,63.75,0.00,,3.19,11.47,78.41,Mobile,Google Pay,9999,,completed
1603,#018,2026-05-18,2026-05-18 13:23:18,2026-05-18 13:36:18,delivery,,2,2,70.00,0.00,,3.50,0.00,73.50,Debit,Interac Debit,9999,DoorDash,completed
1604,#019,2026-05-18,2026-05-18 13:43:37,2026-05-18 14:56:37,dine_in,2,2,10,41.50,0.00,,2.08,7.47,51.05,Cash,,,,completed
1605,#020,2026-05-18,2026-05-18 13:43:44,2026-05-18 14:28:44,dine_in,4,3,3,62.25,0.00,,3.11,9.34,74.70,Credit,Visa,9999,,completed
1606,#021,2026-05-18,2026-05-18 13:44:15,2026-05-18 14:22:15,dine_in,13,4,1,104.00,0.00,,5.20,15.60,124.80,Mobile,Google Pay,9999,,completed
1607,#022,2026-05-18,2026-05-18 13:47:11,2026-05-18 14:45:11,dine_in,8,3,2,63.50,0.00,,3.18,6.35,73.03,Credit,Visa,9999,,completed
1608,#023,2026-05-18,2026-05-18 13:45:19,2026-05-18 14:58:19,dine_in,10,6,2,139.50,0.00,,6.98,27.90,174.38,Mobile,Google Pay,9999,,completed
1609,#024,2026-05-18,2026-05-18 13:06:15,2026-05-18 13:18:15,takeout,,1,9,23.50,11.75,Staff meal 50%,0.59,0.59,12.93,Credit,Visa,9999,,completed
1610,#025,2026-05-18,2026-05-18 13:21:58,2026-05-18 13:43:58,takeout,,2,4,50.50,0.00,,2.53,5.05,58.08,Credit,Visa,9999,,completed
1611,#026,2026-05-18,2026-05-18 13:03:37,2026-05-18 14:13:37,dine_in,5,4,2,76.50,0.00,,3.83,13.77,94.10,Credit,Visa,9999,,completed
1612,#027,2026-05-18,2026-05-18 14:36:05,2026-05-18 14:41:05,delivery,,2,2,59.50,0.00,,2.98,0.00,62.48,Cash,,,SkipTheDishes,completed
1613,#028,2026-05-18,2026-05-18 15:24:24,2026-05-18 16:05:24,dine_in,8,2,9,53.00,0.00,,2.65,10.60,66.25,Credit,Visa,9999,,completed
1614,#029,2026-05-18,2026-05-18 16:21:30,2026-05-18 17:02:30,dine_in,7,4,7,86.25,0.00,,4.31,15.52,106.08,Mobile,Google Pay,9999,,completed
1615,#030,2026-05-18,2026-05-18 16:18:49,2026-05-18 17:19:49,dine_in,4,2,4,67.25,0.00,,3.36,10.09,80.70,Mobile,Apple Pay,9999,,completed
1616,#031,2026-05-18,2026-05-18 16:43:11,2026-05-18 17:51:11,dine_in,5,4,10,99.50,0.00,,4.98,19.90,124.38,Credit,Visa,9999,,completed
1617,#032,2026-05-18,2026-05-18 16:26:55,2026-05-18 17:15:55,dine_in,9,5,6,131.00,0.00,,6.55,23.58,161.13,Credit,Visa,9999,,completed
1618,#033,2026-05-18,2026-05-18 16:04:37,2026-05-18 17:03:37,dine_in,4,4,6,95.00,0.00,,4.75,19.00,118.75,Cash,,,,completed
1619,#034,2026-05-18,2026-05-18 17:54:11,2026-05-18 18:45:11,dine_in,14,3,7,97.75,0.00,,4.89,19.55,122.19,Debit,Interac Debit,9999,,completed
1620,#035,2026-05-18,2026-05-18 17:10:05,2026-05-18 18:11:05,dine_in,10,4,10,113.50,0.00,,5.68,20.43,139.61,Debit,Interac Debit,9999,,completed
1621,#036,2026-05-18,2026-05-18 17:46:43,2026-05-18 18:25:43,dine_in,10,5,3,131.75,0.00,,6.59,19.76,158.10,Credit,Visa,9999,,completed
1622,#037,2026-05-18,2026-05-18 18:38:46,2026-05-18 19:04:46,takeout,,2,10,49.00,0.00,,2.45,0.00,51.45,Credit,Visa,9999,,completed
1623,#038,2026-05-18,2026-05-18 18:00:26,2026-05-18 18:12:26,delivery,,4,8,121.75,18.26,Yelp check-in,5.17,0.00,108.66,Debit,Interac Debit,9999,UberEats,completed
1624,#039,2026-05-18,2026-05-18 18:23:08,2026-05-18 18:32:08,delivery,,4,4,104.50,0.00,,5.23,0.00,109.73,Credit,Visa,9999,UberEats,completed
1625,#040,2026-05-18,2026-05-18 18:21:10,2026-05-18 19:23:10,dine_in,8,3,4,90.50,0.00,,4.53,9.05,104.08,Credit,Visa,9999,,completed
1626,#041,2026-05-18,2026-05-18 18:04:10,2026-05-18 18:18:10,delivery,,1,6,21.50,0.00,,1.07,0.00,22.57,Mobile,Google Pay,9999,DoorDash,completed
1627,#042,2026-05-18,2026-05-18 18:03:25,2026-05-18 18:26:25,takeout,,1,10,20.00,0.00,,1.00,0.00,21.00,Debit,Interac Debit,9999,,completed
1628,#043,2026-05-18,2026-05-18 18:29:29,2026-05-18 18:35:29,delivery,,1,3,28.50,0.00,,1.43,0.00,29.93,Mobile,Apple Pay,9999,SkipTheDishes,completed
1629,#044,2026-05-18,2026-05-18 18:04:16,2026-05-18 19:02:16,dine_in,9,4,3,116.75,0.00,,5.84,21.02,143.61,Cash,,,,completed
1630,#045,2026-05-18,2026-05-18 18:21:34,2026-05-18 18:27:34,delivery,,2,8,56.25,0.00,,2.81,0.00,59.06,Debit,Interac Debit,9999,UberEats,completed
1631,#046,2026-05-18,2026-05-18 18:58:11,2026-05-18 19:54:11,dine_in,7,4,4,115.75,0.00,,5.79,17.36,138.90,Cash,,,,completed
1632,#047,2026-05-18,2026-05-18 18:20:34,2026-05-18 18:57:34,dine_in,10,4,10,102.00,51.00,Staff meal 50%,2.55,7.65,61.20,Credit,Visa,9999,,completed
1633,#048,2026-05-18,2026-05-18 18:31:51,2026-05-18 19:39:51,dine_in,6,3,10,84.75,0.00,,4.24,12.71,101.70,Credit,Visa,9999,,completed
1634,#049,2026-05-18,2026-05-18 19:47:51,2026-05-18 20:45:51,dine_in,8,4,4,91.25,0.00,,4.56,13.69,109.50,Credit,Visa,9999,,completed
1635,#050,2026-05-18,2026-05-18 19:37:11,2026-05-18 20:49:11,dine_in,6,3,10,69.50,0.00,,3.48,10.42,83.40,Credit,Visa,9999,,completed
1636,#051,2026-05-18,2026-05-18 19:32:50,2026-05-18 20:21:50,dine_in,9,5,4,112.00,0.00,,5.60,16.80,134.40,Credit,Visa,9999,,completed
1637,#052,2026-05-18,2026-05-18 19:08:02,2026-05-18 19:20:02,takeout,,1,7,26.50,0.00,,1.33,3.97,31.80,Cash,,,,completed
1638,#053,2026-05-18,2026-05-18 19:35:40,2026-05-18 20:32:40,dine_in,13,2,3,55.50,0.00,,2.78,0.00,58.28,Credit,Visa,9999,,completed
1639,#054,2026-05-18,2026-05-18 19:09:46,2026-05-18 19:19:46,delivery,,4,6,140.00,0.00,,7.00,0.00,147.00,Debit,Interac Debit,9999,SkipTheDishes,completed
1640,#055,2026-05-18,2026-05-18 19:34:38,2026-05-18 20:23:38,dine_in,7,2,4,58.00,0.00,,2.90,11.60,72.50,Debit,Interac Debit,9999,,completed
1641,#056,2026-05-18,2026-05-18 19:20:12,2026-05-18 20:11:12,dine_in,14,3,6,88.25,0.00,,4.41,15.88,108.54,Mobile,Apple Pay,9999,,completed
1642,#057,2026-05-18,2026-05-18 19:10:36,2026-05-18 20:23:36,dine_in,1,1,8,26.50,0.00,,1.33,2.65,30.48,Credit,Visa,9999,,completed
1643,#058,2026-05-18,2026-05-18 19:44:25,2026-05-18 20:07:25,takeout,,2,10,60.50,0.00,,3.03,0.00,63.53,Cash,,,,completed
1644,#059,2026-05-18,2026-05-18 19:18:20,2026-05-18 20:12:20,dine_in,13,2,2,46.75,0.00,,2.34,9.35,58.44,Mobile,Apple Pay,9999,,completed
1645,#060,2026-05-18,2026-05-18 20:12:54,2026-05-18 20:19:54,delivery,,1,7,43.75,0.00,,2.19,0.00,45.94,Mobile,Apple Pay,9999,UberEats,completed
1646,#061,2026-05-18,2026-05-18 20:50:38,2026-05-18 21:00:38,delivery,,3,7,100.00,0.00,,5.00,0.00,105.00,Debit,Interac Debit,9999,DoorDash,completed
1647,#062,2026-05-18,2026-05-18 20:45:38,2026-05-18 21:31:38,dine_in,10,4,10,106.25,0.00,,5.31,26.56,138.12,Debit,Interac Debit,9999,,completed
1648,#063,2026-05-18,2026-05-18 20:59:58,2026-05-18 22:07:58,dine_in,9,6,4,157.00,0.00,,7.85,23.55,188.40,Credit,Visa,9999,,completed
1649,#064,2026-05-18,2026-05-18 20:09:37,2026-05-18 20:14:37,delivery,,3,10,78.25,0.00,,3.91,0.00,82.16,Cash,,,UberEats,completed
1650,#065,2026-05-18,2026-05-18 20:17:21,2026-05-18 21:19:21,dine_in,11,1,7,28.25,0.00,,1.41,5.65,35.31,Credit,Visa,9999,,completed
1651,#066,2026-05-18,2026-05-18 20:17:58,2026-05-18 20:34:58,takeout,,3,6,89.75,0.00,,4.49,0.00,94.24,Debit,Interac Debit,9999,,completed
1652,#067,2026-05-18,2026-05-18 20:16:50,2026-05-18 20:42:50,takeout,,2,7,65.00,0.00,,3.25,6.50,74.75,Cash,,,,completed
1653,#068,2026-05-18,2026-05-18 20:40:25,2026-05-18 21:49:25,dine_in,14,3,4,108.50,0.00,,5.43,16.27,130.20,Credit,Visa,9999,,completed
1654,#001,2026-05-19,2026-05-19 11:42:25,2026-05-19 12:19:25,dine_in,4,3,3,84.25,0.00,,4.21,16.85,105.31,Credit,Visa,9999,,completed
1655,#002,2026-05-19,2026-05-19 11:25:51,2026-05-19 12:33:51,dine_in,4,3,5,101.50,0.00,,5.08,15.22,121.80,Mobile,Google Pay,9999,,completed
1656,#003,2026-05-19,2026-05-19 11:10:24,2026-05-19 12:23:24,dine_in,3,1,3,35.50,0.00,,1.78,6.39,43.67,Credit,Visa,9999,,completed
1657,#004,2026-05-19,2026-05-19 11:31:06,2026-05-19 11:59:06,takeout,,2,2,40.00,0.00,,2.00,6.00,48.00,Debit,Interac Debit,9999,,completed
1658,#005,2026-05-19,2026-05-19 11:09:07,2026-05-19 12:24:07,dine_in,9,3,5,70.00,0.00,,3.50,12.60,86.10,Credit,Visa,9999,,completed
1659,#006,2026-05-19,2026-05-19 12:49:59,2026-05-19 13:52:59,dine_in,4,3,5,74.00,0.00,,3.70,11.10,88.80,Credit,Visa,9999,,completed
1660,#007,2026-05-19,2026-05-19 12:16:48,2026-05-19 13:21:48,dine_in,8,4,9,117.00,0.00,,5.85,0.00,0.00,Credit,Visa,9999,,voided
1661,#008,2026-05-19,2026-05-19 12:25:22,2026-05-19 13:38:22,dine_in,14,1,3,19.00,0.00,,0.95,3.80,23.75,Debit,Interac Debit,9999,,completed
1662,#009,2026-05-19,2026-05-19 12:15:00,2026-05-19 12:27:00,delivery,,1,3,25.00,2.50,Birthday 10%,1.12,0.00,23.62,Credit,Visa,9999,SkipTheDishes,completed
1663,#010,2026-05-19,2026-05-19 12:59:24,2026-05-19 14:04:24,dine_in,7,4,1,80.00,0.00,,4.00,8.00,92.00,Debit,Interac Debit,9999,,completed
1664,#011,2026-05-19,2026-05-19 12:22:51,2026-05-19 13:24:51,dine_in,5,2,2,42.50,0.00,,2.12,8.50,53.12,Credit,Visa,9999,,completed
1665,#012,2026-05-19,2026-05-19 12:37:13,2026-05-19 13:26:13,dine_in,10,3,3,71.50,0.00,,3.58,14.30,89.38,Credit,Visa,9999,,completed
1666,#013,2026-05-19,2026-05-19 12:40:00,2026-05-19 13:24:00,dine_in,9,2,9,63.00,0.00,,3.15,9.45,75.60,Credit,Visa,9999,,completed
1667,#014,2026-05-19,2026-05-19 12:04:19,2026-05-19 13:16:19,dine_in,6,2,1,38.00,0.00,,1.90,7.60,47.50,Debit,Interac Debit,9999,,completed
1668,#015,2026-05-19,2026-05-19 12:53:02,2026-05-19 14:08:02,dine_in,10,3,9,92.00,0.00,,4.60,18.40,115.00,Credit,Visa,9999,,completed
1669,#016,2026-05-19,2026-05-19 12:51:53,2026-05-19 13:04:53,takeout,,3,4,78.00,0.00,,3.90,0.00,81.90,Credit,Visa,9999,,completed
1670,#017,2026-05-19,2026-05-19 12:25:35,2026-05-19 13:40:35,dine_in,2,2,9,61.50,0.00,,3.08,11.07,75.65,Credit,Visa,9999,,completed
1671,#018,2026-05-19,2026-05-19 13:21:51,2026-05-19 14:30:51,dine_in,13,3,5,61.50,0.00,,3.08,15.38,79.96,Credit,Visa,9999,,completed
1672,#019,2026-05-19,2026-05-19 13:05:53,2026-05-19 13:32:53,takeout,,1,10,18.00,0.00,,0.90,2.70,21.60,Credit,Visa,9999,,completed
1673,#020,2026-05-19,2026-05-19 13:06:03,2026-05-19 14:07:03,dine_in,14,3,3,73.50,0.00,,3.68,13.23,90.41,Cash,,,,completed
1674,#021,2026-05-19,2026-05-19 13:55:27,2026-05-19 14:31:27,dine_in,7,3,10,69.50,0.00,,3.48,10.42,83.40,Cash,,,,completed
1675,#022,2026-05-19,2026-05-19 13:33:32,2026-05-19 14:10:32,dine_in,15,2,9,45.50,0.00,,2.27,6.83,54.60,Credit,Visa,9999,,completed
1676,#023,2026-05-19,2026-05-19 13:09:16,2026-05-19 14:16:16,dine_in,15,2,9,44.50,0.00,,2.23,8.90,55.63,Mobile,Apple Pay,9999,,completed
1677,#024,2026-05-19,2026-05-19 13:59:00,2026-05-19 14:40:00,dine_in,4,3,3,70.00,0.00,,3.50,0.00,73.50,Credit,Visa,9999,,completed
1678,#025,2026-05-19,2026-05-19 13:51:32,2026-05-19 14:09:32,takeout,,4,1,83.00,0.00,,4.15,0.00,87.15,Debit,Interac Debit,9999,,completed
1679,#026,2026-05-19,2026-05-19 13:22:47,2026-05-19 13:36:47,takeout,,2,4,46.50,0.00,,2.33,0.00,48.83,Credit,Visa,9999,,completed
1680,#027,2026-05-19,2026-05-19 13:38:31,2026-05-19 14:27:31,dine_in,13,3,3,58.50,0.00,,2.93,10.53,71.96,Credit,Visa,9999,,completed
1681,#028,2026-05-19,2026-05-19 14:25:49,2026-05-19 15:25:49,dine_in,12,2,10,62.25,0.00,,3.11,11.21,76.57,Debit,Interac Debit,9999,,completed
1682,#029,2026-05-19,2026-05-19 14:40:20,2026-05-19 14:50:20,delivery,,3,5,83.00,0.00,,4.15,0.00,87.15,Debit,Interac Debit,9999,DoorDash,completed
1683,#030,2026-05-19,2026-05-19 14:26:12,2026-05-19 14:41:12,delivery,,2,2,62.00,0.00,,3.10,0.00,65.10,Mobile,Google Pay,9999,DoorDash,completed
1684,#031,2026-05-19,2026-05-19 14:34:32,2026-05-19 15:17:32,dine_in,15,2,5,48.50,0.00,,2.43,12.12,63.05,Cash,,,,completed
1685,#032,2026-05-19,2026-05-19 16:12:01,2026-05-19 16:24:01,takeout,,4,2,83.00,0.00,,4.15,0.00,87.15,Mobile,Apple Pay,9999,,completed
1686,#033,2026-05-19,2026-05-19 16:33:00,2026-05-19 17:27:00,dine_in,4,4,7,126.00,0.00,,6.30,22.68,154.98,Debit,Interac Debit,9999,,completed
1687,#034,2026-05-19,2026-05-19 16:18:22,2026-05-19 17:22:22,dine_in,7,2,6,58.25,0.00,,2.91,11.65,72.81,Credit,Visa,9999,,completed
1688,#035,2026-05-19,2026-05-19 16:06:51,2026-05-19 16:55:51,dine_in,7,4,8,124.50,0.00,,6.23,22.41,153.14,Credit,Visa,9999,,completed
1689,#036,2026-05-19,2026-05-19 17:15:58,2026-05-19 17:57:58,dine_in,10,6,4,152.50,0.00,,7.62,22.88,183.00,Credit,Visa,9999,,completed
1690,#037,2026-05-19,2026-05-19 17:36:07,2026-05-19 18:24:07,dine_in,10,4,10,119.00,0.00,,5.95,17.85,142.80,Credit,Visa,9999,,completed
1691,#038,2026-05-19,2026-05-19 17:15:38,2026-05-19 18:26:38,dine_in,7,4,4,105.75,0.00,,5.29,15.86,126.90,Credit,Visa,9999,,completed
1692,#039,2026-05-19,2026-05-19 17:17:29,2026-05-19 18:28:29,dine_in,14,4,8,137.50,0.00,,6.88,24.75,169.13,Credit,Visa,9999,,completed
1693,#040,2026-05-19,2026-05-19 17:50:12,2026-05-19 18:15:12,takeout,,1,4,30.50,0.00,,1.53,0.00,32.03,Debit,Interac Debit,9999,,completed
1694,#041,2026-05-19,2026-05-19 17:42:45,2026-05-19 18:40:45,dine_in,10,4,8,114.75,0.00,,5.74,17.21,137.70,Cash,,,,completed
1695,#042,2026-05-19,2026-05-19 17:35:35,2026-05-19 18:30:35,dine_in,5,3,7,81.50,0.00,,4.08,14.67,100.25,Cash,,,,completed
1696,#043,2026-05-19,2026-05-19 17:01:12,2026-05-19 18:08:12,dine_in,4,2,10,70.00,0.00,,3.50,14.00,87.50,Credit,Visa,9999,,completed
1697,#044,2026-05-19,2026-05-19 17:53:52,2026-05-19 18:20:52,takeout,,2,7,65.25,0.00,,3.26,0.00,0.00,Credit,Visa,9999,,voided
1698,#045,2026-05-19,2026-05-19 17:07:38,2026-05-19 18:03:38,dine_in,13,3,6,78.00,0.00,,3.90,15.60,97.50,Credit,Visa,9999,,completed
1699,#046,2026-05-19,2026-05-19 18:35:23,2026-05-19 19:37:23,dine_in,10,2,7,64.00,0.00,,3.20,9.60,76.80,Credit,Visa,9999,,completed
1700,#047,2026-05-19,2026-05-19 18:53:53,2026-05-19 18:59:53,delivery,,2,8,65.25,0.00,,3.26,0.00,68.51,Mobile,Apple Pay,9999,SkipTheDishes,completed
1701,#048,2026-05-19,2026-05-19 18:07:31,2026-05-19 19:21:31,dine_in,6,1,2,26.50,0.00,,1.33,4.77,32.60,Credit,Visa,9999,,completed
1702,#049,2026-05-19,2026-05-19 18:29:46,2026-05-19 19:08:46,dine_in,8,3,7,108.00,0.00,,5.40,0.00,0.00,Cash,,,,voided
1703,#050,2026-05-19,2026-05-19 18:38:54,2026-05-19 19:47:54,dine_in,7,4,3,121.25,0.00,,6.06,24.25,151.56,Mobile,Apple Pay,9999,,completed
1704,#051,2026-05-19,2026-05-19 18:37:21,2026-05-19 18:52:21,delivery,,2,7,68.00,0.00,,3.40,0.00,71.40,Mobile,Apple Pay,9999,DoorDash,completed
1705,#052,2026-05-19,2026-05-19 18:59:36,2026-05-19 20:14:36,dine_in,7,1,7,24.00,0.00,,1.20,4.32,29.52,Credit,Visa,9999,,completed
1706,#053,2026-05-19,2026-05-19 19:08:53,2026-05-19 19:19:53,delivery,,4,6,107.25,0.00,,5.36,0.00,112.61,Mobile,Apple Pay,9999,UberEats,completed
1707,#054,2026-05-19,2026-05-19 19:55:10,2026-05-19 20:02:10,delivery,,1,3,49.50,0.00,,2.48,0.00,51.98,Credit,Visa,9999,SkipTheDishes,completed
1708,#055,2026-05-19,2026-05-19 19:45:13,2026-05-19 20:30:13,dine_in,6,3,8,80.00,0.00,,4.00,20.00,104.00,Credit,Visa,9999,,completed
1709,#056,2026-05-19,2026-05-19 19:04:40,2026-05-19 19:34:40,takeout,,1,4,31.50,0.00,,1.58,0.00,33.08,Credit,Visa,9999,,completed
1710,#057,2026-05-19,2026-05-19 19:38:46,2026-05-19 20:29:46,dine_in,5,3,8,88.00,0.00,,4.40,17.60,110.00,Cash,,,,completed
1711,#058,2026-05-19,2026-05-19 19:37:23,2026-05-19 20:25:23,dine_in,7,2,6,47.50,0.00,,2.38,9.50,59.38,Credit,Visa,9999,,completed
1712,#059,2026-05-19,2026-05-19 19:36:25,2026-05-19 20:48:25,dine_in,13,3,10,66.75,0.00,,3.34,13.35,83.44,Credit,Visa,9999,,completed
1713,#060,2026-05-19,2026-05-19 19:41:47,2026-05-19 20:19:47,dine_in,9,4,7,122.50,0.00,,6.12,30.62,159.24,Credit,Visa,9999,,completed
1714,#061,2026-05-19,2026-05-19 19:56:37,2026-05-19 20:50:37,dine_in,8,4,6,99.25,0.00,,4.96,14.89,119.10,Debit,Interac Debit,9999,,completed
1715,#062,2026-05-19,2026-05-19 19:00:05,2026-05-19 19:57:05,dine_in,14,2,8,38.00,0.00,,1.90,6.84,46.74,Cash,,,,completed
1716,#063,2026-05-19,2026-05-19 20:21:09,2026-05-19 20:33:09,takeout,,2,7,58.25,0.00,,2.91,2.91,64.07,Cash,,,,completed
1717,#064,2026-05-19,2026-05-19 20:36:15,2026-05-19 20:58:15,takeout,,1,6,27.00,0.00,,1.35,0.00,28.35,Credit,Visa,9999,,completed
1718,#065,2026-05-19,2026-05-19 20:19:36,2026-05-19 21:24:36,dine_in,4,4,8,121.00,0.00,,6.05,24.20,151.25,Debit,Interac Debit,9999,,completed
1719,#066,2026-05-19,2026-05-19 20:36:04,2026-05-19 21:42:04,dine_in,4,3,6,77.50,0.00,,3.88,13.95,95.33,Cash,,,,completed
1720,#067,2026-05-19,2026-05-19 20:35:47,2026-05-19 21:34:47,dine_in,6,2,7,45.50,0.00,,2.27,9.10,56.87,Credit,Visa,9999,,completed
1721,#068,2026-05-19,2026-05-19 20:39:53,2026-05-19 21:19:53,dine_in,4,1,8,28.00,0.00,,1.40,4.20,33.60,Credit,Visa,9999,,completed
1722,#001,2026-05-20,2026-05-20 11:23:09,2026-05-20 12:11:09,dine_in,14,2,9,84.25,0.00,,4.21,0.00,88.46,Credit,Visa,9999,,completed
1723,#002,2026-05-20,2026-05-20 11:16:55,2026-05-20 12:26:55,dine_in,6,2,9,58.00,0.00,,2.90,14.50,75.40,Mobile,Google Pay,9999,,completed
1724,#003,2026-05-20,2026-05-20 11:29:34,2026-05-20 12:42:34,dine_in,13,4,3,93.50,0.00,,4.67,14.03,112.20,Credit,Visa,9999,,completed
1725,#004,2026-05-20,2026-05-20 11:21:47,2026-05-20 12:20:47,dine_in,13,3,2,82.00,0.00,,4.10,12.30,98.40,Credit,Visa,9999,,completed
1726,#005,2026-05-20,2026-05-20 12:24:12,2026-05-20 13:36:12,dine_in,6,1,5,29.50,0.00,,1.48,4.42,35.40,Debit,Interac Debit,9999,,completed
1727,#006,2026-05-20,2026-05-20 12:15:23,2026-05-20 13:01:23,dine_in,11,2,4,39.00,0.00,,1.95,5.85,46.80,Cash,,,,completed
1728,#007,2026-05-20,2026-05-20 12:49:22,2026-05-20 13:42:22,dine_in,10,3,4,88.75,0.00,,4.44,15.97,109.16,Debit,Interac Debit,9999,,completed
1729,#008,2026-05-20,2026-05-20 12:01:49,2026-05-20 13:07:49,dine_in,4,1,2,30.25,0.00,,1.51,4.54,36.30,Debit,Interac Debit,9999,,completed
1730,#009,2026-05-20,2026-05-20 12:50:13,2026-05-20 13:48:13,dine_in,1,2,10,45.50,0.00,,2.27,9.10,56.87,Credit,Visa,9999,,completed
1731,#010,2026-05-20,2026-05-20 12:06:43,2026-05-20 12:47:43,dine_in,2,2,2,42.50,0.00,,2.12,8.50,53.12,Credit,Visa,9999,,completed
1732,#011,2026-05-20,2026-05-20 12:57:45,2026-05-20 13:03:45,delivery,,3,4,72.00,0.00,,3.60,0.00,75.60,Debit,Interac Debit,9999,UberEats,completed
1733,#012,2026-05-20,2026-05-20 12:38:12,2026-05-20 12:51:12,delivery,,1,5,24.00,0.00,,1.20,0.00,25.20,Credit,Visa,9999,SkipTheDishes,completed
1734,#013,2026-05-20,2026-05-20 12:50:39,2026-05-20 13:04:39,delivery,,4,1,89.00,0.00,,4.45,0.00,93.45,Mobile,Apple Pay,9999,DoorDash,completed
1735,#014,2026-05-20,2026-05-20 13:43:37,2026-05-20 14:18:37,dine_in,12,2,9,49.50,0.00,,2.48,4.95,56.93,Mobile,Apple Pay,9999,,completed
1736,#015,2026-05-20,2026-05-20 13:47:49,2026-05-20 13:58:49,delivery,,2,5,71.00,0.00,,3.55,0.00,74.55,Debit,Interac Debit,9999,UberEats,completed
1737,#016,2026-05-20,2026-05-20 13:08:04,2026-05-20 13:26:04,takeout,,2,2,75.00,0.00,,3.75,7.50,86.25,Credit,Visa,9999,,completed
1738,#017,2026-05-20,2026-05-20 13:07:38,2026-05-20 13:46:38,dine_in,1,2,2,41.50,0.00,,2.08,7.47,51.05,Debit,Interac Debit,9999,,completed
1739,#018,2026-05-20,2026-05-20 13:17:13,2026-05-20 13:24:13,delivery,,1,3,27.50,0.00,,1.38,0.00,28.88,Credit,Visa,9999,SkipTheDishes,completed
1740,#019,2026-05-20,2026-05-20 13:17:59,2026-05-20 13:46:59,takeout,,2,9,42.50,0.00,,2.12,2.12,46.74,Credit,Visa,9999,,completed
1741,#020,2026-05-20,2026-05-20 14:37:33,2026-05-20 15:45:33,dine_in,13,5,1,125.50,0.00,,6.28,22.59,154.37,Credit,Visa,9999,,completed
1742,#021,2026-05-20,2026-05-20 14:32:56,2026-05-20 15:20:56,dine_in,9,3,3,66.00,0.00,,3.30,0.00,0.00,Debit,Interac Debit,9999,,voided
1743,#022,2026-05-20,2026-05-20 15:09:52,2026-05-20 16:17:52,dine_in,11,1,10,31.00,0.00,,1.55,4.65,37.20,Cash,,,,completed
1744,#023,2026-05-20,2026-05-20 15:50:24,2026-05-20 16:05:24,delivery,,2,3,47.50,0.00,,2.38,0.00,49.88,Cash,,,SkipTheDishes,completed
1745,#024,2026-05-20,2026-05-20 15:27:07,2026-05-20 16:31:07,dine_in,4,3,3,76.00,0.00,,3.80,11.40,91.20,Credit,Visa,9999,,completed
1746,#025,2026-05-20,2026-05-20 16:50:08,2026-05-20 16:59:08,delivery,,1,4,20.00,0.00,,1.00,0.00,21.00,Cash,,,SkipTheDishes,completed
1747,#026,2026-05-20,2026-05-20 16:00:53,2026-05-20 16:15:53,takeout,,1,6,38.25,0.00,,1.91,0.00,40.16,Credit,Visa,9999,,completed
1748,#027,2026-05-20,2026-05-20 16:07:55,2026-05-20 17:08:55,dine_in,10,2,7,75.00,0.00,,3.75,13.50,92.25,Credit,Visa,9999,,completed
1749,#028,2026-05-20,2026-05-20 16:15:17,2026-05-20 16:52:17,dine_in,14,4,8,120.00,0.00,,6.00,24.00,150.00,Cash,,,,completed
1750,#029,2026-05-20,2026-05-20 16:25:29,2026-05-20 16:44:29,takeout,,1,10,42.25,0.00,,2.11,2.11,46.47,Credit,Visa,9999,,completed
1751,#030,2026-05-20,2026-05-20 16:58:55,2026-05-20 17:03:55,delivery,,3,6,60.00,0.00,,3.00,0.00,63.00,Debit,Interac Debit,9999,DoorDash,completed
1752,#031,2026-05-20,2026-05-20 17:13:41,2026-05-20 18:28:41,dine_in,12,2,4,60.00,0.00,,3.00,9.00,72.00,Debit,Interac Debit,9999,,completed
1753,#032,2026-05-20,2026-05-20 17:56:36,2026-05-20 18:49:36,dine_in,7,2,7,39.50,0.00,,1.98,7.90,49.38,Debit,Interac Debit,9999,,completed
1754,#033,2026-05-20,2026-05-20 17:35:27,2026-05-20 18:17:27,dine_in,13,4,7,132.50,0.00,,6.62,19.88,159.00,Mobile,Apple Pay,9999,,completed
1755,#034,2026-05-20,2026-05-20 17:47:54,2026-05-20 18:46:54,dine_in,13,5,8,124.25,0.00,,6.21,22.36,152.82,Cash,,,,completed
1756,#035,2026-05-20,2026-05-20 17:03:51,2026-05-20 17:09:51,delivery,,4,3,98.75,0.00,,4.94,0.00,103.69,Debit,Interac Debit,9999,UberEats,completed
1757,#036,2026-05-20,2026-05-20 17:24:39,2026-05-20 18:08:39,dine_in,5,2,6,57.00,0.00,,2.85,0.00,59.85,Debit,Interac Debit,9999,,completed
1758,#037,2026-05-20,2026-05-20 17:45:13,2026-05-20 18:12:13,takeout,,1,8,25.50,0.00,,1.28,3.82,30.60,Credit,Visa,9999,,completed
1759,#038,2026-05-20,2026-05-20 17:19:15,2026-05-20 18:09:15,dine_in,13,7,7,169.25,0.00,,8.46,30.46,208.17,Debit,Interac Debit,9999,,completed
1760,#039,2026-05-20,2026-05-20 17:19:47,2026-05-20 18:06:47,dine_in,10,2,6,47.00,0.00,,2.35,8.46,57.81,Cash,,,,completed
1761,#040,2026-05-20,2026-05-20 17:55:05,2026-05-20 18:54:05,dine_in,10,3,7,91.50,0.00,,4.58,16.47,112.55,Debit,Interac Debit,9999,,completed
1762,#041,2026-05-20,2026-05-20 18:00:04,2026-05-20 19:06:04,dine_in,9,2,2,70.75,0.00,,3.54,14.15,88.44,Cash,,,,completed
1763,#042,2026-05-20,2026-05-20 18:02:57,2026-05-20 18:51:57,dine_in,9,2,4,40.50,0.00,,2.02,7.29,49.81,Debit,Interac Debit,9999,,completed
1764,#043,2026-05-20,2026-05-20 18:44:05,2026-05-20 19:58:05,dine_in,13,8,2,205.75,0.00,,10.29,41.15,257.19,Credit,Visa,9999,,completed
1765,#044,2026-05-20,2026-05-20 18:10:10,2026-05-20 18:54:10,dine_in,10,2,4,58.00,0.00,,2.90,8.70,69.60,Credit,Visa,9999,,completed
1766,#045,2026-05-20,2026-05-20 18:32:19,2026-05-20 19:32:19,dine_in,10,2,3,47.25,0.00,,2.36,7.09,56.70,Mobile,Google Pay,9999,,completed
1767,#046,2026-05-20,2026-05-20 18:40:17,2026-05-20 18:54:17,delivery,,1,3,26.50,0.00,,1.33,0.00,27.83,Debit,Interac Debit,9999,SkipTheDishes,completed
1768,#047,2026-05-20,2026-05-20 18:15:18,2026-05-20 18:54:18,dine_in,8,2,8,42.50,0.00,,2.12,8.50,53.12,Debit,Interac Debit,9999,,completed
1769,#048,2026-05-20,2026-05-20 18:48:04,2026-05-20 19:49:04,dine_in,5,2,2,42.75,0.00,,2.14,0.00,44.89,Mobile,Apple Pay,9999,,completed
1770,#049,2026-05-20,2026-05-20 18:12:18,2026-05-20 19:12:18,dine_in,4,4,2,106.25,0.00,,5.31,21.25,132.81,Credit,Visa,9999,,completed
1771,#050,2026-05-20,2026-05-20 18:12:44,2026-05-20 19:19:44,dine_in,10,2,4,42.00,0.00,,2.10,4.20,48.30,Debit,Interac Debit,9999,,completed
1772,#051,2026-05-20,2026-05-20 19:12:59,2026-05-20 20:24:59,dine_in,14,3,10,70.25,0.00,,3.51,0.00,73.76,Debit,Interac Debit,9999,,completed
1773,#052,2026-05-20,2026-05-20 19:41:34,2026-05-20 19:48:34,delivery,,2,7,62.50,0.00,,3.12,0.00,65.62,Credit,Visa,9999,DoorDash,completed
1774,#053,2026-05-20,2026-05-20 19:37:34,2026-05-20 19:49:34,delivery,,1,2,22.75,0.00,,1.14,0.00,23.89,Credit,Visa,9999,UberEats,completed
1775,#054,2026-05-20,2026-05-20 19:10:55,2026-05-20 19:18:55,delivery,,2,2,50.00,0.00,,2.50,0.00,52.50,Debit,Interac Debit,9999,UberEats,completed
1776,#055,2026-05-20,2026-05-20 19:57:39,2026-05-20 20:02:39,delivery,,2,7,46.75,0.00,,2.34,0.00,49.09,Debit,Interac Debit,9999,DoorDash,completed
1777,#056,2026-05-20,2026-05-20 19:10:07,2026-05-20 20:08:07,dine_in,9,5,6,131.50,0.00,,6.58,23.67,161.75,Cash,,,,completed
1778,#057,2026-05-20,2026-05-20 19:51:06,2026-05-20 20:28:06,dine_in,9,3,2,83.00,0.00,,4.15,14.94,102.09,Debit,Interac Debit,9999,,completed
1779,#058,2026-05-20,2026-05-20 19:04:55,2026-05-20 20:00:55,dine_in,15,1,2,29.50,0.00,,1.48,4.42,35.40,Cash,,,,completed
1780,#059,2026-05-20,2026-05-20 19:50:07,2026-05-20 20:29:07,dine_in,6,3,3,90.00,0.00,,4.50,13.50,108.00,Mobile,Apple Pay,9999,,completed
1781,#060,2026-05-20,2026-05-20 19:48:55,2026-05-20 20:23:55,dine_in,13,3,8,73.50,0.00,,3.68,13.23,90.41,Cash,,,,completed
1782,#061,2026-05-20,2026-05-20 19:16:00,2026-05-20 19:28:00,takeout,,1,7,31.50,0.00,,1.58,1.58,34.66,Cash,,,,completed
1783,#062,2026-05-20,2026-05-20 19:13:11,2026-05-20 20:24:11,dine_in,6,2,3,70.25,0.00,,3.51,12.64,86.40,Credit,Visa,9999,,completed
1784,#063,2026-05-20,2026-05-20 19:04:45,2026-05-20 19:12:45,delivery,,2,3,67.75,0.00,,3.39,0.00,71.14,Debit,Interac Debit,9999,SkipTheDishes,completed
1785,#064,2026-05-20,2026-05-20 19:12:12,2026-05-20 20:09:12,dine_in,7,1,3,20.75,0.00,,1.04,5.19,26.98,Debit,Interac Debit,9999,,completed
1786,#065,2026-05-20,2026-05-20 19:21:31,2026-05-20 19:43:31,takeout,,1,2,45.00,0.00,,2.25,0.00,47.25,Debit,Interac Debit,9999,,completed
1787,#066,2026-05-20,2026-05-20 19:02:08,2026-05-20 19:32:08,takeout,,3,6,80.50,0.00,,4.03,4.03,88.56,Credit,Visa,9999,,completed
1788,#067,2026-05-20,2026-05-20 19:54:42,2026-05-20 20:20:42,takeout,,4,8,112.75,0.00,,5.64,16.91,135.30,Credit,Visa,9999,,completed
1789,#068,2026-05-20,2026-05-20 19:36:11,2026-05-20 19:51:11,delivery,,1,6,29.50,0.00,,1.48,0.00,30.98,Cash,,,DoorDash,completed
1790,#069,2026-05-20,2026-05-20 19:03:31,2026-05-20 19:08:31,delivery,,1,3,20.00,0.00,,1.00,0.00,21.00,Mobile,Apple Pay,9999,UberEats,completed
1791,#070,2026-05-20,2026-05-20 19:56:49,2026-05-20 20:09:49,delivery,,2,7,40.00,0.00,,2.00,0.00,42.00,Mobile,Apple Pay,9999,DoorDash,completed
1792,#071,2026-05-20,2026-05-20 20:53:04,2026-05-20 21:49:04,dine_in,6,3,10,67.50,0.00,,3.38,12.15,83.03,Debit,Interac Debit,9999,,completed
1793,#072,2026-05-20,2026-05-20 20:18:04,2026-05-20 20:59:04,dine_in,9,2,2,46.50,6.97,Yelp check-in,1.98,7.91,49.42,Mobile,Apple Pay,9999,,completed
1794,#073,2026-05-20,2026-05-20 20:21:30,2026-05-20 21:24:30,dine_in,7,2,6,56.50,0.00,,2.83,8.47,67.80,Cash,,,,completed
1795,#074,2026-05-20,2026-05-20 20:42:22,2026-05-20 20:57:22,delivery,,1,8,19.00,0.00,,0.95,0.00,19.95,Credit,Visa,9999,UberEats,completed
1796,#001,2026-05-21,2026-05-21 11:19:53,2026-05-21 12:23:53,dine_in,12,2,1,50.00,0.00,,2.50,5.00,57.50,Credit,Visa,9999,,completed
1797,#002,2026-05-21,2026-05-21 12:02:54,2026-05-21 13:08:54,dine_in,9,3,4,90.00,0.00,,4.50,13.50,108.00,Cash,,,,completed
1798,#003,2026-05-21,2026-05-21 12:30:13,2026-05-21 13:12:13,dine_in,9,5,2,131.75,0.00,,6.59,26.35,164.69,Credit,Visa,9999,,completed
1799,#004,2026-05-21,2026-05-21 12:59:53,2026-05-21 14:09:53,dine_in,3,1,10,42.50,0.00,,2.12,7.65,52.27,Debit,Interac Debit,9999,,completed
1800,#005,2026-05-21,2026-05-21 12:15:24,2026-05-21 13:23:24,dine_in,14,1,3,39.50,0.00,,1.98,5.92,47.40,Debit,Interac Debit,9999,,completed
1801,#006,2026-05-21,2026-05-21 12:18:21,2026-05-21 13:04:21,dine_in,13,3,1,69.00,0.00,,3.45,13.80,86.25,Mobile,Google Pay,9999,,completed
1802,#007,2026-05-21,2026-05-21 12:38:40,2026-05-21 13:48:40,dine_in,12,2,5,55.75,0.00,,2.79,11.15,69.69,Debit,Interac Debit,9999,,completed
1803,#008,2026-05-21,2026-05-21 12:54:43,2026-05-21 13:09:43,takeout,,2,1,57.50,0.00,,2.88,0.00,60.38,Credit,Visa,9999,,completed
1804,#009,2026-05-21,2026-05-21 12:39:07,2026-05-21 13:39:07,dine_in,7,3,1,56.50,0.00,,2.83,5.65,64.98,Mobile,Apple Pay,9999,,completed
1805,#010,2026-05-21,2026-05-21 12:50:32,2026-05-21 13:04:32,delivery,,2,10,38.00,0.00,,1.90,0.00,39.90,Credit,Visa,9999,DoorDash,completed
1806,#011,2026-05-21,2026-05-21 12:57:53,2026-05-21 14:08:53,dine_in,9,5,10,126.75,0.00,,6.34,25.35,158.44,Credit,Visa,9999,,completed
1807,#012,2026-05-21,2026-05-21 12:52:11,2026-05-21 13:40:11,dine_in,10,5,9,137.50,0.00,,6.88,20.62,165.00,Credit,Visa,9999,,completed
1808,#013,2026-05-21,2026-05-21 12:11:34,2026-05-21 12:57:34,dine_in,13,7,10,163.25,0.00,,8.16,40.81,212.22,Debit,Interac Debit,9999,,completed
1809,#014,2026-05-21,2026-05-21 12:15:03,2026-05-21 12:53:03,dine_in,6,3,4,90.25,0.00,,4.51,18.05,112.81,Credit,Visa,9999,,completed
1810,#015,2026-05-21,2026-05-21 12:21:16,2026-05-21 13:21:16,dine_in,5,3,1,71.75,0.00,,3.59,14.35,89.69,Credit,Visa,9999,,completed
1811,#016,2026-05-21,2026-05-21 12:51:16,2026-05-21 13:30:16,dine_in,12,1,3,41.25,0.00,,2.06,8.25,51.56,Credit,Visa,9999,,completed
1812,#017,2026-05-21,2026-05-21 13:13:44,2026-05-21 13:52:44,dine_in,8,2,9,41.50,0.00,,2.08,6.22,49.80,Cash,,,,completed
1813,#018,2026-05-21,2026-05-21 13:12:48,2026-05-21 13:17:48,delivery,,2,3,54.25,0.00,,2.71,0.00,56.96,Credit,Visa,9999,DoorDash,completed
1814,#019,2026-05-21,2026-05-21 13:59:28,2026-05-21 14:14:28,delivery,,2,10,47.75,0.00,,2.39,0.00,0.00,Mobile,Apple Pay,9999,UberEats,voided
1815,#020,2026-05-21,2026-05-21 13:23:57,2026-05-21 14:03:57,dine_in,8,3,4,86.50,0.00,,4.33,15.57,106.40,Debit,Interac Debit,9999,,completed
1816,#021,2026-05-21,2026-05-21 13:07:08,2026-05-21 13:50:08,dine_in,12,2,4,79.75,0.00,,3.99,15.95,99.69,Credit,Visa,9999,,completed
1817,#022,2026-05-21,2026-05-21 13:57:48,2026-05-21 14:02:48,delivery,,1,3,18.00,0.00,,0.90,0.00,18.90,Debit,Interac Debit,9999,SkipTheDishes,completed
1818,#023,2026-05-21,2026-05-21 13:53:59,2026-05-21 13:59:59,delivery,,1,1,23.00,0.00,,1.15,0.00,0.00,Cash,,,SkipTheDishes,voided
1819,#024,2026-05-21,2026-05-21 13:45:47,2026-05-21 14:28:47,dine_in,14,2,2,59.00,0.00,,2.95,10.62,72.57,Credit,Visa,9999,,completed
1820,#025,2026-05-21,2026-05-21 13:18:25,2026-05-21 13:53:25,dine_in,10,3,3,64.50,0.00,,3.23,12.90,80.63,Cash,,,,completed
1821,#026,2026-05-21,2026-05-21 14:46:18,2026-05-21 15:54:18,dine_in,4,2,1,69.75,0.00,,3.49,13.95,87.19,Debit,Interac Debit,9999,,completed
1822,#027,2026-05-21,2026-05-21 14:57:39,2026-05-21 15:25:39,takeout,,1,4,20.00,0.00,,1.00,0.00,21.00,Credit,Visa,9999,,completed
1823,#028,2026-05-21,2026-05-21 14:01:08,2026-05-21 15:02:08,dine_in,8,2,1,49.25,0.00,,2.46,9.85,61.56,Credit,Visa,9999,,completed
1824,#029,2026-05-21,2026-05-21 14:51:35,2026-05-21 15:44:35,dine_in,14,2,9,59.00,0.00,,2.95,10.62,72.57,Debit,Interac Debit,9999,,completed
1825,#030,2026-05-21,2026-05-21 14:50:11,2026-05-21 15:08:11,takeout,,1,1,31.75,0.00,,1.59,0.00,33.34,Credit,Visa,9999,,completed
1826,#031,2026-05-21,2026-05-21 14:15:38,2026-05-21 14:51:38,dine_in,10,2,2,57.75,0.00,,2.89,14.44,75.08,Mobile,Apple Pay,9999,,completed
1827,#032,2026-05-21,2026-05-21 14:27:57,2026-05-21 15:29:57,dine_in,15,2,2,48.25,0.00,,2.41,9.65,60.31,Credit,Visa,9999,,completed
1828,#033,2026-05-21,2026-05-21 14:25:03,2026-05-21 15:36:03,dine_in,13,5,5,130.50,0.00,,6.53,19.57,156.60,Credit,Visa,9999,,completed
1829,#034,2026-05-21,2026-05-21 15:35:13,2026-05-21 15:45:13,delivery,,1,3,20.00,0.00,,1.00,0.00,21.00,Credit,Visa,9999,DoorDash,completed
1830,#035,2026-05-21,2026-05-21 15:41:28,2026-05-21 16:01:28,takeout,,3,2,75.25,0.00,,3.76,3.76,82.77,Credit,Visa,9999,,completed
1831,#036,2026-05-21,2026-05-21 16:23:15,2026-05-21 17:10:15,dine_in,15,2,3,46.00,0.00,,2.30,8.28,56.58,Mobile,Google Pay,9999,,completed
1832,#037,2026-05-21,2026-05-21 16:09:28,2026-05-21 17:00:28,dine_in,15,2,4,55.50,0.00,,2.78,9.99,68.27,Credit,Visa,9999,,completed
1833,#038,2026-05-21,2026-05-21 16:50:41,2026-05-21 17:53:41,dine_in,13,8,7,226.25,0.00,,11.31,22.62,260.18,Cash,,,,completed
1834,#039,2026-05-21,2026-05-21 16:00:33,2026-05-21 16:22:33,takeout,,1,2,22.75,0.00,,1.14,0.00,23.89,Debit,Interac Debit,9999,,completed
1835,#040,2026-05-21,2026-05-21 16:17:55,2026-05-21 17:31:55,dine_in,13,5,6,128.00,0.00,,6.40,23.04,157.44,Credit,Visa,9999,,completed
1836,#041,2026-05-21,2026-05-21 16:03:30,2026-05-21 16:48:30,dine_in,5,3,3,63.00,0.00,,3.15,15.75,81.90,Credit,Visa,9999,,completed
1837,#042,2026-05-21,2026-05-21 16:38:23,2026-05-21 17:04:23,takeout,,1,10,51.50,0.00,,2.58,0.00,54.08,Credit,Visa,9999,,completed
1838,#043,2026-05-21,2026-05-21 17:25:52,2026-05-21 18:15:52,dine_in,9,2,10,56.00,0.00,,2.80,5.60,64.40,Credit,Visa,9999,,completed
1839,#044,2026-05-21,2026-05-21 17:55:02,2026-05-21 18:54:02,dine_in,14,4,7,123.00,0.00,,6.15,24.60,153.75,Cash,,,,completed
1840,#045,2026-05-21,2026-05-21 17:33:37,2026-05-21 18:36:37,dine_in,11,2,10,76.25,0.00,,3.81,11.44,91.50,Credit,Visa,9999,,completed
1841,#046,2026-05-21,2026-05-21 17:20:30,2026-05-21 18:00:30,dine_in,6,3,10,77.50,0.00,,3.88,13.95,95.33,Debit,Interac Debit,9999,,refunded
1842,#047,2026-05-21,2026-05-21 17:27:49,2026-05-21 17:46:49,takeout,,3,6,74.50,0.00,,3.73,11.17,89.40,Cash,,,,completed
1843,#048,2026-05-21,2026-05-21 17:10:00,2026-05-21 18:15:00,dine_in,13,3,4,78.50,0.00,,3.93,14.13,96.56,Cash,,,,completed
1844,#049,2026-05-21,2026-05-21 17:35:14,2026-05-21 18:01:14,takeout,,1,10,34.50,0.00,,1.73,5.17,41.40,Mobile,Apple Pay,9999,,completed
1845,#050,2026-05-21,2026-05-21 18:25:38,2026-05-21 18:30:38,delivery,,3,3,61.50,0.00,,3.08,0.00,0.00,Debit,Interac Debit,9999,SkipTheDishes,voided
1846,#051,2026-05-21,2026-05-21 18:12:38,2026-05-21 18:17:38,delivery,,1,3,26.50,0.00,,1.33,0.00,0.00,Credit,Visa,9999,DoorDash,voided
1847,#052,2026-05-21,2026-05-21 18:06:30,2026-05-21 19:13:30,dine_in,12,2,8,59.50,0.00,,2.98,0.00,62.48,Debit,Interac Debit,9999,,completed
1848,#053,2026-05-21,2026-05-21 18:28:52,2026-05-21 19:14:52,dine_in,13,2,4,57.50,0.00,,2.88,10.35,70.73,Cash,,,,completed
1849,#054,2026-05-21,2026-05-21 18:13:05,2026-05-21 18:23:05,delivery,,4,8,116.75,0.00,,5.84,0.00,122.59,Credit,Visa,9999,UberEats,completed
1850,#055,2026-05-21,2026-05-21 18:48:29,2026-05-21 19:29:29,dine_in,7,3,10,78.25,0.00,,3.91,7.83,89.99,Credit,Visa,9999,,completed
1851,#056,2026-05-21,2026-05-21 18:16:22,2026-05-21 19:01:22,dine_in,13,3,2,97.75,0.00,,4.89,0.00,102.64,Cash,,,,completed
1852,#057,2026-05-21,2026-05-21 18:04:29,2026-05-21 18:22:29,takeout,,1,7,36.00,0.00,,1.80,0.00,37.80,Credit,Visa,9999,,completed
1853,#058,2026-05-21,2026-05-21 18:03:11,2026-05-21 18:12:11,delivery,,3,10,78.75,0.00,,3.94,0.00,82.69,Credit,Visa,9999,UberEats,completed
1854,#059,2026-05-21,2026-05-21 18:18:17,2026-05-21 18:32:17,takeout,,2,4,51.00,0.00,,2.55,5.10,58.65,Mobile,Apple Pay,9999,,completed
1855,#060,2026-05-21,2026-05-21 18:11:36,2026-05-21 19:24:36,dine_in,4,3,6,91.00,0.00,,4.55,18.20,113.75,Credit,Visa,9999,,completed
1856,#061,2026-05-21,2026-05-21 18:08:02,2026-05-21 19:00:02,dine_in,8,2,4,46.25,0.00,,2.31,8.32,56.88,Credit,Visa,9999,,completed
1857,#062,2026-05-21,2026-05-21 18:37:44,2026-05-21 19:37:44,dine_in,5,2,4,72.25,0.00,,3.61,18.06,93.92,Debit,Interac Debit,9999,,completed
1858,#063,2026-05-21,2026-05-21 19:44:14,2026-05-21 20:09:14,takeout,,1,3,20.00,0.00,,1.00,0.00,21.00,Cash,,,,completed
1859,#064,2026-05-21,2026-05-21 19:54:34,2026-05-21 20:02:34,delivery,,2,3,41.75,0.00,,2.09,0.00,43.84,Debit,Interac Debit,9999,UberEats,completed
1860,#065,2026-05-21,2026-05-21 19:52:46,2026-05-21 20:18:46,takeout,,2,10,66.00,0.00,,3.30,6.60,75.90,Credit,Visa,9999,,completed
1861,#066,2026-05-21,2026-05-21 19:52:32,2026-05-21 20:19:32,takeout,,2,4,48.50,0.00,,2.43,0.00,50.93,Credit,Visa,9999,,completed
1862,#067,2026-05-21,2026-05-21 19:45:14,2026-05-21 19:55:14,delivery,,2,2,40.50,0.00,,2.02,0.00,42.52,Credit,Visa,9999,DoorDash,completed
1863,#068,2026-05-21,2026-05-21 19:55:43,2026-05-21 20:39:43,dine_in,5,4,8,106.50,0.00,,5.33,21.30,133.13,Debit,Interac Debit,9999,,completed
1864,#069,2026-05-21,2026-05-21 19:21:49,2026-05-21 20:10:49,dine_in,6,2,7,52.00,0.00,,2.60,10.40,65.00,Cash,,,,completed
1865,#070,2026-05-21,2026-05-21 19:48:38,2026-05-21 21:01:38,dine_in,15,2,4,50.50,0.00,,2.53,7.57,60.60,Cash,,,,completed
1866,#071,2026-05-21,2026-05-21 19:28:30,2026-05-21 20:16:30,dine_in,4,2,2,58.50,0.00,,2.93,10.53,71.96,Credit,Visa,9999,,completed
1867,#072,2026-05-21,2026-05-21 19:15:39,2026-05-21 20:29:39,dine_in,7,3,8,82.50,41.25,Staff meal 50%,2.06,6.19,49.50,Credit,Visa,9999,,completed
1868,#073,2026-05-21,2026-05-21 19:02:15,2026-05-21 19:11:15,delivery,,1,10,23.50,0.00,,1.18,0.00,24.68,Credit,Visa,9999,DoorDash,completed
1869,#074,2026-05-21,2026-05-21 19:46:00,2026-05-21 20:11:00,takeout,,3,7,87.50,0.00,,4.38,13.12,105.00,Credit,Visa,9999,,completed
1870,#075,2026-05-21,2026-05-21 19:25:51,2026-05-21 19:38:51,takeout,,2,2,70.00,0.00,,3.50,0.00,73.50,Credit,Visa,9999,,completed
1871,#076,2026-05-21,2026-05-21 19:01:57,2026-05-21 19:59:57,dine_in,14,1,8,27.75,2.78,Birthday 10%,1.25,4.99,31.21,Credit,Visa,9999,,completed
1872,#077,2026-05-21,2026-05-21 20:31:18,2026-05-21 20:37:18,delivery,,1,4,23.75,0.00,,1.19,0.00,24.94,Debit,Interac Debit,9999,UberEats,completed
1873,#078,2026-05-21,2026-05-21 20:11:45,2026-05-21 21:24:45,dine_in,11,1,6,24.50,0.00,,1.23,6.12,31.85,Credit,Visa,9999,,completed
1874,#079,2026-05-21,2026-05-21 20:54:27,2026-05-21 21:07:27,takeout,,2,8,55.50,0.00,,2.78,0.00,0.00,Debit,Interac Debit,9999,,voided
1875,#080,2026-05-21,2026-05-21 20:06:44,2026-05-21 20:24:44,takeout,,2,7,45.50,0.00,,2.27,0.00,47.77,Credit,Visa,9999,,completed
1876,#081,2026-05-21,2026-05-21 20:48:02,2026-05-21 21:55:02,dine_in,13,4,8,136.00,0.00,,6.80,27.20,170.00,Mobile,Google Pay,9999,,completed
1877,#082,2026-05-21,2026-05-21 20:39:27,2026-05-21 21:47:27,dine_in,14,2,6,57.25,0.00,,2.86,8.59,68.70,Credit,Visa,9999,,completed
1878,#083,2026-05-21,2026-05-21 20:10:17,2026-05-21 20:19:17,delivery,,1,3,19.00,0.00,,0.95,0.00,19.95,Debit,Interac Debit,9999,SkipTheDishes,completed
1879,#001,2026-05-22,2026-05-22 11:28:01,2026-05-22 12:36:01,dine_in,11,2,4,49.00,0.00,,2.45,12.25,63.70,Debit,Interac Debit,9999,,completed
1880,#002,2026-05-22,2026-05-22 11:50:20,2026-05-22 12:08:20,takeout,,3,5,80.75,0.00,,4.04,0.00,84.79,Cash,,,,completed
1881,#003,2026-05-22,2026-05-22 11:26:27,2026-05-22 12:09:27,dine_in,7,4,2,118.50,0.00,,5.93,17.77,142.20,Credit,Visa,9999,,completed
1882,#004,2026-05-22,2026-05-22 11:35:38,2026-05-22 12:45:38,dine_in,8,3,8,93.00,10.00,Yelp check-in,4.15,16.60,103.75,Debit,Interac Debit,9999,,completed
1883,#005,2026-05-22,2026-05-22 11:33:16,2026-05-22 12:20:16,dine_in,7,2,8,58.00,0.00,,2.90,11.60,72.50,Cash,,,,completed
1884,#006,2026-05-22,2026-05-22 11:21:22,2026-05-22 12:14:22,dine_in,5,4,8,84.25,0.00,,4.21,21.06,109.52,Debit,Interac Debit,9999,,completed
1885,#007,2026-05-22,2026-05-22 11:11:02,2026-05-22 11:23:02,delivery,,1,6,38.50,0.00,,1.93,0.00,40.43,Credit,Visa,9999,UberEats,completed
1886,#008,2026-05-22,2026-05-22 11:58:13,2026-05-22 12:14:13,takeout,,2,1,42.50,0.00,,2.12,2.12,46.74,Credit,Visa,9999,,completed
1887,#009,2026-05-22,2026-05-22 11:40:32,2026-05-22 12:37:32,dine_in,6,4,8,91.75,0.00,,4.59,13.76,110.10,Credit,Visa,9999,,completed
1888,#010,2026-05-22,2026-05-22 11:56:58,2026-05-22 13:01:58,dine_in,8,2,7,51.75,0.00,,2.59,5.18,59.52,Debit,Interac Debit,9999,,completed
1889,#011,2026-05-22,2026-05-22 12:40:48,2026-05-22 12:54:48,delivery,,1,3,26.50,0.00,,1.33,0.00,27.83,Credit,Visa,9999,DoorDash,completed
1890,#012,2026-05-22,2026-05-22 12:16:51,2026-05-22 13:27:51,dine_in,7,4,2,97.75,0.00,,4.89,14.66,117.30,Credit,Visa,9999,,completed
1891,#013,2026-05-22,2026-05-22 12:36:26,2026-05-22 13:29:26,dine_in,13,2,2,68.25,0.00,,3.41,10.24,81.90,Debit,Interac Debit,9999,,completed
1892,#014,2026-05-22,2026-05-22 12:25:57,2026-05-22 13:12:57,dine_in,1,2,5,54.00,0.00,,2.70,8.10,64.80,Credit,Visa,9999,,completed
1893,#015,2026-05-22,2026-05-22 12:04:19,2026-05-22 12:56:19,dine_in,10,2,4,52.00,0.00,,2.60,9.36,63.96,Debit,Interac Debit,9999,,completed
1894,#016,2026-05-22,2026-05-22 12:09:30,2026-05-22 12:53:30,dine_in,8,2,3,46.00,0.00,,2.30,8.28,56.58,Cash,,,,completed
1895,#017,2026-05-22,2026-05-22 12:15:37,2026-05-22 12:42:37,takeout,,1,4,23.75,0.00,,1.19,2.38,27.32,Credit,Visa,9999,,completed
1896,#018,2026-05-22,2026-05-22 12:15:37,2026-05-22 13:23:37,dine_in,13,3,2,57.50,0.00,,2.88,8.62,69.00,Debit,Interac Debit,9999,,completed
1897,#019,2026-05-22,2026-05-22 12:50:59,2026-05-22 13:59:59,dine_in,4,4,1,85.75,0.00,,4.29,12.86,102.90,Cash,,,,completed
1898,#020,2026-05-22,2026-05-22 12:03:20,2026-05-22 12:44:20,dine_in,13,6,5,155.25,0.00,,7.76,15.53,178.54,Debit,Interac Debit,9999,,completed
1899,#021,2026-05-22,2026-05-22 12:36:47,2026-05-22 13:24:47,dine_in,5,1,3,21.50,0.00,,1.07,3.87,26.44,Cash,,,,completed
1900,#022,2026-05-22,2026-05-22 12:17:20,2026-05-22 12:43:20,takeout,,4,4,99.50,0.00,,4.98,0.00,104.48,Credit,Visa,9999,,completed
1901,#023,2026-05-22,2026-05-22 12:24:13,2026-05-22 13:20:13,dine_in,4,2,1,52.00,0.00,,2.60,0.00,54.60,Mobile,Apple Pay,9999,,completed
1902,#024,2026-05-22,2026-05-22 12:38:52,2026-05-22 12:51:52,takeout,,1,6,38.50,0.00,,1.93,0.00,40.43,Debit,Interac Debit,9999,,completed
1903,#025,2026-05-22,2026-05-22 12:50:07,2026-05-22 12:56:07,delivery,,2,4,84.50,0.00,,4.23,0.00,88.73,Debit,Interac Debit,9999,UberEats,completed
1904,#026,2026-05-22,2026-05-22 12:34:25,2026-05-22 13:22:25,dine_in,4,2,6,57.50,0.00,,2.88,8.62,69.00,Mobile,Google Pay,9999,,completed
1905,#027,2026-05-22,2026-05-22 12:20:22,2026-05-22 13:05:22,dine_in,13,1,5,23.50,0.00,,1.18,3.52,28.20,Debit,Interac Debit,9999,,completed
1906,#028,2026-05-22,2026-05-22 12:24:26,2026-05-22 13:19:26,dine_in,8,4,2,119.50,0.00,,5.98,23.90,149.38,Cash,,,,completed
1907,#029,2026-05-22,2026-05-22 12:09:41,2026-05-22 12:45:41,dine_in,7,3,2,78.50,0.00,,3.93,14.13,96.56,Credit,Visa,9999,,completed
1908,#030,2026-05-22,2026-05-22 12:15:36,2026-05-22 12:30:36,delivery,,2,4,57.00,0.00,,2.85,0.00,59.85,Debit,Interac Debit,9999,UberEats,completed
1909,#031,2026-05-22,2026-05-22 12:22:27,2026-05-22 12:59:27,dine_in,8,3,5,101.50,0.00,,5.08,18.27,124.85,Debit,Interac Debit,9999,,completed
1910,#032,2026-05-22,2026-05-22 13:10:10,2026-05-22 14:01:10,dine_in,7,3,3,110.00,0.00,,5.50,19.80,135.30,Debit,Interac Debit,9999,,completed
1911,#033,2026-05-22,2026-05-22 13:43:51,2026-05-22 14:48:51,dine_in,6,3,6,80.50,0.00,,4.03,14.49,99.02,Credit,Visa,9999,,completed
1912,#034,2026-05-22,2026-05-22 13:45:08,2026-05-22 14:04:08,takeout,,2,6,56.00,0.00,,2.80,0.00,58.80,Credit,Visa,9999,,completed
1913,#035,2026-05-22,2026-05-22 13:29:50,2026-05-22 14:05:50,dine_in,8,2,4,61.00,0.00,,3.05,0.00,64.05,Mobile,Google Pay,9999,,completed
1914,#036,2026-05-22,2026-05-22 13:26:47,2026-05-22 14:39:47,dine_in,7,2,3,43.25,0.00,,2.16,8.65,54.06,Cash,,,,completed
1915,#037,2026-05-22,2026-05-22 13:14:19,2026-05-22 13:51:19,dine_in,7,4,6,93.00,0.00,,4.65,16.74,114.39,Debit,Interac Debit,9999,,completed
1916,#038,2026-05-22,2026-05-22 13:20:06,2026-05-22 14:28:06,dine_in,9,1,8,20.00,0.00,,1.00,2.00,23.00,Mobile,Google Pay,9999,,completed
1917,#039,2026-05-22,2026-05-22 13:19:29,2026-05-22 14:32:29,dine_in,4,3,8,96.00,0.00,,4.80,19.20,120.00,Mobile,Apple Pay,9999,,completed
1918,#040,2026-05-22,2026-05-22 13:19:58,2026-05-22 14:00:58,dine_in,10,4,8,90.50,0.00,,4.53,18.10,113.13,Credit,Visa,9999,,completed
1919,#041,2026-05-22,2026-05-22 14:37:39,2026-05-22 14:42:39,delivery,,2,2,52.50,0.00,,2.62,0.00,55.12,Credit,Visa,9999,UberEats,completed
1920,#042,2026-05-22,2026-05-22 14:56:55,2026-05-22 15:20:55,takeout,,2,3,47.50,0.00,,2.38,7.12,57.00,Credit,Visa,9999,,completed
1921,#043,2026-05-22,2026-05-22 14:15:55,2026-05-22 14:39:55,takeout,,4,7,108.25,0.00,,5.41,10.83,124.49,Credit,Visa,9999,,completed
1922,#044,2026-05-22,2026-05-22 14:16:29,2026-05-22 14:52:29,dine_in,6,2,7,59.50,0.00,,2.98,11.90,74.38,Credit,Visa,9999,,completed
1923,#045,2026-05-22,2026-05-22 14:54:43,2026-05-22 15:00:43,delivery,,4,1,113.25,0.00,,5.66,0.00,118.91,Credit,Visa,9999,SkipTheDishes,completed
1924,#046,2026-05-22,2026-05-22 14:09:19,2026-05-22 15:07:19,dine_in,3,2,6,46.50,0.00,,2.33,9.30,58.13,Credit,Visa,9999,,completed
1925,#047,2026-05-22,2026-05-22 16:36:25,2026-05-22 16:48:25,delivery,,1,1,35.00,0.00,,1.75,0.00,36.75,Credit,Visa,9999,DoorDash,completed
1926,#048,2026-05-22,2026-05-22 16:21:53,2026-05-22 17:19:53,dine_in,15,2,7,49.00,0.00,,2.45,9.80,61.25,Debit,Interac Debit,9999,,completed
1927,#049,2026-05-22,2026-05-22 16:23:42,2026-05-22 17:32:42,dine_in,10,2,3,71.75,0.00,,3.59,17.94,93.28,Credit,Visa,9999,,completed
1928,#050,2026-05-22,2026-05-22 16:06:11,2026-05-22 17:09:11,dine_in,5,1,3,20.00,0.00,,1.00,2.00,23.00,Credit,Visa,9999,,completed
1929,#051,2026-05-22,2026-05-22 16:20:30,2026-05-22 17:29:30,dine_in,2,2,2,70.25,0.00,,3.51,10.54,84.30,Cash,,,,completed
1930,#052,2026-05-22,2026-05-22 16:22:00,2026-05-22 17:10:00,dine_in,7,2,5,72.00,0.00,,3.60,14.40,90.00,Debit,Interac Debit,9999,,completed
1931,#053,2026-05-22,2026-05-22 16:01:27,2026-05-22 16:26:27,takeout,,2,1,68.75,0.00,,3.44,0.00,72.19,Credit,Visa,9999,,completed
1932,#054,2026-05-22,2026-05-22 17:08:22,2026-05-22 17:44:22,dine_in,9,2,5,67.75,0.00,,3.39,13.55,84.69,Cash,,,,completed
1933,#055,2026-05-22,2026-05-22 17:25:00,2026-05-22 17:44:00,takeout,,1,5,30.50,0.00,,1.53,0.00,32.03,Credit,Visa,9999,,completed
1934,#056,2026-05-22,2026-05-22 17:15:46,2026-05-22 17:30:46,delivery,,1,7,26.50,0.00,,1.33,0.00,27.83,Debit,Interac Debit,9999,UberEats,completed
1935,#057,2026-05-22,2026-05-22 17:53:18,2026-05-22 18:21:18,takeout,,2,7,71.00,0.00,,3.55,0.00,74.55,Debit,Interac Debit,9999,,completed
1936,#058,2026-05-22,2026-05-22 17:19:06,2026-05-22 17:39:06,takeout,,2,2,62.00,0.00,,3.10,9.30,74.40,Mobile,Google Pay,9999,,completed
1937,#059,2026-05-22,2026-05-22 17:47:41,2026-05-22 18:37:41,dine_in,9,4,2,123.75,18.56,Google review promo,5.26,15.78,126.23,Credit,Visa,9999,,completed
1938,#060,2026-05-22,2026-05-22 17:33:37,2026-05-22 18:26:37,dine_in,14,3,1,124.00,0.00,,6.20,24.80,155.00,Debit,Interac Debit,9999,,completed
1939,#061,2026-05-22,2026-05-22 17:37:53,2026-05-22 18:04:53,takeout,,4,8,118.00,0.00,,5.90,0.00,123.90,Cash,,,,completed
1940,#062,2026-05-22,2026-05-22 17:53:12,2026-05-22 18:14:12,takeout,,2,4,61.00,0.00,,3.05,6.10,70.15,Debit,Interac Debit,9999,,completed
1941,#063,2026-05-22,2026-05-22 17:11:05,2026-05-22 17:46:05,dine_in,10,1,8,39.75,0.00,,1.99,7.15,48.89,Cash,,,,completed
1942,#064,2026-05-22,2026-05-22 17:50:11,2026-05-22 17:56:11,delivery,,3,4,100.50,0.00,,5.03,0.00,105.53,Credit,Visa,9999,DoorDash,completed
1943,#065,2026-05-22,2026-05-22 17:34:43,2026-05-22 17:49:43,delivery,,2,1,48.75,0.00,,2.44,0.00,51.19,Cash,,,DoorDash,completed
1944,#066,2026-05-22,2026-05-22 17:34:40,2026-05-22 18:09:40,dine_in,9,2,3,51.25,0.00,,2.56,9.22,63.03,Credit,Visa,9999,,completed
1945,#067,2026-05-22,2026-05-22 17:46:40,2026-05-22 18:41:40,dine_in,10,5,5,129.50,0.00,,6.48,25.90,161.88,Credit,Visa,9999,,completed
1946,#068,2026-05-22,2026-05-22 17:43:50,2026-05-22 18:19:50,dine_in,12,2,5,45.00,0.00,,2.25,6.75,54.00,Credit,Visa,9999,,completed
1947,#069,2026-05-22,2026-05-22 17:46:52,2026-05-22 18:21:52,dine_in,12,2,3,47.00,0.00,,2.35,8.46,57.81,Debit,Interac Debit,9999,,completed
1948,#070,2026-05-22,2026-05-22 17:43:36,2026-05-22 18:19:36,dine_in,3,2,3,88.75,0.00,,4.44,13.31,106.50,Credit,Visa,9999,,completed
1949,#071,2026-05-22,2026-05-22 17:52:27,2026-05-22 18:52:27,dine_in,5,2,3,53.50,0.00,,2.68,9.63,65.81,Cash,,,,completed
1950,#072,2026-05-22,2026-05-22 17:56:23,2026-05-22 18:58:23,dine_in,2,2,5,45.50,0.00,,2.27,6.83,54.60,Mobile,Apple Pay,9999,,completed
1951,#073,2026-05-22,2026-05-22 18:57:19,2026-05-22 19:45:19,dine_in,10,3,6,85.25,0.00,,4.26,12.79,102.30,Credit,Visa,9999,,completed
1952,#074,2026-05-22,2026-05-22 18:05:06,2026-05-22 18:19:06,delivery,,4,1,115.25,0.00,,5.76,0.00,121.01,Debit,Interac Debit,9999,UberEats,completed
1953,#075,2026-05-22,2026-05-22 18:18:34,2026-05-22 18:36:34,takeout,,1,3,23.50,0.00,,1.18,1.18,25.86,Debit,Interac Debit,9999,,completed
1954,#076,2026-05-22,2026-05-22 18:43:22,2026-05-22 19:35:22,dine_in,10,4,4,91.75,0.00,,4.59,13.76,110.10,Debit,Interac Debit,9999,,completed
1955,#077,2026-05-22,2026-05-22 18:38:09,2026-05-22 19:29:09,dine_in,7,4,2,112.25,0.00,,5.61,20.20,138.06,Debit,Interac Debit,9999,,completed
1956,#078,2026-05-22,2026-05-22 18:59:17,2026-05-22 19:56:17,dine_in,8,2,8,64.75,0.00,,3.24,11.65,79.64,Credit,Visa,9999,,completed
1957,#079,2026-05-22,2026-05-22 18:09:28,2026-05-22 19:22:28,dine_in,7,2,7,45.50,10.00,Loyalty,1.78,6.39,43.67,Credit,Visa,9999,,completed
1958,#080,2026-05-22,2026-05-22 18:36:38,2026-05-22 19:19:38,dine_in,2,1,2,23.00,0.00,,1.15,4.14,28.29,Credit,Visa,9999,,completed
1959,#081,2026-05-22,2026-05-22 18:54:37,2026-05-22 19:04:37,delivery,,1,7,20.00,0.00,,1.00,0.00,21.00,Cash,,,SkipTheDishes,completed
1960,#082,2026-05-22,2026-05-22 18:42:36,2026-05-22 19:02:36,takeout,,2,4,47.50,0.00,,2.38,0.00,49.88,Cash,,,,completed
1961,#083,2026-05-22,2026-05-22 18:01:55,2026-05-22 18:29:55,takeout,,1,7,27.25,0.00,,1.36,1.36,29.97,Debit,Interac Debit,9999,,completed
1962,#084,2026-05-22,2026-05-22 18:33:05,2026-05-22 19:14:05,dine_in,14,1,8,33.00,0.00,,1.65,4.95,39.60,Debit,Interac Debit,9999,,completed
1963,#085,2026-05-22,2026-05-22 18:10:57,2026-05-22 19:00:57,dine_in,5,2,7,58.50,0.00,,2.93,8.78,70.21,Credit,Visa,9999,,completed
1964,#086,2026-05-22,2026-05-22 18:23:56,2026-05-22 18:59:56,dine_in,9,4,7,95.00,0.00,,4.75,19.00,118.75,Debit,Interac Debit,9999,,completed
1965,#087,2026-05-22,2026-05-22 18:35:41,2026-05-22 18:44:41,delivery,,1,4,19.00,0.00,,0.95,0.00,19.95,Credit,Visa,9999,DoorDash,completed
1966,#088,2026-05-22,2026-05-22 18:20:36,2026-05-22 19:05:36,dine_in,11,1,5,20.00,0.00,,1.00,4.00,25.00,Debit,Interac Debit,9999,,completed
1967,#089,2026-05-22,2026-05-22 18:22:04,2026-05-22 18:35:04,delivery,,3,1,64.50,0.00,,3.23,0.00,67.73,Credit,Visa,9999,UberEats,completed
1968,#090,2026-05-22,2026-05-22 19:23:09,2026-05-22 20:18:09,dine_in,15,2,3,37.00,0.00,,1.85,6.66,45.51,Debit,Interac Debit,9999,,completed
1969,#091,2026-05-22,2026-05-22 19:14:41,2026-05-22 19:57:41,dine_in,8,2,3,55.75,0.00,,2.79,11.15,69.69,Debit,Interac Debit,9999,,completed
1970,#092,2026-05-22,2026-05-22 19:18:42,2026-05-22 19:53:42,dine_in,5,3,4,102.75,0.00,,5.14,20.55,128.44,Cash,,,,completed
1971,#093,2026-05-22,2026-05-22 19:14:04,2026-05-22 19:44:04,takeout,,3,4,100.75,0.00,,5.04,0.00,105.79,Credit,Visa,9999,,completed
1972,#094,2026-05-22,2026-05-22 19:01:46,2026-05-22 19:14:46,delivery,,3,7,74.00,0.00,,3.70,0.00,77.70,Cash,,,DoorDash,completed
1973,#095,2026-05-22,2026-05-22 19:00:29,2026-05-22 20:13:29,dine_in,9,3,2,69.00,0.00,,3.45,12.42,84.87,Credit,Visa,9999,,completed
1974,#096,2026-05-22,2026-05-22 19:11:04,2026-05-22 20:18:04,dine_in,9,3,6,76.50,0.00,,3.83,19.12,99.45,Debit,Interac Debit,9999,,completed
1975,#097,2026-05-22,2026-05-22 19:44:18,2026-05-22 19:58:18,delivery,,2,6,48.75,0.00,,2.44,0.00,51.19,Credit,Visa,9999,UberEats,completed
1976,#098,2026-05-22,2026-05-22 19:33:29,2026-05-22 20:34:29,dine_in,3,2,7,94.75,0.00,,4.74,23.69,123.18,Credit,Visa,9999,,completed
1977,#099,2026-05-22,2026-05-22 19:25:09,2026-05-22 20:11:09,dine_in,9,5,6,126.50,0.00,,6.33,18.97,151.80,Cash,,,,completed
1978,#100,2026-05-22,2026-05-22 19:53:54,2026-05-22 20:54:54,dine_in,10,5,7,131.00,0.00,,6.55,23.58,161.13,Debit,Interac Debit,9999,,completed
1979,#101,2026-05-22,2026-05-22 19:16:35,2026-05-22 20:05:35,dine_in,4,3,1,114.25,0.00,,5.71,20.56,140.52,Cash,,,,completed
1980,#102,2026-05-22,2026-05-22 19:14:09,2026-05-22 20:06:09,dine_in,10,5,1,174.25,0.00,,8.71,34.85,217.81,Mobile,Google Pay,9999,,completed
1981,#103,2026-05-22,2026-05-22 19:23:46,2026-05-22 19:44:46,takeout,,4,5,140.00,0.00,,7.00,0.00,147.00,Debit,Interac Debit,9999,,completed
1982,#104,2026-05-22,2026-05-22 19:33:01,2026-05-22 20:24:01,dine_in,10,2,2,46.50,0.00,,2.33,6.97,55.80,Credit,Visa,9999,,completed
1983,#105,2026-05-22,2026-05-22 19:24:11,2026-05-22 20:14:11,dine_in,7,3,5,85.00,0.00,,4.25,17.00,106.25,Credit,Visa,9999,,completed
1984,#106,2026-05-22,2026-05-22 20:53:00,2026-05-22 21:50:00,dine_in,2,2,1,63.50,0.00,,3.18,12.70,79.38,Cash,,,,completed
1985,#107,2026-05-22,2026-05-22 20:04:13,2026-05-22 20:53:13,dine_in,6,3,1,83.50,0.00,,4.17,15.03,102.70,Debit,Interac Debit,9999,,completed
1986,#108,2026-05-22,2026-05-22 20:30:06,2026-05-22 21:45:06,dine_in,13,2,6,69.25,0.00,,3.46,13.85,86.56,Cash,,,,completed
1987,#109,2026-05-22,2026-05-22 20:38:26,2026-05-22 20:47:26,delivery,,1,5,22.00,0.00,,1.10,0.00,23.10,Debit,Interac Debit,9999,DoorDash,completed
1988,#110,2026-05-22,2026-05-22 20:59:19,2026-05-22 21:28:19,takeout,,2,2,49.25,0.00,,2.46,2.46,54.17,Credit,Visa,9999,,completed
1989,#111,2026-05-22,2026-05-22 20:03:24,2026-05-22 20:46:24,dine_in,6,2,2,46.00,0.00,,2.30,9.20,57.50,Credit,Visa,9999,,completed
1990,#112,2026-05-22,2026-05-22 20:12:39,2026-05-22 20:56:39,dine_in,4,2,8,60.50,0.00,,3.03,10.89,74.42,Debit,Interac Debit,9999,,completed
1991,#113,2026-05-22,2026-05-22 20:38:25,2026-05-22 21:34:25,dine_in,1,2,6,45.50,0.00,,2.27,9.10,56.87,Credit,Visa,9999,,completed
1992,#001,2026-05-23,2026-05-23 11:33:03,2026-05-23 12:42:03,dine_in,10,2,8,50.00,0.00,,2.50,7.50,60.00,Mobile,Google Pay,9999,,completed
1993,#002,2026-05-23,2026-05-23 11:57:21,2026-05-23 13:03:21,dine_in,2,2,6,45.50,0.00,,2.27,6.83,54.60,Credit,Visa,9999,,completed
1994,#003,2026-05-23,2026-05-23 11:06:10,2026-05-23 12:05:10,dine_in,13,3,1,61.50,0.00,,3.08,6.15,70.73,Debit,Interac Debit,9999,,completed
1995,#004,2026-05-23,2026-05-23 11:46:22,2026-05-23 12:14:22,takeout,,2,1,83.00,0.00,,4.15,0.00,87.15,Credit,Visa,9999,,completed
1996,#005,2026-05-23,2026-05-23 11:49:30,2026-05-23 12:52:30,dine_in,13,3,5,59.50,0.00,,2.98,8.92,71.40,Credit,Visa,9999,,completed
1997,#006,2026-05-23,2026-05-23 11:24:05,2026-05-23 11:40:05,takeout,,2,7,52.25,0.00,,2.61,5.23,60.09,Credit,Visa,9999,,completed
1998,#007,2026-05-23,2026-05-23 11:09:21,2026-05-23 12:20:21,dine_in,11,2,2,48.50,0.00,,2.43,7.27,58.20,Credit,Visa,9999,,completed
1999,#008,2026-05-23,2026-05-23 11:49:50,2026-05-23 12:44:50,dine_in,10,5,8,135.75,0.00,,6.79,27.15,169.69,Credit,Visa,9999,,completed
2000,#009,2026-05-23,2026-05-23 11:53:13,2026-05-23 12:09:13,takeout,,1,1,20.00,0.00,,1.00,0.00,21.00,Credit,Visa,9999,,completed
2001,#010,2026-05-23,2026-05-23 11:34:10,2026-05-23 11:57:10,takeout,,2,7,50.00,0.00,,2.50,0.00,52.50,Debit,Interac Debit,9999,,completed
2002,#011,2026-05-23,2026-05-23 11:01:12,2026-05-23 12:08:12,dine_in,9,5,6,112.50,0.00,,5.62,20.25,138.37,Cash,,,,completed
2003,#012,2026-05-23,2026-05-23 11:11:57,2026-05-23 11:53:57,dine_in,6,4,2,107.25,0.00,,5.36,21.45,134.06,Cash,,,,completed
2004,#013,2026-05-23,2026-05-23 12:45:44,2026-05-23 13:57:44,dine_in,13,2,7,50.00,0.00,,2.50,10.00,62.50,Mobile,Apple Pay,9999,,completed
2005,#014,2026-05-23,2026-05-23 12:06:19,2026-05-23 12:35:19,takeout,,1,8,18.00,0.00,,0.90,0.00,18.90,Credit,Visa,9999,,completed
2006,#015,2026-05-23,2026-05-23 12:14:21,2026-05-23 13:26:21,dine_in,6,2,3,76.50,0.00,,3.83,15.30,95.63,Cash,,,,completed
2007,#016,2026-05-23,2026-05-23 12:18:31,2026-05-23 13:33:31,dine_in,5,1,5,24.00,0.00,,1.20,4.32,29.52,Credit,Visa,9999,,completed
2008,#017,2026-05-23,2026-05-23 12:12:41,2026-05-23 13:21:41,dine_in,12,2,3,59.50,0.00,,2.98,11.90,74.38,Cash,,,,completed
2009,#018,2026-05-23,2026-05-23 12:52:04,2026-05-23 13:50:04,dine_in,4,1,5,41.50,0.00,,2.08,7.47,51.05,Debit,Interac Debit,9999,,completed
2010,#019,2026-05-23,2026-05-23 12:22:31,2026-05-23 13:30:31,dine_in,13,8,5,181.00,0.00,,9.05,32.58,222.63,Credit,Visa,9999,,completed
2011,#020,2026-05-23,2026-05-23 12:14:21,2026-05-23 12:23:21,delivery,,3,2,88.00,0.00,,4.40,0.00,92.40,Debit,Interac Debit,9999,SkipTheDishes,completed
2012,#021,2026-05-23,2026-05-23 12:17:33,2026-05-23 13:24:33,dine_in,5,4,8,80.50,0.00,,4.03,14.49,99.02,Debit,Interac Debit,9999,,completed
2013,#022,2026-05-23,2026-05-23 12:58:11,2026-05-23 13:16:11,takeout,,1,6,22.00,0.00,,1.10,0.00,23.10,Cash,,,,completed
2014,#023,2026-05-23,2026-05-23 12:35:04,2026-05-23 12:55:04,takeout,,1,7,24.50,0.00,,1.23,0.00,25.73,Credit,Visa,9999,,completed
2015,#024,2026-05-23,2026-05-23 12:46:06,2026-05-23 13:00:06,delivery,,2,6,47.00,7.05,Loyalty,2.00,0.00,41.95,Credit,Visa,9999,DoorDash,completed
2016,#025,2026-05-23,2026-05-23 12:26:36,2026-05-23 12:37:36,delivery,,2,6,61.25,0.00,,3.06,0.00,64.31,Credit,Visa,9999,UberEats,completed
2017,#026,2026-05-23,2026-05-23 12:26:14,2026-05-23 13:34:14,dine_in,6,2,6,80.50,0.00,,4.03,14.49,99.02,Cash,,,,completed
2018,#027,2026-05-23,2026-05-23 12:33:14,2026-05-23 13:27:14,dine_in,7,4,3,86.75,0.00,,4.34,13.01,104.10,Debit,Interac Debit,9999,,completed
2019,#028,2026-05-23,2026-05-23 12:58:39,2026-05-23 13:08:39,delivery,,2,4,49.25,0.00,,2.46,0.00,51.71,Credit,Visa,9999,DoorDash,completed
2020,#029,2026-05-23,2026-05-23 12:19:41,2026-05-23 12:45:41,takeout,,3,5,82.00,0.00,,4.10,8.20,94.30,Mobile,Google Pay,9999,,completed
2021,#030,2026-05-23,2026-05-23 12:13:22,2026-05-23 13:17:22,dine_in,1,2,2,56.25,0.00,,2.81,11.25,70.31,Cash,,,,completed
2022,#031,2026-05-23,2026-05-23 12:21:10,2026-05-23 12:49:10,takeout,,1,1,28.00,0.00,,1.40,2.80,32.20,Credit,Visa,9999,,completed
2023,#032,2026-05-23,2026-05-23 13:57:38,2026-05-23 14:08:38,delivery,,3,2,98.00,0.00,,4.90,0.00,102.90,Cash,,,UberEats,completed
2024,#033,2026-05-23,2026-05-23 13:49:39,2026-05-23 14:14:39,takeout,,2,8,51.25,0.00,,2.56,5.12,58.93,Debit,Interac Debit,9999,,completed
2025,#034,2026-05-23,2026-05-23 13:14:25,2026-05-23 13:24:25,delivery,,2,7,41.50,0.00,,2.08,0.00,43.58,Debit,Interac Debit,9999,SkipTheDishes,completed
2026,#035,2026-05-23,2026-05-23 13:34:22,2026-05-23 14:45:22,dine_in,6,2,3,69.50,10.42,Yelp check-in,2.95,11.82,73.85,Credit,Visa,9999,,completed
2027,#036,2026-05-23,2026-05-23 13:50:48,2026-05-23 14:04:48,delivery,,3,7,78.50,0.00,,3.93,0.00,82.43,Cash,,,DoorDash,completed
2028,#037,2026-05-23,2026-05-23 13:54:48,2026-05-23 14:36:48,dine_in,4,4,8,109.00,0.00,,5.45,16.35,130.80,Cash,,,,completed
2029,#038,2026-05-23,2026-05-23 13:06:14,2026-05-23 13:49:14,dine_in,9,1,1,20.50,0.00,,1.03,3.69,25.22,Debit,Interac Debit,9999,,completed
2030,#039,2026-05-23,2026-05-23 13:39:10,2026-05-23 13:51:10,takeout,,1,2,23.50,0.00,,1.18,0.00,24.68,Credit,Visa,9999,,completed
2031,#040,2026-05-23,2026-05-23 13:30:30,2026-05-23 13:47:30,takeout,,1,3,19.00,0.00,,0.95,2.85,22.80,Debit,Interac Debit,9999,,completed
2032,#041,2026-05-23,2026-05-23 13:03:27,2026-05-23 13:15:27,delivery,,2,8,51.25,0.00,,2.56,0.00,53.81,Debit,Interac Debit,9999,DoorDash,completed
2033,#042,2026-05-23,2026-05-23 13:08:10,2026-05-23 13:59:10,dine_in,7,3,1,91.75,0.00,,4.59,22.94,119.28,Mobile,Google Pay,9999,,completed
2034,#043,2026-05-23,2026-05-23 13:54:14,2026-05-23 14:50:14,dine_in,6,2,5,53.00,0.00,,2.65,7.95,63.60,Debit,Interac Debit,9999,,completed
2035,#044,2026-05-23,2026-05-23 13:08:40,2026-05-23 13:48:40,dine_in,10,3,3,74.00,0.00,,3.70,13.32,91.02,Debit,Interac Debit,9999,,completed
2036,#045,2026-05-23,2026-05-23 13:21:40,2026-05-23 14:27:40,dine_in,9,3,1,85.50,0.00,,4.28,15.39,105.17,Mobile,Apple Pay,9999,,completed
2037,#046,2026-05-23,2026-05-23 13:46:53,2026-05-23 14:56:53,dine_in,5,4,6,92.50,0.00,,4.62,16.65,113.77,Mobile,Google Pay,9999,,completed
2038,#047,2026-05-23,2026-05-23 13:11:45,2026-05-23 13:49:45,dine_in,7,3,7,68.00,10.20,Yelp check-in,2.89,10.40,71.09,Mobile,Apple Pay,9999,,completed
2039,#048,2026-05-23,2026-05-23 13:54:02,2026-05-23 14:30:02,dine_in,9,4,6,87.00,0.00,,4.35,17.40,108.75,Credit,Visa,9999,,completed
2040,#049,2026-05-23,2026-05-23 13:10:40,2026-05-23 14:00:40,dine_in,12,2,7,70.75,0.00,,3.54,14.15,88.44,Debit,Interac Debit,9999,,completed
2041,#050,2026-05-23,2026-05-23 14:22:14,2026-05-23 14:33:14,delivery,,3,5,69.50,0.00,,3.48,0.00,72.98,Mobile,Apple Pay,9999,UberEats,completed
2042,#051,2026-05-23,2026-05-23 14:13:47,2026-05-23 14:34:47,takeout,,2,1,46.50,0.00,,2.33,0.00,48.83,Debit,Interac Debit,9999,,completed
2043,#052,2026-05-23,2026-05-23 14:41:37,2026-05-23 14:50:37,delivery,,2,8,49.50,0.00,,2.48,0.00,51.98,Credit,Visa,9999,UberEats,completed
2044,#053,2026-05-23,2026-05-23 14:54:51,2026-05-23 14:59:51,delivery,,1,2,35.00,0.00,,1.75,0.00,36.75,Credit,Visa,9999,DoorDash,completed
2045,#054,2026-05-23,2026-05-23 14:22:55,2026-05-23 15:35:55,dine_in,7,2,1,50.00,0.00,,2.50,0.00,52.50,Cash,,,,completed
2046,#055,2026-05-23,2026-05-23 14:50:51,2026-05-23 16:02:51,dine_in,8,2,5,43.00,0.00,,2.15,7.74,52.89,Credit,Visa,9999,,completed
2047,#056,2026-05-23,2026-05-23 14:56:00,2026-05-23 15:01:00,delivery,,2,4,50.50,0.00,,2.53,0.00,0.00,Debit,Interac Debit,9999,UberEats,voided
2048,#057,2026-05-23,2026-05-23 14:37:40,2026-05-23 15:12:40,dine_in,14,3,1,83.25,0.00,,4.16,12.49,99.90,Cash,,,,completed
2049,#058,2026-05-23,2026-05-23 15:56:44,2026-05-23 16:54:44,dine_in,13,4,2,97.50,0.00,,4.88,17.55,119.93,Credit,Visa,9999,,completed
2050,#059,2026-05-23,2026-05-23 15:14:45,2026-05-23 16:22:45,dine_in,14,2,5,60.50,0.00,,3.03,6.05,69.58,Credit,Visa,9999,,completed
2051,#060,2026-05-23,2026-05-23 15:45:17,2026-05-23 16:42:17,dine_in,13,2,1,64.50,0.00,,3.23,9.67,77.40,Credit,Visa,9999,,completed
2052,#061,2026-05-23,2026-05-23 15:05:27,2026-05-23 15:41:27,dine_in,9,4,1,131.50,0.00,,6.58,32.88,170.96,Cash,,,,completed
2053,#062,2026-05-23,2026-05-23 15:30:58,2026-05-23 16:11:58,dine_in,10,5,1,142.25,0.00,,7.11,28.45,177.81,Cash,,,,completed
2054,#063,2026-05-23,2026-05-23 15:49:31,2026-05-23 16:17:31,takeout,,1,5,22.50,0.00,,1.12,0.00,23.62,Debit,Interac Debit,9999,,completed
2055,#064,2026-05-23,2026-05-23 15:20:16,2026-05-23 15:42:16,takeout,,1,2,21.00,0.00,,1.05,1.05,23.10,Cash,,,,completed
2056,#065,2026-05-23,2026-05-23 16:29:16,2026-05-23 17:09:16,dine_in,2,1,6,40.75,0.00,,2.04,7.33,50.12,Cash,,,,completed
2057,#066,2026-05-23,2026-05-23 16:40:09,2026-05-23 17:43:09,dine_in,5,2,5,52.00,0.00,,2.60,7.80,62.40,Credit,Visa,9999,,completed
2058,#067,2026-05-23,2026-05-23 16:32:26,2026-05-23 17:44:26,dine_in,7,3,7,70.00,0.00,,3.50,12.60,86.10,Credit,Visa,9999,,completed
2059,#068,2026-05-23,2026-05-23 16:24:27,2026-05-23 17:01:27,dine_in,6,1,2,25.00,0.00,,1.25,6.25,32.50,Debit,Interac Debit,9999,,completed
2060,#069,2026-05-23,2026-05-23 17:53:16,2026-05-23 18:40:16,dine_in,4,2,5,44.50,0.00,,2.23,6.67,53.40,Debit,Interac Debit,9999,,completed
2061,#070,2026-05-23,2026-05-23 17:22:42,2026-05-23 18:23:42,dine_in,2,2,4,50.25,0.00,,2.51,7.54,60.30,Credit,Visa,9999,,completed
2062,#071,2026-05-23,2026-05-23 17:40:17,2026-05-23 18:46:17,dine_in,9,3,2,90.50,0.00,,4.53,16.29,111.32,Debit,Interac Debit,9999,,completed
2063,#072,2026-05-23,2026-05-23 17:55:57,2026-05-23 18:08:57,takeout,,2,8,53.00,0.00,,2.65,0.00,55.65,Debit,Interac Debit,9999,,completed
2064,#073,2026-05-23,2026-05-23 17:43:32,2026-05-23 18:37:32,dine_in,9,3,4,87.00,0.00,,4.35,15.66,107.01,Cash,,,,completed
2065,#074,2026-05-23,2026-05-23 17:34:54,2026-05-23 17:40:54,delivery,,1,3,37.25,0.00,,1.86,0.00,39.11,Debit,Interac Debit,9999,SkipTheDishes,completed
2066,#075,2026-05-23,2026-05-23 17:08:06,2026-05-23 17:48:06,dine_in,8,2,8,75.50,0.00,,3.78,13.59,92.87,Cash,,,,completed
2067,#076,2026-05-23,2026-05-23 17:25:23,2026-05-23 17:52:23,takeout,,1,3,23.50,0.00,,1.18,2.35,27.03,Credit,Visa,9999,,completed
2068,#077,2026-05-23,2026-05-23 17:51:18,2026-05-23 18:52:18,dine_in,8,3,2,73.00,0.00,,3.65,18.25,94.90,Mobile,Apple Pay,9999,,completed
2069,#078,2026-05-23,2026-05-23 17:32:32,2026-05-23 18:32:32,dine_in,11,2,8,44.00,0.00,,2.20,11.00,57.20,Credit,Visa,9999,,completed
2070,#079,2026-05-23,2026-05-23 18:39:32,2026-05-23 18:59:32,takeout,,2,2,63.00,0.00,,3.15,3.15,69.30,Credit,Visa,9999,,completed
2071,#080,2026-05-23,2026-05-23 18:10:25,2026-05-23 18:29:25,takeout,,2,8,53.75,0.00,,2.69,5.38,61.82,Credit,Visa,9999,,completed
2072,#081,2026-05-23,2026-05-23 18:58:13,2026-05-23 19:13:13,delivery,,3,3,85.00,0.00,,4.25,0.00,89.25,Credit,Visa,9999,DoorDash,completed
2073,#082,2026-05-23,2026-05-23 18:23:45,2026-05-23 19:27:45,dine_in,5,2,5,50.00,0.00,,2.50,0.00,52.50,Debit,Interac Debit,9999,,completed
2074,#083,2026-05-23,2026-05-23 18:39:28,2026-05-23 19:46:28,dine_in,5,3,8,85.75,0.00,,4.29,21.44,111.48,Mobile,Apple Pay,9999,,completed
2075,#084,2026-05-23,2026-05-23 18:39:41,2026-05-23 19:50:41,dine_in,14,4,7,120.75,0.00,,6.04,21.73,148.52,Credit,Visa,9999,,completed
2076,#085,2026-05-23,2026-05-23 18:58:41,2026-05-23 19:57:41,dine_in,11,2,3,38.00,0.00,,1.90,6.84,46.74,Mobile,Google Pay,9999,,completed
2077,#086,2026-05-23,2026-05-23 18:36:38,2026-05-23 18:42:38,delivery,,3,2,94.25,0.00,,4.71,0.00,98.96,Cash,,,SkipTheDishes,completed
2078,#087,2026-05-23,2026-05-23 18:00:54,2026-05-23 18:38:54,dine_in,3,2,5,67.50,0.00,,3.38,13.50,84.38,Credit,Visa,9999,,completed
2079,#088,2026-05-23,2026-05-23 18:47:25,2026-05-23 18:55:25,delivery,,3,3,94.50,0.00,,4.73,0.00,99.23,Mobile,Apple Pay,9999,UberEats,completed
2080,#089,2026-05-23,2026-05-23 18:48:32,2026-05-23 19:33:32,dine_in,13,8,3,209.00,0.00,,10.45,37.62,257.07,Mobile,Apple Pay,9999,,completed
2081,#090,2026-05-23,2026-05-23 18:49:27,2026-05-23 19:04:27,delivery,,1,2,33.00,0.00,,1.65,0.00,34.65,Cash,,,SkipTheDishes,completed
2082,#091,2026-05-23,2026-05-23 18:35:12,2026-05-23 19:22:12,dine_in,5,2,2,50.00,0.00,,2.50,10.00,62.50,Credit,Visa,9999,,completed
2083,#092,2026-05-23,2026-05-23 18:59:07,2026-05-23 19:14:07,takeout,,3,3,68.75,0.00,,3.44,6.88,79.07,Debit,Interac Debit,9999,,completed
2084,#093,2026-05-23,2026-05-23 18:15:34,2026-05-23 19:23:34,dine_in,12,1,3,26.00,0.00,,1.30,4.68,31.98,Cash,,,,completed
2085,#094,2026-05-23,2026-05-23 19:09:52,2026-05-23 19:22:52,takeout,,1,5,27.50,0.00,,1.38,1.38,30.26,Credit,Visa,9999,,completed
2086,#095,2026-05-23,2026-05-23 19:36:58,2026-05-23 19:50:58,takeout,,3,6,78.00,0.00,,3.90,0.00,81.90,Cash,,,,completed
2087,#096,2026-05-23,2026-05-23 19:41:57,2026-05-23 20:53:57,dine_in,9,6,8,166.75,0.00,,8.34,25.01,200.10,Debit,Interac Debit,9999,,completed
2088,#097,2026-05-23,2026-05-23 19:11:02,2026-05-23 20:25:02,dine_in,1,2,3,73.50,0.00,,3.68,14.70,91.88,Credit,Visa,9999,,completed
2089,#098,2026-05-23,2026-05-23 19:12:31,2026-05-23 19:23:31,delivery,,3,8,89.50,0.00,,4.48,0.00,93.98,Credit,Visa,9999,DoorDash,completed
2090,#099,2026-05-23,2026-05-23 19:48:51,2026-05-23 20:13:51,takeout,,2,6,48.50,0.00,,2.43,7.27,58.20,Credit,Visa,9999,,completed
2091,#100,2026-05-23,2026-05-23 19:23:55,2026-05-23 20:19:55,dine_in,5,3,5,67.75,0.00,,3.39,12.20,83.34,Credit,Visa,9999,,completed
2092,#101,2026-05-23,2026-05-23 19:38:44,2026-05-23 20:29:44,dine_in,10,1,6,33.00,0.00,,1.65,4.95,39.60,Debit,Interac Debit,9999,,completed
2093,#102,2026-05-23,2026-05-23 19:57:39,2026-05-23 20:02:39,delivery,,1,7,39.00,0.00,,1.95,0.00,40.95,Mobile,Google Pay,9999,SkipTheDishes,completed
2094,#103,2026-05-23,2026-05-23 19:22:35,2026-05-23 19:30:35,delivery,,2,4,60.50,0.00,,3.03,0.00,63.53,Debit,Interac Debit,9999,UberEats,completed
2095,#104,2026-05-23,2026-05-23 19:12:17,2026-05-23 20:02:17,dine_in,9,4,6,120.50,0.00,,6.03,21.69,148.22,Credit,Visa,9999,,completed
2096,#105,2026-05-23,2026-05-23 19:09:12,2026-05-23 19:28:12,takeout,,4,6,121.75,0.00,,6.09,12.18,140.02,Credit,Visa,9999,,completed
2097,#106,2026-05-23,2026-05-23 19:25:29,2026-05-23 20:35:29,dine_in,2,2,3,67.25,0.00,,3.36,10.09,80.70,Debit,Interac Debit,9999,,completed
2098,#107,2026-05-23,2026-05-23 19:42:09,2026-05-23 20:30:09,dine_in,5,3,1,77.00,0.00,,3.85,0.00,80.85,Mobile,Google Pay,9999,,completed
2099,#108,2026-05-23,2026-05-23 19:28:24,2026-05-23 20:19:24,dine_in,2,1,5,18.00,0.00,,0.90,3.24,22.14,Debit,Interac Debit,9999,,completed
2100,#109,2026-05-23,2026-05-23 19:11:13,2026-05-23 20:13:13,dine_in,2,2,4,48.00,0.00,,2.40,9.60,60.00,Debit,Interac Debit,9999,,completed
2101,#110,2026-05-23,2026-05-23 19:58:23,2026-05-23 20:07:23,delivery,,1,4,25.50,0.00,,1.28,0.00,26.78,Credit,Visa,9999,UberEats,completed
2102,#111,2026-05-23,2026-05-23 19:34:56,2026-05-23 20:03:56,takeout,,1,8,44.50,0.00,,2.23,2.23,48.96,Cash,,,,completed
2103,#112,2026-05-23,2026-05-23 19:20:53,2026-05-23 20:28:53,dine_in,5,2,7,59.75,0.00,,2.99,11.95,74.69,Cash,,,,completed
2104,#113,2026-05-23,2026-05-23 19:12:56,2026-05-23 19:21:56,delivery,,1,2,22.75,0.00,,1.14,0.00,23.89,Credit,Visa,9999,DoorDash,completed
2105,#114,2026-05-23,2026-05-23 19:05:24,2026-05-23 19:46:24,dine_in,7,4,5,112.25,0.00,,5.61,20.20,138.06,Cash,,,,completed
2106,#115,2026-05-23,2026-05-23 20:44:36,2026-05-23 21:56:36,dine_in,1,2,2,59.50,0.00,,2.98,8.92,71.40,Mobile,Apple Pay,9999,,completed
2107,#116,2026-05-23,2026-05-23 20:08:54,2026-05-23 20:46:54,dine_in,14,2,3,44.50,0.00,,2.23,6.67,53.40,Cash,,,,completed
2108,#117,2026-05-23,2026-05-23 20:36:42,2026-05-23 21:19:42,dine_in,12,2,8,57.75,0.00,,2.89,11.55,72.19,Cash,,,,completed
2109,#118,2026-05-23,2026-05-23 20:57:19,2026-05-23 21:09:19,delivery,,4,3,105.00,0.00,,5.25,0.00,110.25,Mobile,Google Pay,9999,SkipTheDishes,completed
2110,#119,2026-05-23,2026-05-23 20:27:13,2026-05-23 21:11:13,dine_in,11,2,4,53.25,0.00,,2.66,7.99,63.90,Debit,Interac Debit,9999,,completed
2111,#120,2026-05-23,2026-05-23 20:01:02,2026-05-23 20:11:02,delivery,,2,8,68.25,0.00,,3.41,0.00,71.66,Credit,Visa,9999,DoorDash,completed
2112,#121,2026-05-23,2026-05-23 20:18:55,2026-05-23 21:04:55,dine_in,5,2,3,40.00,0.00,,2.00,7.20,49.20,Debit,Interac Debit,9999,,completed
2113,#122,2026-05-23,2026-05-23 20:28:55,2026-05-23 21:15:55,dine_in,7,3,6,68.50,0.00,,3.43,10.28,82.21,Mobile,Google Pay,9999,,completed
2114,#123,2026-05-23,2026-05-23 20:14:41,2026-05-23 20:44:41,takeout,,2,5,41.00,0.00,,2.05,0.00,43.05,Debit,Interac Debit,9999,,completed
2115,#001,2026-05-24,2026-05-24 11:41:58,2026-05-24 11:51:58,delivery,,1,6,39.50,0.00,,1.98,0.00,41.48,Debit,Interac Debit,9999,DoorDash,completed
2116,#002,2026-05-24,2026-05-24 11:29:14,2026-05-24 12:25:14,dine_in,1,2,3,45.50,0.00,,2.27,9.10,56.87,Mobile,Apple Pay,9999,,completed
2117,#003,2026-05-24,2026-05-24 11:46:53,2026-05-24 11:51:53,delivery,,4,6,127.50,0.00,,6.38,0.00,0.00,Credit,Visa,9999,SkipTheDishes,voided
2118,#004,2026-05-24,2026-05-24 11:01:08,2026-05-24 11:10:08,delivery,,2,7,45.75,0.00,,2.29,0.00,48.04,Credit,Visa,9999,UberEats,completed
2119,#005,2026-05-24,2026-05-24 12:51:31,2026-05-24 13:01:31,delivery,,1,5,31.50,0.00,,1.58,0.00,33.08,Debit,Interac Debit,9999,DoorDash,completed
2120,#006,2026-05-24,2026-05-24 12:15:57,2026-05-24 12:30:57,takeout,,1,6,33.50,0.00,,1.68,5.02,40.20,Credit,Visa,9999,,completed
2121,#007,2026-05-24,2026-05-24 12:18:34,2026-05-24 13:23:34,dine_in,10,4,3,126.00,0.00,,6.30,22.68,154.98,Debit,Interac Debit,9999,,completed
2122,#008,2026-05-24,2026-05-24 12:32:44,2026-05-24 13:00:44,takeout,,4,4,115.75,10.00,Loyalty,5.29,0.00,111.04,Debit,Interac Debit,9999,,completed
2123,#009,2026-05-24,2026-05-24 12:39:20,2026-05-24 13:09:20,takeout,,1,2,36.25,0.00,,1.81,3.62,41.68,Credit,Visa,9999,,refunded
2124,#010,2026-05-24,2026-05-24 12:14:18,2026-05-24 12:41:18,takeout,,4,5,99.50,0.00,,4.98,9.95,114.43,Credit,Visa,9999,,completed
2125,#011,2026-05-24,2026-05-24 12:17:59,2026-05-24 12:27:59,delivery,,2,7,37.00,18.50,Staff meal 50%,0.93,0.00,19.43,Debit,Interac Debit,9999,UberEats,completed
2126,#012,2026-05-24,2026-05-24 12:22:50,2026-05-24 13:25:50,dine_in,13,6,6,141.00,0.00,,7.05,21.15,169.20,Mobile,Apple Pay,9999,,completed
2127,#013,2026-05-24,2026-05-24 12:18:18,2026-05-24 13:31:18,dine_in,7,2,2,43.50,0.00,,2.18,7.83,53.51,Mobile,Google Pay,9999,,completed
2128,#014,2026-05-24,2026-05-24 12:28:24,2026-05-24 13:09:24,dine_in,9,3,5,65.00,0.00,,3.25,9.75,78.00,Credit,Visa,9999,,completed
2129,#015,2026-05-24,2026-05-24 12:16:20,2026-05-24 12:26:20,delivery,,2,8,62.00,0.00,,3.10,0.00,65.10,Debit,Interac Debit,9999,UberEats,completed
2130,#016,2026-05-24,2026-05-24 12:37:00,2026-05-24 13:36:00,dine_in,9,3,8,99.00,0.00,,4.95,24.75,128.70,Credit,Visa,9999,,completed
2131,#017,2026-05-24,2026-05-24 12:27:48,2026-05-24 13:36:48,dine_in,3,1,4,24.50,0.00,,1.23,2.45,28.18,Mobile,Apple Pay,9999,,completed
2132,#018,2026-05-24,2026-05-24 12:54:22,2026-05-24 13:30:22,dine_in,11,2,5,41.00,0.00,,2.05,7.38,50.43,Credit,Visa,9999,,completed
2133,#019,2026-05-24,2026-05-24 12:15:06,2026-05-24 13:19:06,dine_in,8,2,1,46.50,0.00,,2.33,0.00,48.83,Cash,,,,completed
2134,#020,2026-05-24,2026-05-24 12:34:59,2026-05-24 13:21:59,dine_in,10,5,8,120.25,0.00,,6.01,24.05,150.31,Credit,Visa,9999,,completed
2135,#021,2026-05-24,2026-05-24 12:09:51,2026-05-24 12:55:51,dine_in,4,3,8,72.00,0.00,,3.60,14.40,90.00,Cash,,,,completed
2136,#022,2026-05-24,2026-05-24 13:37:12,2026-05-24 14:22:12,dine_in,13,1,7,25.00,0.00,,1.25,0.00,26.25,Debit,Interac Debit,9999,,completed
2137,#023,2026-05-24,2026-05-24 13:47:45,2026-05-24 14:24:45,dine_in,10,2,3,39.00,5.85,Google review promo,1.66,5.97,40.78,Cash,,,,completed
2138,#024,2026-05-24,2026-05-24 13:06:18,2026-05-24 13:13:18,delivery,,1,4,31.50,0.00,,1.58,0.00,33.08,Debit,Interac Debit,9999,SkipTheDishes,completed
2139,#025,2026-05-24,2026-05-24 13:36:31,2026-05-24 14:27:31,dine_in,7,2,8,51.50,0.00,,2.58,7.72,61.80,Credit,Visa,9999,,completed
2140,#026,2026-05-24,2026-05-24 13:41:56,2026-05-24 14:48:56,dine_in,7,4,5,135.75,0.00,,6.79,20.36,162.90,Cash,,,,completed
2141,#027,2026-05-24,2026-05-24 13:37:17,2026-05-24 14:47:17,dine_in,4,4,1,90.50,0.00,,4.53,13.57,108.60,Credit,Visa,9999,,completed
2142,#028,2026-05-24,2026-05-24 13:51:14,2026-05-24 14:46:14,dine_in,9,3,6,70.75,0.00,,3.54,7.08,81.37,Cash,,,,completed
2143,#029,2026-05-24,2026-05-24 13:51:12,2026-05-24 14:02:12,delivery,,1,4,20.50,0.00,,1.03,0.00,21.53,Mobile,Google Pay,9999,DoorDash,completed
2144,#030,2026-05-24,2026-05-24 13:03:17,2026-05-24 13:47:17,dine_in,10,1,8,33.00,0.00,,1.65,6.60,41.25,Debit,Interac Debit,9999,,completed
2145,#031,2026-05-24,2026-05-24 13:16:56,2026-05-24 13:28:56,delivery,,1,5,27.00,0.00,,1.35,0.00,28.35,Credit,Visa,9999,SkipTheDishes,completed
2146,#032,2026-05-24,2026-05-24 13:45:17,2026-05-24 13:51:17,delivery,,1,6,33.50,0.00,,1.68,0.00,35.18,Debit,Interac Debit,9999,UberEats,completed
2147,#033,2026-05-24,2026-05-24 13:21:57,2026-05-24 13:29:57,delivery,,4,6,95.25,0.00,,4.76,0.00,100.01,Debit,Interac Debit,9999,DoorDash,completed
2148,#034,2026-05-24,2026-05-24 14:30:36,2026-05-24 14:37:36,delivery,,1,2,32.00,0.00,,1.60,0.00,33.60,Debit,Interac Debit,9999,SkipTheDishes,completed
2149,#035,2026-05-24,2026-05-24 14:59:11,2026-05-24 16:14:11,dine_in,8,4,4,101.00,0.00,,5.05,15.15,121.20,Credit,Visa,9999,,completed
2150,#036,2026-05-24,2026-05-24 14:45:05,2026-05-24 15:21:05,dine_in,9,5,1,133.25,0.00,,6.66,23.98,163.89,Credit,Visa,9999,,completed
2151,#037,2026-05-24,2026-05-24 14:28:47,2026-05-24 15:40:47,dine_in,9,3,4,74.50,0.00,,3.73,13.41,91.64,Mobile,Google Pay,9999,,completed
2152,#038,2026-05-24,2026-05-24 15:46:06,2026-05-24 16:30:06,dine_in,6,1,6,26.50,0.00,,1.33,3.97,31.80,Mobile,Google Pay,9999,,completed
2153,#039,2026-05-24,2026-05-24 16:47:38,2026-05-24 17:22:38,dine_in,8,1,1,24.50,0.00,,1.23,4.90,30.63,Debit,Interac Debit,9999,,completed
2154,#040,2026-05-24,2026-05-24 16:12:43,2026-05-24 16:26:43,takeout,,1,6,21.00,0.00,,1.05,0.00,22.05,Cash,,,,completed
2155,#041,2026-05-24,2026-05-24 17:34:53,2026-05-24 18:28:53,dine_in,5,4,2,127.00,0.00,,6.35,25.40,158.75,Credit,Visa,9999,,completed
2156,#042,2026-05-24,2026-05-24 17:41:37,2026-05-24 17:54:37,takeout,,2,7,42.00,0.00,,2.10,0.00,44.10,Cash,,,,completed
2157,#043,2026-05-24,2026-05-24 17:13:00,2026-05-24 17:26:00,delivery,,1,3,26.00,0.00,,1.30,0.00,27.30,Credit,Visa,9999,DoorDash,completed
2158,#044,2026-05-24,2026-05-24 17:57:09,2026-05-24 18:38:09,dine_in,14,1,2,30.00,0.00,,1.50,6.00,37.50,Debit,Interac Debit,9999,,completed
2159,#045,2026-05-24,2026-05-24 17:05:07,2026-05-24 18:08:07,dine_in,6,4,1,121.25,0.00,,6.06,12.12,139.43,Cash,,,,completed
2160,#046,2026-05-24,2026-05-24 17:46:25,2026-05-24 17:53:25,delivery,,1,8,26.50,0.00,,1.33,0.00,27.83,Credit,Visa,9999,UberEats,completed
2161,#047,2026-05-24,2026-05-24 17:00:50,2026-05-24 17:06:50,delivery,,2,6,44.00,0.00,,2.20,0.00,46.20,Debit,Interac Debit,9999,SkipTheDishes,completed
2162,#048,2026-05-24,2026-05-24 17:30:32,2026-05-24 18:26:32,dine_in,9,4,6,126.75,0.00,,6.34,25.35,158.44,Credit,Visa,9999,,completed
2163,#049,2026-05-24,2026-05-24 17:21:07,2026-05-24 17:34:07,delivery,,2,4,45.25,0.00,,2.26,0.00,47.51,Credit,Visa,9999,DoorDash,completed
2164,#050,2026-05-24,2026-05-24 17:02:13,2026-05-24 17:55:13,dine_in,8,3,8,77.50,0.00,,3.88,7.75,89.13,Mobile,Google Pay,9999,,completed
2165,#051,2026-05-24,2026-05-24 17:44:09,2026-05-24 18:44:09,dine_in,3,1,3,22.00,0.00,,1.10,3.30,26.40,Debit,Interac Debit,9999,,completed
2166,#052,2026-05-24,2026-05-24 17:03:15,2026-05-24 17:51:15,dine_in,1,1,8,29.50,0.00,,1.48,5.31,36.29,Credit,Visa,9999,,completed
2167,#053,2026-05-24,2026-05-24 18:41:39,2026-05-24 19:53:39,dine_in,14,3,1,72.50,0.00,,3.62,10.88,87.00,Credit,Visa,9999,,completed
2168,#054,2026-05-24,2026-05-24 18:53:32,2026-05-24 20:08:32,dine_in,10,1,5,38.50,0.00,,1.93,7.70,48.13,Credit,Visa,9999,,completed
2169,#055,2026-05-24,2026-05-24 18:35:00,2026-05-24 19:22:00,dine_in,6,4,8,128.50,0.00,,6.43,25.70,160.63,Credit,Visa,9999,,completed
2170,#056,2026-05-24,2026-05-24 18:55:00,2026-05-24 19:38:00,dine_in,11,1,5,27.00,0.00,,1.35,5.40,33.75,Credit,Visa,9999,,completed
2171,#057,2026-05-24,2026-05-24 18:21:35,2026-05-24 19:04:35,dine_in,10,3,3,84.25,0.00,,4.21,21.06,109.52,Credit,Visa,9999,,completed
2172,#058,2026-05-24,2026-05-24 18:55:07,2026-05-24 19:30:07,dine_in,5,2,3,54.75,0.00,,2.74,8.21,65.70,Debit,Interac Debit,9999,,completed
2173,#059,2026-05-24,2026-05-24 18:05:35,2026-05-24 18:19:35,delivery,,2,4,61.00,0.00,,3.05,0.00,64.05,Cash,,,DoorDash,completed
2174,#060,2026-05-24,2026-05-24 18:10:38,2026-05-24 18:50:38,dine_in,5,4,1,102.50,0.00,,5.12,10.25,117.87,Debit,Interac Debit,9999,,completed
2175,#061,2026-05-24,2026-05-24 18:03:25,2026-05-24 19:07:25,dine_in,8,4,3,108.00,0.00,,5.40,19.44,132.84,Credit,Visa,9999,,completed
2176,#062,2026-05-24,2026-05-24 18:30:20,2026-05-24 19:07:20,dine_in,10,5,6,138.00,0.00,,6.90,24.84,169.74,Debit,Interac Debit,9999,,completed
2177,#063,2026-05-24,2026-05-24 18:01:34,2026-05-24 19:02:34,dine_in,6,2,1,55.75,0.00,,2.79,8.36,66.90,Credit,Visa,9999,,completed
2178,#064,2026-05-24,2026-05-24 18:31:02,2026-05-24 19:46:02,dine_in,9,2,6,71.75,0.00,,3.59,12.91,88.25,Cash,,,,completed
2179,#065,2026-05-24,2026-05-24 18:26:43,2026-05-24 18:41:43,delivery,,3,6,89.50,0.00,,4.48,0.00,93.98,Debit,Interac Debit,9999,UberEats,completed
2180,#066,2026-05-24,2026-05-24 18:19:39,2026-05-24 18:28:39,delivery,,4,3,109.50,0.00,,5.48,0.00,114.98,Credit,Visa,9999,SkipTheDishes,completed
2181,#067,2026-05-24,2026-05-24 18:46:45,2026-05-24 19:59:45,dine_in,3,2,6,56.50,0.00,,2.83,8.47,67.80,Debit,Interac Debit,9999,,completed
2182,#068,2026-05-24,2026-05-24 18:40:28,2026-05-24 19:52:28,dine_in,14,3,6,69.75,0.00,,3.49,10.46,83.70,Credit,Visa,9999,,completed
2183,#069,2026-05-24,2026-05-24 18:11:59,2026-05-24 19:09:59,dine_in,13,2,2,52.25,0.00,,2.61,10.45,65.31,Debit,Interac Debit,9999,,completed
2184,#070,2026-05-24,2026-05-24 19:10:49,2026-05-24 20:18:49,dine_in,11,1,8,34.00,0.00,,1.70,5.10,40.80,Cash,,,,completed
2185,#071,2026-05-24,2026-05-24 19:19:36,2026-05-24 19:48:36,takeout,,1,1,26.25,0.00,,1.31,2.62,30.18,Debit,Interac Debit,9999,,completed
2186,#072,2026-05-24,2026-05-24 19:40:35,2026-05-24 19:58:35,takeout,,3,1,74.50,0.00,,3.73,3.73,81.96,Debit,Interac Debit,9999,,completed
2187,#073,2026-05-24,2026-05-24 19:11:07,2026-05-24 20:11:07,dine_in,6,4,7,103.25,0.00,,5.16,18.59,127.00,Debit,Interac Debit,9999,,completed
2188,#074,2026-05-24,2026-05-24 19:43:41,2026-05-24 20:53:41,dine_in,13,5,6,130.50,0.00,,6.53,26.10,163.13,Credit,Visa,9999,,completed
2189,#075,2026-05-24,2026-05-24 19:15:31,2026-05-24 20:29:31,dine_in,9,6,2,166.25,0.00,,8.31,41.56,216.12,Credit,Visa,9999,,completed
2190,#076,2026-05-24,2026-05-24 19:00:39,2026-05-24 19:44:39,dine_in,13,5,5,108.50,0.00,,5.43,19.53,133.46,Mobile,Apple Pay,9999,,completed
2191,#077,2026-05-24,2026-05-24 19:26:25,2026-05-24 19:35:25,delivery,,1,8,20.00,0.00,,1.00,0.00,21.00,Credit,Visa,9999,UberEats,completed
2192,#078,2026-05-24,2026-05-24 19:02:41,2026-05-24 20:12:41,dine_in,4,2,7,55.00,0.00,,2.75,9.90,67.65,Mobile,Apple Pay,9999,,completed
2193,#079,2026-05-24,2026-05-24 19:52:53,2026-05-24 20:05:53,delivery,,1,4,23.50,0.00,,1.18,0.00,24.68,Credit,Visa,9999,DoorDash,completed
2194,#080,2026-05-24,2026-05-24 19:02:30,2026-05-24 19:47:30,dine_in,5,2,7,48.25,0.00,,2.41,9.65,60.31,Debit,Interac Debit,9999,,completed
2195,#081,2026-05-24,2026-05-24 19:08:27,2026-05-24 19:19:27,delivery,,2,6,56.00,0.00,,2.80,0.00,58.80,Credit,Visa,9999,SkipTheDishes,completed
2196,#082,2026-05-24,2026-05-24 19:59:37,2026-05-24 20:18:37,takeout,,1,4,31.00,0.00,,1.55,0.00,32.55,Mobile,Google Pay,9999,,completed
2197,#083,2026-05-24,2026-05-24 19:07:27,2026-05-24 19:18:27,delivery,,2,4,89.00,0.00,,4.45,0.00,93.45,Cash,,,SkipTheDishes,completed
2198,#084,2026-05-24,2026-05-24 20:44:45,2026-05-24 20:55:45,delivery,,2,8,44.00,0.00,,2.20,0.00,46.20,Debit,Interac Debit,9999,UberEats,completed
2199,#085,2026-05-24,2026-05-24 20:03:26,2026-05-24 21:11:26,dine_in,14,1,8,30.50,0.00,,1.53,4.58,36.61,Debit,Interac Debit,9999,,completed
2200,#086,2026-05-24,2026-05-24 20:26:34,2026-05-24 21:34:34,dine_in,14,4,3,108.75,0.00,,5.44,21.75,135.94,Debit,Interac Debit,9999,,completed
2201,#087,2026-05-24,2026-05-24 20:32:40,2026-05-24 21:27:40,dine_in,9,2,8,60.00,0.00,,3.00,9.00,72.00,Cash,,,,completed
2202,#088,2026-05-24,2026-05-24 20:35:20,2026-05-24 20:48:20,delivery,,3,8,102.00,0.00,,5.10,0.00,107.10,Debit,Interac Debit,9999,UberEats,completed
2203,#089,2026-05-24,2026-05-24 20:40:15,2026-05-24 21:19:15,dine_in,15,2,8,48.50,0.00,,2.43,9.70,60.63,Credit,Visa,9999,,completed
2204,#001,2026-05-25,2026-05-25 11:38:19,2026-05-25 11:49:19,delivery,,1,3,24.00,0.00,,1.20,0.00,25.20,Cash,,,UberEats,completed
2205,#002,2026-05-25,2026-05-25 11:50:40,2026-05-25 12:43:40,dine_in,9,3,4,66.25,0.00,,3.31,9.94,79.50,Debit,Interac Debit,9999,,completed
2206,#003,2026-05-25,2026-05-25 11:21:59,2026-05-25 12:36:59,dine_in,6,2,1,75.25,0.00,,3.76,7.53,86.54,Debit,Interac Debit,9999,,completed
2207,#004,2026-05-25,2026-05-25 11:41:19,2026-05-25 12:39:19,dine_in,1,2,10,66.00,0.00,,3.30,11.88,81.18,Cash,,,,completed
2208,#005,2026-05-25,2026-05-25 11:05:37,2026-05-25 12:02:37,dine_in,13,7,3,183.50,0.00,,9.18,27.52,220.20,Debit,Interac Debit,9999,,completed
2209,#006,2026-05-25,2026-05-25 12:12:21,2026-05-25 12:56:21,dine_in,5,4,10,114.25,0.00,,5.71,17.14,137.10,Credit,Visa,9999,,completed
2210,#007,2026-05-25,2026-05-25 12:31:56,2026-05-25 13:32:56,dine_in,5,4,3,100.50,0.00,,5.03,18.09,123.62,Cash,,,,completed
2211,#008,2026-05-25,2026-05-25 12:13:23,2026-05-25 12:51:23,dine_in,14,3,3,90.00,0.00,,4.50,13.50,108.00,Debit,Interac Debit,9999,,completed
2212,#009,2026-05-25,2026-05-25 12:42:29,2026-05-25 12:55:29,takeout,,1,3,28.25,0.00,,1.41,0.00,29.66,Credit,Visa,9999,,completed
2213,#010,2026-05-25,2026-05-25 12:24:53,2026-05-25 13:12:53,dine_in,10,4,9,112.00,0.00,,5.60,20.16,137.76,Credit,Visa,9999,,completed
2214,#011,2026-05-25,2026-05-25 12:06:50,2026-05-25 13:15:50,dine_in,4,3,1,75.75,0.00,,3.79,13.63,93.17,Mobile,Apple Pay,9999,,completed
2215,#012,2026-05-25,2026-05-25 12:07:30,2026-05-25 13:06:30,dine_in,10,3,1,75.00,0.00,,3.75,15.00,93.75,Cash,,,,completed
2216,#013,2026-05-25,2026-05-25 12:41:21,2026-05-25 13:44:21,dine_in,7,2,4,66.75,0.00,,3.34,13.35,83.44,Mobile,Google Pay,9999,,completed
2217,#014,2026-05-25,2026-05-25 12:35:59,2026-05-25 13:17:59,dine_in,10,2,3,50.00,0.00,,2.50,0.00,0.00,Credit,Visa,9999,,voided
2218,#015,2026-05-25,2026-05-25 13:58:00,2026-05-25 14:11:00,takeout,,1,1,24.00,0.00,,1.20,2.40,27.60,Cash,,,,completed
2219,#016,2026-05-25,2026-05-25 13:07:37,2026-05-25 13:42:37,dine_in,6,4,9,91.00,0.00,,4.55,13.65,109.20,Credit,Visa,9999,,completed
2220,#017,2026-05-25,2026-05-25 13:17:16,2026-05-25 13:54:16,dine_in,3,2,1,68.00,0.00,,3.40,13.60,85.00,Credit,Visa,9999,,completed
2221,#018,2026-05-25,2026-05-25 13:26:49,2026-05-25 13:48:49,takeout,,2,5,63.75,0.00,,3.19,3.19,70.13,Debit,Interac Debit,9999,,completed
2222,#019,2026-05-25,2026-05-25 13:29:40,2026-05-25 13:50:40,takeout,,4,2,90.75,0.00,,4.54,0.00,95.29,Credit,Visa,9999,,completed
2223,#020,2026-05-25,2026-05-25 13:47:32,2026-05-25 14:54:32,dine_in,4,2,9,62.00,9.30,Loyalty,2.64,9.49,64.83,Credit,Visa,9999,,completed
2224,#021,2026-05-25,2026-05-25 13:38:50,2026-05-25 14:46:50,dine_in,10,5,2,114.00,0.00,,5.70,22.80,142.50,Credit,Visa,9999,,completed
2225,#022,2026-05-25,2026-05-25 13:54:54,2026-05-25 14:47:54,dine_in,1,2,2,54.00,0.00,,2.70,10.80,67.50,Cash,,,,refunded
2226,#023,2026-05-25,2026-05-25 14:13:46,2026-05-25 15:14:46,dine_in,13,2,9,39.00,0.00,,1.95,0.00,0.00,Debit,Interac Debit,9999,,voided
2227,#024,2026-05-25,2026-05-25 14:01:15,2026-05-25 15:12:15,dine_in,9,2,4,38.00,0.00,,1.90,6.84,46.74,Debit,Interac Debit,9999,,completed
2228,#025,2026-05-25,2026-05-25 14:31:29,2026-05-25 15:10:29,dine_in,6,2,4,56.50,0.00,,2.83,10.17,69.50,Credit,Visa,9999,,completed
2229,#026,2026-05-25,2026-05-25 14:17:27,2026-05-25 15:21:27,dine_in,8,1,1,23.00,0.00,,1.15,4.60,28.75,Debit,Interac Debit,9999,,completed
2230,#027,2026-05-25,2026-05-25 15:13:49,2026-05-25 15:27:49,takeout,,3,9,99.50,0.00,,4.98,0.00,104.48,Credit,Visa,9999,,completed
2231,#028,2026-05-25,2026-05-25 15:03:49,2026-05-25 15:15:49,delivery,,3,5,67.75,0.00,,3.39,0.00,71.14,Debit,Interac Debit,9999,DoorDash,completed
2232,#029,2026-05-25,2026-05-25 15:31:47,2026-05-25 15:43:47,takeout,,1,2,29.50,0.00,,1.48,0.00,30.98,Debit,Interac Debit,9999,,completed
2233,#030,2026-05-25,2026-05-25 16:47:50,2026-05-25 17:06:50,takeout,,3,3,94.50,0.00,,4.73,9.45,108.68,Credit,Visa,9999,,completed
2234,#031,2026-05-25,2026-05-25 16:55:50,2026-05-25 17:37:50,dine_in,1,2,10,53.00,0.00,,2.65,7.95,63.60,Mobile,Apple Pay,9999,,completed
2235,#032,2026-05-25,2026-05-25 16:19:35,2026-05-25 16:47:35,takeout,,1,7,29.50,0.00,,1.48,2.95,33.93,Debit,Interac Debit,9999,,completed
2236,#033,2026-05-25,2026-05-25 16:27:25,2026-05-25 16:38:25,delivery,,1,10,28.50,0.00,,1.43,0.00,29.93,Debit,Interac Debit,9999,SkipTheDishes,completed
2237,#034,2026-05-25,2026-05-25 16:50:53,2026-05-25 17:13:53,takeout,,1,6,40.00,0.00,,2.00,0.00,42.00,Credit,Visa,9999,,completed
2238,#035,2026-05-25,2026-05-25 17:06:00,2026-05-25 18:20:00,dine_in,8,4,7,144.00,0.00,,7.20,25.92,177.12,Debit,Interac Debit,9999,,completed
2239,#036,2026-05-25,2026-05-25 17:47:10,2026-05-25 18:22:10,dine_in,8,2,10,78.75,0.00,,3.94,15.75,98.44,Debit,Interac Debit,9999,,completed
2240,#037,2026-05-25,2026-05-25 17:51:58,2026-05-25 19:02:58,dine_in,11,2,2,43.00,0.00,,2.15,7.74,52.89,Credit,Visa,9999,,completed
2241,#038,2026-05-25,2026-05-25 17:54:15,2026-05-25 19:06:15,dine_in,13,2,6,61.75,0.00,,3.09,11.12,75.96,Debit,Interac Debit,9999,,completed
2242,#039,2026-05-25,2026-05-25 17:53:36,2026-05-25 18:08:36,delivery,,4,7,118.25,0.00,,5.91,0.00,124.16,Mobile,Google Pay,9999,UberEats,completed
2243,#040,2026-05-25,2026-05-25 17:20:01,2026-05-25 17:59:01,dine_in,7,3,2,70.50,0.00,,3.53,0.00,74.03,Credit,Visa,9999,,completed
2244,#041,2026-05-25,2026-05-25 17:16:24,2026-05-25 18:11:24,dine_in,11,2,10,64.75,0.00,,3.24,9.71,77.70,Debit,Interac Debit,9999,,completed
2245,#042,2026-05-25,2026-05-25 18:19:37,2026-05-25 19:10:37,dine_in,12,2,2,56.00,0.00,,2.80,10.08,68.88,Debit,Interac Debit,9999,,completed
2246,#043,2026-05-25,2026-05-25 18:26:22,2026-05-25 19:04:22,dine_in,4,3,10,97.25,0.00,,4.86,14.59,116.70,Credit,Visa,9999,,completed
2247,#044,2026-05-25,2026-05-25 18:15:46,2026-05-25 18:50:46,dine_in,9,3,7,79.25,0.00,,3.96,15.85,99.06,Debit,Interac Debit,9999,,completed
2248,#045,2026-05-25,2026-05-25 18:47:47,2026-05-25 18:55:47,delivery,,1,7,22.00,0.00,,1.10,0.00,23.10,Credit,Visa,9999,DoorDash,completed
2249,#046,2026-05-25,2026-05-25 18:06:39,2026-05-25 19:16:39,dine_in,10,4,3,113.50,0.00,,5.68,20.43,139.61,Mobile,Google Pay,9999,,completed
2250,#047,2026-05-25,2026-05-25 18:11:38,2026-05-25 18:21:38,delivery,,2,3,52.50,0.00,,2.62,0.00,0.00,Debit,Interac Debit,9999,UberEats,voided
2251,#048,2026-05-25,2026-05-25 18:58:36,2026-05-25 19:07:36,delivery,,2,3,57.50,0.00,,2.88,0.00,60.38,Debit,Interac Debit,9999,DoorDash,completed
2252,#049,2026-05-25,2026-05-25 18:24:58,2026-05-25 19:10:58,dine_in,7,4,3,117.00,0.00,,5.85,23.40,146.25,Credit,Visa,9999,,completed
2253,#050,2026-05-25,2026-05-25 18:15:49,2026-05-25 18:54:49,dine_in,10,4,10,138.75,0.00,,6.94,20.81,166.50,Debit,Interac Debit,9999,,completed
2254,#051,2026-05-25,2026-05-25 18:17:42,2026-05-25 19:20:42,dine_in,10,4,3,79.75,0.00,,3.99,7.98,91.72,Mobile,Google Pay,9999,,completed
2255,#052,2026-05-25,2026-05-25 18:32:07,2026-05-25 19:10:07,dine_in,5,4,6,123.50,0.00,,6.18,24.70,154.38,Credit,Visa,9999,,completed
2256,#053,2026-05-25,2026-05-25 18:55:21,2026-05-25 19:07:21,delivery,,3,6,87.25,0.00,,4.36,0.00,91.61,Debit,Interac Debit,9999,SkipTheDishes,completed
2257,#054,2026-05-25,2026-05-25 18:13:25,2026-05-25 18:43:25,takeout,,1,7,29.50,0.00,,1.48,0.00,30.98,Debit,Interac Debit,9999,,completed
2258,#055,2026-05-25,2026-05-25 18:28:21,2026-05-25 19:43:21,dine_in,3,2,3,79.50,0.00,,3.98,15.90,99.38,Credit,Visa,9999,,completed
2259,#056,2026-05-25,2026-05-25 18:23:10,2026-05-25 18:33:10,delivery,,1,3,22.00,0.00,,1.10,0.00,23.10,Credit,Visa,9999,SkipTheDishes,completed
2260,#057,2026-05-25,2026-05-25 18:30:17,2026-05-25 18:48:17,takeout,,3,3,72.50,0.00,,3.62,0.00,76.12,Credit,Visa,9999,,completed
2261,#058,2026-05-25,2026-05-25 18:58:01,2026-05-25 20:11:01,dine_in,7,3,6,85.00,0.00,,4.25,12.75,102.00,Mobile,Google Pay,9999,,completed
2262,#059,2026-05-25,2026-05-25 19:37:01,2026-05-25 19:43:01,delivery,,2,10,67.25,0.00,,3.36,0.00,70.61,Mobile,Apple Pay,9999,UberEats,completed
2263,#060,2026-05-25,2026-05-25 19:25:26,2026-05-25 19:45:26,takeout,,1,7,31.00,0.00,,1.55,1.55,34.10,Credit,Visa,9999,,completed
2264,#061,2026-05-25,2026-05-25 19:55:56,2026-05-25 20:17:56,takeout,,2,3,74.25,0.00,,3.71,0.00,77.96,Debit,Interac Debit,9999,,completed
2265,#062,2026-05-25,2026-05-25 19:07:54,2026-05-25 20:18:54,dine_in,6,4,2,102.75,0.00,,5.14,20.55,128.44,Debit,Interac Debit,9999,,completed
2266,#063,2026-05-25,2026-05-25 19:13:13,2026-05-25 20:03:13,dine_in,14,2,6,43.00,0.00,,2.15,6.45,51.60,Credit,Visa,9999,,completed
2267,#064,2026-05-25,2026-05-25 19:08:31,2026-05-25 19:13:31,delivery,,1,6,24.50,0.00,,1.23,0.00,25.73,Credit,Visa,9999,DoorDash,completed
2268,#065,2026-05-25,2026-05-25 19:11:35,2026-05-25 19:26:35,delivery,,2,6,83.00,0.00,,4.15,0.00,87.15,Cash,,,SkipTheDishes,completed
2269,#066,2026-05-25,2026-05-25 19:03:31,2026-05-25 19:09:31,delivery,,2,2,59.25,0.00,,2.96,0.00,62.21,Credit,Visa,9999,UberEats,completed
2270,#067,2026-05-25,2026-05-25 20:40:07,2026-05-25 21:54:07,dine_in,13,8,10,187.75,0.00,,9.39,46.94,244.08,Mobile,Apple Pay,9999,,completed
2271,#068,2026-05-25,2026-05-25 20:12:15,2026-05-25 20:24:15,takeout,,2,10,53.25,0.00,,2.66,5.33,61.24,Debit,Interac Debit,9999,,completed
2272,#069,2026-05-25,2026-05-25 20:50:05,2026-05-25 21:11:05,takeout,,2,2,43.00,5.00,Yelp check-in,1.90,0.00,39.90,Mobile,Google Pay,9999,,completed
2273,#070,2026-05-25,2026-05-25 20:39:01,2026-05-25 20:59:01,takeout,,1,6,38.50,0.00,,1.93,3.85,44.28,Debit,Interac Debit,9999,,completed
2274,#071,2026-05-25,2026-05-25 20:47:19,2026-05-25 21:45:19,dine_in,2,2,10,67.25,0.00,,3.36,10.09,80.70,Debit,Interac Debit,9999,,completed
2275,#072,2026-05-25,2026-05-25 20:25:17,2026-05-25 21:32:17,dine_in,10,2,2,70.00,0.00,,3.50,10.50,84.00,Credit,Visa,9999,,completed
2276,#073,2026-05-25,2026-05-25 20:53:12,2026-05-25 21:05:12,delivery,,1,2,23.00,0.00,,1.15,0.00,24.15,Credit,Visa,9999,SkipTheDishes,completed
2277,#074,2026-05-25,2026-05-25 20:53:03,2026-05-25 21:50:03,dine_in,4,4,10,110.25,0.00,,5.51,19.84,135.60,Debit,Interac Debit,9999,,completed
2278,#075,2026-05-25,2026-05-25 20:59:50,2026-05-25 21:42:50,dine_in,10,5,3,141.50,14.15,Birthday 10%,6.37,25.47,159.19,Credit,Visa,9999,,completed
2279,#001,2026-05-26,2026-05-26 11:36:29,2026-05-26 12:18:29,dine_in,5,2,10,37.00,0.00,,1.85,6.66,45.51,Cash,,,,completed
2280,#002,2026-05-26,2026-05-26 11:34:23,2026-05-26 12:47:23,dine_in,10,3,10,99.00,0.00,,4.95,19.80,123.75,Cash,,,,completed
2281,#003,2026-05-26,2026-05-26 11:18:04,2026-05-26 11:30:04,delivery,,3,3,98.25,0.00,,4.91,0.00,103.16,Credit,Visa,9999,DoorDash,completed
2282,#004,2026-05-26,2026-05-26 11:17:01,2026-05-26 12:06:01,dine_in,1,1,10,29.00,0.00,,1.45,5.80,36.25,Debit,Interac Debit,9999,,completed
2283,#005,2026-05-26,2026-05-26 11:00:23,2026-05-26 11:19:23,takeout,,1,2,37.50,0.00,,1.88,0.00,39.38,Debit,Interac Debit,9999,,completed
2284,#006,2026-05-26,2026-05-26 11:58:46,2026-05-26 12:39:46,dine_in,10,4,2,102.50,0.00,,5.12,15.38,123.00,Credit,Visa,9999,,completed
2285,#007,2026-05-26,2026-05-26 12:02:09,2026-05-26 12:13:09,delivery,,2,2,64.75,0.00,,3.24,0.00,67.99,Debit,Interac Debit,9999,DoorDash,completed
2286,#008,2026-05-26,2026-05-26 12:08:02,2026-05-26 13:13:02,dine_in,10,2,10,52.50,0.00,,2.62,9.45,64.57,Debit,Interac Debit,9999,,completed
2287,#009,2026-05-26,2026-05-26 12:46:18,2026-05-26 13:41:18,dine_in,8,2,2,54.50,0.00,,2.73,8.17,65.40,Cash,,,,completed
2288,#010,2026-05-26,2026-05-26 12:10:36,2026-05-26 12:47:36,dine_in,2,1,10,21.00,0.00,,1.05,3.15,25.20,Mobile,Apple Pay,9999,,completed
2289,#011,2026-05-26,2026-05-26 12:32:21,2026-05-26 13:21:21,dine_in,1,2,9,47.00,0.00,,2.35,8.46,57.81,Debit,Interac Debit,9999,,completed
2290,#012,2026-05-26,2026-05-26 12:01:06,2026-05-26 12:15:06,delivery,,1,10,38.50,0.00,,1.93,0.00,40.43,Credit,Visa,9999,SkipTheDishes,completed
2291,#013,2026-05-26,2026-05-26 12:56:05,2026-05-26 14:00:05,dine_in,8,2,1,41.75,0.00,,2.09,7.51,51.35,Debit,Interac Debit,9999,,completed
2292,#014,2026-05-26,2026-05-26 12:19:42,2026-05-26 13:29:42,dine_in,8,2,3,43.50,0.00,,2.18,6.52,52.20,Credit,Visa,9999,,refunded
2293,#015,2026-05-26,2026-05-26 12:31:28,2026-05-26 13:14:28,dine_in,13,3,1,85.50,0.00,,4.28,12.82,102.60,Debit,Interac Debit,9999,,completed
2294,#016,2026-05-26,2026-05-26 12:06:43,2026-05-26 13:05:43,dine_in,5,4,2,124.25,0.00,,6.21,22.36,152.82,Debit,Interac Debit,9999,,completed
2295,#017,2026-05-26,2026-05-26 12:35:51,2026-05-26 13:34:51,dine_in,7,4,10,92.75,0.00,,4.64,13.91,111.30,Debit,Interac Debit,9999,,completed
2296,#018,2026-05-26,2026-05-26 12:14:55,2026-05-26 13:15:55,dine_in,12,2,9,45.00,0.00,,2.25,6.75,54.00,Credit,Visa,9999,,completed
2297,#019,2026-05-26,2026-05-26 12:56:34,2026-05-26 13:34:34,dine_in,1,1,9,34.50,0.00,,1.73,6.21,42.44,Debit,Interac Debit,9999,,completed
2298,#020,2026-05-26,2026-05-26 12:19:41,2026-05-26 12:25:41,delivery,,1,9,34.50,0.00,,1.73,0.00,36.23,Debit,Interac Debit,9999,SkipTheDishes,completed
2299,#021,2026-05-26,2026-05-26 12:03:02,2026-05-26 13:11:02,dine_in,11,2,4,68.00,0.00,,3.40,12.24,83.64,Cash,,,,completed
2300,#022,2026-05-26,2026-05-26 12:58:03,2026-05-26 13:45:03,dine_in,15,2,1,63.00,0.00,,3.15,12.60,78.75,Debit,Interac Debit,9999,,completed
2301,#023,2026-05-26,2026-05-26 12:36:07,2026-05-26 13:48:07,dine_in,13,2,10,59.75,0.00,,2.99,11.95,74.69,Debit,Interac Debit,9999,,completed
2302,#024,2026-05-26,2026-05-26 13:00:54,2026-05-26 13:39:54,dine_in,8,3,5,92.00,0.00,,4.60,16.56,113.16,Cash,,,,completed
2303,#025,2026-05-26,2026-05-26 13:16:38,2026-05-26 13:21:38,delivery,,2,9,50.50,0.00,,2.53,0.00,53.03,Cash,,,UberEats,completed
2304,#026,2026-05-26,2026-05-26 13:57:45,2026-05-26 15:05:45,dine_in,1,2,5,54.50,0.00,,2.73,9.81,67.04,Credit,Visa,9999,,completed
2305,#027,2026-05-26,2026-05-26 13:47:33,2026-05-26 14:12:33,takeout,,4,10,99.50,0.00,,4.98,0.00,104.48,Debit,Interac Debit,9999,,completed
2306,#028,2026-05-26,2026-05-26 13:10:42,2026-05-26 13:16:42,delivery,,1,5,32.25,0.00,,1.61,0.00,33.86,Debit,Interac Debit,9999,UberEats,completed
2307,#029,2026-05-26,2026-05-26 13:56:26,2026-05-26 14:20:26,takeout,,3,9,69.00,0.00,,3.45,3.45,75.90,Mobile,Google Pay,9999,,completed
2308,#030,2026-05-26,2026-05-26 13:12:49,2026-05-26 13:23:49,delivery,,2,1,49.25,0.00,,2.46,0.00,51.71,Mobile,Apple Pay,9999,SkipTheDishes,completed
2309,#031,2026-05-26,2026-05-26 13:14:41,2026-05-26 13:50:41,dine_in,13,5,4,106.00,10.00,Loyalty,4.80,19.20,120.00,Credit,Visa,9999,,completed
2310,#032,2026-05-26,2026-05-26 14:57:30,2026-05-26 15:36:30,dine_in,2,2,10,59.50,0.00,,2.98,11.90,74.38,Debit,Interac Debit,9999,,completed
2311,#033,2026-05-26,2026-05-26 14:31:17,2026-05-26 15:10:17,dine_in,1,2,9,51.25,0.00,,2.56,10.25,64.06,Debit,Interac Debit,9999,,completed
2312,#034,2026-05-26,2026-05-26 14:13:44,2026-05-26 14:26:44,delivery,,2,3,47.50,0.00,,2.38,0.00,49.88,Mobile,Google Pay,9999,SkipTheDishes,completed
2313,#035,2026-05-26,2026-05-26 15:18:06,2026-05-26 15:31:06,delivery,,4,5,133.25,0.00,,6.66,0.00,139.91,Mobile,Google Pay,9999,DoorDash,completed
2314,#036,2026-05-26,2026-05-26 15:06:45,2026-05-26 15:50:45,dine_in,13,5,5,125.75,0.00,,6.29,22.63,154.67,Cash,,,,completed
2315,#037,2026-05-26,2026-05-26 15:04:58,2026-05-26 15:49:58,dine_in,7,4,2,99.50,0.00,,4.98,19.90,124.38,Credit,Visa,9999,,completed
2316,#038,2026-05-26,2026-05-26 15:53:26,2026-05-26 17:04:26,dine_in,8,2,9,73.00,0.00,,3.65,13.14,89.79,Mobile,Google Pay,9999,,completed
2317,#039,2026-05-26,2026-05-26 16:49:25,2026-05-26 17:30:25,dine_in,14,2,8,38.00,0.00,,1.90,9.50,49.40,Debit,Interac Debit,9999,,completed
2318,#040,2026-05-26,2026-05-26 17:21:47,2026-05-26 18:32:47,dine_in,1,2,3,50.00,0.00,,2.50,12.50,65.00,Credit,Visa,9999,,completed
2319,#041,2026-05-26,2026-05-26 17:20:10,2026-05-26 17:30:10,delivery,,1,4,39.50,0.00,,1.98,0.00,41.48,Debit,Interac Debit,9999,UberEats,completed
2320,#042,2026-05-26,2026-05-26 17:35:40,2026-05-26 18:34:40,dine_in,13,3,10,73.00,0.00,,3.65,10.95,87.60,Cash,,,,completed
2321,#043,2026-05-26,2026-05-26 17:58:17,2026-05-26 18:40:17,dine_in,13,5,4,150.50,0.00,,7.53,27.09,185.12,Debit,Interac Debit,9999,,completed
2322,#044,2026-05-26,2026-05-26 17:28:25,2026-05-26 17:38:25,delivery,,1,3,29.50,0.00,,1.48,0.00,30.98,Cash,,,SkipTheDishes,completed
2323,#045,2026-05-26,2026-05-26 17:47:35,2026-05-26 17:59:35,delivery,,4,10,120.50,0.00,,6.03,0.00,126.53,Cash,,,DoorDash,completed
2324,#046,2026-05-26,2026-05-26 17:32:29,2026-05-26 17:44:29,takeout,,2,8,61.00,0.00,,3.05,3.05,67.10,Debit,Interac Debit,9999,,completed
2325,#047,2026-05-26,2026-05-26 17:57:41,2026-05-26 18:22:41,takeout,,2,10,79.00,0.00,,3.95,7.90,90.85,Credit,Visa,9999,,completed
2326,#048,2026-05-26,2026-05-26 18:53:10,2026-05-26 19:44:10,dine_in,5,2,10,64.50,0.00,,3.23,9.67,77.40,Debit,Interac Debit,9999,,completed
2327,#049,2026-05-26,2026-05-26 18:54:36,2026-05-26 19:42:36,dine_in,10,2,10,55.50,0.00,,2.78,9.99,68.27,Cash,,,,completed
2328,#050,2026-05-26,2026-05-26 18:46:34,2026-05-26 18:59:34,takeout,,3,3,82.00,0.00,,4.10,0.00,86.10,Credit,Visa,9999,,completed
2329,#051,2026-05-26,2026-05-26 18:11:44,2026-05-26 19:03:44,dine_in,8,3,8,101.25,0.00,,5.06,15.19,121.50,Credit,Visa,9999,,completed
2330,#052,2026-05-26,2026-05-26 18:05:55,2026-05-26 18:49:55,dine_in,12,2,10,54.25,0.00,,2.71,0.00,56.96,Credit,Visa,9999,,completed
2331,#053,2026-05-26,2026-05-26 18:23:25,2026-05-26 18:34:25,delivery,,1,8,25.25,0.00,,1.26,0.00,26.51,Credit,Visa,9999,SkipTheDishes,completed
2332,#054,2026-05-26,2026-05-26 18:18:39,2026-05-26 18:32:39,delivery,,3,4,60.75,9.11,Google review promo,2.58,0.00,54.22,Credit,Visa,9999,DoorDash,completed
2333,#055,2026-05-26,2026-05-26 18:48:31,2026-05-26 19:39:31,dine_in,8,3,6,73.75,0.00,,3.69,14.75,92.19,Credit,Visa,9999,,completed
2334,#056,2026-05-26,2026-05-26 18:16:24,2026-05-26 18:33:24,takeout,,1,4,34.50,0.00,,1.73,5.17,41.40,Debit,Interac Debit,9999,,completed
2335,#057,2026-05-26,2026-05-26 18:29:42,2026-05-26 19:06:42,dine_in,8,1,4,29.50,0.00,,1.48,5.90,36.88,Debit,Interac Debit,9999,,completed
2336,#058,2026-05-26,2026-05-26 18:38:22,2026-05-26 19:50:22,dine_in,13,5,10,132.00,0.00,,6.60,0.00,138.60,Credit,Visa,9999,,completed
2337,#059,2026-05-26,2026-05-26 18:44:23,2026-05-26 19:53:23,dine_in,14,1,2,23.00,0.00,,1.15,4.14,28.29,Credit,Visa,9999,,completed
2338,#060,2026-05-26,2026-05-26 18:20:00,2026-05-26 18:33:00,delivery,,1,2,28.50,0.00,,1.43,0.00,29.93,Mobile,Apple Pay,9999,SkipTheDishes,completed
2339,#061,2026-05-26,2026-05-26 18:14:02,2026-05-26 19:05:02,dine_in,13,8,4,191.75,0.00,,9.59,34.52,235.86,Debit,Interac Debit,9999,,completed
2340,#062,2026-05-26,2026-05-26 18:04:20,2026-05-26 19:18:20,dine_in,1,2,10,49.00,0.00,,2.45,7.35,58.80,Credit,Visa,9999,,completed
2341,#063,2026-05-26,2026-05-26 18:08:41,2026-05-26 18:15:41,delivery,,1,2,25.50,0.00,,1.28,0.00,26.78,Cash,,,DoorDash,completed
2342,#064,2026-05-26,2026-05-26 18:46:51,2026-05-26 19:36:51,dine_in,9,4,8,107.50,0.00,,5.38,26.88,139.76,Mobile,Google Pay,9999,,completed
2343,#065,2026-05-26,2026-05-26 18:13:30,2026-05-26 18:21:30,delivery,,2,2,52.25,0.00,,2.61,0.00,54.86,Debit,Interac Debit,9999,SkipTheDishes,completed
2344,#066,2026-05-26,2026-05-26 19:19:53,2026-05-26 20:10:53,dine_in,13,3,4,86.00,0.00,,4.30,15.48,105.78,Credit,Visa,9999,,completed
2345,#067,2026-05-26,2026-05-26 19:58:22,2026-05-26 20:18:22,takeout,,2,2,50.00,25.00,Staff meal 50%,1.25,3.75,30.00,Credit,Visa,9999,,refunded
2346,#068,2026-05-26,2026-05-26 19:51:29,2026-05-26 20:46:29,dine_in,3,2,2,57.50,0.00,,2.88,14.38,74.76,Mobile,Google Pay,9999,,completed
2347,#069,2026-05-26,2026-05-26 19:06:29,2026-05-26 19:17:29,delivery,,2,2,58.00,0.00,,2.90,0.00,60.90,Credit,Visa,9999,SkipTheDishes,completed
2348,#070,2026-05-26,2026-05-26 19:30:13,2026-05-26 19:46:13,takeout,,1,10,31.25,0.00,,1.56,4.69,37.50,Debit,Interac Debit,9999,,completed
2349,#071,2026-05-26,2026-05-26 19:17:07,2026-05-26 20:04:07,dine_in,5,2,6,46.50,0.00,,2.33,9.30,58.13,Cash,,,,completed
2350,#072,2026-05-26,2026-05-26 19:49:57,2026-05-26 20:03:57,delivery,,1,3,22.00,0.00,,1.10,0.00,23.10,Debit,Interac Debit,9999,DoorDash,completed
2351,#073,2026-05-26,2026-05-26 19:15:52,2026-05-26 20:19:52,dine_in,6,2,6,65.50,0.00,,3.28,9.82,78.60,Debit,Interac Debit,9999,,completed
2352,#074,2026-05-26,2026-05-26 19:04:28,2026-05-26 19:39:28,dine_in,5,4,4,103.50,0.00,,5.18,18.63,127.31,Mobile,Apple Pay,9999,,completed
2353,#075,2026-05-26,2026-05-26 20:14:10,2026-05-26 21:06:10,dine_in,9,4,8,107.75,0.00,,5.39,16.16,129.30,Debit,Interac Debit,9999,,completed
2354,#076,2026-05-26,2026-05-26 20:34:23,2026-05-26 21:29:23,dine_in,9,4,2,107.25,0.00,,5.36,16.09,128.70,Credit,Visa,9999,,completed
2355,#077,2026-05-26,2026-05-26 20:45:46,2026-05-26 21:27:46,dine_in,13,2,8,70.50,0.00,,3.53,14.10,88.13,Credit,Visa,9999,,completed
2356,#078,2026-05-26,2026-05-26 20:21:13,2026-05-26 20:36:13,delivery,,1,3,20.00,0.00,,1.00,0.00,21.00,Credit,Visa,9999,DoorDash,completed
2357,#079,2026-05-26,2026-05-26 20:45:47,2026-05-26 21:47:47,dine_in,9,2,4,41.00,0.00,,2.05,10.25,53.30,Mobile,Google Pay,9999,,completed
2358,#080,2026-05-26,2026-05-26 20:23:35,2026-05-26 21:13:35,dine_in,5,3,8,74.00,0.00,,3.70,13.32,91.02,Mobile,Google Pay,9999,,completed
2359,#001,2026-05-27,2026-05-27 11:50:23,2026-05-27 12:12:23,takeout,,4,9,87.50,0.00,,4.38,8.75,100.63,Credit,Visa,9999,,completed
2360,#002,2026-05-27,2026-05-27 11:50:18,2026-05-27 12:01:18,delivery,,2,3,61.00,0.00,,3.05,0.00,64.05,Debit,Interac Debit,9999,UberEats,completed
2361,#003,2026-05-27,2026-05-27 11:50:02,2026-05-27 12:31:02,dine_in,14,3,1,81.50,0.00,,4.08,16.30,101.88,Credit,Visa,9999,,completed
2362,#004,2026-05-27,2026-05-27 11:25:21,2026-05-27 12:24:21,dine_in,15,2,9,40.75,6.11,Manager comp,1.73,5.20,41.57,Credit,Visa,9999,,completed
2363,#005,2026-05-27,2026-05-27 11:48:28,2026-05-27 12:11:28,takeout,,3,4,100.50,0.00,,5.03,15.07,120.60,Debit,Interac Debit,9999,,completed
2364,#006,2026-05-27,2026-05-27 11:36:37,2026-05-27 12:22:37,dine_in,9,2,2,36.00,0.00,,1.80,5.40,43.20,Mobile,Google Pay,9999,,completed
2365,#007,2026-05-27,2026-05-27 12:48:52,2026-05-27 13:02:52,delivery,,3,2,76.50,0.00,,3.83,0.00,80.33,Credit,Visa,9999,UberEats,completed
2366,#008,2026-05-27,2026-05-27 12:17:32,2026-05-27 12:45:32,takeout,,1,1,27.00,0.00,,1.35,4.05,32.40,Credit,Visa,9999,,completed
2367,#009,2026-05-27,2026-05-27 12:47:01,2026-05-27 13:00:01,delivery,,2,5,47.75,0.00,,2.39,0.00,50.14,Credit,Visa,9999,UberEats,completed
2368,#010,2026-05-27,2026-05-27 12:51:37,2026-05-27 13:03:37,delivery,,4,1,101.00,0.00,,5.05,0.00,106.05,Mobile,Apple Pay,9999,UberEats,completed
2369,#011,2026-05-27,2026-05-27 12:45:12,2026-05-27 13:52:12,dine_in,2,1,5,30.00,0.00,,1.50,0.00,31.50,Debit,Interac Debit,9999,,completed
2370,#012,2026-05-27,2026-05-27 12:48:45,2026-05-27 13:00:45,delivery,,1,10,27.50,0.00,,1.38,0.00,28.88,Debit,Interac Debit,9999,SkipTheDishes,completed
2371,#013,2026-05-27,2026-05-27 12:02:32,2026-05-27 12:13:32,delivery,,2,3,51.25,0.00,,2.56,0.00,53.81,Credit,Visa,9999,UberEats,completed
2372,#014,2026-05-27,2026-05-27 12:40:28,2026-05-27 13:51:28,dine_in,13,2,2,52.50,0.00,,2.62,10.50,65.62,Cash,,,,completed
2373,#015,2026-05-27,2026-05-27 13:30:05,2026-05-27 13:45:05,delivery,,2,5,46.25,0.00,,2.31,0.00,48.56,Credit,Visa,9999,UberEats,completed
2374,#016,2026-05-27,2026-05-27 13:41:47,2026-05-27 14:47:47,dine_in,12,2,10,43.00,0.00,,2.15,4.30,49.45,Credit,Visa,9999,,completed
2375,#017,2026-05-27,2026-05-27 13:54:55,2026-05-27 14:01:55,delivery,,2,4,57.50,0.00,,2.88,0.00,60.38,Credit,Visa,9999,SkipTheDishes,completed
2376,#018,2026-05-27,2026-05-27 13:11:12,2026-05-27 14:06:12,dine_in,15,1,3,35.50,0.00,,1.78,7.10,44.38,Credit,Visa,9999,,completed
2377,#019,2026-05-27,2026-05-27 13:59:53,2026-05-27 14:49:53,dine_in,2,2,4,48.50,10.00,Google review promo,1.93,7.70,48.13,Debit,Interac Debit,9999,,completed
2378,#020,2026-05-27,2026-05-27 13:41:22,2026-05-27 14:37:22,dine_in,1,1,1,22.00,0.00,,1.10,5.50,28.60,Credit,Visa,9999,,completed
2379,#021,2026-05-27,2026-05-27 13:20:27,2026-05-27 13:40:27,takeout,,2,4,45.00,0.00,,2.25,4.50,51.75,Cash,,,,completed
2380,#022,2026-05-27,2026-05-27 14:01:36,2026-05-27 14:44:36,dine_in,14,2,1,59.50,0.00,,2.98,5.95,68.43,Credit,Visa,9999,,completed
2381,#023,2026-05-27,2026-05-27 16:10:03,2026-05-27 17:15:03,dine_in,7,2,7,48.50,0.00,,2.43,7.27,58.20,Mobile,Apple Pay,9999,,completed
2382,#024,2026-05-27,2026-05-27 16:15:15,2026-05-27 16:57:15,dine_in,1,2,6,46.50,0.00,,2.33,6.97,55.80,Cash,,,,completed
2383,#025,2026-05-27,2026-05-27 17:11:25,2026-05-27 18:02:25,dine_in,10,3,8,70.50,0.00,,3.53,12.69,86.72,Cash,,,,completed
2384,#026,2026-05-27,2026-05-27 17:08:01,2026-05-27 17:14:01,delivery,,1,6,35.25,0.00,,1.76,0.00,37.01,Mobile,Google Pay,9999,UberEats,completed
2385,#027,2026-05-27,2026-05-27 17:53:00,2026-05-27 18:51:00,dine_in,7,3,6,83.75,0.00,,4.19,0.00,87.94,Debit,Interac Debit,9999,,completed
2386,#028,2026-05-27,2026-05-27 17:29:48,2026-05-27 18:16:48,dine_in,10,2,8,62.00,0.00,,3.10,0.00,65.10,Credit,Visa,9999,,completed
2387,#029,2026-05-27,2026-05-27 17:30:40,2026-05-27 17:38:40,delivery,,2,3,42.75,0.00,,2.14,0.00,44.89,Credit,Visa,9999,SkipTheDishes,completed
2388,#030,2026-05-27,2026-05-27 17:56:05,2026-05-27 18:44:05,dine_in,13,7,4,176.00,0.00,,8.80,26.40,211.20,Debit,Interac Debit,9999,,completed
2389,#031,2026-05-27,2026-05-27 17:46:19,2026-05-27 17:55:19,delivery,,2,6,56.75,0.00,,2.84,0.00,59.59,Credit,Visa,9999,UberEats,completed
2390,#032,2026-05-27,2026-05-27 17:53:14,2026-05-27 18:44:14,dine_in,6,3,6,76.50,11.47,Yelp check-in,3.25,9.75,78.03,Credit,Visa,9999,,completed
2391,#033,2026-05-27,2026-05-27 17:44:08,2026-05-27 18:34:08,dine_in,11,2,3,51.00,5.00,Google review promo,2.30,8.28,56.58,Credit,Visa,9999,,completed
2392,#034,2026-05-27,2026-05-27 17:52:09,2026-05-27 18:14:09,takeout,,3,3,101.75,0.00,,5.09,0.00,106.84,Debit,Interac Debit,9999,,completed
2393,#035,2026-05-27,2026-05-27 17:06:35,2026-05-27 18:11:35,dine_in,10,3,3,81.50,0.00,,4.08,8.15,93.73,Debit,Interac Debit,9999,,completed
2394,#036,2026-05-27,2026-05-27 17:56:14,2026-05-27 18:42:14,dine_in,8,3,10,88.50,0.00,,4.42,17.70,110.62,Credit,Visa,9999,,completed
2395,#037,2026-05-27,2026-05-27 17:21:14,2026-05-27 18:18:14,dine_in,8,2,3,61.50,0.00,,3.08,11.07,75.65,Debit,Interac Debit,9999,,completed
2396,#038,2026-05-27,2026-05-27 17:46:00,2026-05-27 18:40:00,dine_in,8,3,2,79.00,0.00,,3.95,15.80,98.75,Debit,Interac Debit,9999,,completed
2397,#039,2026-05-27,2026-05-27 17:27:15,2026-05-27 17:37:15,delivery,,4,8,110.25,0.00,,5.51,0.00,115.76,Mobile,Apple Pay,9999,DoorDash,completed
2398,#040,2026-05-27,2026-05-27 17:39:58,2026-05-27 18:31:58,dine_in,9,2,6,70.25,0.00,,3.51,14.05,87.81,Cash,,,,completed
2399,#041,2026-05-27,2026-05-27 18:27:21,2026-05-27 19:30:21,dine_in,2,2,10,84.25,0.00,,4.21,15.16,103.62,Debit,Interac Debit,9999,,completed
2400,#042,2026-05-27,2026-05-27 18:58:21,2026-05-27 20:05:21,dine_in,12,1,10,37.50,0.00,,1.88,6.75,46.13,Credit,Visa,9999,,completed
2401,#043,2026-05-27,2026-05-27 18:11:16,2026-05-27 19:07:16,dine_in,15,2,2,47.25,0.00,,2.36,7.09,56.70,Credit,Visa,9999,,completed
2402,#044,2026-05-27,2026-05-27 18:56:21,2026-05-27 19:01:21,delivery,,1,4,21.75,0.00,,1.09,0.00,0.00,Credit,Visa,9999,UberEats,voided
2403,#045,2026-05-27,2026-05-27 18:13:35,2026-05-27 18:49:35,dine_in,14,3,8,81.50,0.00,,4.08,14.67,100.25,Credit,Visa,9999,,completed
2404,#046,2026-05-27,2026-05-27 18:39:08,2026-05-27 19:18:08,dine_in,13,3,4,72.75,0.00,,3.64,7.28,83.67,Credit,Visa,9999,,completed
2405,#047,2026-05-27,2026-05-27 18:48:34,2026-05-27 19:26:34,dine_in,6,1,4,36.50,0.00,,1.83,6.57,44.90,Credit,Visa,9999,,completed
2406,#048,2026-05-27,2026-05-27 18:44:56,2026-05-27 19:33:56,dine_in,4,4,10,110.75,0.00,,5.54,22.15,138.44,Cash,,,,completed
2407,#049,2026-05-27,2026-05-27 18:21:55,2026-05-27 19:25:55,dine_in,9,5,8,129.00,0.00,,6.45,25.80,161.25,Credit,Visa,9999,,completed
2408,#050,2026-05-27,2026-05-27 18:23:15,2026-05-27 19:27:15,dine_in,12,2,8,51.00,0.00,,2.55,9.18,62.73,Debit,Interac Debit,9999,,completed
2409,#051,2026-05-27,2026-05-27 19:55:44,2026-05-27 20:07:44,delivery,,1,7,34.50,0.00,,1.73,0.00,36.23,Credit,Visa,9999,DoorDash,completed
2410,#052,2026-05-27,2026-05-27 19:03:36,2026-05-27 20:18:36,dine_in,13,7,6,193.25,0.00,,9.66,34.78,237.69,Debit,Interac Debit,9999,,completed
2411,#053,2026-05-27,2026-05-27 19:49:19,2026-05-27 21:00:19,dine_in,13,5,2,132.50,0.00,,6.62,26.50,165.62,Debit,Interac Debit,9999,,completed
2412,#054,2026-05-27,2026-05-27 19:34:15,2026-05-27 20:13:15,dine_in,8,1,2,20.00,0.00,,1.00,5.00,26.00,Credit,Visa,9999,,completed
2413,#055,2026-05-27,2026-05-27 19:29:50,2026-05-27 19:46:50,takeout,,2,10,64.50,0.00,,3.23,9.67,77.40,Debit,Interac Debit,9999,,completed
2414,#056,2026-05-27,2026-05-27 19:52:25,2026-05-27 20:06:25,takeout,,2,8,55.25,0.00,,2.76,8.29,66.30,Mobile,Google Pay,9999,,completed
2415,#057,2026-05-27,2026-05-27 19:15:18,2026-05-27 20:21:18,dine_in,2,2,6,56.00,0.00,,2.80,10.08,68.88,Credit,Visa,9999,,completed
2416,#058,2026-05-27,2026-05-27 19:32:45,2026-05-27 20:34:45,dine_in,13,5,6,116.50,0.00,,5.83,20.97,143.30,Credit,Visa,9999,,completed
2417,#059,2026-05-27,2026-05-27 19:14:11,2026-05-27 19:38:11,takeout,,2,8,52.50,0.00,,2.62,0.00,55.12,Cash,,,,completed
2418,#060,2026-05-27,2026-05-27 19:33:24,2026-05-27 19:43:24,delivery,,1,2,32.75,0.00,,1.64,0.00,34.39,Cash,,,SkipTheDishes,completed
2419,#061,2026-05-27,2026-05-27 19:54:27,2026-05-27 20:04:27,delivery,,1,7,48.50,0.00,,2.43,0.00,50.93,Mobile,Apple Pay,9999,SkipTheDishes,completed
2420,#062,2026-05-27,2026-05-27 19:42:15,2026-05-27 20:40:15,dine_in,7,2,10,56.75,0.00,,2.84,8.51,68.10,Credit,Visa,9999,,completed
2421,#063,2026-05-27,2026-05-27 19:18:59,2026-05-27 20:06:59,dine_in,2,2,7,47.50,0.00,,2.38,9.50,59.38,Mobile,Google Pay,9999,,completed
2422,#064,2026-05-27,2026-05-27 19:55:27,2026-05-27 20:22:27,takeout,,1,6,19.00,0.00,,0.95,0.00,19.95,Cash,,,,completed
2423,#065,2026-05-27,2026-05-27 19:13:05,2026-05-27 19:26:05,takeout,,2,10,43.50,0.00,,2.18,0.00,45.68,Mobile,Google Pay,9999,,completed
2424,#066,2026-05-27,2026-05-27 20:44:59,2026-05-27 20:50:59,delivery,,2,4,71.25,0.00,,3.56,0.00,74.81,Credit,Visa,9999,SkipTheDishes,completed
2425,#067,2026-05-27,2026-05-27 20:37:44,2026-05-27 20:52:44,takeout,,4,10,120.50,0.00,,6.03,0.00,126.53,Credit,Visa,9999,,completed
2426,#068,2026-05-27,2026-05-27 20:10:24,2026-05-27 20:51:24,dine_in,12,2,2,57.50,0.00,,2.88,8.62,69.00,Mobile,Google Pay,9999,,completed
2427,#069,2026-05-27,2026-05-27 20:24:29,2026-05-27 20:35:29,delivery,,1,6,27.00,0.00,,1.35,0.00,28.35,Cash,,,SkipTheDishes,completed
2428,#070,2026-05-27,2026-05-27 20:16:20,2026-05-27 20:25:20,delivery,,2,7,47.00,5.00,Manager comp,2.10,0.00,44.10,Credit,Visa,9999,SkipTheDishes,completed
2429,#071,2026-05-27,2026-05-27 20:42:23,2026-05-27 21:09:23,takeout,,3,4,92.25,0.00,,4.61,0.00,96.86,Mobile,Apple Pay,9999,,completed
2430,#072,2026-05-27,2026-05-27 20:41:39,2026-05-27 20:56:39,delivery,,4,7,121.25,0.00,,6.06,0.00,127.31,Cash,,,DoorDash,completed
2431,#073,2026-05-27,2026-05-27 20:34:13,2026-05-27 21:16:13,dine_in,10,5,6,140.75,0.00,,7.04,25.33,173.12,Debit,Interac Debit,9999,,completed
2432,#074,2026-05-27,2026-05-27 20:27:47,2026-05-27 20:49:47,takeout,,2,7,59.50,0.00,,2.98,5.95,68.43,Cash,,,,completed
2433,#001,2026-05-28,2026-05-28 11:15:03,2026-05-28 12:03:03,dine_in,4,3,5,124.75,0.00,,6.24,24.95,155.94,Credit,Visa,9999,,completed
2434,#002,2026-05-28,2026-05-28 11:04:03,2026-05-28 12:00:03,dine_in,5,4,1,100.00,0.00,,5.00,18.00,123.00,Cash,,,,completed
2435,#003,2026-05-28,2026-05-28 11:47:36,2026-05-28 11:55:36,delivery,,1,5,25.50,0.00,,1.28,0.00,0.00,Credit,Visa,9999,SkipTheDishes,voided
2436,#004,2026-05-28,2026-05-28 11:16:54,2026-05-28 11:29:54,delivery,,2,5,69.00,10.35,Loyalty,2.93,0.00,61.58,Credit,Visa,9999,UberEats,completed
2437,#005,2026-05-28,2026-05-28 12:50:02,2026-05-28 13:25:02,dine_in,13,1,4,24.50,0.00,,1.23,4.41,30.14,Credit,Visa,9999,,completed
2438,#006,2026-05-28,2026-05-28 12:10:21,2026-05-28 12:15:21,delivery,,1,1,19.00,0.00,,0.95,0.00,19.95,Credit,Visa,9999,DoorDash,completed
2439,#007,2026-05-28,2026-05-28 12:59:10,2026-05-28 13:04:10,delivery,,4,2,107.75,0.00,,5.39,0.00,113.14,Credit,Visa,9999,DoorDash,completed
2440,#008,2026-05-28,2026-05-28 12:36:38,2026-05-28 12:48:38,delivery,,4,2,103.00,0.00,,5.15,0.00,108.15,Credit,Visa,9999,SkipTheDishes,completed
2441,#009,2026-05-28,2026-05-28 12:54:43,2026-05-28 13:18:43,takeout,,1,4,26.50,0.00,,1.33,1.33,29.16,Credit,Visa,9999,,completed
2442,#010,2026-05-28,2026-05-28 12:24:40,2026-05-28 13:29:40,dine_in,15,2,9,41.50,0.00,,2.08,6.22,49.80,Mobile,Apple Pay,9999,,completed
2443,#011,2026-05-28,2026-05-28 12:20:23,2026-05-28 13:16:23,dine_in,8,2,9,47.25,0.00,,2.36,8.50,58.11,Cash,,,,completed
2444,#012,2026-05-28,2026-05-28 12:28:22,2026-05-28 12:50:22,takeout,,1,2,22.75,0.00,,1.14,3.41,27.30,Cash,,,,completed
2445,#013,2026-05-28,2026-05-28 12:01:01,2026-05-28 12:50:01,dine_in,14,4,4,115.25,0.00,,5.76,20.75,141.76,Credit,Visa,9999,,completed
2446,#014,2026-05-28,2026-05-28 12:46:47,2026-05-28 13:25:47,dine_in,10,3,10,88.75,0.00,,4.44,8.88,102.07,Mobile,Google Pay,9999,,completed
2447,#015,2026-05-28,2026-05-28 12:22:13,2026-05-28 13:31:13,dine_in,9,6,1,146.75,14.68,Birthday 10%,6.60,0.00,0.00,Mobile,Apple Pay,9999,,voided
2448,#016,2026-05-28,2026-05-28 12:20:21,2026-05-28 12:25:21,delivery,,3,3,80.25,0.00,,4.01,0.00,84.26,Mobile,Apple Pay,9999,SkipTheDishes,completed
2449,#017,2026-05-28,2026-05-28 12:59:11,2026-05-28 13:08:11,delivery,,3,4,73.50,0.00,,3.68,0.00,77.18,Debit,Interac Debit,9999,SkipTheDishes,completed
2450,#018,2026-05-28,2026-05-28 13:48:47,2026-05-28 14:39:47,dine_in,10,4,9,102.00,0.00,,5.10,20.40,127.50,Credit,Visa,9999,,completed
2451,#019,2026-05-28,2026-05-28 13:35:28,2026-05-28 13:54:28,takeout,,2,10,58.00,0.00,,2.90,0.00,60.90,Debit,Interac Debit,9999,,completed
2452,#020,2026-05-28,2026-05-28 13:45:14,2026-05-28 14:33:14,dine_in,7,3,10,83.00,0.00,,4.15,16.60,103.75,Mobile,Apple Pay,9999,,completed
2453,#021,2026-05-28,2026-05-28 13:15:52,2026-05-28 13:57:52,dine_in,6,4,2,130.00,0.00,,6.50,26.00,162.50,Cash,,,,completed
2454,#022,2026-05-28,2026-05-28 13:18:18,2026-05-28 14:31:18,dine_in,13,5,9,121.25,0.00,,6.06,18.19,145.50,Cash,,,,completed
2455,#023,2026-05-28,2026-05-28 13:07:52,2026-05-28 13:14:52,delivery,,2,4,70.00,0.00,,3.50,0.00,73.50,Credit,Visa,9999,DoorDash,completed
2456,#024,2026-05-28,2026-05-28 13:16:38,2026-05-28 13:27:38,delivery,,2,9,53.00,0.00,,2.65,0.00,55.65,Credit,Visa,9999,SkipTheDishes,completed
2457,#025,2026-05-28,2026-05-28 13:24:00,2026-05-28 13:31:00,delivery,,1,4,19.00,0.00,,0.95,0.00,19.95,Debit,Interac Debit,9999,DoorDash,completed
2458,#026,2026-05-28,2026-05-28 13:01:54,2026-05-28 13:59:54,dine_in,9,3,2,69.75,0.00,,3.49,10.46,83.70,Credit,Visa,9999,,completed
2459,#027,2026-05-28,2026-05-28 14:54:28,2026-05-28 15:40:28,dine_in,14,2,4,44.25,0.00,,2.21,6.64,53.10,Debit,Interac Debit,9999,,completed
2460,#028,2026-05-28,2026-05-28 14:30:43,2026-05-28 15:37:43,dine_in,14,3,10,73.75,0.00,,3.69,13.28,90.72,Debit,Interac Debit,9999,,completed
2461,#029,2026-05-28,2026-05-28 14:05:54,2026-05-28 14:17:54,delivery,,2,3,41.00,0.00,,2.05,0.00,0.00,Cash,,,UberEats,voided
2462,#030,2026-05-28,2026-05-28 15:47:19,2026-05-28 15:58:19,delivery,,1,9,22.75,0.00,,1.14,0.00,23.89,Credit,Visa,9999,UberEats,completed
2463,#031,2026-05-28,2026-05-28 15:00:59,2026-05-28 16:03:59,dine_in,10,5,2,137.00,0.00,,6.85,27.40,171.25,Debit,Interac Debit,9999,,completed
2464,#032,2026-05-28,2026-05-28 15:56:25,2026-05-28 16:11:25,delivery,,1,1,35.75,0.00,,1.79,0.00,37.54,Credit,Visa,9999,UberEats,completed
2465,#033,2026-05-28,2026-05-28 15:58:35,2026-05-28 16:33:35,dine_in,14,2,3,68.50,0.00,,3.43,13.70,85.63,Debit,Interac Debit,9999,,completed
2466,#034,2026-05-28,2026-05-28 16:52:08,2026-05-28 17:21:08,takeout,,1,10,25.75,0.00,,1.29,0.00,27.04,Debit,Interac Debit,9999,,completed
2467,#035,2026-05-28,2026-05-28 16:20:45,2026-05-28 16:38:45,takeout,,1,2,34.00,0.00,,1.70,0.00,35.70,Debit,Interac Debit,9999,,completed
2468,#036,2026-05-28,2026-05-28 16:35:26,2026-05-28 16:45:26,delivery,,4,3,108.50,0.00,,5.43,0.00,113.93,Credit,Visa,9999,UberEats,completed
2469,#037,2026-05-28,2026-05-28 16:56:24,2026-05-28 18:05:24,dine_in,14,4,3,100.75,0.00,,5.04,20.15,125.94,Credit,Visa,9999,,completed
2470,#038,2026-05-28,2026-05-28 16:12:02,2026-05-28 16:38:02,takeout,,1,8,33.00,0.00,,1.65,1.65,36.30,Credit,Visa,9999,,completed
2471,#039,2026-05-28,2026-05-28 16:54:46,2026-05-28 17:23:46,takeout,,2,6,51.00,0.00,,2.55,7.65,61.20,Debit,Interac Debit,9999,,completed
2472,#040,2026-05-28,2026-05-28 17:29:25,2026-05-28 17:40:25,delivery,,4,6,128.75,0.00,,6.44,0.00,135.19,Mobile,Apple Pay,9999,SkipTheDishes,completed
2473,#041,2026-05-28,2026-05-28 17:30:58,2026-05-28 18:43:58,dine_in,12,2,8,65.25,0.00,,3.26,13.05,81.56,Credit,Visa,9999,,completed
2474,#042,2026-05-28,2026-05-28 17:56:34,2026-05-28 19:10:34,dine_in,1,2,6,81.00,0.00,,4.05,0.00,85.05,Credit,Visa,9999,,completed
2475,#043,2026-05-28,2026-05-28 17:03:34,2026-05-28 17:15:34,takeout,,1,4,19.00,0.00,,0.95,0.00,19.95,Cash,,,,completed
2476,#044,2026-05-28,2026-05-28 17:54:53,2026-05-28 18:51:53,dine_in,8,4,2,109.50,0.00,,5.48,27.38,142.36,Credit,Visa,9999,,completed
2477,#045,2026-05-28,2026-05-28 17:34:59,2026-05-28 18:37:59,dine_in,10,4,3,111.50,0.00,,5.58,22.30,139.38,Debit,Interac Debit,9999,,completed
2478,#046,2026-05-28,2026-05-28 17:47:32,2026-05-28 18:53:32,dine_in,5,1,8,41.50,0.00,,2.08,7.47,51.05,Mobile,Apple Pay,9999,,completed
2479,#047,2026-05-28,2026-05-28 17:18:12,2026-05-28 17:32:12,takeout,,1,8,21.50,2.15,Birthday 10%,0.97,0.97,21.29,Credit,Visa,9999,,completed
2480,#048,2026-05-28,2026-05-28 17:00:02,2026-05-28 17:21:02,takeout,,3,8,66.50,0.00,,3.33,0.00,69.83,Credit,Visa,9999,,completed
2481,#049,2026-05-28,2026-05-28 17:17:08,2026-05-28 18:01:08,dine_in,6,3,8,114.75,0.00,,5.74,17.21,137.70,Credit,Visa,9999,,completed
2482,#050,2026-05-28,2026-05-28 18:57:25,2026-05-28 20:12:25,dine_in,12,1,7,19.00,0.00,,0.95,2.85,22.80,Debit,Interac Debit,9999,,refunded
2483,#051,2026-05-28,2026-05-28 18:14:29,2026-05-28 19:03:29,dine_in,7,3,2,64.50,0.00,,3.23,12.90,80.63,Credit,Visa,9999,,completed
2484,#052,2026-05-28,2026-05-28 18:32:07,2026-05-28 19:25:07,dine_in,4,3,7,98.50,0.00,,4.93,0.00,103.43,Debit,Interac Debit,9999,,completed
2485,#053,2026-05-28,2026-05-28 18:34:36,2026-05-28 18:48:36,delivery,,3,3,103.75,0.00,,5.19,0.00,108.94,Cash,,,UberEats,completed
2486,#054,2026-05-28,2026-05-28 18:20:46,2026-05-28 19:17:46,dine_in,12,1,4,22.50,0.00,,1.12,4.05,27.67,Credit,Visa,9999,,completed
2487,#055,2026-05-28,2026-05-28 18:04:17,2026-05-28 19:00:17,dine_in,1,1,3,24.50,0.00,,1.23,3.67,29.40,Credit,Visa,9999,,completed
2488,#056,2026-05-28,2026-05-28 18:47:15,2026-05-28 19:54:15,dine_in,5,4,3,97.50,0.00,,4.88,17.55,119.93,Debit,Interac Debit,9999,,completed
2489,#057,2026-05-28,2026-05-28 18:44:21,2026-05-28 19:14:21,takeout,,1,10,46.50,0.00,,2.33,0.00,48.83,Debit,Interac Debit,9999,,completed
2490,#058,2026-05-28,2026-05-28 18:37:56,2026-05-28 18:42:56,delivery,,1,7,29.00,0.00,,1.45,0.00,30.45,Cash,,,UberEats,completed
2491,#059,2026-05-28,2026-05-28 18:17:07,2026-05-28 18:30:07,takeout,,2,10,41.50,0.00,,2.08,4.15,47.73,Credit,Visa,9999,,completed
2492,#060,2026-05-28,2026-05-28 18:45:42,2026-05-28 18:53:42,delivery,,2,4,60.50,0.00,,3.03,0.00,63.53,Mobile,Apple Pay,9999,DoorDash,completed
2493,#061,2026-05-28,2026-05-28 18:39:58,2026-05-28 19:29:58,dine_in,14,3,6,95.00,0.00,,4.75,17.10,116.85,Credit,Visa,9999,,completed
2494,#062,2026-05-28,2026-05-28 18:28:43,2026-05-28 18:53:43,takeout,,4,8,101.50,0.00,,5.08,0.00,106.58,Debit,Interac Debit,9999,,completed
2495,#063,2026-05-28,2026-05-28 18:01:29,2026-05-28 18:54:29,dine_in,7,4,4,114.50,0.00,,5.73,28.62,148.85,Debit,Interac Debit,9999,,completed
2496,#064,2026-05-28,2026-05-28 18:23:07,2026-05-28 19:18:07,dine_in,7,2,2,55.50,0.00,,2.78,11.10,69.38,Debit,Interac Debit,9999,,completed
2497,#065,2026-05-28,2026-05-28 18:04:32,2026-05-28 19:16:32,dine_in,10,1,8,30.50,0.00,,1.53,5.49,37.52,Mobile,Google Pay,9999,,completed
2498,#066,2026-05-28,2026-05-28 19:20:04,2026-05-28 20:23:04,dine_in,13,5,10,119.75,0.00,,5.99,21.55,147.29,Credit,Visa,9999,,completed
2499,#067,2026-05-28,2026-05-28 19:58:54,2026-05-28 20:48:54,dine_in,6,3,4,92.75,0.00,,4.64,13.91,111.30,Debit,Interac Debit,9999,,completed
2500,#068,2026-05-28,2026-05-28 19:21:44,2026-05-28 20:10:44,dine_in,10,5,6,131.50,0.00,,6.58,19.72,157.80,Credit,Visa,9999,,completed
2501,#069,2026-05-28,2026-05-28 19:53:54,2026-05-28 20:43:54,dine_in,5,2,3,65.00,0.00,,3.25,9.75,78.00,Mobile,Google Pay,9999,,completed
2502,#070,2026-05-28,2026-05-28 19:57:55,2026-05-28 21:11:55,dine_in,8,1,8,26.50,0.00,,1.33,5.30,33.13,Credit,Visa,9999,,completed
2503,#071,2026-05-28,2026-05-28 19:31:02,2026-05-28 19:58:02,takeout,,1,4,24.50,0.00,,1.23,0.00,25.73,Mobile,Apple Pay,9999,,completed
2504,#072,2026-05-28,2026-05-28 19:28:40,2026-05-28 20:28:40,dine_in,8,4,6,106.75,0.00,,5.34,16.01,128.10,Cash,,,,completed
2505,#073,2026-05-28,2026-05-28 19:40:41,2026-05-28 20:42:41,dine_in,14,3,8,61.00,0.00,,3.05,0.00,64.05,Cash,,,,completed
2506,#074,2026-05-28,2026-05-28 19:20:47,2026-05-28 20:27:47,dine_in,6,3,4,102.00,0.00,,5.10,10.20,117.30,Credit,Visa,9999,,completed
2507,#075,2026-05-28,2026-05-28 19:03:39,2026-05-28 20:00:39,dine_in,5,2,8,67.75,0.00,,3.39,13.55,84.69,Credit,Visa,9999,,completed
2508,#076,2026-05-28,2026-05-28 19:31:10,2026-05-28 19:52:10,takeout,,4,3,93.50,0.00,,4.67,0.00,98.17,Mobile,Apple Pay,9999,,completed
2509,#077,2026-05-28,2026-05-28 19:51:40,2026-05-28 20:50:40,dine_in,9,6,6,160.00,0.00,,8.00,24.00,192.00,Cash,,,,completed
2510,#078,2026-05-28,2026-05-28 19:34:16,2026-05-28 20:46:16,dine_in,5,2,3,47.50,0.00,,2.38,8.55,58.43,Debit,Interac Debit,9999,,completed
2511,#079,2026-05-28,2026-05-28 19:11:08,2026-05-28 19:16:08,delivery,,1,2,26.50,0.00,,1.33,0.00,27.83,Credit,Visa,9999,SkipTheDishes,completed
2512,#080,2026-05-28,2026-05-28 19:58:31,2026-05-28 20:59:31,dine_in,8,3,2,113.75,0.00,,5.69,22.75,142.19,Debit,Interac Debit,9999,,completed
2513,#081,2026-05-28,2026-05-28 19:53:26,2026-05-28 20:30:26,dine_in,6,2,10,63.25,0.00,,3.16,15.81,82.22,Debit,Interac Debit,9999,,completed
2514,#082,2026-05-28,2026-05-28 19:01:52,2026-05-28 19:16:52,delivery,,1,2,22.75,0.00,,1.14,0.00,23.89,Credit,Visa,9999,SkipTheDishes,completed
2515,#083,2026-05-28,2026-05-28 19:04:10,2026-05-28 19:41:10,dine_in,10,4,2,90.50,0.00,,4.53,18.10,113.13,Debit,Interac Debit,9999,,completed
2516,#084,2026-05-28,2026-05-28 20:06:23,2026-05-28 20:45:23,dine_in,10,1,7,20.00,0.00,,1.00,3.00,24.00,Credit,Visa,9999,,completed
2517,#085,2026-05-28,2026-05-28 20:07:24,2026-05-28 21:04:24,dine_in,3,2,10,41.50,0.00,,2.08,0.00,43.58,Cash,,,,completed
2518,#086,2026-05-28,2026-05-28 20:03:04,2026-05-28 21:02:04,dine_in,9,3,8,89.00,10.00,Yelp check-in,3.95,19.75,102.70,Credit,Visa,9999,,completed
2519,#087,2026-05-28,2026-05-28 20:24:29,2026-05-28 21:24:29,dine_in,14,1,10,35.50,0.00,,1.78,7.10,44.38,Mobile,Apple Pay,9999,,completed
2520,#088,2026-05-28,2026-05-28 20:21:59,2026-05-28 21:26:59,dine_in,4,2,8,47.75,0.00,,2.39,9.55,59.69,Mobile,Apple Pay,9999,,completed
2521,#089,2026-05-28,2026-05-28 20:11:26,2026-05-28 20:26:26,delivery,,1,3,27.50,0.00,,1.38,0.00,28.88,Credit,Visa,9999,SkipTheDishes,completed
2522,#090,2026-05-28,2026-05-28 20:08:38,2026-05-28 20:50:38,dine_in,13,8,7,193.00,0.00,,9.65,38.60,241.25,Debit,Interac Debit,9999,,completed
2523,#091,2026-05-28,2026-05-28 20:26:28,2026-05-28 20:31:28,delivery,,2,6,60.00,0.00,,3.00,0.00,63.00,Debit,Interac Debit,9999,SkipTheDishes,completed
2524,#001,2026-05-29,2026-05-29 11:50:03,2026-05-29 12:36:03,dine_in,14,3,3,94.00,0.00,,4.70,16.92,115.62,Credit,Visa,9999,,completed
2525,#002,2026-05-29,2026-05-29 11:35:39,2026-05-29 12:45:39,dine_in,14,1,7,22.50,0.00,,1.12,3.38,27.00,Debit,Interac Debit,9999,,completed
2526,#003,2026-05-29,2026-05-29 11:28:30,2026-05-29 12:27:30,dine_in,8,3,8,88.00,0.00,,4.40,17.60,110.00,Debit,Interac Debit,9999,,completed
2527,#004,2026-05-29,2026-05-29 11:58:37,2026-05-29 13:07:37,dine_in,2,1,5,26.00,0.00,,1.30,5.20,32.50,Debit,Interac Debit,9999,,completed
2528,#005,2026-05-29,2026-05-29 11:10:00,2026-05-29 12:05:00,dine_in,1,2,1,68.50,0.00,,3.43,13.70,85.63,Credit,Visa,9999,,completed
2529,#006,2026-05-29,2026-05-29 11:53:23,2026-05-29 12:44:23,dine_in,10,2,1,43.50,0.00,,2.18,7.83,53.51,Debit,Interac Debit,9999,,completed
2530,#007,2026-05-29,2026-05-29 11:13:32,2026-05-29 11:39:32,takeout,,1,5,18.00,0.00,,0.90,0.00,18.90,Mobile,Google Pay,9999,,completed
2531,#008,2026-05-29,2026-05-29 12:53:41,2026-05-29 13:08:41,delivery,,1,1,34.00,0.00,,1.70,0.00,35.70,Debit,Interac Debit,9999,SkipTheDishes,completed
2532,#009,2026-05-29,2026-05-29 12:17:48,2026-05-29 12:28:48,delivery,,4,5,111.75,0.00,,5.59,0.00,117.34,Credit,Visa,9999,UberEats,completed
2533,#010,2026-05-29,2026-05-29 12:20:23,2026-05-29 12:40:23,takeout,,2,2,60.00,0.00,,3.00,0.00,63.00,Credit,Visa,9999,,completed
2534,#011,2026-05-29,2026-05-29 12:59:04,2026-05-29 14:04:04,dine_in,15,1,2,18.00,0.00,,0.90,3.24,22.14,Credit,Visa,9999,,completed
2535,#012,2026-05-29,2026-05-29 12:10:46,2026-05-29 12:23:46,delivery,,3,7,54.00,0.00,,2.70,0.00,56.70,Credit,Visa,9999,SkipTheDishes,completed
2536,#013,2026-05-29,2026-05-29 12:44:58,2026-05-29 13:11:58,takeout,,2,4,71.25,0.00,,3.56,0.00,74.81,Debit,Interac Debit,9999,,completed
2537,#014,2026-05-29,2026-05-29 12:05:44,2026-05-29 12:17:44,delivery,,4,7,104.00,0.00,,5.20,0.00,109.20,Debit,Interac Debit,9999,DoorDash,completed
2538,#015,2026-05-29,2026-05-29 12:19:16,2026-05-29 13:03:16,dine_in,3,2,1,48.50,0.00,,2.43,7.27,58.20,Cash,,,,completed
2539,#016,2026-05-29,2026-05-29 12:12:58,2026-05-29 13:01:58,dine_in,4,3,4,59.50,0.00,,2.98,11.90,74.38,Debit,Interac Debit,9999,,completed
2540,#017,2026-05-29,2026-05-29 12:42:51,2026-05-29 13:51:51,dine_in,6,4,7,98.00,5.00,Loyalty,4.65,16.74,114.39,Credit,Visa,9999,,completed
2541,#018,2026-05-29,2026-05-29 12:51:04,2026-05-29 13:37:04,dine_in,4,1,3,27.50,0.00,,1.38,4.95,33.83,Credit,Visa,9999,,completed
2542,#019,2026-05-29,2026-05-29 12:05:15,2026-05-29 12:41:15,dine_in,1,1,2,23.50,0.00,,1.18,3.52,28.20,Cash,,,,completed
2543,#020,2026-05-29,2026-05-29 12:27:06,2026-05-29 12:48:06,takeout,,1,2,24.50,0.00,,1.23,2.45,28.18,Credit,Visa,9999,,completed
2544,#021,2026-05-29,2026-05-29 12:21:02,2026-05-29 12:47:02,takeout,,2,3,69.00,0.00,,3.45,0.00,72.45,Credit,Visa,9999,,completed
2545,#022,2026-05-29,2026-05-29 13:36:07,2026-05-29 14:18:07,dine_in,14,2,6,69.50,0.00,,3.48,10.42,83.40,Mobile,Google Pay,9999,,completed
2546,#023,2026-05-29,2026-05-29 13:18:22,2026-05-29 14:05:22,dine_in,9,3,8,57.00,0.00,,2.85,10.26,70.11,Credit,Visa,9999,,completed
2547,#024,2026-05-29,2026-05-29 13:53:01,2026-05-29 14:21:01,takeout,,4,5,105.25,0.00,,5.26,5.26,115.77,Debit,Interac Debit,9999,,completed
2548,#025,2026-05-29,2026-05-29 13:32:40,2026-05-29 14:24:40,dine_in,1,2,6,62.00,0.00,,3.10,9.30,74.40,Credit,Visa,9999,,completed
2549,#026,2026-05-29,2026-05-29 13:29:55,2026-05-29 14:37:55,dine_in,5,2,8,39.50,0.00,,1.98,7.90,49.38,Credit,Visa,9999,,completed
2550,#027,2026-05-29,2026-05-29 13:08:19,2026-05-29 14:08:19,dine_in,1,2,6,46.00,0.00,,2.30,8.28,56.58,Credit,Visa,9999,,completed
2551,#028,2026-05-29,2026-05-29 13:40:43,2026-05-29 13:50:43,delivery,,3,6,70.50,0.00,,3.53,0.00,74.03,Credit,Visa,9999,UberEats,completed
2552,#029,2026-05-29,2026-05-29 13:19:15,2026-05-29 14:29:15,dine_in,13,5,7,147.25,0.00,,7.36,22.09,176.70,Credit,Visa,9999,,completed
2553,#030,2026-05-29,2026-05-29 13:33:36,2026-05-29 13:45:36,delivery,,4,7,104.50,0.00,,5.23,0.00,109.73,Credit,Visa,9999,UberEats,completed
2554,#031,2026-05-29,2026-05-29 13:37:54,2026-05-29 13:51:54,delivery,,1,3,25.50,0.00,,1.28,0.00,26.78,Mobile,Apple Pay,9999,DoorDash,completed
2555,#032,2026-05-29,2026-05-29 13:22:49,2026-05-29 14:11:49,dine_in,7,3,4,84.50,0.00,,4.23,16.90,105.63,Credit,Visa,9999,,completed
2556,#033,2026-05-29,2026-05-29 13:10:42,2026-05-29 13:52:42,dine_in,3,2,5,40.00,0.00,,2.00,7.20,49.20,Mobile,Apple Pay,9999,,completed
2557,#034,2026-05-29,2026-05-29 13:15:28,2026-05-29 13:34:28,takeout,,1,6,20.50,0.00,,1.03,0.00,21.53,Credit,Visa,9999,,completed
2558,#035,2026-05-29,2026-05-29 14:53:35,2026-05-29 15:44:35,dine_in,7,4,1,101.00,5.00,Google review promo,4.80,19.20,120.00,Credit,Visa,9999,,completed
2559,#036,2026-05-29,2026-05-29 14:18:06,2026-05-29 15:03:06,dine_in,11,2,1,51.50,10.00,Yelp check-in,2.08,8.30,51.88,Credit,Visa,9999,,completed
2560,#037,2026-05-29,2026-05-29 14:13:28,2026-05-29 15:15:28,dine_in,9,2,2,38.00,0.00,,1.90,7.60,47.50,Credit,Visa,9999,,completed
2561,#038,2026-05-29,2026-05-29 14:56:32,2026-05-29 15:07:32,delivery,,1,5,39.00,0.00,,1.95,0.00,40.95,Debit,Interac Debit,9999,UberEats,completed
2562,#039,2026-05-29,2026-05-29 14:11:02,2026-05-29 14:23:02,takeout,,2,6,48.50,0.00,,2.43,2.43,53.36,Credit,Visa,9999,,completed
2563,#040,2026-05-29,2026-05-29 14:12:08,2026-05-29 14:18:08,delivery,,2,4,68.25,0.00,,3.41,0.00,71.66,Credit,Visa,9999,SkipTheDishes,completed
2564,#041,2026-05-29,2026-05-29 14:40:47,2026-05-29 14:54:47,takeout,,2,7,57.50,0.00,,2.88,8.62,69.00,Credit,Visa,9999,,completed
2565,#042,2026-05-29,2026-05-29 15:46:43,2026-05-29 15:55:43,delivery,,2,7,52.00,0.00,,2.60,0.00,54.60,Cash,,,DoorDash,completed
2566,#043,2026-05-29,2026-05-29 15:59:42,2026-05-29 16:25:42,takeout,,4,2,93.00,0.00,,4.65,4.65,102.30,Credit,Visa,9999,,completed
2567,#044,2026-05-29,2026-05-29 16:29:46,2026-05-29 17:36:46,dine_in,8,2,7,56.50,0.00,,2.83,10.17,69.50,Debit,Interac Debit,9999,,completed
2568,#045,2026-05-29,2026-05-29 16:09:07,2026-05-29 16:46:07,dine_in,13,5,2,145.00,0.00,,7.25,26.10,178.35,Mobile,Google Pay,9999,,completed
2569,#046,2026-05-29,2026-05-29 16:01:43,2026-05-29 16:14:43,delivery,,3,3,85.25,0.00,,4.26,0.00,89.51,Mobile,Google Pay,9999,SkipTheDishes,completed
2570,#047,2026-05-29,2026-05-29 16:39:43,2026-05-29 17:27:43,dine_in,15,2,1,82.50,0.00,,4.12,14.85,101.47,Debit,Interac Debit,9999,,completed
2571,#048,2026-05-29,2026-05-29 16:47:46,2026-05-29 17:54:46,dine_in,4,2,3,43.00,0.00,,2.15,7.74,52.89,Credit,Visa,9999,,completed
2572,#049,2026-05-29,2026-05-29 17:49:20,2026-05-29 18:11:20,takeout,,1,1,23.50,0.00,,1.18,1.18,25.86,Credit,Visa,9999,,completed
2573,#050,2026-05-29,2026-05-29 17:24:50,2026-05-29 18:18:50,dine_in,14,4,6,112.75,0.00,,5.64,20.29,138.68,Debit,Interac Debit,9999,,completed
2574,#051,2026-05-29,2026-05-29 17:49:55,2026-05-29 18:56:55,dine_in,4,3,4,71.75,0.00,,3.59,14.35,89.69,Cash,,,,completed
2575,#052,2026-05-29,2026-05-29 17:07:23,2026-05-29 18:20:23,dine_in,9,3,3,96.00,0.00,,4.80,17.28,118.08,Cash,,,,completed
2576,#053,2026-05-29,2026-05-29 17:54:06,2026-05-29 18:48:06,dine_in,4,2,7,46.75,0.00,,2.34,4.67,53.76,Credit,Visa,9999,,completed
2577,#054,2026-05-29,2026-05-29 17:29:44,2026-05-29 18:28:44,dine_in,15,2,3,48.00,0.00,,2.40,8.64,59.04,Credit,Visa,9999,,completed
2578,#055,2026-05-29,2026-05-29 17:07:05,2026-05-29 17:16:05,delivery,,2,1,69.00,0.00,,3.45,0.00,72.45,Cash,,,SkipTheDishes,completed
2579,#056,2026-05-29,2026-05-29 17:03:21,2026-05-29 18:09:21,dine_in,13,3,3,74.75,0.00,,3.74,11.21,89.70,Credit,Visa,9999,,completed
2580,#057,2026-05-29,2026-05-29 17:20:44,2026-05-29 18:35:44,dine_in,6,2,6,43.00,0.00,,2.15,6.45,51.60,Cash,,,,completed
2581,#058,2026-05-29,2026-05-29 17:23:12,2026-05-29 17:47:12,takeout,,1,5,28.50,0.00,,1.43,0.00,29.93,Debit,Interac Debit,9999,,completed
2582,#059,2026-05-29,2026-05-29 17:19:00,2026-05-29 17:59:00,dine_in,9,5,7,152.25,0.00,,7.61,30.45,190.31,Debit,Interac Debit,9999,,completed
2583,#060,2026-05-29,2026-05-29 18:29:46,2026-05-29 18:48:46,takeout,,1,6,23.50,0.00,,1.18,0.00,24.68,Credit,Visa,9999,,completed
2584,#061,2026-05-29,2026-05-29 18:17:18,2026-05-29 19:20:18,dine_in,13,2,6,60.00,0.00,,3.00,12.00,75.00,Debit,Interac Debit,9999,,completed
2585,#062,2026-05-29,2026-05-29 18:07:20,2026-05-29 19:10:20,dine_in,10,1,7,41.50,0.00,,2.08,8.30,51.88,Mobile,Google Pay,9999,,completed
2586,#063,2026-05-29,2026-05-29 18:34:28,2026-05-29 19:36:28,dine_in,13,3,1,71.75,0.00,,3.59,17.94,93.28,Cash,,,,completed
2587,#064,2026-05-29,2026-05-29 18:05:50,2026-05-29 19:04:50,dine_in,4,2,2,49.50,0.00,,2.48,9.90,61.88,Mobile,Apple Pay,9999,,completed
2588,#065,2026-05-29,2026-05-29 18:29:32,2026-05-29 18:34:32,delivery,,2,1,55.75,0.00,,2.79,0.00,58.54,Debit,Interac Debit,9999,DoorDash,completed
2589,#066,2026-05-29,2026-05-29 18:45:41,2026-05-29 19:01:41,takeout,,1,5,23.00,0.00,,1.15,3.45,27.60,Mobile,Google Pay,9999,,completed
2590,#067,2026-05-29,2026-05-29 18:47:16,2026-05-29 18:53:16,delivery,,3,2,63.00,5.00,Yelp check-in,2.90,0.00,60.90,Credit,Visa,9999,UberEats,completed
2591,#068,2026-05-29,2026-05-29 18:06:38,2026-05-29 18:26:38,takeout,,2,5,53.50,0.00,,2.68,0.00,56.18,Debit,Interac Debit,9999,,completed
2592,#069,2026-05-29,2026-05-29 18:46:51,2026-05-29 18:58:51,delivery,,1,7,24.00,0.00,,1.20,0.00,25.20,Credit,Visa,9999,DoorDash,completed
2593,#070,2026-05-29,2026-05-29 18:43:09,2026-05-29 19:46:09,dine_in,12,2,6,59.50,0.00,,2.98,14.88,77.36,Mobile,Apple Pay,9999,,completed
2594,#071,2026-05-29,2026-05-29 18:34:14,2026-05-29 18:46:14,delivery,,4,6,120.25,0.00,,6.01,0.00,126.26,Debit,Interac Debit,9999,UberEats,completed
2595,#072,2026-05-29,2026-05-29 18:51:43,2026-05-29 19:11:43,takeout,,1,7,34.00,0.00,,1.70,0.00,35.70,Credit,Visa,9999,,completed
2596,#073,2026-05-29,2026-05-29 18:44:00,2026-05-29 18:57:00,delivery,,1,6,28.50,0.00,,1.43,0.00,29.93,Credit,Visa,9999,DoorDash,completed
2597,#074,2026-05-29,2026-05-29 19:42:27,2026-05-29 19:49:27,delivery,,1,6,36.00,0.00,,1.80,0.00,37.80,Credit,Visa,9999,DoorDash,completed
2598,#075,2026-05-29,2026-05-29 19:51:14,2026-05-29 20:56:14,dine_in,8,3,5,81.00,0.00,,4.05,8.10,93.15,Debit,Interac Debit,9999,,completed
2599,#076,2026-05-29,2026-05-29 19:26:05,2026-05-29 20:11:05,dine_in,4,2,6,50.75,0.00,,2.54,10.15,63.44,Debit,Interac Debit,9999,,completed
2600,#077,2026-05-29,2026-05-29 19:24:16,2026-05-29 20:34:16,dine_in,12,2,2,76.50,0.00,,3.83,0.00,80.33,Debit,Interac Debit,9999,,completed
2601,#078,2026-05-29,2026-05-29 19:10:49,2026-05-29 20:03:49,dine_in,4,4,3,88.75,0.00,,4.44,17.75,110.94,Credit,Visa,9999,,completed
2602,#079,2026-05-29,2026-05-29 19:38:34,2026-05-29 20:20:34,dine_in,6,2,5,50.25,0.00,,2.51,5.03,57.79,Credit,Visa,9999,,completed
2603,#080,2026-05-29,2026-05-29 19:40:50,2026-05-29 20:53:50,dine_in,10,2,4,70.00,0.00,,3.50,14.00,87.50,Debit,Interac Debit,9999,,completed
2604,#081,2026-05-29,2026-05-29 19:42:35,2026-05-29 19:50:35,delivery,,1,6,23.00,0.00,,1.15,0.00,24.15,Credit,Visa,9999,UberEats,completed
2605,#082,2026-05-29,2026-05-29 19:00:55,2026-05-29 20:01:55,dine_in,14,2,1,59.50,0.00,,2.98,8.92,71.40,Debit,Interac Debit,9999,,completed
2606,#083,2026-05-29,2026-05-29 19:41:01,2026-05-29 20:42:01,dine_in,9,5,2,130.75,0.00,,6.54,13.08,150.37,Credit,Visa,9999,,completed
2607,#084,2026-05-29,2026-05-29 19:14:01,2026-05-29 20:25:01,dine_in,14,2,1,67.00,0.00,,3.35,12.06,82.41,Cash,,,,completed
2608,#085,2026-05-29,2026-05-29 19:30:44,2026-05-29 20:15:44,dine_in,12,1,3,23.75,0.00,,1.19,4.27,29.21,Cash,,,,completed
2609,#086,2026-05-29,2026-05-29 19:38:13,2026-05-29 20:42:13,dine_in,13,7,2,234.50,0.00,,11.73,42.21,288.44,Credit,Visa,9999,,completed
2610,#087,2026-05-29,2026-05-29 19:56:42,2026-05-29 20:53:42,dine_in,3,2,3,71.50,0.00,,3.58,12.87,87.95,Credit,Visa,9999,,completed
2611,#088,2026-05-29,2026-05-29 19:49:14,2026-05-29 20:44:14,dine_in,9,5,4,124.75,0.00,,6.24,22.45,153.44,Debit,Interac Debit,9999,,completed
2612,#089,2026-05-29,2026-05-29 19:25:03,2026-05-29 20:12:03,dine_in,5,2,3,54.00,0.00,,2.70,9.72,66.42,Cash,,,,completed
2613,#090,2026-05-29,2026-05-29 19:07:45,2026-05-29 19:29:45,takeout,,1,6,23.75,0.00,,1.19,0.00,0.00,Debit,Interac Debit,9999,,voided
2614,#091,2026-05-29,2026-05-29 19:54:29,2026-05-29 20:34:29,dine_in,12,2,5,53.25,0.00,,2.66,13.31,69.22,Credit,Visa,9999,,completed
2615,#092,2026-05-29,2026-05-29 19:18:09,2026-05-29 19:35:09,takeout,,2,8,43.75,0.00,,2.19,4.38,50.32,Credit,Visa,9999,,completed
2616,#093,2026-05-29,2026-05-29 19:16:53,2026-05-29 19:55:53,dine_in,10,3,8,112.00,0.00,,5.60,20.16,137.76,Cash,,,,completed
2617,#094,2026-05-29,2026-05-29 20:59:30,2026-05-29 21:12:30,takeout,,2,6,45.50,0.00,,2.27,6.83,54.60,Credit,Visa,9999,,completed
2618,#095,2026-05-29,2026-05-29 20:21:34,2026-05-29 20:30:34,delivery,,1,8,29.50,0.00,,1.48,0.00,30.98,Cash,,,SkipTheDishes,completed
2619,#096,2026-05-29,2026-05-29 20:52:20,2026-05-29 21:40:20,dine_in,5,2,6,53.50,0.00,,2.68,13.38,69.56,Debit,Interac Debit,9999,,completed
2620,#097,2026-05-29,2026-05-29 20:21:02,2026-05-29 20:32:02,delivery,,2,8,51.25,0.00,,2.56,0.00,53.81,Credit,Visa,9999,SkipTheDishes,completed
2621,#098,2026-05-29,2026-05-29 20:55:07,2026-05-29 21:33:07,dine_in,7,2,6,93.50,0.00,,4.67,14.03,112.20,Debit,Interac Debit,9999,,completed
2622,#099,2026-05-29,2026-05-29 20:23:08,2026-05-29 20:38:08,delivery,,3,5,64.00,0.00,,3.20,0.00,67.20,Credit,Visa,9999,DoorDash,completed
2623,#100,2026-05-29,2026-05-29 20:41:39,2026-05-29 21:56:39,dine_in,7,2,2,68.25,0.00,,3.41,12.29,83.95,Debit,Interac Debit,9999,,completed
2624,#101,2026-05-29,2026-05-29 20:31:56,2026-05-29 21:11:56,dine_in,10,5,6,106.00,0.00,,5.30,21.20,132.50,Cash,,,,completed
2625,#102,2026-05-29,2026-05-29 20:26:55,2026-05-29 21:04:55,dine_in,12,2,4,50.75,0.00,,2.54,10.15,63.44,Debit,Interac Debit,9999,,completed
2626,#103,2026-05-29,2026-05-29 20:04:39,2026-05-29 20:46:39,dine_in,15,2,3,37.00,0.00,,1.85,5.55,44.40,Cash,,,,completed
2627,#001,2026-05-30,2026-05-30 11:49:01,2026-05-30 13:00:01,dine_in,12,2,4,55.25,27.62,Staff meal 50%,1.38,5.53,34.54,Credit,Visa,9999,,completed
2628,#002,2026-05-30,2026-05-30 11:38:28,2026-05-30 12:35:28,dine_in,10,4,5,100.50,0.00,,5.03,15.07,120.60,Mobile,Google Pay,9999,,completed
2629,#003,2026-05-30,2026-05-30 11:50:53,2026-05-30 12:27:53,dine_in,4,3,6,109.50,0.00,,5.48,21.90,136.88,Credit,Visa,9999,,completed
2630,#004,2026-05-30,2026-05-30 11:36:38,2026-05-30 11:57:38,takeout,,3,7,72.50,0.00,,3.62,3.62,79.74,Debit,Interac Debit,9999,,completed
2631,#005,2026-05-30,2026-05-30 11:16:05,2026-05-30 12:21:05,dine_in,13,2,2,52.50,0.00,,2.62,9.45,64.57,Mobile,Google Pay,9999,,completed
2632,#006,2026-05-30,2026-05-30 11:05:38,2026-05-30 11:14:38,delivery,,3,3,73.75,0.00,,3.69,0.00,77.44,Credit,Visa,9999,SkipTheDishes,completed
2633,#007,2026-05-30,2026-05-30 12:10:03,2026-05-30 13:07:03,dine_in,6,4,6,93.75,0.00,,4.69,16.88,115.32,Credit,Visa,9999,,completed
2634,#008,2026-05-30,2026-05-30 12:47:34,2026-05-30 13:40:34,dine_in,10,4,6,94.00,0.00,,4.70,16.92,115.62,Mobile,Google Pay,9999,,completed
2635,#009,2026-05-30,2026-05-30 12:09:22,2026-05-30 13:05:22,dine_in,13,2,6,49.50,4.95,Birthday 10%,2.23,6.68,53.46,Mobile,Google Pay,9999,,completed
2636,#010,2026-05-30,2026-05-30 12:16:09,2026-05-30 13:29:09,dine_in,5,3,7,79.00,0.00,,3.95,15.80,98.75,Debit,Interac Debit,9999,,completed
2637,#011,2026-05-30,2026-05-30 12:58:26,2026-05-30 13:06:26,delivery,,1,7,28.50,0.00,,1.43,0.00,29.93,Credit,Visa,9999,DoorDash,completed
2638,#012,2026-05-30,2026-05-30 12:41:41,2026-05-30 13:47:41,dine_in,6,2,7,48.50,0.00,,2.43,8.73,59.66,Cash,,,,completed
2639,#013,2026-05-30,2026-05-30 12:55:00,2026-05-30 13:03:00,delivery,,2,7,60.50,0.00,,3.03,0.00,63.53,Credit,Visa,9999,SkipTheDishes,completed
2640,#014,2026-05-30,2026-05-30 12:34:45,2026-05-30 13:21:45,dine_in,12,2,5,54.75,0.00,,2.74,9.86,67.35,Debit,Interac Debit,9999,,completed
2641,#015,2026-05-30,2026-05-30 12:47:06,2026-05-30 13:51:06,dine_in,8,3,3,70.50,0.00,,3.53,17.62,91.65,Debit,Interac Debit,9999,,completed
2642,#016,2026-05-30,2026-05-30 12:36:08,2026-05-30 12:50:08,delivery,,2,7,60.50,0.00,,3.03,0.00,63.53,Credit,Visa,9999,SkipTheDishes,completed
2643,#017,2026-05-30,2026-05-30 12:50:46,2026-05-30 13:53:46,dine_in,6,2,6,38.75,0.00,,1.94,7.75,48.44,Cash,,,,completed
2644,#018,2026-05-30,2026-05-30 12:58:56,2026-05-30 13:09:56,delivery,,2,7,47.00,0.00,,2.35,0.00,49.35,Cash,,,DoorDash,completed
2645,#019,2026-05-30,2026-05-30 12:33:53,2026-05-30 12:38:53,delivery,,2,1,55.50,0.00,,2.78,0.00,0.00,Credit,Visa,9999,UberEats,voided
2646,#020,2026-05-30,2026-05-30 12:34:42,2026-05-30 13:47:42,dine_in,2,2,3,49.50,0.00,,2.48,8.91,60.89,Debit,Interac Debit,9999,,completed
2647,#021,2026-05-30,2026-05-30 12:48:35,2026-05-30 13:01:35,delivery,,2,4,42.50,0.00,,2.12,0.00,44.62,Credit,Visa,9999,DoorDash,completed
2648,#022,2026-05-30,2026-05-30 12:52:46,2026-05-30 14:03:46,dine_in,7,4,4,108.50,0.00,,5.43,21.70,135.63,Credit,Visa,9999,,completed
2649,#023,2026-05-30,2026-05-30 12:25:46,2026-05-30 13:08:46,dine_in,10,2,7,49.00,0.00,,2.45,7.35,58.80,Credit,Visa,9999,,completed
2650,#024,2026-05-30,2026-05-30 13:11:43,2026-05-30 14:17:43,dine_in,10,2,1,47.50,10.00,Google review promo,1.88,9.38,48.76,Debit,Interac Debit,9999,,completed
2651,#025,2026-05-30,2026-05-30 13:41:51,2026-05-30 14:43:51,dine_in,10,5,2,134.00,0.00,,6.70,0.00,140.70,Credit,Visa,9999,,completed
2652,#026,2026-05-30,2026-05-30 13:57:15,2026-05-30 14:21:15,takeout,,3,7,69.25,0.00,,3.46,0.00,0.00,Credit,Visa,9999,,voided
2653,#027,2026-05-30,2026-05-30 13:50:45,2026-05-30 15:02:45,dine_in,4,2,6,63.00,0.00,,3.15,12.60,78.75,Credit,Visa,9999,,completed
2654,#028,2026-05-30,2026-05-30 13:51:15,2026-05-30 14:51:15,dine_in,10,3,1,68.50,0.00,,3.43,17.12,89.05,Debit,Interac Debit,9999,,completed
2655,#029,2026-05-30,2026-05-30 13:31:38,2026-05-30 14:34:38,dine_in,13,5,5,123.50,0.00,,6.18,22.23,151.91,Credit,Visa,9999,,completed
2656,#030,2026-05-30,2026-05-30 13:54:58,2026-05-30 14:00:58,delivery,,1,6,23.50,0.00,,1.18,0.00,24.68,Credit,Visa,9999,DoorDash,completed
2657,#031,2026-05-30,2026-05-30 13:02:21,2026-05-30 13:40:21,dine_in,2,2,3,49.00,0.00,,2.45,8.82,60.27,Credit,Visa,9999,,completed
2658,#032,2026-05-30,2026-05-30 13:38:36,2026-05-30 14:33:36,dine_in,11,2,4,74.00,0.00,,3.70,14.80,92.50,Debit,Interac Debit,9999,,completed
2659,#033,2026-05-30,2026-05-30 13:44:34,2026-05-30 14:46:34,dine_in,13,3,7,75.50,0.00,,3.78,15.10,94.38,Credit,Visa,9999,,completed
2660,#034,2026-05-30,2026-05-30 13:33:33,2026-05-30 13:58:33,takeout,,3,3,73.75,0.00,,3.69,0.00,77.44,Cash,,,,completed
2661,#035,2026-05-30,2026-05-30 13:29:04,2026-05-30 14:11:04,dine_in,12,1,8,18.00,0.00,,0.90,2.70,21.60,Mobile,Google Pay,9999,,completed
2662,#036,2026-05-30,2026-05-30 13:00:39,2026-05-30 13:30:39,takeout,,2,8,73.00,0.00,,3.65,0.00,76.65,Cash,,,,completed
2663,#037,2026-05-30,2026-05-30 13:19:02,2026-05-30 14:19:02,dine_in,4,3,7,85.50,0.00,,4.28,17.10,106.88,Cash,,,,completed
2664,#038,2026-05-30,2026-05-30 13:19:09,2026-05-30 13:55:09,dine_in,14,2,5,41.50,0.00,,2.08,8.30,51.88,Credit,Visa,9999,,completed
2665,#039,2026-05-30,2026-05-30 14:57:44,2026-05-30 15:07:44,delivery,,4,8,95.25,0.00,,4.76,0.00,100.01,Cash,,,UberEats,completed
2666,#040,2026-05-30,2026-05-30 14:19:50,2026-05-30 15:34:50,dine_in,14,2,1,48.00,0.00,,2.40,8.64,59.04,Credit,Visa,9999,,completed
2667,#041,2026-05-30,2026-05-30 14:48:48,2026-05-30 15:24:48,dine_in,6,1,6,23.50,0.00,,1.18,4.23,28.91,Mobile,Apple Pay,9999,,completed
2668,#042,2026-05-30,2026-05-30 15:09:41,2026-05-30 16:05:41,dine_in,9,2,7,52.00,5.20,Birthday 10%,2.34,8.42,57.56,Credit,Visa,9999,,completed
2669,#043,2026-05-30,2026-05-30 15:02:17,2026-05-30 15:40:17,dine_in,14,2,3,62.00,0.00,,3.10,11.16,76.26,Credit,Visa,9999,,completed
2670,#044,2026-05-30,2026-05-30 15:57:58,2026-05-30 16:45:58,dine_in,7,3,6,70.50,0.00,,3.53,12.69,86.72,Debit,Interac Debit,9999,,completed
2671,#045,2026-05-30,2026-05-30 15:56:43,2026-05-30 17:08:43,dine_in,9,5,2,129.00,0.00,,6.45,19.35,154.80,Debit,Interac Debit,9999,,completed
2672,#046,2026-05-30,2026-05-30 15:13:05,2026-05-30 15:20:05,delivery,,4,6,93.00,0.00,,4.65,0.00,97.65,Debit,Interac Debit,9999,DoorDash,completed
2673,#047,2026-05-30,2026-05-30 15:31:43,2026-05-30 16:23:43,dine_in,4,3,3,68.50,0.00,,3.43,13.70,85.63,Debit,Interac Debit,9999,,completed
2674,#048,2026-05-30,2026-05-30 15:21:32,2026-05-30 16:14:32,dine_in,9,5,7,158.25,0.00,,7.91,0.00,0.00,Credit,Visa,9999,,voided
2675,#049,2026-05-30,2026-05-30 15:14:33,2026-05-30 16:07:33,dine_in,7,3,4,104.50,0.00,,5.23,18.81,128.54,Credit,Visa,9999,,completed
2676,#050,2026-05-30,2026-05-30 16:07:56,2026-05-30 17:07:56,dine_in,10,2,6,56.50,0.00,,2.83,10.17,69.50,Cash,,,,completed
2677,#051,2026-05-30,2026-05-30 16:22:57,2026-05-30 16:51:57,takeout,,1,2,18.00,0.00,,0.90,0.00,0.00,Mobile,Google Pay,9999,,voided
2678,#052,2026-05-30,2026-05-30 16:45:57,2026-05-30 16:52:57,delivery,,1,1,20.00,0.00,,1.00,0.00,21.00,Credit,Visa,9999,DoorDash,completed
2679,#053,2026-05-30,2026-05-30 16:20:59,2026-05-30 16:29:59,delivery,,1,8,24.50,0.00,,1.23,0.00,25.73,Debit,Interac Debit,9999,SkipTheDishes,completed
2680,#054,2026-05-30,2026-05-30 16:50:50,2026-05-30 17:05:50,delivery,,2,8,52.75,0.00,,2.64,0.00,55.39,Credit,Visa,9999,DoorDash,completed
2681,#055,2026-05-30,2026-05-30 16:14:39,2026-05-30 17:20:39,dine_in,5,1,1,38.00,0.00,,1.90,7.60,47.50,Cash,,,,completed
2682,#056,2026-05-30,2026-05-30 16:05:07,2026-05-30 17:17:07,dine_in,12,1,7,21.75,0.00,,1.09,3.26,26.10,Cash,,,,completed
2683,#057,2026-05-30,2026-05-30 16:45:17,2026-05-30 17:45:17,dine_in,4,3,8,81.75,0.00,,4.09,16.35,102.19,Credit,Visa,9999,,completed
2684,#058,2026-05-30,2026-05-30 16:33:10,2026-05-30 16:57:10,takeout,,2,4,54.00,0.00,,2.70,0.00,56.70,Cash,,,,completed
2685,#059,2026-05-30,2026-05-30 17:31:21,2026-05-30 18:07:21,dine_in,8,1,8,42.50,4.25,Birthday 10%,1.91,5.74,45.90,Credit,Visa,9999,,completed
2686,#060,2026-05-30,2026-05-30 17:39:38,2026-05-30 18:25:38,dine_in,14,2,7,53.25,0.00,,2.66,10.65,66.56,Cash,,,,completed
2687,#061,2026-05-30,2026-05-30 17:25:01,2026-05-30 18:32:01,dine_in,10,3,4,79.75,0.00,,3.99,15.95,99.69,Debit,Interac Debit,9999,,completed
2688,#062,2026-05-30,2026-05-30 17:23:09,2026-05-30 18:03:09,dine_in,4,2,1,54.25,0.00,,2.71,9.76,66.72,Cash,,,,completed
2689,#063,2026-05-30,2026-05-30 17:44:13,2026-05-30 18:02:13,takeout,,1,1,29.50,0.00,,1.48,0.00,30.98,Mobile,Apple Pay,9999,,completed
2690,#064,2026-05-30,2026-05-30 17:43:36,2026-05-30 18:48:36,dine_in,14,3,6,97.75,0.00,,4.89,19.55,122.19,Debit,Interac Debit,9999,,completed
2691,#065,2026-05-30,2026-05-30 17:41:25,2026-05-30 18:53:25,dine_in,12,2,7,56.25,0.00,,2.81,8.44,67.50,Credit,Visa,9999,,completed
2692,#066,2026-05-30,2026-05-30 17:47:50,2026-05-30 18:58:50,dine_in,6,3,3,102.25,0.00,,5.11,15.34,122.70,Cash,,,,completed
2693,#067,2026-05-30,2026-05-30 17:53:31,2026-05-30 18:32:31,dine_in,14,2,2,55.75,0.00,,2.79,10.04,68.58,Debit,Interac Debit,9999,,completed
2694,#068,2026-05-30,2026-05-30 17:31:59,2026-05-30 18:41:59,dine_in,8,3,3,79.75,0.00,,3.99,15.95,99.69,Debit,Interac Debit,9999,,completed
2695,#069,2026-05-30,2026-05-30 17:28:16,2026-05-30 17:56:16,takeout,,3,8,73.00,0.00,,3.65,10.95,87.60,Debit,Interac Debit,9999,,completed
2696,#070,2026-05-30,2026-05-30 17:47:53,2026-05-30 18:27:53,dine_in,9,4,1,96.75,0.00,,4.84,14.51,116.10,Cash,,,,completed
2697,#071,2026-05-30,2026-05-30 17:04:37,2026-05-30 18:15:37,dine_in,2,2,1,51.50,0.00,,2.58,0.00,54.08,Debit,Interac Debit,9999,,completed
2698,#072,2026-05-30,2026-05-30 17:42:59,2026-05-30 18:35:59,dine_in,9,3,6,65.00,0.00,,3.25,13.00,81.25,Credit,Visa,9999,,completed
2699,#073,2026-05-30,2026-05-30 17:46:27,2026-05-30 17:59:27,delivery,,2,5,56.50,0.00,,2.83,0.00,59.33,Debit,Interac Debit,9999,UberEats,completed
2700,#074,2026-05-30,2026-05-30 17:15:15,2026-05-30 17:36:15,takeout,,2,7,47.50,0.00,,2.38,0.00,0.00,Credit,Visa,9999,,voided
2701,#075,2026-05-30,2026-05-30 17:05:21,2026-05-30 18:13:21,dine_in,13,6,6,171.50,0.00,,8.58,34.30,214.38,Credit,Visa,9999,,completed
2702,#076,2026-05-30,2026-05-30 18:55:41,2026-05-30 19:33:41,dine_in,13,4,7,92.75,0.00,,4.64,23.19,120.58,Debit,Interac Debit,9999,,completed
2703,#077,2026-05-30,2026-05-30 18:17:58,2026-05-30 19:08:58,dine_in,7,1,5,20.00,0.00,,1.00,3.00,24.00,Credit,Visa,9999,,completed
2704,#078,2026-05-30,2026-05-30 18:54:47,2026-05-30 20:04:47,dine_in,9,2,6,44.50,0.00,,2.23,8.01,54.74,Credit,Visa,9999,,completed
2705,#079,2026-05-30,2026-05-30 18:34:13,2026-05-30 19:40:13,dine_in,5,2,5,63.50,0.00,,3.18,9.53,76.21,Credit,Visa,9999,,completed
2706,#080,2026-05-30,2026-05-30 18:41:42,2026-05-30 18:47:42,delivery,,1,8,35.00,0.00,,1.75,0.00,36.75,Mobile,Apple Pay,9999,SkipTheDishes,completed
2707,#081,2026-05-30,2026-05-30 18:47:28,2026-05-30 19:03:28,takeout,,2,6,41.00,0.00,,2.05,6.15,49.20,Cash,,,,completed
2708,#082,2026-05-30,2026-05-30 18:56:05,2026-05-30 20:05:05,dine_in,4,3,5,83.00,0.00,,4.15,20.75,107.90,Credit,Visa,9999,,completed
2709,#083,2026-05-30,2026-05-30 18:48:14,2026-05-30 19:00:14,delivery,,2,8,56.25,0.00,,2.81,0.00,59.06,Debit,Interac Debit,9999,SkipTheDishes,completed
2710,#084,2026-05-30,2026-05-30 18:53:48,2026-05-30 20:03:48,dine_in,14,4,6,139.50,0.00,,6.98,27.90,174.38,Credit,Visa,9999,,completed
2711,#085,2026-05-30,2026-05-30 18:47:53,2026-05-30 19:44:53,dine_in,10,3,7,76.25,0.00,,3.81,15.25,95.31,Mobile,Apple Pay,9999,,completed
2712,#086,2026-05-30,2026-05-30 18:13:53,2026-05-30 18:28:53,delivery,,2,2,45.50,0.00,,2.27,0.00,47.77,Debit,Interac Debit,9999,SkipTheDishes,completed
2713,#087,2026-05-30,2026-05-30 18:02:09,2026-05-30 18:27:09,takeout,,3,5,81.50,0.00,,4.08,4.08,89.66,Credit,Visa,9999,,completed
2714,#088,2026-05-30,2026-05-30 18:56:01,2026-05-30 19:01:01,delivery,,1,3,34.75,0.00,,1.74,0.00,36.49,Mobile,Google Pay,9999,DoorDash,completed
2715,#089,2026-05-30,2026-05-30 18:57:26,2026-05-30 19:46:26,dine_in,13,6,2,166.75,0.00,,8.34,33.35,208.44,Credit,Visa,9999,,completed
2716,#090,2026-05-30,2026-05-30 18:33:19,2026-05-30 19:48:19,dine_in,4,3,4,86.00,0.00,,4.30,15.48,105.78,Credit,Visa,9999,,completed
2717,#091,2026-05-30,2026-05-30 18:53:57,2026-05-30 19:32:57,dine_in,9,3,5,77.50,10.00,Yelp check-in,3.38,10.12,81.00,Credit,Visa,9999,,completed
2718,#092,2026-05-30,2026-05-30 19:08:46,2026-05-30 20:12:46,dine_in,8,3,8,80.25,12.04,Yelp check-in,3.41,13.64,85.26,Credit,Visa,9999,,completed
2719,#093,2026-05-30,2026-05-30 19:51:40,2026-05-30 20:09:40,takeout,,1,6,33.00,5.00,Manager comp,1.40,4.20,33.60,Credit,Visa,9999,,completed
2720,#094,2026-05-30,2026-05-30 19:53:17,2026-05-30 21:03:17,dine_in,14,4,5,105.75,0.00,,5.29,15.86,126.90,Debit,Interac Debit,9999,,completed
2721,#095,2026-05-30,2026-05-30 19:50:02,2026-05-30 20:45:02,dine_in,6,2,3,55.75,0.00,,2.79,10.04,68.58,Credit,Visa,9999,,completed
2722,#096,2026-05-30,2026-05-30 19:08:25,2026-05-30 20:11:25,dine_in,9,3,2,80.50,0.00,,4.03,12.07,96.60,Debit,Interac Debit,9999,,completed
2723,#097,2026-05-30,2026-05-30 19:06:06,2026-05-30 19:34:06,takeout,,3,6,90.00,0.00,,4.50,4.50,99.00,Debit,Interac Debit,9999,,completed
2724,#098,2026-05-30,2026-05-30 19:31:52,2026-05-30 20:01:52,takeout,,1,7,33.50,0.00,,1.68,0.00,35.18,Mobile,Google Pay,9999,,completed
2725,#099,2026-05-30,2026-05-30 19:57:47,2026-05-30 20:18:47,takeout,,2,1,51.50,0.00,,2.58,5.15,59.23,Mobile,Google Pay,9999,,completed
2726,#100,2026-05-30,2026-05-30 19:56:44,2026-05-30 20:05:44,delivery,,4,5,97.50,0.00,,4.88,0.00,102.38,Debit,Interac Debit,9999,UberEats,completed
2727,#101,2026-05-30,2026-05-30 19:58:47,2026-05-30 20:05:47,delivery,,1,6,34.25,0.00,,1.71,0.00,35.96,Debit,Interac Debit,9999,DoorDash,completed
2728,#102,2026-05-30,2026-05-30 19:14:16,2026-05-30 19:26:16,delivery,,2,5,75.00,0.00,,3.75,0.00,78.75,Credit,Visa,9999,SkipTheDishes,completed
2729,#103,2026-05-30,2026-05-30 19:06:26,2026-05-30 19:11:26,delivery,,1,4,24.00,0.00,,1.20,0.00,25.20,Credit,Visa,9999,DoorDash,completed
2730,#104,2026-05-30,2026-05-30 19:21:25,2026-05-30 19:47:25,takeout,,2,5,43.25,0.00,,2.16,0.00,45.41,Mobile,Google Pay,9999,,completed
2731,#105,2026-05-30,2026-05-30 19:02:21,2026-05-30 20:03:21,dine_in,7,2,8,45.00,0.00,,2.25,4.50,51.75,Credit,Visa,9999,,completed
2732,#106,2026-05-30,2026-05-30 19:26:48,2026-05-30 20:35:48,dine_in,13,3,4,82.75,0.00,,4.14,14.89,101.78,Credit,Visa,9999,,completed
2733,#107,2026-05-30,2026-05-30 19:10:04,2026-05-30 20:06:04,dine_in,10,5,1,127.75,0.00,,6.39,19.16,153.30,Debit,Interac Debit,9999,,completed
2734,#108,2026-05-30,2026-05-30 19:05:45,2026-05-30 20:15:45,dine_in,13,5,7,153.25,0.00,,7.66,22.99,183.90,Cash,,,,completed
2735,#109,2026-05-30,2026-05-30 19:07:19,2026-05-30 20:15:19,dine_in,1,1,7,26.50,0.00,,1.33,5.30,33.13,Credit,Visa,9999,,completed
2736,#110,2026-05-30,2026-05-30 19:54:29,2026-05-30 20:38:29,dine_in,8,4,7,97.25,0.00,,4.86,19.45,121.56,Credit,Visa,9999,,completed
2737,#111,2026-05-30,2026-05-30 19:08:24,2026-05-30 19:20:24,takeout,,1,8,31.50,5.00,Yelp check-in,1.33,0.00,27.83,Debit,Interac Debit,9999,,completed
2738,#112,2026-05-30,2026-05-30 20:18:02,2026-05-30 20:28:02,delivery,,1,2,26.50,0.00,,1.33,0.00,27.83,Debit,Interac Debit,9999,UberEats,completed
2739,#113,2026-05-30,2026-05-30 20:08:18,2026-05-30 20:13:18,delivery,,1,6,30.50,0.00,,1.53,0.00,32.03,Credit,Visa,9999,UberEats,completed
2740,#114,2026-05-30,2026-05-30 20:03:29,2026-05-30 20:11:29,delivery,,2,8,49.50,0.00,,2.48,0.00,51.98,Credit,Visa,9999,SkipTheDishes,completed
2741,#115,2026-05-30,2026-05-30 20:06:01,2026-05-30 20:20:01,delivery,,2,6,55.25,0.00,,2.76,0.00,58.01,Credit,Visa,9999,UberEats,completed
2742,#116,2026-05-30,2026-05-30 20:28:34,2026-05-30 21:38:34,dine_in,2,2,2,43.50,0.00,,2.18,7.83,53.51,Debit,Interac Debit,9999,,completed
2743,#117,2026-05-30,2026-05-30 20:38:55,2026-05-30 21:15:55,dine_in,9,5,2,123.50,0.00,,6.18,22.23,151.91,Credit,Visa,9999,,completed
2744,#118,2026-05-30,2026-05-30 20:48:09,2026-05-30 21:01:09,delivery,,1,6,18.00,0.00,,0.90,0.00,18.90,Debit,Interac Debit,9999,SkipTheDishes,completed
2745,#119,2026-05-30,2026-05-30 20:23:39,2026-05-30 20:38:39,delivery,,1,7,34.75,0.00,,1.74,0.00,36.49,Debit,Interac Debit,9999,SkipTheDishes,completed
2746,#120,2026-05-30,2026-05-30 20:05:59,2026-05-30 20:58:59,dine_in,13,5,5,133.25,0.00,,6.66,19.99,159.90,Credit,Visa,9999,,completed
2747,#121,2026-05-30,2026-05-30 20:01:24,2026-05-30 21:09:24,dine_in,5,4,4,129.50,0.00,,6.48,32.38,168.36,Credit,Visa,9999,,completed
2748,#122,2026-05-30,2026-05-30 20:02:07,2026-05-30 21:13:07,dine_in,10,2,4,60.50,0.00,,3.03,12.10,75.63,Mobile,Apple Pay,9999,,completed
2749,#123,2026-05-30,2026-05-30 20:49:07,2026-05-30 21:03:07,delivery,,4,5,114.75,0.00,,5.74,0.00,120.49,Credit,Visa,9999,UberEats,completed
2750,#001,2026-05-31,2026-05-31 11:12:53,2026-05-31 12:21:53,dine_in,2,1,2,21.50,0.00,,1.07,5.38,27.95,Credit,Visa,9999,,completed
2751,#002,2026-05-31,2026-05-31 11:12:31,2026-05-31 12:12:31,dine_in,4,2,2,66.75,0.00,,3.34,12.01,82.10,Cash,,,,completed
2752,#003,2026-05-31,2026-05-31 11:17:03,2026-05-31 12:00:03,dine_in,7,4,7,119.25,0.00,,5.96,23.85,149.06,Credit,Visa,9999,,completed
2753,#004,2026-05-31,2026-05-31 11:42:59,2026-05-31 12:47:59,dine_in,5,3,6,73.00,0.00,,3.65,14.60,91.25,Debit,Interac Debit,9999,,completed
2754,#005,2026-05-31,2026-05-31 11:53:51,2026-05-31 12:47:51,dine_in,4,3,1,84.75,0.00,,4.24,15.25,104.24,Mobile,Google Pay,9999,,completed
2755,#006,2026-05-31,2026-05-31 12:41:54,2026-05-31 13:39:54,dine_in,4,1,6,28.25,0.00,,1.41,4.24,33.90,Credit,Visa,9999,,completed
2756,#007,2026-05-31,2026-05-31 12:29:23,2026-05-31 13:16:23,dine_in,6,4,3,100.75,0.00,,5.04,20.15,125.94,Cash,,,,completed
2757,#008,2026-05-31,2026-05-31 12:01:07,2026-05-31 12:25:07,takeout,,4,2,108.00,0.00,,5.40,10.80,124.20,Credit,Visa,9999,,completed
2758,#009,2026-05-31,2026-05-31 12:13:59,2026-05-31 13:28:59,dine_in,10,3,6,86.25,0.00,,4.31,12.94,103.50,Debit,Interac Debit,9999,,completed
2759,#010,2026-05-31,2026-05-31 12:12:02,2026-05-31 12:55:02,dine_in,2,1,7,18.00,0.00,,0.90,3.60,22.50,Debit,Interac Debit,9999,,completed
2760,#011,2026-05-31,2026-05-31 12:13:08,2026-05-31 13:05:08,dine_in,12,2,6,40.50,0.00,,2.02,8.10,50.62,Debit,Interac Debit,9999,,completed
2761,#012,2026-05-31,2026-05-31 12:38:01,2026-05-31 13:24:01,dine_in,9,3,6,79.25,0.00,,3.96,11.89,95.10,Credit,Visa,9999,,completed
2762,#013,2026-05-31,2026-05-31 12:53:35,2026-05-31 13:46:35,dine_in,13,5,8,129.50,0.00,,6.48,25.90,161.88,Debit,Interac Debit,9999,,completed
2763,#014,2026-05-31,2026-05-31 12:10:24,2026-05-31 12:51:24,dine_in,8,2,5,44.50,6.67,Yelp check-in,1.89,7.57,47.29,Credit,Visa,9999,,completed
2764,#015,2026-05-31,2026-05-31 12:54:13,2026-05-31 14:00:13,dine_in,15,2,6,51.00,0.00,,2.55,5.10,58.65,Credit,Visa,9999,,completed
2765,#016,2026-05-31,2026-05-31 12:30:31,2026-05-31 13:41:31,dine_in,13,4,8,90.50,0.00,,4.53,16.29,111.32,Mobile,Google Pay,9999,,completed
2766,#017,2026-05-31,2026-05-31 12:11:06,2026-05-31 13:03:06,dine_in,9,3,8,73.50,0.00,,3.68,14.70,91.88,Credit,Visa,9999,,completed
2767,#018,2026-05-31,2026-05-31 12:24:49,2026-05-31 13:24:49,dine_in,9,4,6,123.25,0.00,,6.16,24.65,154.06,Credit,Visa,9999,,completed
2768,#019,2026-05-31,2026-05-31 12:58:21,2026-05-31 14:06:21,dine_in,5,1,4,41.50,0.00,,2.08,0.00,0.00,Debit,Interac Debit,9999,,voided
2769,#020,2026-05-31,2026-05-31 13:26:46,2026-05-31 14:04:46,dine_in,13,5,8,136.50,0.00,,6.83,27.30,170.63,Credit,Visa,9999,,completed
2770,#021,2026-05-31,2026-05-31 13:33:20,2026-05-31 14:33:20,dine_in,2,1,7,32.00,0.00,,1.60,3.20,36.80,Mobile,Google Pay,9999,,completed
2771,#022,2026-05-31,2026-05-31 13:05:31,2026-05-31 13:50:31,dine_in,14,2,5,44.50,0.00,,2.23,6.67,53.40,Debit,Interac Debit,9999,,completed
2772,#023,2026-05-31,2026-05-31 13:06:19,2026-05-31 13:54:19,dine_in,8,1,6,25.50,0.00,,1.28,4.59,31.37,Credit,Visa,9999,,completed
2773,#024,2026-05-31,2026-05-31 13:05:56,2026-05-31 13:10:56,delivery,,1,1,22.50,0.00,,1.12,0.00,23.62,Cash,,,UberEats,completed
2774,#025,2026-05-31,2026-05-31 13:20:13,2026-05-31 14:29:13,dine_in,12,2,2,74.00,0.00,,3.70,14.80,92.50,Debit,Interac Debit,9999,,completed
2775,#026,2026-05-31,2026-05-31 13:29:25,2026-05-31 14:04:25,dine_in,12,2,6,36.00,0.00,,1.80,6.48,44.28,Credit,Visa,9999,,completed
2776,#027,2026-05-31,2026-05-31 13:42:57,2026-05-31 14:10:57,takeout,,3,7,59.50,0.00,,2.98,0.00,62.48,Cash,,,,completed
2777,#028,2026-05-31,2026-05-31 13:14:19,2026-05-31 13:19:19,delivery,,2,2,74.50,0.00,,3.73,0.00,78.23,Credit,Visa,9999,SkipTheDishes,completed
2778,#029,2026-05-31,2026-05-31 13:14:33,2026-05-31 13:26:33,delivery,,3,3,83.25,0.00,,4.16,0.00,87.41,Credit,Visa,9999,UberEats,completed
2779,#030,2026-05-31,2026-05-31 13:45:07,2026-05-31 14:49:07,dine_in,10,3,6,82.00,0.00,,4.10,14.76,100.86,Debit,Interac Debit,9999,,completed
2780,#031,2026-05-31,2026-05-31 13:54:18,2026-05-31 14:23:18,takeout,,2,8,75.25,0.00,,3.76,7.53,86.54,Debit,Interac Debit,9999,,completed
2781,#032,2026-05-31,2026-05-31 14:10:03,2026-05-31 15:10:03,dine_in,4,2,6,55.00,0.00,,2.75,11.00,68.75,Credit,Visa,9999,,completed
2782,#033,2026-05-31,2026-05-31 14:12:21,2026-05-31 15:10:21,dine_in,8,3,8,80.25,0.00,,4.01,16.05,100.31,Mobile,Google Pay,9999,,completed
2783,#034,2026-05-31,2026-05-31 14:42:37,2026-05-31 15:09:37,takeout,,2,3,51.75,0.00,,2.59,7.76,62.10,Debit,Interac Debit,9999,,completed
2784,#035,2026-05-31,2026-05-31 14:33:19,2026-05-31 15:44:19,dine_in,13,2,5,49.50,0.00,,2.48,7.42,59.40,Cash,,,,completed
2785,#036,2026-05-31,2026-05-31 14:40:30,2026-05-31 14:53:30,takeout,,2,5,41.50,0.00,,2.08,0.00,43.58,Cash,,,,completed
2786,#037,2026-05-31,2026-05-31 14:07:08,2026-05-31 14:26:08,takeout,,1,5,21.00,0.00,,1.05,1.05,23.10,Debit,Interac Debit,9999,,completed
2787,#038,2026-05-31,2026-05-31 15:14:58,2026-05-31 16:01:58,dine_in,9,2,4,46.00,0.00,,2.30,6.90,55.20,Debit,Interac Debit,9999,,completed
2788,#039,2026-05-31,2026-05-31 15:46:06,2026-05-31 16:12:06,takeout,,3,3,97.50,0.00,,4.88,0.00,102.38,Mobile,Apple Pay,9999,,completed
2789,#040,2026-05-31,2026-05-31 15:27:18,2026-05-31 16:30:18,dine_in,10,5,5,119.75,0.00,,5.99,23.95,149.69,Debit,Interac Debit,9999,,completed
2790,#041,2026-05-31,2026-05-31 15:58:26,2026-05-31 16:49:26,dine_in,7,2,1,53.50,0.00,,2.68,8.03,64.21,Credit,Visa,9999,,completed
2791,#042,2026-05-31,2026-05-31 16:17:08,2026-05-31 16:29:08,delivery,,3,4,89.50,0.00,,4.48,0.00,93.98,Credit,Visa,9999,UberEats,completed
2792,#043,2026-05-31,2026-05-31 16:52:44,2026-05-31 16:57:44,delivery,,2,5,77.25,0.00,,3.86,0.00,81.11,Cash,,,UberEats,completed
2793,#044,2026-05-31,2026-05-31 16:56:09,2026-05-31 17:33:09,dine_in,7,4,8,102.75,0.00,,5.14,18.50,126.39,Cash,,,,completed
2794,#045,2026-05-31,2026-05-31 16:56:50,2026-05-31 17:40:50,dine_in,14,2,6,57.00,0.00,,2.85,14.25,74.10,Debit,Interac Debit,9999,,completed
2795,#046,2026-05-31,2026-05-31 16:33:20,2026-05-31 16:52:20,takeout,,1,2,23.00,0.00,,1.15,2.30,26.45,Debit,Interac Debit,9999,,completed
2796,#047,2026-05-31,2026-05-31 16:46:19,2026-05-31 17:35:19,dine_in,5,2,4,58.50,0.00,,2.93,10.53,71.96,Cash,,,,completed
2797,#048,2026-05-31,2026-05-31 16:51:16,2026-05-31 18:00:16,dine_in,13,3,7,100.25,0.00,,5.01,15.04,120.30,Mobile,Google Pay,9999,,completed
2798,#049,2026-05-31,2026-05-31 17:06:51,2026-05-31 17:18:51,delivery,,1,8,30.50,0.00,,1.53,0.00,32.03,Credit,Visa,9999,UberEats,completed
2799,#050,2026-05-31,2026-05-31 17:03:47,2026-05-31 17:55:47,dine_in,4,4,2,88.00,0.00,,4.40,22.00,114.40,Debit,Interac Debit,9999,,completed
2800,#051,2026-05-31,2026-05-31 17:20:00,2026-05-31 18:08:00,dine_in,13,5,4,142.75,0.00,,7.14,28.55,178.44,Debit,Interac Debit,9999,,completed
2801,#052,2026-05-31,2026-05-31 17:45:25,2026-05-31 17:59:25,takeout,,2,5,72.75,0.00,,3.64,0.00,76.39,Cash,,,,completed
2802,#053,2026-05-31,2026-05-31 17:00:10,2026-05-31 17:48:10,dine_in,10,4,6,102.50,0.00,,5.12,18.45,126.07,Debit,Interac Debit,9999,,completed
2803,#054,2026-05-31,2026-05-31 17:11:37,2026-05-31 17:51:37,dine_in,13,2,3,51.50,0.00,,2.58,12.88,66.96,Credit,Visa,9999,,completed
2804,#055,2026-05-31,2026-05-31 17:45:20,2026-05-31 17:51:20,delivery,,3,5,67.00,0.00,,3.35,0.00,70.35,Mobile,Apple Pay,9999,UberEats,completed
2805,#056,2026-05-31,2026-05-31 17:26:56,2026-05-31 18:20:56,dine_in,5,2,7,41.00,0.00,,2.05,7.38,50.43,Credit,Visa,9999,,completed
2806,#057,2026-05-31,2026-05-31 17:07:30,2026-05-31 17:54:30,dine_in,5,3,7,103.00,0.00,,5.15,15.45,123.60,Debit,Interac Debit,9999,,completed
2807,#058,2026-05-31,2026-05-31 17:37:05,2026-05-31 18:12:05,dine_in,10,3,6,100.00,0.00,,5.00,18.00,123.00,Credit,Visa,9999,,completed
2808,#059,2026-05-31,2026-05-31 18:26:45,2026-05-31 18:37:45,delivery,,1,8,26.25,0.00,,1.31,0.00,27.56,Debit,Interac Debit,9999,SkipTheDishes,completed
2809,#060,2026-05-31,2026-05-31 18:26:19,2026-05-31 19:41:19,dine_in,7,4,2,93.25,0.00,,4.66,23.31,121.22,Credit,Visa,9999,,completed
2810,#061,2026-05-31,2026-05-31 18:35:26,2026-05-31 19:11:26,dine_in,4,1,6,27.50,0.00,,1.38,4.12,33.00,Cash,,,,completed
2811,#062,2026-05-31,2026-05-31 18:46:17,2026-05-31 19:15:17,takeout,,2,6,55.00,0.00,,2.75,2.75,60.50,Cash,,,,completed
2812,#063,2026-05-31,2026-05-31 18:43:23,2026-05-31 19:07:23,takeout,,1,4,21.75,0.00,,1.09,0.00,22.84,Credit,Visa,9999,,completed
2813,#064,2026-05-31,2026-05-31 18:57:10,2026-05-31 19:10:10,takeout,,2,7,46.50,0.00,,2.33,4.65,53.48,Credit,Visa,9999,,completed
2814,#065,2026-05-31,2026-05-31 18:12:29,2026-05-31 18:55:29,dine_in,2,2,3,56.00,0.00,,2.80,10.08,68.88,Credit,Visa,9999,,completed
2815,#066,2026-05-31,2026-05-31 18:48:09,2026-05-31 19:16:09,takeout,,1,7,19.00,0.00,,0.95,0.00,19.95,Mobile,Apple Pay,9999,,completed
2816,#067,2026-05-31,2026-05-31 18:48:22,2026-05-31 19:33:22,dine_in,9,5,3,140.00,0.00,,7.00,28.00,175.00,Credit,Visa,9999,,completed
2817,#068,2026-05-31,2026-05-31 18:23:38,2026-05-31 19:07:38,dine_in,10,5,7,121.25,0.00,,6.06,24.25,151.56,Cash,,,,completed
2818,#069,2026-05-31,2026-05-31 18:24:36,2026-05-31 19:36:36,dine_in,2,2,3,46.50,0.00,,2.33,9.30,58.13,Credit,Visa,9999,,completed
2819,#070,2026-05-31,2026-05-31 18:54:47,2026-05-31 19:00:47,delivery,,2,1,60.25,0.00,,3.01,0.00,63.26,Debit,Interac Debit,9999,DoorDash,completed
2820,#071,2026-05-31,2026-05-31 19:06:52,2026-05-31 19:25:52,takeout,,2,3,62.00,0.00,,3.10,3.10,68.20,Credit,Visa,9999,,completed
2821,#072,2026-05-31,2026-05-31 19:16:52,2026-05-31 19:23:52,delivery,,1,2,29.00,0.00,,1.45,0.00,30.45,Credit,Visa,9999,DoorDash,completed
2822,#073,2026-05-31,2026-05-31 19:14:44,2026-05-31 19:29:44,delivery,,1,7,25.50,0.00,,1.28,0.00,26.78,Debit,Interac Debit,9999,SkipTheDishes,completed
2823,#074,2026-05-31,2026-05-31 19:59:55,2026-05-31 21:08:55,dine_in,10,1,8,19.00,0.00,,0.95,2.85,22.80,Cash,,,,completed
2824,#075,2026-05-31,2026-05-31 19:15:35,2026-05-31 19:36:35,takeout,,1,6,30.25,0.00,,1.51,0.00,31.76,Credit,Visa,9999,,completed
2825,#076,2026-05-31,2026-05-31 19:28:55,2026-05-31 19:36:55,delivery,,1,3,38.50,0.00,,1.93,0.00,40.43,Credit,Visa,9999,UberEats,completed
2826,#077,2026-05-31,2026-05-31 19:11:06,2026-05-31 19:21:06,delivery,,1,2,31.50,0.00,,1.58,0.00,33.08,Credit,Visa,9999,SkipTheDishes,completed
2827,#078,2026-05-31,2026-05-31 19:33:08,2026-05-31 20:42:08,dine_in,10,2,7,49.50,0.00,,2.48,9.90,61.88,Credit,Visa,9999,,completed
2828,#079,2026-05-31,2026-05-31 19:31:15,2026-05-31 19:41:15,delivery,,4,8,98.50,0.00,,4.93,0.00,103.43,Credit,Visa,9999,DoorDash,completed
2829,#080,2026-05-31,2026-05-31 19:59:33,2026-05-31 20:20:33,takeout,,4,2,135.00,0.00,,6.75,0.00,141.75,Credit,Visa,9999,,completed
2830,#081,2026-05-31,2026-05-31 19:53:43,2026-05-31 20:53:43,dine_in,13,2,8,45.00,0.00,,2.25,11.25,58.50,Debit,Interac Debit,9999,,completed
2831,#082,2026-05-31,2026-05-31 19:17:19,2026-05-31 20:08:19,dine_in,15,1,3,26.50,0.00,,1.33,4.77,32.60,Mobile,Apple Pay,9999,,completed
2832,#083,2026-05-31,2026-05-31 19:55:41,2026-05-31 20:20:41,takeout,,4,6,125.75,0.00,,6.29,12.58,144.62,Credit,Visa,9999,,completed
2833,#084,2026-05-31,2026-05-31 19:43:47,2026-05-31 20:50:47,dine_in,6,3,7,95.75,0.00,,4.79,17.23,117.77,Credit,Visa,9999,,completed
2834,#085,2026-05-31,2026-05-31 19:33:31,2026-05-31 20:22:31,dine_in,15,2,2,52.50,0.00,,2.62,9.45,64.57,Credit,Visa,9999,,completed
2835,#086,2026-05-31,2026-05-31 19:21:24,2026-05-31 19:32:24,delivery,,2,7,49.50,0.00,,2.48,0.00,51.98,Debit,Interac Debit,9999,SkipTheDishes,completed
2836,#087,2026-05-31,2026-05-31 20:22:46,2026-05-31 21:18:46,dine_in,4,2,1,47.50,0.00,,2.38,7.12,57.00,Cash,,,,completed
2837,#088,2026-05-31,2026-05-31 20:34:39,2026-05-31 20:47:39,delivery,,1,2,30.00,4.50,Google review promo,1.28,0.00,26.78,Credit,Visa,9999,DoorDash,completed
2838,#089,2026-05-31,2026-05-31 20:20:02,2026-05-31 21:25:02,dine_in,13,4,5,100.25,0.00,,5.01,18.04,123.30,Mobile,Google Pay,9999,,completed
2839,#090,2026-05-31,2026-05-31 20:14:26,2026-05-31 20:21:26,delivery,,2,1,58.75,0.00,,2.94,0.00,61.69,Cash,,,UberEats,completed
2840,#091,2026-05-31,2026-05-31 20:28:40,2026-05-31 21:34:40,dine_in,13,2,3,60.50,0.00,,3.03,10.89,74.42,Credit,Visa,9999,,completed
2841,#092,2026-05-31,2026-05-31 20:16:39,2026-05-31 20:53:39,dine_in,4,2,6,54.00,0.00,,2.70,10.80,67.50,Credit,Visa,9999,,completed
2842,#093,2026-05-31,2026-05-31 20:36:41,2026-05-31 21:50:41,dine_in,6,2,4,38.00,0.00,,1.90,5.70,45.60,Cash,,,,completed
2843,#094,2026-05-31,2026-05-31 20:35:32,2026-05-31 20:45:32,delivery,,1,7,19.00,0.00,,0.95,0.00,19.95,Debit,Interac Debit,9999,SkipTheDishes,completed
2844,#095,2026-05-31,2026-05-31 20:45:06,2026-05-31 20:55:06,delivery,,4,6,117.00,0.00,,5.85,0.00,122.85,Credit,Visa,9999,SkipTheDishes,completed
